rule,project,file,line,verdict,reason,provenance,confidence
MSC07-C,hostap,wpa_supplicant/dbus/dbus_new_handlers.c,6200,FP,"fail: goto-label CFG blindness, established MSC07-C label-unreachable FP pattern",41plus_b31,high
API00-C,hostap,wpa_supplicant/dbus/dbus_new_handlers.c,6209,FP,WPADBusMethodHandler dispatch-contract FP: message always supplied by libdbus dispatcher,41plus_b31,high
DCL31-C,hostap,wpa_supplicant/dbus/dbus_new_handlers.c,6218,FP,libdbus external-header DCL31-C FP class (dbus_message_iter_init declared in <dbus/dbus.h>),41plus_b31,high
DCL31-C,hostap,wpa_supplicant/dbus/dbus_new_handlers.c,6225,FP,libdbus external-header DCL31-C FP class,41plus_b31,high
EXP33-C,hostap,wpa_supplicant/dbus/dbus_new_handlers.c,6233,FP,"write-only output-param FP class: ieee802_11_parse_elems os_memset(elems,0,sizeof(*elems)) before use",41plus_b31,high
EXP34-C,hostap,wpa_supplicant/dbus/dbus_new_handlers.c,6239,FP,"callee-guarantees-non-null class: wpas_vendor_elem always returns wpa_s->p2pdev or wpa_s, p2pdev set unconditionally at alloc, never NULL",41plus_b31,high
API00-C,hostap,wpa_supplicant/dbus/dbus_new_handlers.c,6256,FP,WPADBusMethodHandler dispatch-contract FP,41plus_b31,high
DCL31-C,hostap,wpa_supplicant/dbus/dbus_new_handlers.c,6265,FP,libdbus external-header DCL31-C FP class,41plus_b31,high
EXP34-C,hostap,wpa_supplicant/dbus/dbus_new_handlers.c,6274,FP,callee-guarantees-non-null class (wpas_vendor_elem never NULL),41plus_b31,high
DCL31-C,hostap,wpa_supplicant/dbus/dbus_new_handlers.c,6279,FP,libdbus external-header DCL31-C FP class,41plus_b31,high
DCL31-C,hostap,wpa_supplicant/dbus/dbus_new_handlers.c,6293,FP,libdbus external-header DCL31-C FP class,41plus_b31,high
DCL30-C,hostap,wpa_supplicant/dbus/dbus_new_handlers.c,6298,FP,"confirmed heap-vs-stack DCL30-C FP class: reply points to heap DBusMessage from dbus_message_new_method_return, not automatic storage",41plus_b31,high
API00-C,hostap,wpa_supplicant/dbus/dbus_new_handlers.c,6302,FP,WPADBusMethodHandler dispatch-contract FP,41plus_b31,high
DCL31-C,hostap,wpa_supplicant/dbus/dbus_new_handlers.c,6311,FP,libdbus external-header DCL31-C FP class,41plus_b31,high
DCL31-C,hostap,wpa_supplicant/dbus/dbus_new_handlers.c,6318,FP,libdbus external-header DCL31-C FP class,41plus_b31,high
EXP34-C,hostap,wpa_supplicant/dbus/dbus_new_handlers.c,6329,FP,callee-guarantees-non-null class (wpas_vendor_elem never NULL),41plus_b31,high
EXP33-C,hostap,wpa_supplicant/dbus/dbus_new_handlers.c,6340,FP,write-only output-param FP class (ieee802_11_parse_elems memsets elems first),41plus_b31,high
DCL13-C,hostap,wpa_supplicant/dbus/dbus_new_handlers.c,6366,FP,WPADBusPropertyAccessor dispatch-contract FP: error param pinned by shared accessor typedef,41plus_b31,high
DCL13-C,hostap,wpa_supplicant/dbus/dbus_new_handlers.c,6366,FP,WPADBusPropertyAccessor dispatch-contract FP: user_data param pinned by shared accessor typedef,41plus_b31,high
DCL13-C,hostap,wpa_supplicant/dbus/dbus_new_handlers.c,6428,FP,WPADBusPropertyAccessor dispatch-contract FP (user_data),41plus_b31,high
STR30-C,hostap,wpa_supplicant/dbus/dbus_new_handlers.c,6439,FP,"confirmed rule-logic bug: dbus_set_error's name/message params are const char* (dbus-errors.h), cannot be modified",41plus_b31,high
DCL15-C,hostap,wpa_supplicant/dbus/dbus_new_handlers.c,6459,FP,D-Bus property accessor extern-linkage FP class: registered by address in dbus_new.c property-desc tables via DECLARE_ACCESSOR,41plus_b31,high
DCL13-C,hostap,wpa_supplicant/dbus/dbus_new_handlers.c,6461,FP,WPADBusPropertyAccessor dispatch-contract FP (user_data),41plus_b31,high
DCL31-C,hostap,wpa_supplicant/dbus/dbus_new_handlers.c,6467,FP,libdbus external-header DCL31-C FP class,41plus_b31,high
STR30-C,hostap,wpa_supplicant/dbus/dbus_new_handlers.c,6467,FP,"dbus_set_error const-param rule-logic bug, same as line 6439",41plus_b31,high
API00-C,hostap,wpa_supplicant/dbus/dbus_new_handlers.c,6485,FP,WPADBusMethodHandler dispatch-contract FP (message),41plus_b31,high
MSC37-C,hostap,wpa_supplicant/dbus/dbus_new_handlers.c,6485,FP,goto/label CFG blindness: every path (fail/oom/out) reaches an explicit return reply at function exit,41plus_b31,med
MSC13-C,hostap,wpa_supplicant/dbus/dbus_new_handlers.c,6490,TP,"dead-NULL-init class confirmed real (low-severity) TP: reply=NULL is reassigned on every path before the eventual return, initializer never read",41plus_b31,med
MEM31-C,hostap,wpa_supplicant/dbus/dbus_new_handlers.c,6622,FP,"reassign-then-free idiom FP: earlier wpabuf_free(ssi) at line 6574 precedes reassignment at 6575; line 6622 is the single real cleanup free at out:, not a double free",41plus_b31,high
MEM31-C,hostap,wpa_supplicant/dbus/dbus_new_handlers.c,6624,FP,reassign-then-free idiom FP: os_free(srv_name) at 6521 precedes reassignment at 6522; line 6624 is the single real cleanup free,41plus_b31,high
MSC07-C,hostap,wpa_supplicant/dbus/dbus_new_handlers.c,6626,FP,"fail: goto-label CFG blindness, same class as line 6200",41plus_b31,high
DCL13-C,hostap,wpa_supplicant/dbus/dbus_new_handlers.c,6645,FP,WPADBusMethodHandler dispatch-contract FP: wpa_s pinned by fixed handler typedef,41plus_b31,high
API00-C,hostap,wpa_supplicant/dbus/dbus_new_handlers.c,6674,FP,WPADBusMethodHandler dispatch-contract FP (message),41plus_b31,high
MSC37-C,hostap,wpa_supplicant/dbus/dbus_new_handlers.c,6674,FP,"goto/label CFG blindness, all paths reach return reply at out:",41plus_b31,med
DCL13-C,hostap,wpa_supplicant/dbus/dbus_new_handlers.c,6675,FP,WPADBusMethodHandler dispatch-contract FP (wpa_s),41plus_b31,high
MEM31-C,hostap,wpa_supplicant/dbus/dbus_new_handlers.c,6730,FP,"reassign-then-free idiom FP: ssi freed/reassigned at 6703/6704, line 6730 is the single real cleanup free",41plus_b31,high
MSC07-C,hostap,wpa_supplicant/dbus/dbus_new_handlers.c,6732,FP,fail: goto-label CFG blindness,41plus_b31,high
API00-C,hostap,wpa_supplicant/dbus/dbus_new_handlers.c,6781,FP,WPADBusMethodHandler dispatch-contract FP (message),41plus_b31,high
MSC37-C,hostap,wpa_supplicant/dbus/dbus_new_handlers.c,6781,FP,"goto/label CFG blindness, all paths reach return reply at out:",41plus_b31,med
MSC13-C,hostap,wpa_supplicant/dbus/dbus_new_handlers.c,6786,TP,"dead-NULL-init class, same as line 6490: reply=NULL reassigned on every path, initializer never read",41plus_b31,med
MEM31-C,hostap,wpa_supplicant/dbus/dbus_new_handlers.c,6884,FP,"reassign-then-free idiom FP: ssi freed/reassigned at 6844/6845, line 6884 is the single real cleanup free",41plus_b31,high
MEM31-C,hostap,wpa_supplicant/dbus/dbus_new_handlers.c,6886,FP,"reassign-then-free idiom FP: srv_name freed/reassigned at 6811/6812, line 6886 is the single real cleanup free",41plus_b31,high
MSC07-C,hostap,wpa_supplicant/dbus/dbus_new_handlers.c,6888,FP,fail: goto-label CFG blindness,41plus_b31,high
DCL13-C,hostap,wpa_supplicant/dbus/dbus_new_handlers.c,6908,FP,WPADBusMethodHandler dispatch-contract FP (wpa_s),41plus_b31,high
DCL40-C,hostap,wpa_supplicant/dbus/dbus_new_handlers.c,6938,FP,"31-significant-character external-identifier judgment call, graded FP for this codebase per established precedent (no realistic GCC/Clang/MSVC toolchain truncates below 31 chars)",41plus_b31,med
API00-C,hostap,wpa_supplicant/dbus/dbus_new_handlers.c,6972,FP,WPADBusMethodHandler dispatch-contract FP (message),41plus_b31,high
MSC37-C,hostap,wpa_supplicant/dbus/dbus_new_handlers.c,6972,FP,"goto/label CFG blindness, all paths reach return reply at out:",41plus_b31,med
MEM31-C,hostap,wpa_supplicant/dbus/dbus_new_handlers.c,7042,FP,"reassign-then-free idiom FP: ssi freed/reassigned at 7015/7016, line 7042 is the single real cleanup free",41plus_b31,high
MSC07-C,hostap,wpa_supplicant/dbus/dbus_new_handlers.c,7045,FP,fail: goto-label CFG blindness,41plus_b31,high
EXP33-C,hostap,src/crypto/crypto_openssl.c,59,FP,"sizeof(*ctx) idiom, never dereferences uninitialized ctx (confirmed EXP33-C sizeof FP class)",41plus_b32,high
DCL30-C,hostap,src/crypto/crypto_openssl.c,62,FP,"ctx is a local *variable* pointing to os_zalloc heap storage, not automatic storage (confirmed local-var-vs-storage FP)",41plus_b32,high
MEM31-C,hostap,src/crypto/crypto_openssl.c,71,FP,"only free call here; HMAC_CTX_cleanup() is a cleanup not a free, conflated as prior free (confirmed cleanup-vs-free FP class)",41plus_b32,high
ARR01-C,hostap,src/crypto/crypto_openssl.c,71,FP,"sizeof(*ctx) sizes the pointee struct for free, not a decayed-array bug (confirmed ARR01-C sizeof(*ptr) FP)",41plus_b32,high
EXP33-C,hostap,src/crypto/crypto_openssl.c,79,FP,"sizeof(*ctx) idiom, same as line 59",41plus_b32,high
DCL30-C,hostap,src/crypto/crypto_openssl.c,82,FP,"ctx is local pointer var to heap storage, same as line 62",41plus_b32,high
MEM31-C,hostap,src/crypto/crypto_openssl.c,91,FP,"EVP_MD_CTX_cleanup() conflated with the actual bin_clear_free(), same as line 71",41plus_b32,high
ARR01-C,hostap,src/crypto/crypto_openssl.c,91,FP,"sizeof(*ctx) correctly sizes pointee for free, same as line 71",41plus_b32,high
DCL13-C,hostap,src/crypto/crypto_openssl.c,97,FP,compat shim reimplements real OpenSSL EVP_PKEY_get0_EC_KEY(EVP_PKEY*) signature; must match external API contract like eloop/EAP dispatch-contract FP class,41plus_b32,med
EXP05-C,hostap,src/crypto/crypto_openssl.c,126,FP,"compat shim casts away const only to call a legacy non-const pure-getter ASN1_STRING_data(); no mutation occurs, idiomatic legacy-API workaround (new pattern, not yet 3x confirmed)",41plus_b32,low
CON03-C,hostap,src/crypto/crypto_openssl.c,193,FP,static one-time-init flag; hostap core has no pthread usage anywhere (confirmed CON03-C no-pthread-in-core FP class),41plus_b32,high
MSC13-C,hostap,src/crypto/crypto_openssl.c,197,FP,static var write is read on the NEXT call via the same static (cross-invocation read); sqc's dataflow is intra-function only,41plus_b32,high
CON03-C,hostap,src/crypto/crypto_openssl.c,213,FP,"static provider-handle var, no pthread anywhere in core (confirmed CON03-C FP class)",41plus_b32,high
CON03-C,hostap,src/crypto/crypto_openssl.c,214,FP,"static provider-handle var, no pthread anywhere in core (confirmed CON03-C FP class)",41plus_b32,high
DCL15-C,hostap,src/crypto/crypto_openssl.c,217,FP,function has a real external caller (tls_openssl.c forward-declares and calls it) -- adding static would break the build,41plus_b32,high
DCL19-C,hostap,src/crypto/crypto_openssl.c,217,FP,"same as DCL15-C: openssl_load_legacy_provider() is called from tls_openssl.c, not file-local",41plus_b32,high
MSC13-C,hostap,src/crypto/crypto_openssl.c,223,FP,assignment read on a later call to openssl_unload_legacy_provider() via the shared static var; cross-function static read not tracked,41plus_b32,high
MSC13-C,hostap,src/crypto/crypto_openssl.c,233,FP,NULL-out read on next call to openssl_load_legacy_provider()'s guard check; cross-function static read not tracked,41plus_b32,high
MSC13-C,hostap,src/crypto/crypto_openssl.c,263,FP,NULL-out read on next call to openssl_load_default_provider_if_fips()'s guard check; cross-function static read not tracked,41plus_b32,high
MSC37-C,hostap,src/crypto/crypto_openssl.c,271,FP,get_group5_prime(): every #if/#elif/#else branch ends in a return (confirmed MSC37-C preprocessor-branch-blind FP class),41plus_b32,high
ARR02-C,hostap,src/crypto/crypto_openssl.c,278,FP,RFC3526_PRIME_1536[] size is always retrieved via sizeof() at its only use site (confirmed ARR02-C sizeof-consumer FP class),41plus_b32,high
ARR02-C,hostap,src/crypto/crypto_openssl.c,303,FP,RFC3526_ORDER_1536[] same sizeof()-consumer shape as line 278,41plus_b32,high
INT14-C,hostap,src/crypto/crypto_openssl.c,403,FP,"'i' used only as a shift-count/index, never as the shifted operand itself (confirmed INT13/14-C shift-count-loop-var FP class)",41plus_b32,med
INT13-C,hostap,src/crypto/crypto_openssl.c,403,FP,"'i' is the shift-count operand of '>>', not the value being shifted (confirmed INT13-C shift-count FP class)",41plus_b32,med
FIO50-C,hostap,src/crypto/crypto_openssl.c,404,FP,"'tmp'/'next' are plain u8 locals, not FILE streams -- no I/O anywhere nearby (confirmed FIO50-C non-stream misfire)",41plus_b32,high
FIO50-C,hostap,src/crypto/crypto_openssl.c,404,FP,"'tmp'/'next' are plain u8 locals, not FILE streams -- no I/O anywhere nearby (confirmed FIO50-C non-stream misfire)",41plus_b32,high
INT13-C,hostap,src/crypto/crypto_openssl.c,404,FP,"'i' is again only the shift-count operand of '<<', same FP class as line 403",41plus_b32,med
MEM31-C,hostap,src/crypto/crypto_openssl.c,408,FP,ctx is unconditionally freed via 'if (ctx) EVP_CIPHER_CTX_free(ctx);' right before the single return -- no leak on any path,41plus_b32,high
EXP20-C,hostap,src/crypto/crypto_openssl.c,410,FP,"OpenSSL EVP_EncryptInit_ex() is documented to return exactly 1 (success) or 0 (failure), never >1 -- '==1' is the textually-correct check (extends sscanf single-outcome '==1' FP precedent to OpenSSL EVP API contract)",41plus_b32,high
MSC42-C,hostap,src/crypto/crypto_openssl.c,410,TP,"genuine use of DES (weak cipher), though retained for legacy WEP/TKIP wire-protocol compatibility, not implementer choice",41plus_b32,med
EXP20-C,hostap,src/crypto/crypto_openssl.c,411,FP,EVP_CIPHER_CTX_set_padding() also documented 1/0 only -- same OpenSSL EVP '==1' FP class,41plus_b32,high
EXP20-C,hostap,src/crypto/crypto_openssl.c,412,FP,EVP_EncryptUpdate() documented 1/0 only -- same OpenSSL EVP '==1' FP class,41plus_b32,high
EXP20-C,hostap,src/crypto/crypto_openssl.c,413,FP,EVP_EncryptFinal_ex() documented 1/0 only -- same OpenSSL EVP '==1' FP class,41plus_b32,high
MEM31-C,hostap,src/crypto/crypto_openssl.c,420,FP,ctx already freed one line above (line 419) before this return; sqc misses the free immediately preceding the return,41plus_b32,high
API00-C,hostap,src/crypto/crypto_openssl.c,425,FP,rc4_skip() is an internal-only crypto primitive; 'skip' overflow is not attacker-controllable at this call layer (confirmed API00-C internal-API FP class),41plus_b32,high
MSC37-C,hostap,src/crypto/crypto_openssl.c,425,FP,every #ifdef OPENSSL_NO_RC4/#else branch of rc4_skip() ends in a return (confirmed MSC37-C preprocessor-branch-blind FP class),41plus_b32,high
MEM31-C,hostap,src/crypto/crypto_openssl.c,438,FP,ctx is freed at the 'out:' label reached via every goto in the function -- no leak on any path,41plus_b32,high
MSC42-C,hostap,src/crypto/crypto_openssl.c,440,TP,"genuine use of RC4 (weak cipher), retained for legacy WEP/TKIP wire-protocol compatibility",41plus_b32,med
MEM31-C,hostap,src/crypto/crypto_openssl.c,461,FP,ctx already freed at line 460 immediately above this return; same as line 420 pattern,41plus_b32,high
API00-C,hostap,src/crypto/crypto_openssl.c,476,FP,sha1_vector() is an internal-only wrapper always called with valid struct-field/array pointers from within hostap (confirmed API00-C internal-API FP class),41plus_b32,high
API00-C,hostap,src/crypto/crypto_openssl.c,476,FP,sha1_vector() is an internal-only wrapper always called with valid struct-field/array pointers from within hostap (confirmed API00-C internal-API FP class),41plus_b32,high
API00-C,hostap,src/crypto/crypto_openssl.c,476,FP,sha1_vector() is an internal-only wrapper always called with valid struct-field/array pointers from within hostap (confirmed API00-C internal-API FP class),41plus_b32,high
DCL30-C,hostap,src/crypto/crypto_openssl.c,547,FP,"ctx is a local pointer variable to EVP_CIPHER_CTX_new() heap storage, not automatic storage (confirmed local-var-vs-storage FP)",41plus_b32,high
DCL00-C,hostap,src/crypto/crypto_openssl.c,553,TP,"'c' (EVP_CIPHER_CTX *c = ctx;) is genuinely never reassigned in this function; real, if trivial, const opportunity",41plus_b32,low
DCL00-C,hostap,src/crypto/crypto_openssl.c,566,TP,same as line 553: 'c' never reassigned in aes_encrypt_deinit(),41plus_b32,low
DCL30-C,hostap,src/crypto/crypto_openssl.c,604,FP,"ctx is a local pointer variable to heap storage in aes_decrypt_init(), same FP as line 547",41plus_b32,high
DCL00-C,hostap,src/crypto/crypto_openssl.c,610,TP,'c' never reassigned in aes_decrypt(),41plus_b32,low
DCL00-C,hostap,src/crypto/crypto_openssl.c,623,TP,'c' never reassigned in aes_decrypt_deinit(),41plus_b32,low
API00-C,hostap,src/crypto/crypto_openssl.c,658,FP,aes_wrap() is an internal-only crypto primitive with protocol-fixed key/block sizes (confirmed API00-C internal-API FP class),41plus_b32,high
API00-C,hostap,src/crypto/crypto_openssl.c,658,FP,aes_wrap() is an internal-only crypto primitive with protocol-fixed key/block sizes (confirmed API00-C internal-API FP class),41plus_b32,high
MSC37-C,hostap,src/crypto/crypto_openssl.c,658,FP,both the #if>=3.0 and #else branches of aes_wrap() end in a return (confirmed MSC37-C preprocessor-branch-blind FP class),41plus_b32,high
EXP20-C,hostap,src/crypto/crypto_openssl.c,677,FP,OpenSSL EVP_EncryptInit_ex() documented 1/0-only return -- same OpenSSL EVP '==1' FP class as line 410,41plus_b32,high
EXP20-C,hostap,src/crypto/crypto_openssl.c,678,FP,EVP_CIPHER_CTX_set_padding() documented 1/0-only -- same FP class,41plus_b32,high
EXP20-C,hostap,src/crypto/crypto_openssl.c,679,FP,EVP_EncryptUpdate() documented 1/0-only -- same FP class,41plus_b32,high
EXP20-C,hostap,src/crypto/crypto_openssl.c,681,FP,EVP_EncryptFinal_ex() documented 1/0-only -- same FP class,41plus_b32,high
API00-C,hostap,src/crypto/crypto_openssl.c,701,FP,"aes_unwrap() is an internal-only crypto primitive, same API00-C internal-API FP class as line 658",41plus_b32,high
API00-C,hostap,src/crypto/crypto_openssl.c,701,FP,"aes_unwrap() is an internal-only crypto primitive, same API00-C internal-API FP class as line 658",41plus_b32,high
API00-C,hostap,src/crypto/crypto_openssl.c,701,FP,"aes_unwrap() is an internal-only crypto primitive, same API00-C internal-API FP class as line 658",41plus_b32,high
MSC37-C,hostap,src/crypto/crypto_openssl.c,701,FP,both branches of aes_unwrap() end in a return (preprocessor-branch-blind FP class),41plus_b32,high
EXP20-C,hostap,src/crypto/crypto_openssl.c,721,FP,EVP_DecryptInit_ex() documented 1/0-only -- OpenSSL EVP '==1' FP class,41plus_b32,high
EXP20-C,hostap,src/crypto/crypto_openssl.c,722,FP,EVP_CIPHER_CTX_set_padding() documented 1/0-only -- same FP class,41plus_b32,high
EXP20-C,hostap,src/crypto/crypto_openssl.c,723,FP,EVP_DecryptUpdate() documented 1/0-only -- same FP class,41plus_b32,high
EXP20-C,hostap,src/crypto/crypto_openssl.c,725,FP,EVP_DecryptFinal_ex() documented 1/0-only -- same FP class,41plus_b32,high
EXP20-C,hostap,src/crypto/crypto_openssl.c,763,FP,EVP_EncryptInit_ex() documented 1/0-only -- same FP class,41plus_b32,high
EXP20-C,hostap,src/crypto/crypto_openssl.c,764,FP,EVP_CIPHER_CTX_set_padding() documented 1/0-only -- same FP class,41plus_b32,high
EXP20-C,hostap,src/crypto/crypto_openssl.c,765,FP,EVP_EncryptUpdate() documented 1/0-only -- same FP class,41plus_b32,high
EXP20-C,hostap,src/crypto/crypto_openssl.c,767,FP,EVP_EncryptFinal_ex() documented 1/0-only -- same FP class,41plus_b32,high
EXP20-C,hostap,src/crypto/crypto_openssl.c,790,FP,EVP_DecryptInit_ex() documented 1/0-only -- same FP class,41plus_b32,high
EXP20-C,hostap,src/crypto/crypto_openssl.c,791,FP,EVP_CIPHER_CTX_set_padding() documented 1/0-only -- same FP class,41plus_b32,high
EXP20-C,hostap,src/crypto/crypto_openssl.c,792,FP,EVP_DecryptUpdate() documented 1/0-only -- same FP class,41plus_b32,high
EXP20-C,hostap,src/crypto/crypto_openssl.c,794,FP,EVP_DecryptFinal_ex() documented 1/0-only -- same FP class,41plus_b32,high
API00-C,hostap,src/crypto/crypto_openssl.c,803,FP,crypto_dh_init() is an internal-only DH primitive with protocol-fixed prime_len (confirmed API00-C internal-API FP class),41plus_b32,med
API00-C,hostap,src/crypto/crypto_openssl.c,829,FP,"crypto_dh_derive_secret() is internal-only, always called with valid struct-owned buffers (confirmed API00-C internal-API FP class)",41plus_b32,med
API00-C,hostap,src/crypto/crypto_openssl.c,829,FP,"crypto_dh_derive_secret() is internal-only, always called with valid struct-owned buffers (confirmed API00-C internal-API FP class)",41plus_b32,med
API00-C,hostap,src/crypto/crypto_openssl.c,872,FP,"crypto_mod_exp() is internal-only, always called with valid struct-owned buffers (confirmed API00-C internal-API FP class)",41plus_b32,med
API00-C,hostap,src/crypto/crypto_openssl.c,872,FP,"crypto_mod_exp() is internal-only, always called with valid struct-owned buffers (confirmed API00-C internal-API FP class)",41plus_b32,med
EXP33-C,hostap,src/crypto/crypto_openssl.c,924,FP,"ctx = os_zalloc(sizeof(*ctx)) -- sizeof idiom, never dereferences uninitialized ctx",41plus_b32,high
MSC42-C,hostap,src/crypto/crypto_openssl.c,932,TP,"genuine use of RC4, retained for legacy CRYPTO_CIPHER_ALG_RC4 wire-protocol compatibility",41plus_b32,med
MSC17-C,hostap,src/crypto/crypto_openssl.c,939,FP,case 16 has its own unconditional break at line 941; sqc is blind to the #ifndef OPENSSL_IS_BORINGSSL/#endif wrapping case 24 in between (confirmed MSC17-C ifdef-between-cases FP class),41plus_b32,high
MSC42-C,hostap,src/crypto/crypto_openssl.c,958,TP,"genuine use of 3DES, retained for legacy CRYPTO_CIPHER_ALG_3DES wire-protocol compatibility",41plus_b32,med
MSC42-C,hostap,src/crypto/crypto_openssl.c,961,TP,"genuine use of DES, retained for legacy CRYPTO_CIPHER_ALG_DES wire-protocol compatibility",41plus_b32,med
EXP45-C,hostap,src/crypto/crypto_openssl.c,974,FP,"parenthesized 'if (!(ctx->enc = alloc()) || ...)' is the pervasive, disambiguated hostap alloc-check idiom (EXP45-C alloc-idiom FP)",41plus_b32,med
MEM30-C,hostap,src/crypto/crypto_openssl.c,975,FP,"flagged 'use-after-free' is still inside the || condition chain, before any free executes in either branch body -- ctx->enc has not been freed yet",41plus_b32,high
MEM30-C,hostap,src/crypto/crypto_openssl.c,975,FP,"flagged 'use-after-free' is still inside the || condition chain, before any free executes in either branch body -- ctx->enc has not been freed yet",41plus_b32,high
MEM30-C,hostap,src/crypto/crypto_openssl.c,976,FP,same as line 975: still within the unevaluated-yet-not-freed condition chain,41plus_b32,high
MEM30-C,hostap,src/crypto/crypto_openssl.c,976,FP,same as line 975: still within the unevaluated-yet-not-freed condition chain,41plus_b32,high
MEM30-C,hostap,src/crypto/crypto_openssl.c,977,FP,same as line 975/976,41plus_b32,high
MEM30-C,hostap,src/crypto/crypto_openssl.c,977,FP,same as line 975/976,41plus_b32,high
MEM30-C,hostap,src/crypto/crypto_openssl.c,978,FP,same as line 975/976/977,41plus_b32,high
MEM30-C,hostap,src/crypto/crypto_openssl.c,978,FP,same as line 975/976/977,41plus_b32,high
MEM30-C,hostap,src/crypto/crypto_openssl.c,979,FP,"'if (ctx->enc)' null-check misread as UAF; only ctx->enc gets freed on the sibling line, not ctx itself yet",41plus_b32,high
MEM30-C,hostap,src/crypto/crypto_openssl.c,981,FP,"os_free(ctx) here frees the *container* struct; EVP_CIPHER_CTX_free(ctx->enc) one line above freed a distinct sub-object (ctx->enc), not ctx -- not a double free (confirmed sub-field-vs-container conflation FP class)",41plus_b32,high
MEM31-C,hostap,src/crypto/crypto_openssl.c,981,FP,same container-vs-sub-field conflation as the MEM30-C finding on this line,41plus_b32,high
EXP45-C,hostap,src/crypto/crypto_openssl.c,985,FP,"same parenthesized alloc-check idiom as line 974, now for ctx->dec",41plus_b32,med
MEM30-C,hostap,src/crypto/crypto_openssl.c,986,FP,"still inside the || condition chain before any free executes, same as line 975",41plus_b32,high
MEM30-C,hostap,src/crypto/crypto_openssl.c,986,FP,"still inside the || condition chain before any free executes, same as line 975",41plus_b32,high
MEM30-C,hostap,src/crypto/crypto_openssl.c,987,FP,same as line 986,41plus_b32,high
MEM30-C,hostap,src/crypto/crypto_openssl.c,987,FP,same as line 986,41plus_b32,high
MEM30-C,hostap,src/crypto/crypto_openssl.c,988,FP,same as line 986/987,41plus_b32,high
MEM30-C,hostap,src/crypto/crypto_openssl.c,988,FP,same as line 986/987,41plus_b32,high
MEM30-C,hostap,src/crypto/crypto_openssl.c,989,FP,same as line 986/987/988,41plus_b32,high
MEM30-C,hostap,src/crypto/crypto_openssl.c,989,FP,same as line 986/987/988,41plus_b32,high
MEM30-C,hostap,src/crypto/crypto_openssl.c,991,FP,"'if (ctx->dec)' misread as accessing freed 'ctx'; only ctx->enc was freed at line 990, ctx->dec/ctx itself weren't (sub-field-vs-container conflation)",41plus_b32,high
MEM30-C,hostap,src/crypto/crypto_openssl.c,993,FP,"os_free(ctx) frees the container once; ctx->enc/ctx->dec sub-object frees at 990/992 are distinct objects, not ctx itself (confirmed conflation FP class)",41plus_b32,high
MEM31-C,hostap,src/crypto/crypto_openssl.c,993,FP,same container-vs-sub-field conflation as the MEM30-C finding on this line,41plus_b32,high
DCL30-C,hostap,src/crypto/crypto_openssl.c,997,FP,"ctx is a local pointer *variable* to os_zalloc() heap storage, not automatic storage (confirmed local-var-vs-storage FP)",41plus_b32,high
MEM30-C,hostap,src/crypto/crypto_openssl.c,997,FP,carries forward the same container-vs-sub-field free conflation into the return statement; ctx itself was never freed on this success/return path,41plus_b32,high
DCL13-C,hostap,src/crypto/crypto_openssl.c,1001,TP,"ctx is only read to forward ctx->enc into EVP_EncryptUpdate(); ctx itself is never reassigned so 'const struct crypto_cipher *ctx' would compile (read-only forwarding-wrapper TP class, distinct from eloop/vtable dispatch FP class)",41plus_b32,low
DCL13-C,hostap,src/crypto/crypto_openssl.c,1011,TP,"same read-only forwarding shape as line 1001, for ctx->dec in crypto_cipher_decrypt()",41plus_b32,low
MSC13-C,hostap,src/crypto/crypto_openssl.c,1086,FP,'privkey' is read at both the failure path (wpabuf_clear_free) and success path (BN_bn2bin/*priv=privkey) later in the same function -- not dead,41plus_b32,high
MEM31-C,hostap,src/crypto/crypto_openssl.c,1092,FP,sqc bleeds the wpabuf_free(*publ) call from the mutually-exclusive #if<1.1.0 branch (line 1038) into this #elif>=3.0 branch's own first wpabuf_free(*publ) as if both executed sequentially (new preprocessor-branch-bleed pattern),41plus_b32,high
EXP30-C,hostap,src/crypto/crypto_openssl.c,1106,FP,finding is misattributed to the first physical line of a multi-line '||'-chained if-condition; the actual priv_len/pubkey assignments are several lines later and are properly sequenced by '||' short-circuit (||/&& sequence-point blindness),41plus_b32,high
EXP30-C,hostap,src/crypto/crypto_openssl.c,1106,FP,finding is misattributed to the first physical line of a multi-line '||'-chained if-condition; the actual priv_len/pubkey assignments are several lines later and are properly sequenced by '||' short-circuit (||/&& sequence-point blindness),41plus_b32,high
EXP45-C,hostap,src/crypto/crypto_openssl.c,1117,FP,parenthesized 'if (... || !(pubkey = wpabuf_alloc(pub_len)) || ...)' alloc-check idiom,41plus_b32,med
EXP45-C,hostap,src/crypto/crypto_openssl.c,1118,FP,same alloc-check idiom for privkey,41plus_b32,med
MEM31-C,hostap,src/crypto/crypto_openssl.c,1125,FP,"wpabuf_free(pubkey) here is in the failure branch only; the success branch (mutually exclusive) assigns pubkey to *publ instead -- not a double free, and sqc conflates local 'pubkey' with the 'publ' parameter",41plus_b32,high
MEM31-C,hostap,src/crypto/crypto_openssl.c,1126,FP,"same mutually-exclusive-branch/name-conflation issue as line 1125, for privkey",41plus_b32,high
EXP34-C,hostap,src/crypto/crypto_openssl.c,1126,FP,"wpabuf_clear_free() internally checks 'if (buf)' before use -- NULL-safe by design, same as os_free(NULL) FP class",41plus_b32,high
MEM31-C,hostap,src/crypto/crypto_openssl.c,1147,FP,"same preprocessor-branch-bleed as line 1092: this is the #else (oldest OpenSSL) branch's own independent first wpabuf_free(*publ), not a 2nd free of the same call",41plus_b32,high
MEM31-C,hostap,src/crypto/crypto_openssl.c,1154,FP,'g' ownership transfers into 'dh' via DH_set0_pqg() then is set to NULL at line 1162; no leak (ownership-transfer-then-null-out FP class),41plus_b32,high
MEM31-C,hostap,src/crypto/crypto_openssl.c,1182,FP,'g' was already NULLed out after ownership transfer to 'dh' before this return (same as line 1154),41plus_b32,high
EXP34-C,hostap,src/crypto/crypto_openssl.c,1189,FP,"wpabuf_clear_free() is NULL-safe by design, same FP class as line 1126",41plus_b32,high
EXP30-C,hostap,src/crypto/crypto_openssl.c,1213,FP,wpabuf_head()/wpabuf_len() are pure side-effect-free accessors passed as sibling args (confirmed EXP30-C accessor-args FP class),41plus_b32,high
EXP30-C,hostap,src/crypto/crypto_openssl.c,1217,FP,same wpabuf_head()/wpabuf_len() accessor-args FP as line 1213,41plus_b32,high
EXP43-C,hostap,src/crypto/crypto_openssl.c,1236,FP,"EVP_PKEY_CTX_new_from_name(NULL, ""DH"", NULL) flagged purely for its two NULL literal args, no real aliasing (confirmed EXP43-C NULL/0-literal-args FP class)",41plus_b32,high
EXP30-C,hostap,src/crypto/crypto_openssl.c,1237,FP,same wpabuf_head()/wpabuf_len() accessor-args FP as line 1213,41plus_b32,high
EXP30-C,hostap,src/crypto/crypto_openssl.c,1238,FP,same wpabuf_head()/wpabuf_len() accessor-args FP as line 1213,41plus_b32,high
EXP30-C,hostap,src/crypto/crypto_openssl.c,1240,FP,"finding misattributed to the first line of the multi-line if-condition; 'params' is not assigned until line 1247, properly sequenced by '||' (||/&& sequence-point blindness)",41plus_b32,high
EXP45-C,hostap,src/crypto/crypto_openssl.c,1247,FP,parenthesized 'if (... || !(params = OSSL_PARAM_BLD_to_param(bld)) || ...)' alloc-check idiom,41plus_b32,med
MSC13-C,hostap,src/crypto/crypto_openssl.c,1264,TP,"'p = NULL' initializer is genuinely never read -- 'p' is unconditionally reassigned via get_group5_prime() before any use (real, low-severity dead-init TP)",41plus_b32,low
MEM31-C,hostap,src/crypto/crypto_openssl.c,1270,FP,'g' ownership transfers into 'dh' via DH_set0_pqg() then NULLed at line 1276; no leak (ownership-transfer-then-null-out FP class),41plus_b32,high
EXP30-C,hostap,src/crypto/crypto_openssl.c,1278,FP,same wpabuf_head()/wpabuf_len() accessor-args FP as line 1213,41plus_b32,high
EXP30-C,hostap,src/crypto/crypto_openssl.c,1279,FP,same wpabuf_head()/wpabuf_len() accessor-args FP as line 1213,41plus_b32,high
MEM31-C,hostap,src/crypto/crypto_openssl.c,1288,FP,"'g' already NULLed out after ownership transfer before this return, same as line 1270",41plus_b32,high
MEM31-C,hostap,src/crypto/crypto_openssl.c,1293,FP,"'pub_key' err: cleanup only runs via goto before the NULL-out at line 1282; on the success path pub_key was already NULLed, so no double free on any real path (ownership-transfer FP class)",41plus_b32,high
MEM31-C,hostap,src/crypto/crypto_openssl.c,1294,FP,"same as line 1293, for priv_key",41plus_b32,high
MSC37-C,hostap,src/crypto/crypto_openssl.c,1301,FP,dh5_derive_shared(): both the #if>=3.0 and #else branches end in a return (confirmed MSC37-C preprocessor-branch-blind FP class),41plus_b32,high
EXP30-C,hostap,src/crypto/crypto_openssl.c,1312,FP,"finding misattributed to the first line of the multi-line if-condition; 'dctx' isn't assigned until line 1316, properly sequenced by '||' short-circuit (||/&& sequence-point blindness)",41plus_b32,high
EXP30-C,hostap,src/crypto/crypto_openssl.c,1312,FP,"finding misattributed to the first line of the multi-line if-condition; 'dctx' isn't assigned until line 1316, properly sequenced by '||' short-circuit (||/&& sequence-point blindness)",41plus_b32,high
EXP30-C,hostap,src/crypto/crypto_openssl.c,1312,FP,"finding misattributed to the first line of the multi-line if-condition; 'dctx' isn't assigned until line 1316, properly sequenced by '||' short-circuit (||/&& sequence-point blindness)",41plus_b32,high
EXP30-C,hostap,src/crypto/crypto_openssl.c,1312,FP,"finding misattributed to the first line of the multi-line if-condition; 'dctx' isn't assigned until line 1316, properly sequenced by '||' short-circuit (||/&& sequence-point blindness)",41plus_b32,high
EXP30-C,hostap,src/crypto/crypto_openssl.c,1312,FP,"finding misattributed to the first line of the multi-line if-condition; 'dctx' isn't assigned until line 1316, properly sequenced by '||' short-circuit (||/&& sequence-point blindness)",41plus_b32,high
EXP30-C,hostap,src/crypto/crypto_openssl.c,1314,FP,"wpabuf_head()/wpabuf_len() pure accessor args, same confirmed FP class as line 1213",41plus_b32,high
EXP45-C,hostap,src/crypto/crypto_openssl.c,1316,FP,parenthesized 'if (... || !(dctx = EVP_PKEY_CTX_new(...)) || ...)' alloc-check idiom,41plus_b32,med
EXP45-C,hostap,src/crypto/crypto_openssl.c,1320,FP,parenthesized 'if (... || !(res = wpabuf_alloc(len)) || ...)' alloc-check idiom,41plus_b32,med
EXP34-C,hostap,src/crypto/crypto_openssl.c,1321,FP,"'res' is only used in 'wpabuf_mhead(res)' after '!(res = wpabuf_alloc(len))' already evaluated false via '||' short-circuit, guaranteeing res is non-NULL here -- sqc doesn't recognize the short-circuit NULL guarantee",41plus_b32,high
MSC13-C,hostap,src/crypto/crypto_openssl.c,1335,TP,"'res = NULL' initializer is genuinely never read before being reassigned at line 1349 (real, low-severity dead-init TP, same class as line 1264)",41plus_b32,low
MEM10-C,hostap,src/crypto/crypto_openssl.c,1340,FP,"fires on an ordinary 'if (ctx == NULL)' guard -- stylistic MEM10-C pattern, not indicative of a real gap (confirmed MEM10-C ad-hoc-NULL-check FP class)",41plus_b32,high
EXP30-C,hostap,src/crypto/crypto_openssl.c,1343,FP,"wpabuf_head()/wpabuf_len() pure accessor args, same confirmed FP class as line 1213",41plus_b32,high
MEM30-C,hostap,src/crypto/crypto_openssl.c,1362,FP,err: label's BN_clear_free(pub_key) and the success path's earlier BN_clear_free(pub_key) (line 1357) are mutually exclusive via goto -- not both executed (confirmed mutually-exclusive-branch free-tracking FP class),41plus_b32,high
MEM31-C,hostap,src/crypto/crypto_openssl.c,1362,FP,mutually-exclusive goto-err vs success-path free (dh5_derive_shared),41plus_b33,high
MEM10-C,hostap,src/crypto/crypto_openssl.c,1377,FP,ad-hoc NULL check stylistic FP,41plus_b33,high
MSC37-C,hostap,src/crypto/crypto_openssl.c,1395,FP,all paths return (both #if/#else branches); preprocessor-blind misfire,41plus_b33,high
MSC13-C,hostap,src/crypto/crypto_openssl.c,1402,TP,char *a=NULL always overwritten by switch before any read; genuine trivial dead store,41plus_b33,med
EXP43-C,hostap,src/crypto/crypto_openssl.c,1426,FP,"EVP_MAC_fetch(NULL,""HMAC"",NULL) - NULL,NULL literal misfire, no aliasing",41plus_b33,high
MEM31-C,hostap,src/crypto/crypto_openssl.c,1448,FP,"mutually exclusive if/goto branches (os_free vs bin_clear_free), user-confirmed",41plus_b33,high
MEM31-C,hostap,src/crypto/crypto_openssl.c,1485,FP,"ctx->ctx ownership transferred to caller, freed later in crypto_hash_finish",41plus_b33,high
MEM31-C,hostap,src/crypto/crypto_openssl.c,1487,FP,"mutually exclusive branch (HMAC_CTX_new failure), only free on this path",41plus_b33,high
MEM31-C,hostap,src/crypto/crypto_openssl.c,1493,FP,"mutually exclusive branch (HMAC_Init_ex failure), disjoint from 1487",41plus_b33,high
MEM10-C,hostap,src/crypto/crypto_openssl.c,1504,FP,ad-hoc NULL check stylistic FP,41plus_b33,high
MSC37-C,hostap,src/crypto/crypto_openssl.c,1516,FP,all paths return in both #if/#else branches; preprocessor-blind,41plus_b33,high
ARR01-C,hostap,src/crypto/crypto_openssl.c,1528,FP,"sizeof(*ctx) correctly sizes pointee, not decayed-pointer sizeof; rule conflates the two",41plus_b33,high
ARR01-C,hostap,src/crypto/crypto_openssl.c,1535,FP,"sizeof(*ctx) idiom, same as 1528",41plus_b33,high
ARR01-C,hostap,src/crypto/crypto_openssl.c,1541,FP,"sizeof(*ctx) idiom, same as 1528",41plus_b33,high
MEM10-C,hostap,src/crypto/crypto_openssl.c,1560,FP,ad-hoc NULL check stylistic FP,41plus_b33,high
MEM31-C,hostap,src/crypto/crypto_openssl.c,1565,FP,mutually exclusive early-return branch vs normal-path frees at 1571/1573,41plus_b33,high
ARR01-C,hostap,src/crypto/crypto_openssl.c,1565,FP,sizeof(*ctx) idiom,41plus_b33,high
MEM30-C,hostap,src/crypto/crypto_openssl.c,1570,FP,"HMAC_Final(ctx->ctx,...) on normal path, mutually exclusive from early-return free at 1564",41plus_b33,high
MEM30-C,hostap,src/crypto/crypto_openssl.c,1571,FP,"HMAC_CTX_free on normal path, mutually exclusive from early-return free at 1564",41plus_b33,high
MEM31-C,hostap,src/crypto/crypto_openssl.c,1573,FP,mutually exclusive from early-return branch at 1565,41plus_b33,high
ARR01-C,hostap,src/crypto/crypto_openssl.c,1573,FP,sizeof(*ctx) idiom,41plus_b33,high
API05-C,hostap,src/crypto/crypto_openssl.c,1593,FP,"key+key_len pointer+size idiom, confirmed categorical FP",41plus_b33,high
MSC01-C,hostap,src/crypto/crypto_openssl.c,1612,FP,"guard-clause chain; unmatched case leaves property_query=NULL default, handled downstream",41plus_b33,high
MSC07-C,hostap,src/crypto/crypto_openssl.c,1653,FP,fail: label reached via goto at 1641/1645; not unreachable,41plus_b33,high
MEM30-C,hostap,src/crypto/crypto_openssl.c,1654,FP,fail: path mutually exclusive from normal-path free+return at 1650/1652,41plus_b33,high
MEM31-C,hostap,src/crypto/crypto_openssl.c,1654,FP,fail: path mutually exclusive from normal-path free+return,41plus_b33,high
DCL40-C,hostap,src/crypto/crypto_openssl.c,1751,FP,"two openssl_hmac_vector defs live in mutually-exclusive #if/#else branches, never both compiled",41plus_b33,high
API05-C,hostap,src/crypto/crypto_openssl.c,1874,FP,ssid+ssid_len / buf+buflen pointer+size idiom,41plus_b33,high
API05-C,hostap,src/crypto/crypto_openssl.c,1884,FP,buf+len pointer+size idiom (crypto_get_random),41plus_b33,high
MSC37-C,hostap,src/crypto/crypto_openssl.c,1892,FP,all paths return via fail: label in both #if/#else branches,41plus_b33,high
EXP43-C,hostap,src/crypto/crypto_openssl.c,1906,FP,"EVP_MAC_fetch(NULL,""CMAC"",NULL) NULL,NULL literal misfire",41plus_b33,high
MSC01-C,hostap,src/crypto/crypto_openssl.c,1912,FP,missing-cipher case handled by subsequent !cipher guard -> goto fail,41plus_b33,high
EXP30-C,hostap,src/crypto/crypto_openssl.c,1918,FP,"!(ctx=EVP_MAC_CTX_new(emac))||... - || has a sequence point, well-defined C",41plus_b33,high
EXP45-C,hostap,src/crypto/crypto_openssl.c,1919,FP,assignment already wrapped in !(...) - confirmed parenthesized-assignment idiom,41plus_b33,high
EXP34-C,hostap,src/crypto/crypto_openssl.c,1923,TP,"cipher genuinely NULL when key_len matches none of 16/24/32, passed to %s (not %p) in wpa_printf",41plus_b33,med
API00-C,hostap,src/crypto/crypto_openssl.c,1978,FP,"internal-only omac1 helper, key always a valid internal key buffer",41plus_b33,med
API00-C,hostap,src/crypto/crypto_openssl.c,1985,FP,"internal-only helper, same as 1978",41plus_b33,med
API00-C,hostap,src/crypto/crypto_openssl.c,1991,FP,"internal-only helper, same as 1978",41plus_b33,med
API00-C,hostap,src/crypto/crypto_openssl.c,2005,FP,"internal-only bignum-init helper, buf from internal callers only",41plus_b33,med
MEM31-C,hostap,src/crypto/crypto_openssl.c,2024,FP,"bn returned as opaque handle to caller; freed later via crypto_bignum_deinit, not a leak",41plus_b33,high
ARR39-C,hostap,src/crypto/crypto_openssl.c,2076,FP,"buf is u8* (byte pointer); no scaling issue, confirmed categorical FP",41plus_b33,high
EXP20-C,hostap,src/crypto/crypto_openssl.c,2086,FP,BN_rand_range returns exactly 1(success)/0(failure) per OpenSSL contract,41plus_b33,high
EXP05-C,hostap,src/crypto/crypto_openssl.c,2086,FP,r is non-const 'struct crypto_bignum *r' param; nothing const to cast away,41plus_b33,high
API00-C,hostap,src/crypto/crypto_openssl.c,2090,FP,"internal-only bignum op, a/b/c always valid opaque handles",41plus_b33,med
API00-C,hostap,src/crypto/crypto_openssl.c,2090,FP,internal-only bignum op,41plus_b33,med
API00-C,hostap,src/crypto/crypto_openssl.c,2090,FP,internal-only bignum op,41plus_b33,med
EXP05-C,hostap,src/crypto/crypto_openssl.c,2094,FP,c is non-const output param 'struct crypto_bignum *c'; not a real cast-away,41plus_b33,high
EXP05-C,hostap,src/crypto/crypto_openssl.c,2109,FP,"c is non-const output param, same as 2094",41plus_b33,high
EXP05-C,hostap,src/crypto/crypto_openssl.c,2155,TP,a IS const-qualified; BN_set_flags(BN_FLG_CONSTTIME) genuinely mutates flags through the cast-away pointer,41plus_b33,med
EXP05-C,hostap,src/crypto/crypto_openssl.c,2157,FP,c is non-const output param 'struct crypto_bignum *c',41plus_b33,high
EXP05-C,hostap,src/crypto/crypto_openssl.c,2171,FP,c is non-const output param,41plus_b33,high
EXP05-C,hostap,src/crypto/crypto_openssl.c,2191,TP,"a IS const-qualified; BN_set_flags mutates through cast-away pointer, same as 2155",41plus_b33,med
EXP05-C,hostap,src/crypto/crypto_openssl.c,2193,FP,c is non-const output param,41plus_b33,high
EXP05-C,hostap,src/crypto/crypto_openssl.c,2259,FP,c is non-const output param (crypto_bignum_sqrmod),41plus_b33,high
EXP20-C,hostap,src/crypto/crypto_openssl.c,2270,FP,BN_rshift returns exactly 1/0 per OpenSSL contract,41plus_b33,high
EXP05-C,hostap,src/crypto/crypto_openssl.c,2270,FP,r is non-const output param 'struct crypto_bignum *r',41plus_b33,high
API00-C,hostap,src/crypto/crypto_openssl.c,2274,FP,"internal-only bignum compare, a always valid handle",41plus_b33,med
API00-C,hostap,src/crypto/crypto_openssl.c,2281,FP,internal-only bignum helper,41plus_b33,med
API00-C,hostap,src/crypto/crypto_openssl.c,2287,FP,internal-only bignum helper,41plus_b33,med
MSC13-C,hostap,src/crypto/crypto_openssl.c,2303,TP,exp=NULL immediately overwritten unconditionally by BN_new() before any read,41plus_b33,med
MSC13-C,hostap,src/crypto/crypto_openssl.c,2303,TP,tmp=NULL immediately overwritten unconditionally by BN_new() before any read,41plus_b33,med
EXP43-C,hostap,src/crypto/crypto_openssl.c,2319,FP,"BN_rshift1(exp,exp) in-place shift is documented/intended OpenSSL aliasing usage, no restrict qualifier",41plus_b33,high
MSC17-C,hostap,src/crypto/crypto_openssl.c,2366,FP,"case has explicit return; next case sits behind #ifdef NID_brainpoolP224r1, ifdef-blind fallthrough misfire",41plus_b33,high
MSC17-C,hostap,src/crypto/crypto_openssl.c,2403,FP,"same ifdef-blind fallthrough misfire, name-mapping switch",41plus_b33,high
EXP33-C,hostap,src/crypto/crypto_openssl.c,2437,FP,"os_zalloc(sizeof(*e)) - sizeof never evaluates operand, confirmed idiom",41plus_b33,high
MEM31-C,hostap,src/crypto/crypto_openssl.c,2443,FP,e->bnctx freed via crypto_ec_deinit(e) on the failure path at 2453,41plus_b33,high
MEM31-C,hostap,src/crypto/crypto_openssl.c,2445,FP,e->prime freed via crypto_ec_deinit(e) on failure path,41plus_b33,high
MEM31-C,hostap,src/crypto/crypto_openssl.c,2446,FP,e->order freed via crypto_ec_deinit(e) on failure path,41plus_b33,high
MEM31-C,hostap,src/crypto/crypto_openssl.c,2447,FP,e->a freed via crypto_ec_deinit(e) on failure path,41plus_b33,high
MEM31-C,hostap,src/crypto/crypto_openssl.c,2448,FP,e->b freed via crypto_ec_deinit(e) on failure path,41plus_b33,high
DCL30-C,hostap,src/crypto/crypto_openssl.c,2457,FP,"e is os_zalloc'd heap memory, not automatic storage",41plus_b33,high
MEM31-C,hostap,src/crypto/crypto_openssl.c,2457,FP,"ownership transferred to caller, freed later via crypto_ec_deinit",41plus_b33,high
MEM31-C,hostap,src/crypto/crypto_openssl.c,2457,FP,ownership transferred to caller,41plus_b33,high
MEM31-C,hostap,src/crypto/crypto_openssl.c,2457,FP,ownership transferred to caller,41plus_b33,high
MEM31-C,hostap,src/crypto/crypto_openssl.c,2457,FP,ownership transferred to caller,41plus_b33,high
MEM31-C,hostap,src/crypto/crypto_openssl.c,2457,FP,ownership transferred to caller,41plus_b33,high
MEM10-C,hostap,src/crypto/crypto_openssl.c,2463,FP,ad-hoc NULL check stylistic FP,41plus_b33,high
DCL13-C,hostap,src/crypto/crypto_openssl.c,2475,TP,"e genuinely never modified in crypto_ec_point_init, plain internal helper not a vtable contract",41plus_b33,med
MEM10-C,hostap,src/crypto/crypto_openssl.c,2479,FP,ad-hoc NULL check stylistic FP,41plus_b33,high
API00-C,hostap,src/crypto/crypto_openssl.c,2485,FP,"internal crypto_ec API invariant: e always from successful crypto_ec_init, no per-file NULL-check convention",41plus_b33,med
DCL13-C,hostap,src/crypto/crypto_openssl.c,2485,TP,e genuinely never modified in crypto_ec_prime_len,41plus_b33,med
EXP34-C,hostap,src/crypto/crypto_openssl.c,2487,FP,"e always valid per internal API invariant, same as API00-C internal-API FP class",41plus_b33,med
API00-C,hostap,src/crypto/crypto_openssl.c,2491,FP,internal crypto_ec API invariant,41plus_b33,med
DCL13-C,hostap,src/crypto/crypto_openssl.c,2491,TP,e never modified in crypto_ec_prime_len_bits,41plus_b33,med
API00-C,hostap,src/crypto/crypto_openssl.c,2497,FP,internal crypto_ec API invariant,41plus_b33,med
DCL13-C,hostap,src/crypto/crypto_openssl.c,2497,TP,e never modified in crypto_ec_order_len,41plus_b33,med
API00-C,hostap,src/crypto/crypto_openssl.c,2503,FP,internal crypto_ec API invariant,41plus_b33,med
DCL13-C,hostap,src/crypto/crypto_openssl.c,2503,TP,e never modified in crypto_ec_get_prime,41plus_b33,med
DCL13-C,hostap,src/crypto/crypto_openssl.c,2509,TP,e never modified in crypto_ec_get_order,41plus_b33,med
API00-C,hostap,src/crypto/crypto_openssl.c,2515,FP,internal crypto_ec API invariant,41plus_b33,med
DCL13-C,hostap,src/crypto/crypto_openssl.c,2515,TP,e never modified in crypto_ec_get_a,41plus_b33,med
API00-C,hostap,src/crypto/crypto_openssl.c,2521,FP,internal crypto_ec API invariant,41plus_b33,med
DCL13-C,hostap,src/crypto/crypto_openssl.c,2521,TP,e never modified in crypto_ec_get_b,41plus_b33,med
DCL13-C,hostap,src/crypto/crypto_openssl.c,2527,TP,e never modified in crypto_ec_get_generator,41plus_b33,med
DCL13-C,hostap,src/crypto/crypto_openssl.c,2543,TP,e never modified in crypto_ec_point_x,41plus_b33,med
EXP20-C,hostap,src/crypto/crypto_openssl.c,2546,FP,EC_POINT_get_affine_coordinates returns exactly 1/0 per OpenSSL contract,41plus_b33,high
API00-C,hostap,src/crypto/crypto_openssl.c,2553,FP,internal crypto_ec API invariant,41plus_b33,med
DCL13-C,hostap,src/crypto/crypto_openssl.c,2553,TP,e never modified in crypto_ec_point_to_bin,41plus_b33,med
EXP34-C,hostap,src/crypto/crypto_openssl.c,2558,FP,e always valid per internal API invariant,41plus_b33,med
EXP05-C,hostap,src/crypto/crypto_openssl.c,2567,FP,"point cast away const but only read through (EC_POINT_get_affine_coordinates), no write",41plus_b33,high
DCL13-C,hostap,src/crypto/crypto_openssl.c,2588,TP,e never modified in crypto_ec_point_from_bin,41plus_b33,med
EXP34-C,hostap,src/crypto/crypto_openssl.c,2593,FP,e always valid per internal API invariant,41plus_b33,med
API00-C,hostap,src/crypto/crypto_openssl.c,2620,FP,internal crypto_ec API invariant,41plus_b33,med
DCL13-C,hostap,src/crypto/crypto_openssl.c,2620,TP,e never modified in crypto_ec_point_add,41plus_b33,med
EXP34-C,hostap,src/crypto/crypto_openssl.c,2626,FP,e always valid per internal API invariant,41plus_b33,med
EXP05-C,hostap,src/crypto/crypto_openssl.c,2626,FP,c is non-const output param 'struct crypto_ec_point *c',41plus_b33,high
API00-C,hostap,src/crypto/crypto_openssl.c,2631,FP,internal crypto_ec API invariant (b),41plus_b33,med
DCL13-C,hostap,src/crypto/crypto_openssl.c,2631,TP,e never modified in crypto_ec_point_mul,41plus_b33,med
API00-C,hostap,src/crypto/crypto_openssl.c,2643,FP,internal crypto_ec API invariant,41plus_b33,med
DCL13-C,hostap,src/crypto/crypto_openssl.c,2643,TP,e never modified in crypto_ec_point_invert,41plus_b33,med
EXP34-C,hostap,src/crypto/crypto_openssl.c,2647,FP,e always valid per internal API invariant,41plus_b33,med
DCL13-C,hostap,src/crypto/crypto_openssl.c,2652,TP,e never modified in crypto_ec_point_compute_y_sqr,41plus_b33,med
EXP43-C,hostap,src/crypto/crypto_openssl.c,2665,FP,"BN_mod_add_quick(tmp,e->a,tmp,e->prime) in-place accumulation, documented OpenSSL aliasing support",41plus_b33,high
EXP43-C,hostap,src/crypto/crypto_openssl.c,2666,FP,"BN_mod_mul(tmp,tmp,x,e->prime,...) in-place, same OpenSSL aliasing support",41plus_b33,high
EXP43-C,hostap,src/crypto/crypto_openssl.c,2667,FP,"BN_mod_add_quick(tmp,tmp,e->b,e->prime) in-place, same",41plus_b33,high
API00-C,hostap,src/crypto/crypto_openssl.c,2675,FP,internal crypto_ec API invariant,41plus_b33,med
DCL13-C,hostap,src/crypto/crypto_openssl.c,2675,TP,e never modified in crypto_ec_point_is_at_infinity,41plus_b33,med
EXP34-C,hostap,src/crypto/crypto_openssl.c,2678,FP,e always valid per internal API invariant,41plus_b33,med
API00-C,hostap,src/crypto/crypto_openssl.c,2682,FP,internal crypto_ec API invariant,41plus_b33,med
DCL13-C,hostap,src/crypto/crypto_openssl.c,2682,TP,e never modified in crypto_ec_point_is_on_curve,41plus_b33,med
EXP20-C,hostap,src/crypto/crypto_openssl.c,2685,FP,EC_POINT_is_on_curve returns exactly 1/0 per OpenSSL contract,41plus_b33,high
EXP34-C,hostap,src/crypto/crypto_openssl.c,2685,FP,e always valid per internal API invariant,41plus_b33,med
API00-C,hostap,src/crypto/crypto_openssl.c,2690,FP,"e already const-qualified param, internal API invariant applies regardless",41plus_b33,med
API00-C,hostap,src/crypto/crypto_openssl.c,2690,FP,internal crypto_ec API invariant,41plus_b33,med
API00-C,hostap,src/crypto/crypto_openssl.c,2690,FP,internal crypto_ec API invariant,41plus_b33,med
API00-C,hostap,src/crypto/crypto_openssl.c,2699,FP,"internal crypto_ec API invariant, e already const",41plus_b33,med
EXP34-C,hostap,src/crypto/crypto_openssl.c,2709,FP,e always valid per internal API invariant,41plus_b33,med
MSC37-C,hostap,src/crypto/crypto_openssl.c,2733,FP,both #if/#else branches always reach a return via done:/fail: labels,41plus_b33,high
EXP33-C,hostap,src/crypto/crypto_openssl.c,2739,FP,os_zalloc(sizeof(*ecdh)) idiom,41plus_b33,high
MEM31-C,hostap,src/crypto/crypto_openssl.c,2790,FP,goto fail funnels to done: which unconditionally frees params (EVP_PKEY_free),41plus_b33,high
MEM31-C,hostap,src/crypto/crypto_openssl.c,2801,FP,same fail->done cascade frees params,41plus_b33,high
MEM31-C,hostap,src/crypto/crypto_openssl.c,2807,FP,same fail->done cascade frees params,41plus_b33,high
MSC37-C,hostap,src/crypto/crypto_openssl.c,2824,FP,both #if/#else branches always return via fail:/direct return,41plus_b33,high
EXP33-C,hostap,src/crypto/crypto_openssl.c,2829,FP,os_zalloc(sizeof(*ecdh)) idiom,41plus_b33,high
MEM31-C,hostap,src/crypto/crypto_openssl.c,2856,FP,ecdh->pkey freed via crypto_ecdh_deinit(ecdh) on the goto-fail path,41plus_b33,high
API00-C,hostap,src/crypto/crypto_openssl.c,2871,FP,"internal crypto_ecdh API invariant, ecdh always from crypto_ecdh_init",41plus_b33,med
MSC37-C,hostap,src/crypto/crypto_openssl.c,2871,FP,both #if/#else branches always return (fail:/done: labels),41plus_b33,high
DCL13-C,hostap,src/crypto/crypto_openssl.c,2871,TP,ecdh never modified in crypto_ecdh_get_pubkey,41plus_b33,med
MEM31-C,hostap,src/crypto/crypto_openssl.c,2925,FP,goto fail funnels to done: which frees x via BN_clear_free,41plus_b33,high
MEM31-C,hostap,src/crypto/crypto_openssl.c,2925,FP,goto fail -> fail: label frees buf (wpabuf_free) before falling into done:,41plus_b33,high
EXP05-C,hostap,src/crypto/crypto_openssl.c,2934,FP,y is non-const local 'BIGNUM *y'; not a real cast-away-const,41plus_b33,high
API00-C,hostap,src/crypto/crypto_openssl.c,2954,FP,"len is protocol-bounded EC public-key encoding length, unrealistic overflow risk (pasn_common.c precedent)",41plus_b33,med
MSC37-C,hostap,src/crypto/crypto_openssl.c,2954,FP,both #if/#else branches always return,41plus_b33,high
DCL13-C,hostap,src/crypto/crypto_openssl.c,2954,TP,ecdh never modified in crypto_ecdh_set_peerkey,41plus_b33,med
EXP30-C,hostap,src/crypto/crypto_openssl.c,2985,FP,"res assigned/used across || operands - sequence point exists, well-defined",41plus_b33,high
EXP45-C,hostap,src/crypto/crypto_openssl.c,2989,FP,assignment already wrapped in !(...) parenthesized idiom,41plus_b33,high
EXP34-C,hostap,src/crypto/crypto_openssl.c,2990,FP,"short-circuit ||: wpabuf_mhead(res) only evaluated when !(res=alloc()) was false, i.e. res non-NULL",41plus_b33,high
MEM03-C,hostap,src/crypto/crypto_openssl.c,3006,FP,"secret is the function's own return value (derived shared secret transferred to caller), not a local sensitive copy to clear",41plus_b33,high
MEM31-C,hostap,src/crypto/crypto_openssl.c,3025,FP,goto fail funnels to done: which frees pub (EC_POINT_free) unconditionally,41plus_b33,high
MSC01-C,hostap,src/crypto/crypto_openssl.c,3027,FP,guard-clause if/else-if; success case correctly falls through to continue,41plus_b33,high
MEM31-C,hostap,src/crypto/crypto_openssl.c,3033,FP,goto target label's cleanup chain (done:/out:/fail:) frees this pointer; goto-target-frees-it MEM31-C FP class,41plus_b34,high
MEM31-C,hostap,src/crypto/crypto_openssl.c,3039,FP,goto target label's cleanup chain (done:/out:/fail:) frees this pointer; goto-target-frees-it MEM31-C FP class,41plus_b34,high
MEM31-C,hostap,src/crypto/crypto_openssl.c,3047,FP,goto target label's cleanup chain (done:/out:/fail:) frees this pointer; goto-target-frees-it MEM31-C FP class,41plus_b34,high
MEM31-C,hostap,src/crypto/crypto_openssl.c,3061,FP,goto target label's cleanup chain (done:/out:/fail:) frees this pointer; goto-target-frees-it MEM31-C FP class,41plus_b34,high
MEM31-C,hostap,src/crypto/crypto_openssl.c,3061,FP,goto target label's cleanup chain (done:/out:/fail:) frees this pointer; goto-target-frees-it MEM31-C FP class,41plus_b34,high
MEM31-C,hostap,src/crypto/crypto_openssl.c,3061,FP,goto target label's cleanup chain (done:/out:/fail:) frees this pointer; goto-target-frees-it MEM31-C FP class,41plus_b34,high
MEM31-C,hostap,src/crypto/crypto_openssl.c,3071,FP,goto target label's cleanup chain (done:/out:/fail:) frees this pointer; goto-target-frees-it MEM31-C FP class,41plus_b34,high
MEM31-C,hostap,src/crypto/crypto_openssl.c,3071,FP,goto target label's cleanup chain (done:/out:/fail:) frees this pointer; goto-target-frees-it MEM31-C FP class,41plus_b34,high
MEM31-C,hostap,src/crypto/crypto_openssl.c,3071,FP,goto target label's cleanup chain (done:/out:/fail:) frees this pointer; goto-target-frees-it MEM31-C FP class,41plus_b34,high
API00-C,hostap,src/crypto/crypto_openssl.c,3105,FP,"internal-only crypto backend API (crypto.h contract implemented by multiple backends), never invoked with NULL by any caller; established API00-C internal-only-API FP class",41plus_b34,high
DCL13-C,hostap,src/crypto/crypto_openssl.c,3105,FP,"crypto_ecdh_prime_len's signature is the fixed public crypto.h backend-API contract implemented identically by multiple backends (openssl/gnutls/wolfssl/internal); dispatch-contract DCL13-C FP class, same reasoning as the eloop-callback precedent",41plus_b34,med
MSC37-C,hostap,src/crypto/crypto_openssl.c,3111,FP,OpenSSL-version #if/#else (and BoringSSL sub-branch) each end in an explicit return; MSC37-C preprocessor-branch-blindness FP class,41plus_b34,high
MEM31-C,hostap,src/crypto/crypto_openssl.c,3149,FP,crypto_ec_key_deinit()/similar wrapper calls EVP_PKEY_free internally; sqc doesn't see through the wrapper (BIO-helper/_cleanup()-wrapper MEM31-C FP class),41plus_b34,high
MEM31-C,hostap,src/crypto/crypto_openssl.c,3152,FP,crypto_ec_key_deinit()/similar wrapper calls EVP_PKEY_free internally; sqc doesn't see through the wrapper (BIO-helper/_cleanup()-wrapper MEM31-C FP class),41plus_b34,high
MEM31-C,hostap,src/crypto/crypto_openssl.c,3155,FP,pointer is the function's own return value (ownership transferred to caller); return-value-not-a-leak MEM31-C FP class,41plus_b34,high
MEM31-C,hostap,src/crypto/crypto_openssl.c,3158,FP,crypto_ec_key_deinit()/similar wrapper calls EVP_PKEY_free internally; sqc doesn't see through the wrapper (BIO-helper/_cleanup()-wrapper MEM31-C FP class),41plus_b34,high
API00-C,hostap,src/crypto/crypto_openssl.c,3163,FP,"internal-only crypto backend API (crypto.h contract implemented by multiple backends), never invoked with NULL by any caller; established API00-C internal-only-API FP class",41plus_b34,high
API00-C,hostap,src/crypto/crypto_openssl.c,3163,FP,API00-C integer-overflow variant on a small enum-like group/len value that never realistically overflows; established API00-C-integer-overflow-variant FP class,41plus_b34,med
MSC37-C,hostap,src/crypto/crypto_openssl.c,3163,FP,OpenSSL-version #if/#else (and BoringSSL sub-branch) each end in an explicit return; MSC37-C preprocessor-branch-blindness FP class,41plus_b34,high
MSC13-C,hostap,src/crypto/crypto_openssl.c,3169,FP,"ctx's initial NULL IS read (via EVP_PKEY_CTX_free(ctx) at out:) on the priv_bin-alloc-failure goto path, before ctx is ever reassigned; MSC13-C 'never read' claim is false",41plus_b34,high
MSC13-C,hostap,src/crypto/crypto_openssl.c,3173,FP,"ec_group's initial NULL IS read (via EC_GROUP_free(ec_group) at out:) on the priv_bin-alloc-failure goto path, before ec_group is ever reassigned",41plus_b34,high
MSC13-C,hostap,src/crypto/crypto_openssl.c,3175,FP,"pub_bin's initial NULL IS read (via os_free(pub_bin) at out:) on the priv_bin-alloc-failure goto path, before pub_bin is ever reassigned",41plus_b34,high
MSC13-C,hostap,src/crypto/crypto_openssl.c,3176,TP,priv_bin's NULL initializer is unconditionally overwritten by os_malloc() on the very next statement with no intervening branch that could read the NULL; genuinely dead init,41plus_b34,med
EXP05-C,hostap,src/crypto/crypto_openssl.c,3213,FP,cast-away-const used only to pass into a read-only API call (no write through the cast pointer); established EXP05-C read-only-cast FP class,41plus_b34,high
EXP43-C,hostap,src/crypto/crypto_openssl.c,3220,FP,"EVP_PKEY_CTX_new_from_name(NULL, ""EC"", NULL): distinct-typed NULL/const-string args misidentified as aliased pointers; established EXP43-C NULL,NULL-test-harness/no-restrict FP class",41plus_b34,high
MEM12-C,hostap,src/crypto/crypto_openssl.c,3233,FP,"priv_bin and pub_bin ARE released via bin_clear_free()/os_free() on the lines immediately above this same return (out: label), contradicting the 'leaked' claim",41plus_b34,high
MSC13-C,hostap,src/crypto/crypto_openssl.c,3240,TP,"eckey's NULL initializer is unconditionally overwritten by EC_KEY_new_by_curve_name() right after the only early-return, with no path reading the NULL; genuinely dead init",41plus_b34,med
MSC13-C,hostap,src/crypto/crypto_openssl.c,3242,TP,"priv's NULL initializer is unconditionally overwritten by BN_bin2bn() right after, no path reads the NULL; genuinely dead init",41plus_b34,med
MEM12-C,hostap,src/crypto/crypto_openssl.c,3250,FP,priv_bin/pub_bin don't even exist as variables in this (OpenSSL<3.0) #else branch; cross-branch variable-name conflation with the #if>=3.0 branch's locals,41plus_b34,high
MEM30-C,hostap,src/crypto/crypto_openssl.c,3254,FP,"'raw_len' is a plain size_t integer parameter, never a pointer and never freed anywhere in this function; category error, not a real use-after-free",41plus_b34,high
MEM31-C,hostap,src/crypto/crypto_openssl.c,3273,FP,goto target label's cleanup chain (done:/out:/fail:) frees this pointer; goto-target-frees-it MEM31-C FP class,41plus_b34,high
MEM31-C,hostap,src/crypto/crypto_openssl.c,3281,FP,goto target label's cleanup chain (done:/out:/fail:) frees this pointer; goto-target-frees-it MEM31-C FP class,41plus_b34,high
MEM31-C,hostap,src/crypto/crypto_openssl.c,3281,FP,goto target label's cleanup chain (done:/out:/fail:) frees this pointer; goto-target-frees-it MEM31-C FP class,41plus_b34,high
MEM31-C,hostap,src/crypto/crypto_openssl.c,3285,FP,variable/free conflated across mutually-exclusive #if/#else preprocessor branches (this file has 2-3 parallel OpenSSL-version implementations); preprocessor-branch variable-conflation FP class,41plus_b34,high
MEM12-C,hostap,src/crypto/crypto_openssl.c,3287,FP,priv_bin/pub_bin don't exist in this (OpenSSL<3.0) #else branch at all; cross-branch variable conflation with the #if>=3.0 branch,41plus_b34,high
MEM31-C,hostap,src/crypto/crypto_openssl.c,3287,FP,pointer is the function's own return value (ownership transferred to caller); return-value-not-a-leak MEM31-C FP class,41plus_b34,high
MSC07-C,hostap,src/crypto/crypto_openssl.c,3318,FP,the 'code after return' is a fail:/label that IS reached via an earlier goto; not unreachable — goto/label-blindness MSC07-C FP class,41plus_b34,high
API00-C,hostap,src/crypto/crypto_openssl.c,3324,FP,API00-C integer-overflow variant on a small enum-like group/len value that never realistically overflows; established API00-C-integer-overflow-variant FP class,41plus_b34,med
API00-C,hostap,src/crypto/crypto_openssl.c,3324,FP,API00-C integer-overflow variant on a small enum-like group/len value that never realistically overflows; established API00-C-integer-overflow-variant FP class,41plus_b34,med
MSC37-C,hostap,src/crypto/crypto_openssl.c,3324,FP,OpenSSL-version #if/#else (and BoringSSL sub-branch) each end in an explicit return; MSC37-C preprocessor-branch-blindness FP class,41plus_b34,high
EXP05-C,hostap,src/crypto/crypto_openssl.c,3346,FP,cast-away-const used only to pass into a read-only API call (no write through the cast pointer); established EXP05-C read-only-cast FP class,41plus_b34,high
EXP43-C,hostap,src/crypto/crypto_openssl.c,3351,FP,"EVP_PKEY_CTX_new_from_name(NULL, ""EC"", NULL): distinct-typed NULL/const-string args misidentified as aliased pointers; established EXP43-C NULL,NULL-test-harness/no-restrict FP class",41plus_b34,high
MEM31-C,hostap,src/crypto/crypto_openssl.c,3403,FP,goto target label's cleanup chain (done:/out:/fail:) frees this pointer; goto-target-frees-it MEM31-C FP class,41plus_b34,high
MEM31-C,hostap,src/crypto/crypto_openssl.c,3409,FP,goto target label's cleanup chain (done:/out:/fail:) frees this pointer; goto-target-frees-it MEM31-C FP class,41plus_b34,high
MEM31-C,hostap,src/crypto/crypto_openssl.c,3419,FP,goto target label's cleanup chain (done:/out:/fail:) frees this pointer; goto-target-frees-it MEM31-C FP class,41plus_b34,high
MEM31-C,hostap,src/crypto/crypto_openssl.c,3419,FP,goto target label's cleanup chain (done:/out:/fail:) frees this pointer; goto-target-frees-it MEM31-C FP class,41plus_b34,high
MEM31-C,hostap,src/crypto/crypto_openssl.c,3426,FP,goto target label's cleanup chain (done:/out:/fail:) frees this pointer; goto-target-frees-it MEM31-C FP class,41plus_b34,high
MEM31-C,hostap,src/crypto/crypto_openssl.c,3426,FP,goto target label's cleanup chain (done:/out:/fail:) frees this pointer; goto-target-frees-it MEM31-C FP class,41plus_b34,high
MEM31-C,hostap,src/crypto/crypto_openssl.c,3426,FP,goto target label's cleanup chain (done:/out:/fail:) frees this pointer; goto-target-frees-it MEM31-C FP class,41plus_b34,high
MEM31-C,hostap,src/crypto/crypto_openssl.c,3435,FP,pkey is the function's own return value (ownership transferred to caller),41plus_b34,high
MEM31-C,hostap,src/crypto/crypto_openssl.c,3435,FP,eckey's ownership was merged into pkey via EVP_PKEY_assign_EC_KEY (freeing pkey frees eckey); not a separate leak,41plus_b34,high
MSC37-C,hostap,src/crypto/crypto_openssl.c,3446,FP,OpenSSL-version #if/#else (and BoringSSL sub-branch) each end in an explicit return; MSC37-C preprocessor-branch-blindness FP class,41plus_b34,high
MEM31-C,hostap,src/crypto/crypto_openssl.c,3478,FP,goto target label's cleanup chain (done:/out:/fail:) frees this pointer; goto-target-frees-it MEM31-C FP class,41plus_b34,high
MEM31-C,hostap,src/crypto/crypto_openssl.c,3485,FP,goto target label's cleanup chain (done:/out:/fail:) frees this pointer; goto-target-frees-it MEM31-C FP class,41plus_b34,high
MEM31-C,hostap,src/crypto/crypto_openssl.c,3485,FP,goto target label's cleanup chain (done:/out:/fail:) frees this pointer; goto-target-frees-it MEM31-C FP class,41plus_b34,high
MEM31-C,hostap,src/crypto/crypto_openssl.c,3489,FP,"eckey's ownership was merged into pkey via EVP_PKEY_assign_EC_KEY; freeing/returning pkey covers it, not a separate leak",41plus_b34,high
MEM31-C,hostap,src/crypto/crypto_openssl.c,3489,FP,pointer is the function's own return value (ownership transferred to caller); return-value-not-a-leak MEM31-C FP class,41plus_b34,high
API00-C,hostap,src/crypto/crypto_openssl.c,3500,FP,API00-C integer-overflow variant on a small enum-like group/len value that never realistically overflows; established API00-C-integer-overflow-variant FP class,41plus_b34,med
MSC37-C,hostap,src/crypto/crypto_openssl.c,3500,FP,OpenSSL-version #if/#else (and BoringSSL sub-branch) each end in an explicit return; MSC37-C preprocessor-branch-blindness FP class,41plus_b34,high
EXP05-C,hostap,src/crypto/crypto_openssl.c,3513,FP,cast-away-const used only to pass into a read-only API call (no write through the cast pointer); established EXP05-C read-only-cast FP class,41plus_b34,high
EXP43-C,hostap,src/crypto/crypto_openssl.c,3516,FP,"EVP_PKEY_CTX_new_from_name(NULL, ""EC"", NULL): distinct-typed NULL/const-string args misidentified as aliased pointers; established EXP43-C NULL,NULL-test-harness/no-restrict FP class",41plus_b34,high
MSC13-C,hostap,src/crypto/crypto_openssl.c,3532,TP,"ec_params's NULL initializer is unconditionally overwritten by EC_KEY_new_by_curve_name() right after the only early-return, no path reads the NULL; genuinely dead init",41plus_b34,med
MEM31-C,hostap,src/crypto/crypto_openssl.c,3553,FP,goto target label's cleanup chain (done:/out:/fail:) frees this pointer; goto-target-frees-it MEM31-C FP class,41plus_b34,high
MEM31-C,hostap,src/crypto/crypto_openssl.c,3562,FP,goto target label's cleanup chain (done:/out:/fail:) frees this pointer; goto-target-frees-it MEM31-C FP class,41plus_b34,high
MEM31-C,hostap,src/crypto/crypto_openssl.c,3562,FP,goto target label's cleanup chain (done:/out:/fail:) frees this pointer; goto-target-frees-it MEM31-C FP class,41plus_b34,high
MEM31-C,hostap,src/crypto/crypto_openssl.c,3568,FP,goto target label's cleanup chain (done:/out:/fail:) frees this pointer; goto-target-frees-it MEM31-C FP class,41plus_b34,high
MEM31-C,hostap,src/crypto/crypto_openssl.c,3568,FP,goto target label's cleanup chain (done:/out:/fail:) frees this pointer; goto-target-frees-it MEM31-C FP class,41plus_b34,high
API00-C,hostap,src/crypto/crypto_openssl.c,3582,FP,"EVP_PKEY_free(NULL) is a documented safe no-op, and crypto_ec_key_deinit is only ever called by the ~dozen internal callers of this crypto backend API; established API00-C internal-only-API FP class",41plus_b34,high
DCL00-C,hostap,src/crypto/crypto_openssl.c,3605,FP,"'EC_COMP_PUBKEY' is a typedef name introduced by the ASN1_SEQUENCE()/IMPLEMENT_ASN1_FUNCTIONS() macro pair (a type, not a variable); DCL00-C misparses the macro-expanded ASN.1 type definition as a const-qualifiable variable",41plus_b34,high
MSC37-C,hostap,src/crypto/crypto_openssl.c,3615,FP,OpenSSL-version #if/#else (and BoringSSL sub-branch) each end in an explicit return; MSC37-C preprocessor-branch-blindness FP class,41plus_b34,high
EXP05-C,hostap,src/crypto/crypto_openssl.c,3617,FP,cast-away-const used only to pass into a read-only API call (no write through the cast pointer); established EXP05-C read-only-cast FP class,41plus_b34,high
MEM31-C,hostap,src/crypto/crypto_openssl.c,3628,FP,sqc tracks the EVP_PKEY_dup() result under the reassigned name 'pkey' (pkey = copy;) but the actual free (EVP_PKEY_free(copy)) uses the pre-reassignment name; reassign-then-free aliasing FP class,41plus_b34,high
MEM31-C,hostap,src/crypto/crypto_openssl.c,3663,FP,same reassign-then-free aliasing: 'copy' (now aliased as 'pkey') is freed via EVP_PKEY_free(copy) two lines above this return,41plus_b34,high
MEM31-C,hostap,src/crypto/crypto_openssl.c,3717,FP,goto target label's cleanup chain (done:/out:/fail:) frees this pointer; goto-target-frees-it MEM31-C FP class,41plus_b34,high
MEM31-C,hostap,src/crypto/crypto_openssl.c,3717,FP,goto target label's cleanup chain (done:/out:/fail:) frees this pointer; goto-target-frees-it MEM31-C FP class,41plus_b34,high
MEM31-C,hostap,src/crypto/crypto_openssl.c,3717,FP,goto target label's cleanup chain (done:/out:/fail:) frees this pointer; goto-target-frees-it MEM31-C FP class,41plus_b34,high
EXP34-C,hostap,src/crypto/crypto_openssl.c,3720,FP,der/pdata is only reached after the i2d_*/OSSL_ENCODER_to_data success/length check; that check already guarantees non-NULL by the OpenSSL alloc-into-double-pointer convention,41plus_b34,high
MEM31-C,hostap,src/crypto/crypto_openssl.c,3725,FP,variable/free conflated across mutually-exclusive #if/#else preprocessor branches (this file has 2-3 parallel OpenSSL-version implementations); preprocessor-branch variable-conflation FP class,41plus_b34,high
EXP05-C,hostap,src/crypto/crypto_openssl.c,3739,FP,cast-away-const used only to pass into a read-only API call (no write through the cast pointer); established EXP05-C read-only-cast FP class,41plus_b34,high
MEM31-C,hostap,src/crypto/crypto_openssl.c,3744,FP,"'key' is a borrowed reference (function parameter), never owned/freed here; no 'pkey' variable exists in this (non-BoringSSL) branch — cross-branch conflation",41plus_b34,high
EXP34-C,hostap,src/crypto/crypto_openssl.c,3747,FP,der/pdata is only reached after the i2d_*/OSSL_ENCODER_to_data success/length check; that check already guarantees non-NULL by the OpenSSL alloc-into-double-pointer convention,41plus_b34,high
MEM31-C,hostap,src/crypto/crypto_openssl.c,3748,FP,variable/free conflated across mutually-exclusive #if/#else preprocessor branches (this file has 2-3 parallel OpenSSL-version implementations); preprocessor-branch variable-conflation FP class,41plus_b34,high
MEM31-C,hostap,src/crypto/crypto_openssl.c,3749,FP,variable/free conflated across mutually-exclusive #if/#else preprocessor branches (this file has 2-3 parallel OpenSSL-version implementations); preprocessor-branch variable-conflation FP class,41plus_b34,high
MSC37-C,hostap,src/crypto/crypto_openssl.c,3755,FP,OpenSSL-version #if/#else (and BoringSSL sub-branch) each end in an explicit return; MSC37-C preprocessor-branch-blindness FP class,41plus_b34,high
MEM31-C,hostap,src/crypto/crypto_openssl.c,3775,FP,"reassign-then-free aliasing: 'copy' (EVP_PKEY_dup result, later aliased as 'pkey') is freed via EVP_PKEY_free(copy) before every return in this branch",41plus_b34,high
MEM31-C,hostap,src/crypto/crypto_openssl.c,3790,FP,reassign-then-free aliasing: EVP_PKEY_free(copy) is called on the line immediately above this return,41plus_b34,high
EXP34-C,hostap,src/crypto/crypto_openssl.c,3793,FP,der/pdata is only reached after the i2d_*/OSSL_ENCODER_to_data success/length check; that check already guarantees non-NULL by the OpenSSL alloc-into-double-pointer convention,41plus_b34,high
MEM31-C,hostap,src/crypto/crypto_openssl.c,3796,FP,reassign-then-free aliasing: EVP_PKEY_free(copy) is called on the line immediately above this return,41plus_b34,high
MEM30-C,hostap,src/crypto/crypto_openssl.c,3804,FP,"'pkey' here is the borrowed function parameter, never freed in this (OpenSSL<3.0) branch; cross-branch conflation with the >=3.0 branch's unrelated EVP_PKEY_free(copy)",41plus_b34,high
EXP34-C,hostap,src/crypto/crypto_openssl.c,3821,FP,der/pdata is only reached after the i2d_*/OSSL_ENCODER_to_data success/length check; that check already guarantees non-NULL by the OpenSSL alloc-into-double-pointer convention,41plus_b34,high
MEM31-C,hostap,src/crypto/crypto_openssl.c,3824,FP,"'key'/'pkey' is a borrowed reference in this branch, never freed; cross-branch conflation",41plus_b34,high
MSC37-C,hostap,src/crypto/crypto_openssl.c,3829,FP,OpenSSL-version #if/#else (and BoringSSL sub-branch) each end in an explicit return; MSC37-C preprocessor-branch-blindness FP class,41plus_b34,high
EXP30-C,hostap,src/crypto/crypto_openssl.c,3839,FP,"part of the standard 'if (!(x = alloc()) || use(x) || ...)' chain; C's || is a sequence point between operands so buf is assigned then only read, never unsequenced; established EXP30-C assign-then-use-chain FP class",41plus_b34,high
EXP30-C,hostap,src/crypto/crypto_openssl.c,3839,FP,duplicate of the same || short-circuit chain finding; sequence point between operands makes this safe,41plus_b34,high
EXP45-C,hostap,src/crypto/crypto_openssl.c,3844,FP,"the assignment is already wrapped in extra parens '!(buf = wpabuf_alloc(pub_len))', which is exactly CERT's own EXP45-C-compliant mitigation; already-parenthesized EXP45-C FP class",41plus_b34,high
EXP43-C,hostap,src/crypto/crypto_openssl.c,3860,FP,os_memmove is a plain memmove wrapper (no restrict qualifier) used for a legal overlapping shift; established EXP43-C no-restrict FP class,41plus_b34,high
EXP43-C,hostap,src/crypto/crypto_openssl.c,3903,FP,os_memmove is a plain memmove wrapper (no restrict qualifier) used for a legal overlapping shift; established EXP43-C no-restrict FP class,41plus_b34,high
MSC37-C,hostap,src/crypto/crypto_openssl.c,3912,FP,OpenSSL-version #if/#else (and BoringSSL sub-branch) each end in an explicit return; MSC37-C preprocessor-branch-blindness FP class,41plus_b34,high
EXP05-C,hostap,src/crypto/crypto_openssl.c,3915,FP,cast-away-const used only to pass into a read-only API call (no write through the cast pointer); established EXP05-C read-only-cast FP class,41plus_b34,high
EXP05-C,hostap,src/crypto/crypto_openssl.c,3951,FP,'(struct crypto_ec_point *) point' is the standard opaque-handle reinterpret cast used only to return the value; no write through the cast pointer,41plus_b34,high
MSC37-C,hostap,src/crypto/crypto_openssl.c,3971,FP,OpenSSL-version #if/#else (and BoringSSL sub-branch) each end in an explicit return; MSC37-C preprocessor-branch-blindness FP class,41plus_b34,high
EXP05-C,hostap,src/crypto/crypto_openssl.c,3974,FP,cast-away-const used only to pass into a read-only API call (no write through the cast pointer); established EXP05-C read-only-cast FP class,41plus_b34,high
EXP05-C,hostap,src/crypto/crypto_openssl.c,3981,FP,'(struct crypto_bignum *) bn' is the standard opaque-handle reinterpret cast used only to return the value; no write through the cast pointer,41plus_b34,high
API00-C,hostap,src/crypto/crypto_openssl.c,3997,FP,"internal-only crypto backend API (crypto.h contract implemented by multiple backends), never invoked with NULL by any caller; established API00-C internal-only-API FP class",41plus_b34,high
DCL30-C,hostap,src/crypto/crypto_openssl.c,4021,FP,"returned local pointer variable refers to heap memory (wpabuf_alloc/EVP_PKEY_new/etc.), not automatic storage; established DCL30-C heap-vs-stack-pointer-variable FP class",41plus_b34,high
MSC37-C,hostap,src/crypto/crypto_openssl.c,4025,FP,OpenSSL-version #if/#else (and BoringSSL sub-branch) each end in an explicit return; MSC37-C preprocessor-branch-blindness FP class,41plus_b34,high
MSC13-C,hostap,src/crypto/crypto_openssl.c,4031,TP,"'prime's NULL initializer is unconditionally overwritten by BN_new() right after, with no intervening branch reading the NULL; genuinely dead init",41plus_b34,med
EXP05-C,hostap,src/crypto/crypto_openssl.c,4034,FP,cast-away-const used only to pass into a read-only API call (no write through the cast pointer); established EXP05-C read-only-cast FP class,41plus_b34,high
EXP20-C,hostap,src/crypto/crypto_openssl.c,4042,FP,"OpenSSL's EC_GROUP_get_curve() is documented to return exactly 1 on success (0/negative on error) — 1 is the sole success value, so '== 1' is the correct, non-fragile check, not an EXP20-C violation",41plus_b34,med
EXP05-C,hostap,src/crypto/crypto_openssl.c,4054,FP,cast-away-const used only to pass into a read-only API call (no write through the cast pointer); established EXP05-C read-only-cast FP class,41plus_b34,high
API00-C,hostap,src/crypto/crypto_openssl.c,4070,FP,"internal-only crypto backend API (crypto.h contract implemented by multiple backends), never invoked with NULL by any caller; established API00-C internal-only-API FP class",41plus_b34,high
MSC37-C,hostap,src/crypto/crypto_openssl.c,4070,FP,every path (2 early returns plus the out:/fail: goto-chain) does return a value; goto/label-blindness extended to MSC37-C,41plus_b34,med
MSC13-C,hostap,src/crypto/crypto_openssl.c,4073,TP,"'sig's NULL initializer is unconditionally overwritten by d2i_ECDSA_SIG() right after 2 unrelated early returns, no path reads the NULL; genuinely dead init",41plus_b34,med
DCL30-C,hostap,src/crypto/crypto_openssl.c,4108,FP,"returned local pointer variable refers to heap memory (wpabuf_alloc/EVP_PKEY_new/etc.), not automatic storage; established DCL30-C heap-vs-stack-pointer-variable FP class",41plus_b34,high
MSC07-C,hostap,src/crypto/crypto_openssl.c,4109,FP,the 'code after return' is a fail:/label that IS reached via an earlier goto; not unreachable — goto/label-blindness MSC07-C FP class,41plus_b34,high
API00-C,hostap,src/crypto/crypto_openssl.c,4116,FP,"internal-only crypto backend API (crypto.h contract implemented by multiple backends), never invoked with NULL by any caller; established API00-C internal-only-API FP class",41plus_b34,high
API00-C,hostap,src/crypto/crypto_openssl.c,4138,FP,"internal-only crypto backend API (crypto.h contract implemented by multiple backends), never invoked with NULL by any caller; established API00-C internal-only-API FP class",41plus_b34,high
MEM31-C,hostap,src/crypto/crypto_openssl.c,4161,FP,goto target label's cleanup chain (done:/out:/fail:) frees this pointer; goto-target-frees-it MEM31-C FP class,41plus_b34,high
EXP34-C,hostap,src/crypto/crypto_openssl.c,4164,FP,der/pdata is only reached after the i2d_*/OSSL_ENCODER_to_data success/length check; that check already guarantees non-NULL by the OpenSSL alloc-into-double-pointer convention,41plus_b34,high
EXP05-C,hostap,src/crypto/crypto_openssl.c,4181,FP,cast-away-const used only to pass into a read-only API call (no write through the cast pointer); established EXP05-C read-only-cast FP class,41plus_b34,high
EXP05-C,hostap,src/crypto/crypto_openssl.c,4190,FP,cast-away-const used only to pass into a read-only API call (no write through the cast pointer); established EXP05-C read-only-cast FP class,41plus_b34,high
MSC17-C,hostap,src/crypto/crypto_openssl.c,4203,FP,case NID_secp521r1 already ends in an unconditional 'return 21;'; the 'fallthrough' is only to a case label hidden behind #ifdef NID_brainpoolP256r1; established MSC17-C #ifdef-intervening-case-label FP class,41plus_b34,high
API00-C,hostap,src/crypto/crypto_openssl.c,4239,FP,"internal-only crypto backend API (crypto.h contract implemented by multiple backends), never invoked with NULL by any caller; established API00-C internal-only-API FP class",41plus_b34,high
EXP05-C,hostap,src/crypto/crypto_openssl.c,4251,FP,cast-away-const used only to pass into a read-only API call (no write through the cast pointer); established EXP05-C read-only-cast FP class,41plus_b34,high
API00-C,hostap,src/crypto/crypto_openssl.c,4266,FP,"internal-only crypto backend API (crypto.h contract implemented by multiple backends), never invoked with NULL by any caller; established API00-C internal-only-API FP class",41plus_b34,high
EXP30-C,hostap,src/crypto/crypto_openssl.c,4285,FP,wpabuf_head()/wpabuf_len() are pure accessor calls with no side effects; established EXP30-C side-effect-free-accessor-args FP class,41plus_b34,high
MEM31-C,hostap,src/crypto/crypto_openssl.c,4320,FP,goto target label's cleanup chain (done:/out:/fail:) frees this pointer; goto-target-frees-it MEM31-C FP class,41plus_b34,high
API00-C,hostap,src/crypto/crypto_openssl.c,4362,FP,"internal-only crypto backend API (crypto.h contract implemented by multiple backends), never invoked with NULL by any caller; established API00-C internal-only-API FP class",41plus_b34,high
MSC13-C,hostap,src/crypto/crypto_openssl.c,4365,TP,"'pkey's NULL initializer is unconditionally overwritten by X509_REQ_get_pubkey() right after declaration, no path reads the NULL; genuinely dead init",41plus_b34,med
MSC07-C,hostap,src/crypto/crypto_openssl.c,4380,FP,the 'code after return' is a fail:/label that IS reached via an earlier goto; not unreachable — goto/label-blindness MSC07-C FP class,41plus_b34,high
EXP05-C,hostap,src/crypto/crypto_openssl.c,4433,FP,cast-away-const used only to pass into a read-only API call (no write through the cast pointer); established EXP05-C read-only-cast FP class,41plus_b34,high
API05-C,hostap,src/crypto/crypto_openssl.c,4470,FP,'size_t *len' out-param companion to an existing (X509_ATTRIBUTE-based) API; established API05-C ptr+size-idiom FP class,41plus_b34,med
EXP34-C,hostap,src/crypto/crypto_openssl.c,4536,FP,der/pdata is only reached after the i2d_*/OSSL_ENCODER_to_data success/length check; that check already guarantees non-NULL by the OpenSSL alloc-into-double-pointer convention,41plus_b34,high
DCL30-C,hostap,src/crypto/crypto_openssl.c,4539,FP,"returned local pointer variable refers to heap memory (wpabuf_alloc/EVP_PKEY_new/etc.), not automatic storage; established DCL30-C heap-vs-stack-pointer-variable FP class",41plus_b34,high
DCL31-C,hostap,src/crypto/crypto_openssl.c,4552,FP,function is declared in the OpenSSL system header included at the top of the file (openssl/pem.h or openssl/x509.h or openssl/evp.h); sqc doesn't resolve declarations from system/library headers,41plus_b34,high
DCL30-C,hostap,src/crypto/crypto_openssl.c,4554,FP,"returned local pointer variable refers to heap memory (wpabuf_alloc/EVP_PKEY_new/etc.), not automatic storage; established DCL30-C heap-vs-stack-pointer-variable FP class",41plus_b34,high
ERR07-C,hostap,src/crypto/crypto_openssl.c,4556,TP,rewind() genuinely has no error return to check; real (if trivial) ERR07-C observation,41plus_b34,low
MSC24-C,hostap,src/crypto/crypto_openssl.c,4556,TP,"rewind() is genuinely listed obsolescent by MSC24-C in favor of fseek(); real (if trivial) observation, paired with the ERR07-C finding above",41plus_b34,low
DCL31-C,hostap,src/crypto/crypto_openssl.c,4557,FP,function is declared in the OpenSSL system header included at the top of the file (openssl/pem.h or openssl/x509.h or openssl/evp.h); sqc doesn't resolve declarations from system/library headers,41plus_b34,high
DCL31-C,hostap,src/crypto/crypto_openssl.c,4577,FP,function is declared in the OpenSSL system header included at the top of the file (openssl/pem.h or openssl/x509.h or openssl/evp.h); sqc doesn't resolve declarations from system/library headers,41plus_b34,high
DCL31-C,hostap,src/crypto/crypto_openssl.c,4581,FP,function is declared in the OpenSSL system header included at the top of the file (openssl/pem.h or openssl/x509.h or openssl/evp.h); sqc doesn't resolve declarations from system/library headers,41plus_b34,high
DCL30-C,hostap,src/crypto/crypto_openssl.c,4587,FP,"returned local pointer variable refers to heap memory (wpabuf_alloc/EVP_PKEY_new/etc.), not automatic storage; established DCL30-C heap-vs-stack-pointer-variable FP class",41plus_b34,high
MSC07-C,hostap,src/crypto/crypto_openssl.c,4588,FP,the 'code after return' is a fail:/label that IS reached via an earlier goto; not unreachable — goto/label-blindness MSC07-C FP class,41plus_b34,high
DCL31-C,hostap,src/crypto/crypto_openssl.c,4589,FP,function is declared in the OpenSSL system header included at the top of the file (openssl/pem.h or openssl/x509.h or openssl/evp.h); sqc doesn't resolve declarations from system/library headers,41plus_b34,high
MEM30-C,hostap,src/crypto/crypto_openssl.c,4589,FP,"x509 is only freed once on any real execution path: the 3 goto-fail sites (not_before/not_after/date checks) all occur BEFORE the X509_free(x509) at the pubkey-extraction step, so fail: is the first and only free reached on that path; mutually-exclusive-branch double-free FP class",41plus_b34,high
MEM31-C,hostap,src/crypto/crypto_openssl.c,4589,FP,"same mutually-exclusive-branch reasoning: the goto-fail sites all precede the one X509_free(x509) call in the success path, so there is no double free on any real path",41plus_b34,high
API00-C,hostap,src/crypto/crypto_openssl.c,4594,FP,"internal-only crypto backend API (crypto.h contract implemented by multiple backends), never invoked with NULL by any caller; established API00-C internal-only-API FP class",41plus_b34,high
FIO05-C,hostap,src/crypto/crypto_openssl.c,4599,TP,real (low-priority) defensive-coding gap: the RSA key file path is opened without an fstat ownership check; file is config-supplied (not remotely attacker-controlled) so severity is low,41plus_b34,low
WIN03-C,hostap,src/crypto/crypto_openssl.c,4599,TP,real per rule text (hostap does support Windows wpa_supplicant builds); niche/low-priority since this crypto backend is primarily used on POSIX targets — WIN* rules still lack a dedicated Windows oracle per prior guidance,41plus_b34,low
DCL31-C,hostap,src/crypto/crypto_openssl.c,4603,FP,function is declared in the OpenSSL system header included at the top of the file (openssl/pem.h or openssl/x509.h or openssl/evp.h); sqc doesn't resolve declarations from system/library headers,41plus_b34,high
ERR00-C,hostap,src/crypto/crypto_openssl.c,4606,FP,fclose() on read-only FILE* not actionable -- confirmed fclose FP class.,41plus_b35,high
API00-C,hostap,src/crypto/crypto_openssl.c,4613,FP,internal-only API00-C class; NULL key just fails EVP_PKEY_CTX_new gracefully.,41plus_b35,med
MSC37-C,hostap,src/crypto/crypto_openssl.c,4613,FP,"preprocessor-branch-blind: both #if/#else branches return, confirmed MSC37-C class.",41plus_b35,high
EXP30-C,hostap,src/crypto/crypto_openssl.c,4626,FP,"idiomatic if(!(res=alloc())||...) chain; || is a sequence point, confirmed FP class.",41plus_b35,high
EXP30-C,hostap,src/crypto/crypto_openssl.c,4629,FP,"same alloc+use || chain idiom, confirmed FP class.",41plus_b35,high
EXP45-C,hostap,src/crypto/crypto_openssl.c,4631,FP,res=wpabuf_alloc() inside if(!(x=...)||...) chain -- confirmed idiomatic FP.,41plus_b35,high
EXP30-C,hostap,src/crypto/crypto_openssl.c,4632,FP,"same alloc+use || chain idiom, confirmed FP class.",41plus_b35,high
API00-C,hostap,src/crypto/crypto_openssl.c,4650,FP,internal-only API00-C class; NULL key just fails EVP_PKEY_CTX_new gracefully.,41plus_b35,med
MSC37-C,hostap,src/crypto/crypto_openssl.c,4650,FP,preprocessor-branch-blind: both #if/#else branches return.,41plus_b35,high
EXP30-C,hostap,src/crypto/crypto_openssl.c,4663,FP,"same alloc+use || chain idiom, confirmed FP class.",41plus_b35,high
EXP30-C,hostap,src/crypto/crypto_openssl.c,4666,FP,"same alloc+use || chain idiom, confirmed FP class.",41plus_b35,high
EXP45-C,hostap,src/crypto/crypto_openssl.c,4668,FP,res=wpabuf_alloc() inside || chain -- confirmed idiomatic FP.,41plus_b35,high
EXP30-C,hostap,src/crypto/crypto_openssl.c,4669,FP,"same alloc+use || chain idiom, confirmed FP class.",41plus_b35,high
ARR01-C,hostap,src/crypto/crypto_openssl.c,4731,FP,sizeof(*ctx) correctly sizes the struct via dereference; confirmed ARR01-C misfire class.,41plus_b35,high
EXP33-C,hostap,src/crypto/crypto_openssl.c,4743,FP,sizeof(*ctx) never evaluates operand; confirmed EXP33-C sizeof FP class.,41plus_b35,high
MSC01-C,hostap,src/crypto/crypto_openssl.c,4819,FP,if/else-if with no final else is a deliberate no-op guarded by the following group-mismatch check; confirmed MSC01-C pedantry class.,41plus_b35,high
DCL30-C,hostap,src/crypto/crypto_openssl.c,4829,FP,"ctx is heap memory from os_zalloc, not automatic storage; confirmed DCL30-C confusion class.",41plus_b35,high
MSC07-C,hostap,src/crypto/crypto_openssl.c,4830,FP,"fail: is a goto target, reachable; confirmed MSC07-C goto-label FP class.",41plus_b35,high
DCL13-C,hostap,src/crypto/crypto_openssl.c,4836,TP,"ctx read-only in hpke_suite_id, not a callback/vtable param -- genuine (low-severity) const opportunity.",41plus_b35,med
MSC37-C,hostap,src/crypto/crypto_openssl.c,4855,FP,preprocessor-branch-blind: both #if/#else branches return.,41plus_b35,high
API05-C,hostap,src/crypto/crypto_openssl.c,4857,FP,"'label' is a NUL-terminated C string, no length param needed; confirmed API05-C FP class.",41plus_b35,high
ENV01-C,hostap,src/crypto/crypto_openssl.c,4860,FP,"u8 zero[HPKE_MAX_HASH_LEN] fixed buffer, no getenv anywhere; confirmed ENV01-C misfire class.",41plus_b35,high
EXP43-C,hostap,src/crypto/crypto_openssl.c,4887,FP,"EVP_MAC_fetch(NULL,""HMAC"",NULL) -- both args literal NULL, no real aliasing; confirmed EXP43-C NULL,NULL class.",41plus_b35,high
MEM30-C,hostap,src/crypto/crypto_openssl.c,4920,FP,"success-path free and fail:-label free are mutually exclusive branches, not a double free.",41plus_b35,high
MEM31-C,hostap,src/crypto/crypto_openssl.c,4920,FP,mutually-exclusive success/fail branches; confirmed MEM30/31-C branch-blind double-free class.,41plus_b35,high
API05-C,hostap,src/crypto/crypto_openssl.c,4947,FP,'label' is a NUL-terminated C string; confirmed API05-C FP class.,41plus_b35,high
DCL13-C,hostap,src/crypto/crypto_openssl.c,4948,FP,"'out' is written via aliased local pos=out then os_memcpy(pos,...); confirmed DCL13-C aliased-write-miss class.",41plus_b35,high
ENV01-C,hostap,src/crypto/crypto_openssl.c,4952,FP,"u8 hash[HPKE_MAX_HASH_LEN] fixed buffer, no getenv; confirmed ENV01-C misfire class.",41plus_b35,high
STR34-C,hostap,src/crypto/crypto_openssl.c,4954,FP,"label_len=os_strlen(label) is a size_t assignment, no char widening conversion at all -- nonsensical misfire.",41plus_b35,high
DCL22-C,hostap,src/crypto/crypto_openssl.c,4955,FP,"ordinary sequential local pointer used for buffer bookkeeping, no signal/setjmp context; confirmed DCL22-C FP class.",41plus_b35,high
EXP33-C,hostap,src/crypto/crypto_openssl.c,4983,FP,suite_id written via hpke_suite_id() out-param call two lines earlier before this read; callee-write-through-pointer not seen.,41plus_b35,high
EXP43-C,hostap,src/crypto/crypto_openssl.c,4992,FP,"EVP_MAC_fetch(NULL,""HMAC"",NULL) same NULL,NULL misfire as line 4887.",41plus_b35,high
EXP33-C,hostap,src/crypto/crypto_openssl.c,5009,FP,"hctx explicitly declared '= NULL'; EVP_MAC_CTX_free(NULL) is a safe no-op, not uninitialized use.",41plus_b35,high
EXP33-C,hostap,src/crypto/crypto_openssl.c,5010,FP,hmac assigned via EVP_MAC_fetch before the loop on every path that reaches here.,41plus_b35,high
MEM31-C,hostap,src/crypto/crypto_openssl.c,5063,FP,old-API (#else) branch allocates hctx once and frees it exactly once here; no earlier free in that branch -- cross-#if-branch conflation misfire.,41plus_b35,med
ENV01-C,hostap,src/crypto/crypto_openssl.c,5077,FP,"kem_context fixed macro-sized buffer, no getenv; confirmed ENV01-C misfire class.",41plus_b35,high
MEM05-C,hostap,src/crypto/crypto_openssl.c,5077,FP,not a VLA -- size is compile-time 2*HPKE_MAX_PUB_LEN macro constant; confirmed ENV01-C/MEM05-C misfire class.,41plus_b35,high
ENV01-C,hostap,src/crypto/crypto_openssl.c,5078,FP,"eae_prk fixed macro-sized buffer, no getenv anywhere in function.",41plus_b35,high
ENV01-C,hostap,src/crypto/crypto_openssl.c,5106,FP,"key_schedule_context fixed macro-sized buffer, no getenv.",41plus_b35,high
MEM05-C,hostap,src/crypto/crypto_openssl.c,5106,FP,not a VLA -- compile-time macro-sized array; confirmed misfire class.,41plus_b35,high
ENV01-C,hostap,src/crypto/crypto_openssl.c,5107,FP,"secret fixed macro-sized buffer, no getenv.",41plus_b35,high
MEM03-C,hostap,src/crypto/crypto_openssl.c,5107,FP,"secret IS cleared via forced_memzero(secret,sizeof(secret)) at the fail: label reached on every path.",41plus_b35,high
EXP30-C,hostap,src/crypto/crypto_openssl.c,5170,FP,"if(!pctx||...||!(dhss=os_malloc(...))||...) idiom -- || sequence points, confirmed FP class.",41plus_b35,high
EXP30-C,hostap,src/crypto/crypto_openssl.c,5170,FP,duplicate emission of same alloc+use || chain FP.,41plus_b35,high
EXP45-C,hostap,src/crypto/crypto_openssl.c,5174,FP,dhss=os_malloc(dhss_len) inside idiomatic || chain; confirmed FP class.,41plus_b35,high
MEM31-C,hostap,src/crypto/crypto_openssl.c,5180,FP,pctx freed via EVP_PKEY_CTX_free(pctx) at the fail: label reached by this goto -- confirmed goto-target-frees-it class.,41plus_b35,high
EXP30-C,hostap,src/crypto/crypto_openssl.c,5187,FP,wpabuf_head()/wpabuf_len() are pure accessors with no side effects; confirmed EXP30-C accessor-args FP class.,41plus_b35,high
EXP30-C,hostap,src/crypto/crypto_openssl.c,5197,FP,wpabuf_head(pk_rm)/wpabuf_len(pk_rm) pure accessor args; confirmed FP class.,41plus_b35,high
EXP34-C,hostap,src/crypto/crypto_openssl.c,5197,FP,dhss provably non-NULL here: earlier ||-chain guard requires os_malloc succeeded before falling through to this call.,41plus_b35,high
EXP34-C,hostap,src/crypto/crypto_openssl.c,5201,FP,bin_clear_free() NULL-checks internally (if(bin){...}); confirmed safe-free NULL-check-missed class.,41plus_b35,high
DCL13-C,hostap,src/crypto/crypto_openssl.c,5211,TP,"ctx only read in hpke_aead_seal, not a callback/vtable param -- genuine (low-severity) const opportunity.",41plus_b35,med
MEM31-C,hostap,src/crypto/crypto_openssl.c,5227,FP,cctx freed via EVP_CIPHER_CTX_free(cctx) at fail: label reached by this goto -- confirmed goto-target-frees-it class.,41plus_b35,high
MEM31-C,hostap,src/crypto/crypto_openssl.c,5233,FP,same fail:-label-frees-cctx pattern.,41plus_b35,high
MEM31-C,hostap,src/crypto/crypto_openssl.c,5241,FP,same fail:-label-frees-cctx pattern.,41plus_b35,high
MEM31-C,hostap,src/crypto/crypto_openssl.c,5250,FP,same fail:-label-frees-cctx pattern.,41plus_b35,high
MEM31-C,hostap,src/crypto/crypto_openssl.c,5257,FP,ct freed on this branch's own immediately-following goto fail; the other free (line 5248) is a mutually exclusive sibling branch -- not a real double free.,41plus_b35,high
MEM31-C,hostap,src/crypto/crypto_openssl.c,5259,FP,same fail:-label-frees-cctx pattern.,41plus_b35,high
ENV01-C,hostap,src/crypto/crypto_openssl.c,5276,FP,"shared_secret fixed macro-sized buffer, no getenv.",41plus_b35,high
MEM03-C,hostap,src/crypto/crypto_openssl.c,5276,FP,shared_secret IS cleared via forced_memzero at the fail: label reached on every path.,41plus_b35,high
ENV01-C,hostap,src/crypto/crypto_openssl.c,5277,FP,"enc fixed macro-sized buffer, no getenv.",41plus_b35,high
MEM05-C,hostap,src/crypto/crypto_openssl.c,5277,FP,not a VLA -- compile-time macro-sized array.,41plus_b35,high
MSC13-C,hostap,src/crypto/crypto_openssl.c,5317,TP,pctx=NULL initializer is dead: unconditionally overwritten by pctx=EVP_PKEY_CTX_new() next statement with no intervening read -- genuine harmless dead-init TP.,41plus_b35,med
MSC13-C,hostap,src/crypto/crypto_openssl.c,5321,TP,pk_e=NULL initializer is dead: unconditionally overwritten before any read -- genuine harmless dead-init TP.,41plus_b35,med
EXP30-C,hostap,src/crypto/crypto_openssl.c,5337,FP,same idiomatic if(!(dhss=os_malloc(...))||...) || chain as hpke_encap.,41plus_b35,high
EXP30-C,hostap,src/crypto/crypto_openssl.c,5337,FP,duplicate emission of same alloc+use || chain FP.,41plus_b35,high
EXP45-C,hostap,src/crypto/crypto_openssl.c,5341,FP,dhss=os_malloc(dhss_len) inside idiomatic || chain.,41plus_b35,high
MEM31-C,hostap,src/crypto/crypto_openssl.c,5347,FP,pctx freed via EVP_PKEY_CTX_free(pctx) at the fail: label -- confirmed goto-target-frees-it class.,41plus_b35,high
EXP30-C,hostap,src/crypto/crypto_openssl.c,5357,FP,wpabuf_head(pk_rm)/wpabuf_len(pk_rm) pure accessor args; confirmed FP class.,41plus_b35,high
EXP34-C,hostap,src/crypto/crypto_openssl.c,5357,FP,dhss provably non-NULL: earlier ||-chain guard requires os_malloc succeeded.,41plus_b35,high
EXP34-C,hostap,src/crypto/crypto_openssl.c,5361,FP,bin_clear_free() NULL-checks internally; confirmed safe-free class.,41plus_b35,high
DCL13-C,hostap,src/crypto/crypto_openssl.c,5370,TP,"ctx only read in hpke_aead_open, not a callback/vtable param -- genuine (low-severity) const opportunity.",41plus_b35,med
MEM31-C,hostap,src/crypto/crypto_openssl.c,5392,FP,cctx freed via EVP_CIPHER_CTX_free(cctx) at fail: label -- confirmed goto-target-frees-it class.,41plus_b35,high
MEM31-C,hostap,src/crypto/crypto_openssl.c,5398,FP,same fail:-label-frees-cctx pattern.,41plus_b35,high
MEM31-C,hostap,src/crypto/crypto_openssl.c,5406,FP,same fail:-label-frees-cctx pattern.,41plus_b35,high
EXP05-C,hostap,src/crypto/crypto_openssl.c,5411,FP,(void*)tag cast is read-only (passed to EVP_CIPHER_CTX_ctrl SET_TAG which reads it); confirmed EXP05-C read-only-cast FP class.,41plus_b35,high
MEM31-C,hostap,src/crypto/crypto_openssl.c,5416,FP,same fail:-label-frees-cctx pattern.,41plus_b35,high
MEM31-C,hostap,src/crypto/crypto_openssl.c,5422,FP,pt freed on this branch's own path only; the other free (line 5414) is a mutually exclusive sibling branch -- not a real double free.,41plus_b35,high
ENV01-C,hostap,src/crypto/crypto_openssl.c,5440,FP,"shared_secret fixed macro-sized buffer, no getenv.",41plus_b35,high
MEM03-C,hostap,src/crypto/crypto_openssl.c,5440,FP,shared_secret IS cleared via forced_memzero at the fail: label reached on every path.,41plus_b35,high
ARR01-C,hostap,src/crypto/crypto_openssl.c,5474,FP,sizeof(*suite) correctly sizes the OSSL_HPKE_SUITE struct via dereference; confirmed ARR01-C misfire class.,41plus_b35,high
EXP20-C,hostap,src/crypto/crypto_openssl.c,5515,FP,"!OSSL_HPKE_suite_check(...) is the safe idiomatic negation test, not an ambiguous >1-return case.",41plus_b35,med
MEM31-C,hostap,src/crypto/crypto_openssl.c,5555,FP,buf freed via wpabuf_free(buf) at the out: label reached on every path (safe no-op if buf already NULLed on success).,41plus_b35,high
EXP30-C,hostap,src/crypto/crypto_openssl.c,5568,FP,wpabuf_head(pub)/wpabuf_len(pub) pure accessor args; confirmed EXP30-C accessor-args FP class.,41plus_b35,high
MEM30-C,hostap,src/crypto/crypto_openssl.c,5591,FP,res=buf;buf=NULL; ownership handoff -- out: label's wpabuf_free(buf) is a no-op on the freed-alias; res was never itself freed. New ownership-transfer MEM30 sub-shape.,41plus_b35,high
MEM31-C,hostap,src/crypto/crypto_openssl.c,5640,FP,buf freed via wpabuf_free(buf) at the out: label on every path.,41plus_b35,high
MEM30-C,hostap,src/crypto/crypto_openssl.c,5658,FP,same res=buf;buf=NULL; ownership-handoff misfire as line 5591.,41plus_b35,high
API00-C,hostap,src/crypto/crypto_openssl.c,5663,FP,"info intentionally NULL-able (real caller passes info=NULL,0 by HPKE-spec design); handled safely downstream.",41plus_b35,med
API00-C,hostap,src/crypto/crypto_openssl.c,5663,FP,aad is length-gated (if(aad&&aad_len&&...)) in hpke_aead_seal; internal-only API00-C class.,41plus_b35,med
API00-C,hostap,src/crypto/crypto_openssl.c,5663,FP,"pt always non-NULL from actual callers; internal-only API00-C class, weakest of the three but consistent with pattern.",41plus_b35,low
API00-C,hostap,src/crypto/crypto_openssl.c,5676,FP,"info intentionally NULL-able by HPKE-spec design (dpp_hostapd.c:2882 passes NULL,0); handled downstream.",41plus_b35,med
API00-C,hostap,src/crypto/crypto_openssl.c,5676,FP,aad length-gated downstream; internal-only API00-C class.,41plus_b35,med
API05-C,hostap,hostapd/ctrl_iface.c,87,FP,"ptr+len idiom, confirmed categorical API05-C FP",41plus_b36,high
STR34-C,hostap,hostapd/ctrl_iface.c,172,FP,"*pin++='\0' char-to-char, no widening, confirmed STR34-C FP class",41plus_b36,high
STR34-C,hostap,hostapd/ctrl_iface.c,176,FP,"char-to-char assignment, confirmed STR34-C FP class",41plus_b36,high
ERR07-C,hostap,hostapd/ctrl_iface.c,177,TP,"timeout=atoi() unchecked, fed straight into hostapd_wps_add_pin, no downstream validation",41plus_b36,high
ERR34-C,hostap,hostapd/ctrl_iface.c,177,TP,same as ERR07-C: unchecked atoi() timeout,41plus_b36,high
STR34-C,hostap,hostapd/ctrl_iface.c,180,FP,"char-to-char assignment, confirmed STR34-C FP class",41plus_b36,high
DCL13-C,hostap,hostapd/ctrl_iface.c,192,TP,"hapd genuinely unused in hostapd_ctrl_iface_wps_check_pin body, not a dispatch-table callback; real (if trivial) const opportunity",41plus_b36,med
API05-C,hostap,hostapd/ctrl_iface.c,192,FP,confirmed categorical API05-C FP,41plus_b36,high
API05-C,hostap,hostapd/ctrl_iface.c,192,FP,confirmed categorical API05-C FP (buf/buflen pair),41plus_b36,high
MSC41-C,hostap,hostapd/ctrl_iface.c,199,FP,"'WPS_CHECK_PIN' is a debug-log title/label passed to wpa_hexdump_ascii_key, not the secret itself (cmd is); matches confirmed MSC41-C debug-label FP class",41plus_b36,high
STR34-C,hostap,hostapd/ctrl_iface.c,204,FP,"pin[len++]=*pos: both char, no widening, confirmed STR34-C FP class",41plus_b36,high
STR34-C,hostap,hostapd/ctrl_iface.c,204,FP,"duplicate finding, same char-to-char assignment",41plus_b36,high
ERR07-C,hostap,hostapd/ctrl_iface.c,218,FP,"pin buffer pre-validated to contain only digit chars by the preceding scan loop, and pin_val is further validated via wps_pin_valid() checksum check immediately after - malformed-input concern moot",41plus_b36,high
ERR34-C,hostap,hostapd/ctrl_iface.c,218,FP,same as ERR07-C: input pre-validated digits-only + checksum-validated downstream,41plus_b36,high
EXP33-C,hostap,hostapd/ctrl_iface.c,228,FP,"pin[9] is fully written (pin[0..len-1] plus pin[len]='\0') before this read; len is guaranteed 4 or 8 by the prior length check, so no uninitialized bytes are read via %s",41plus_b36,high
INT14-C,hostap,hostapd/ctrl_iface.c,245,FP,"len&0x01 parity check then len/=2, confirmed INT14-C stylistic-pedantry FP class",41plus_b36,high
API05-C,hostap,hostapd/ctrl_iface.c,265,FP,confirmed categorical API05-C FP,41plus_b36,high
API05-C,hostap,hostapd/ctrl_iface.c,265,FP,confirmed categorical API05-C FP,41plus_b36,high
EXP30-C,hostap,hostapd/ctrl_iface.c,283,FP,"wpabuf_head(buf)/wpabuf_len(buf) sibling args, pure accessors, confirmed EXP30-C FP class",41plus_b36,high
API05-C,hostap,hostapd/ctrl_iface.c,295,FP,confirmed categorical API05-C FP,41plus_b36,high
EXP30-C,hostap,hostapd/ctrl_iface.c,305,FP,"wpabuf_head/wpabuf_len sibling args, confirmed EXP30-C FP class",41plus_b36,high
API05-C,hostap,hostapd/ctrl_iface.c,317,FP,confirmed categorical API05-C FP,41plus_b36,high
API05-C,hostap,hostapd/ctrl_iface.c,317,FP,confirmed categorical API05-C FP,41plus_b36,high
API05-C,hostap,hostapd/ctrl_iface.c,341,FP,confirmed categorical API05-C FP,41plus_b36,high
API05-C,hostap,hostapd/ctrl_iface.c,341,FP,confirmed categorical API05-C FP,41plus_b36,high
STR34-C,hostap,hostapd/ctrl_iface.c,352,FP,"char-to-char assignment, confirmed STR34-C FP class",41plus_b36,high
EXP30-C,hostap,hostapd/ctrl_iface.c,368,FP,"wpabuf_head/wpabuf_len sibling args, confirmed EXP30-C FP class",41plus_b36,high
DCL13-C,hostap,hostapd/ctrl_iface.c,380,FP,"hapd forwarded verbatim to hostapd_wps_nfc_report_handover(hapd,...) which takes non-const struct hostapd_data* and mutates AP state; extends confirmed DCL13-C forwarding-to-non-const-consumer FP pattern",41plus_b36,high
STR34-C,hostap,hostapd/ctrl_iface.c,391,FP,"char-to-char assignment, confirmed STR34-C FP class",41plus_b36,high
STR34-C,hostap,hostapd/ctrl_iface.c,397,FP,"char-to-char assignment, confirmed STR34-C FP class",41plus_b36,high
STR34-C,hostap,hostapd/ctrl_iface.c,402,FP,"char-to-char assignment, confirmed STR34-C FP class",41plus_b36,high
INT14-C,hostap,hostapd/ctrl_iface.c,405,FP,"len&0x01 then len/=2 idiom, confirmed INT14-C stylistic-pedantry FP class",41plus_b36,high
INT07-C,hostap,hostapd/ctrl_iface.c,440,FP,"'ret' is declared 'int ret;' (line 384) in this function, not char - factually wrong type claim",41plus_b36,high
API05-C,hostap,hostapd/ctrl_iface.c,451,FP,confirmed categorical API05-C FP,41plus_b36,high
API05-C,hostap,hostapd/ctrl_iface.c,452,FP,confirmed categorical API05-C FP (buf/buflen pair),41plus_b36,high
STR34-C,hostap,hostapd/ctrl_iface.c,460,FP,"char-to-char assignment, confirmed STR34-C FP class",41plus_b36,high
ERR07-C,hostap,hostapd/ctrl_iface.c,469,TP,"timeout=atoi(pos) unchecked, fed straight into hostapd_wps_ap_pin_random with no range/error validation anywhere downstream",41plus_b36,high
ERR34-C,hostap,hostapd/ctrl_iface.c,469,TP,same as ERR07-C: unchecked atoi() timeout,41plus_b36,high
STR34-C,hostap,hostapd/ctrl_iface.c,490,FP,"char-to-char assignment, confirmed STR34-C FP class",41plus_b36,high
ERR07-C,hostap,hostapd/ctrl_iface.c,491,TP,"timeout=atoi(pos) unchecked, fed into hostapd_wps_ap_pin_set with no validation",41plus_b36,high
ERR34-C,hostap,hostapd/ctrl_iface.c,491,TP,same as ERR07-C: unchecked atoi() timeout,41plus_b36,high
STR34-C,hostap,hostapd/ctrl_iface.c,513,FP,"char-to-char assignment, confirmed STR34-C FP class",41plus_b36,high
STR34-C,hostap,hostapd/ctrl_iface.c,518,FP,"char-to-char assignment, confirmed STR34-C FP class",41plus_b36,high
STR34-C,hostap,hostapd/ctrl_iface.c,522,FP,"char-to-char assignment, confirmed STR34-C FP class",41plus_b36,high
DCL13-C,hostap,hostapd/ctrl_iface.c,548,TP,"hapd only read (hapd->wps_stats.*) throughout hostapd_ctrl_iface_wps_get_status, never modified; genuine const opportunity",41plus_b36,med
API05-C,hostap,hostapd/ctrl_iface.c,549,FP,confirmed categorical API05-C FP (buf/buflen pair),41plus_b36,high
DCL13-C,hostap,hostapd/ctrl_iface.c,549,FP,"NEW pattern: buf's data is written via local alias 'pos=buf; os_snprintf(pos,...)'; buf param variable itself is never reassigned but is the sole output buffer whose pointee is mutated through the alias - marking buf const would be wrong since the whole point is to fill caller's buffer",41plus_b36,high
ERR07-C,hostap,hostapd/ctrl_iface.c,619,TP,"code=atoi(pos) unchecked, truncated into wpabuf_put_u8, no range validation",41plus_b36,high
ERR34-C,hostap,hostapd/ctrl_iface.c,619,TP,same as ERR07-C,41plus_b36,high
ERR07-C,hostap,hostapd/ctrl_iface.c,625,TP,"reauth_delay=atoi(pos) unchecked, truncated into wpabuf_put_le16, no validation",41plus_b36,high
ERR34-C,hostap,hostapd/ctrl_iface.c,625,TP,same as ERR07-C,41plus_b36,high
MEM05-C,hostap,hostapd/ctrl_iface.c,658,FP,"u8 qos_map_set[16+2*21] is a fixed compile-time-constant size (58 bytes), not a VLA; confirmed MEM05-C fixed-size-macro-array FP class",41plus_b36,high
ERR07-C,hostap,hostapd/ctrl_iface.c,668,FP,"val=atoi(pos) is immediately range-checked (val<0||val>255) right after, catching malformed/OOB input",41plus_b36,high
ERR34-C,hostap,hostapd/ctrl_iface.c,668,FP,same as ERR07-C: immediate downstream range check,41plus_b36,high
EXP30-C,hostap,hostapd/ctrl_iface.c,743,FP,"wpabuf_head(buf)/wpabuf_len(buf) sibling args, pure accessors, confirmed EXP30-C FP class",41plus_b36,high
ERR07-C,hostap,hostapd/ctrl_iface.c,780,TP,"auto_report=atoi(pos) unchecked, fed straight into wnm_send_coloc_intf_req",41plus_b36,high
ERR34-C,hostap,hostapd/ctrl_iface.c,780,TP,same as ERR07-C,41plus_b36,high
ERR07-C,hostap,hostapd/ctrl_iface.c,785,TP,"timeout=atoi(pos) unchecked, fed straight into wnm_send_coloc_intf_req",41plus_b36,high
ERR34-C,hostap,hostapd/ctrl_iface.c,785,TP,same as ERR07-C,41plus_b36,high
DCL13-C,hostap,hostapd/ctrl_iface.c,793,TP,"hapd only read (hapd->conf->wpa_key_mgmt) throughout hostapd_ctrl_iface_get_key_mgmt, never modified; genuine const opportunity",41plus_b36,med
API05-C,hostap,hostapd/ctrl_iface.c,794,FP,confirmed categorical API05-C FP (buf/buflen pair),41plus_b36,high
DCL13-C,hostap,hostapd/ctrl_iface.c,794,FP,"same NEW buf-written-via-alias pattern as line 549: pos=buf then os_snprintf(pos,...) writes the buffer",41plus_b36,high
API05-C,hostap,hostapd/ctrl_iface.c,957,FP,confirmed categorical API05-C FP (buf/buflen pair),41plus_b36,high
DCL13-C,hostap,hostapd/ctrl_iface.c,957,FP,"same NEW buf-written-via-alias pattern: pos=buf then os_snprintf(pos,...) writes the buffer in hostapd_ctrl_iface_get_config",41plus_b36,high
EXP30-C,hostap,hostapd/ctrl_iface.c,965,FP,"MAC2STR(hapd->own_addr) macro (pure array-index reads) and wpa_ssid_txt() (pure formatter) as sibling args, no real side effects; confirmed EXP30-C FP class",41plus_b36,high
MEM05-C,hostap,hostapd/ctrl_iface.c,1003,FP,"char hex[PMK_LEN*2+1] is a fixed macro-constant size, not a VLA; confirmed MEM05-C fixed-size-array FP class",41plus_b36,high
MEM05-C,hostap,hostapd/ctrl_iface.c,1044,FP,"char hex[PMK_LEN*2+1] fixed macro-constant size, not a VLA; confirmed MEM05-C FP class",41plus_b36,high
STR34-C,hostap,hostapd/ctrl_iface.c,1186,FP,"char-to-char assignment (*value++='\0'), confirmed STR34-C FP class",41plus_b36,high
ERR33-C,hostap,hostapd/ctrl_iface.c,1193,TP,"strtol(value,NULL,0) passes NULL for endptr (no trailing-garbage detection at all) and only a bare range check (val<0||val>0xff) follows - weaker validation than the confirmed *endp+range-check FP shape, stays TP per established precedent",41plus_b36,low
ERR00-C,hostap,hostapd/ctrl_iface.c,1193,TP,same weak-validation shape as ERR33-C at this line,41plus_b36,low
ERR01-C,hostap,hostapd/ctrl_iface.c,1193,TP,errno never set/checked around this strtol call,41plus_b36,low
ERR30-C,hostap,hostapd/ctrl_iface.c,1193,TP,"errno not reset before strtol call, consistent with established strtol partial-validation TP precedent",41plus_b36,low
INT07-C,hostap,hostapd/ctrl_iface.c,1195,FP,"'ret' is declared 'int ret = 0;' (line 1181) in hostapd_ctrl_iface_set, not char - factually wrong type claim",41plus_b36,high
ERR07-C,hostap,hostapd/ctrl_iface.c,1207,TP,"wps_testing_stub_cred=atoi(value) unchecked, testing-option field with no downstream validation",41plus_b36,high
ERR34-C,hostap,hostapd/ctrl_iface.c,1207,TP,same as ERR07-C,41plus_b36,high
ERR07-C,hostap,hostapd/ctrl_iface.c,1211,TP,wps_corrupt_pkhash=atoi(value) unchecked,41plus_b36,high
ERR34-C,hostap,hostapd/ctrl_iface.c,1211,TP,same as ERR07-C,41plus_b36,high
ERR07-C,hostap,hostapd/ctrl_iface.c,1217,TP,hapd->ext_mgmt_frame_handling=atoi(value) unchecked,41plus_b36,high
ERR34-C,hostap,hostapd/ctrl_iface.c,1217,TP,same as ERR07-C,41plus_b36,high
ERR07-C,hostap,hostapd/ctrl_iface.c,1219,TP,hapd->ext_eapol_frame_io=atoi(value) unchecked,41plus_b36,high
ERR34-C,hostap,hostapd/ctrl_iface.c,1219,TP,same as ERR07-C,41plus_b36,high
ERR07-C,hostap,hostapd/ctrl_iface.c,1221,TP,hapd->force_backlog_bytes=atoi(value) unchecked,41plus_b36,high
ERR34-C,hostap,hostapd/ctrl_iface.c,1221,TP,same as ERR07-C,41plus_b36,high
ERR07-C,hostap,hostapd/ctrl_iface.c,1234,TP,hapd->dpp_ignore_netaccesskey_mismatch=atoi(value) unchecked,41plus_b36,high
ERR34-C,hostap,hostapd/ctrl_iface.c,1234,TP,same as ERR07-C,41plus_b36,high
ERR07-C,hostap,hostapd/ctrl_iface.c,1236,TP,dpp_test=atoi(value) unchecked,41plus_b36,high
ERR34-C,hostap,hostapd/ctrl_iface.c,1236,TP,same as ERR07-C,41plus_b36,high
ERR07-C,hostap,hostapd/ctrl_iface.c,1238,TP,dpp_version_override=atoi(value) unchecked,41plus_b36,high
ERR34-C,hostap,hostapd/ctrl_iface.c,1238,TP,same as ERR07-C,41plus_b36,high
ERR07-C,hostap,hostapd/ctrl_iface.c,1248,FP,val=atoi(value) is immediately range-checked (val<0||val>MBO_ASSOC_DISALLOW_REASON_LOW_RSSI) right after,41plus_b36,high
ERR34-C,hostap,hostapd/ctrl_iface.c,1248,FP,same as ERR07-C: immediate downstream range check,41plus_b36,high
ERR07-C,hostap,hostapd/ctrl_iface.c,1268,TP,hapd->dpp_init_max_tries=atoi(value) unchecked,41plus_b36,high
ERR34-C,hostap,hostapd/ctrl_iface.c,1268,TP,same as ERR07-C,41plus_b36,high
ERR07-C,hostap,hostapd/ctrl_iface.c,1270,TP,hapd->dpp_init_retry_time=atoi(value) unchecked,41plus_b36,high
ERR34-C,hostap,hostapd/ctrl_iface.c,1270,TP,same as ERR07-C,41plus_b36,high
ERR07-C,hostap,hostapd/ctrl_iface.c,1272,TP,hapd->dpp_resp_wait_time=atoi(value) unchecked,41plus_b36,high
ERR34-C,hostap,hostapd/ctrl_iface.c,1272,TP,same as ERR07-C,41plus_b36,high
ERR07-C,hostap,hostapd/ctrl_iface.c,1274,TP,hapd->dpp_resp_max_tries=atoi(value) unchecked,41plus_b36,high
ERR34-C,hostap,hostapd/ctrl_iface.c,1274,TP,same as ERR07-C,41plus_b36,high
ERR07-C,hostap,hostapd/ctrl_iface.c,1276,TP,hapd->dpp_resp_retry_time=atoi(value) unchecked,41plus_b36,high
ERR34-C,hostap,hostapd/ctrl_iface.c,1276,TP,same as ERR07-C,41plus_b36,high
MSC01-C,hostap,hostapd/ctrl_iface.c,1302,FP,"guard-clause style if/else-if chain in hostapd_ctrl_iface_set, no action needed when nothing matches (falls to return ret at function end); confirmed MSC01-C no-final-else FP class",41plus_b36,high
ERR07-C,hostap,hostapd/ctrl_iface.c,1314,TP,"atoi(value) unchecked, passed straight to wpa_auth_set_ocv_override_freq",41plus_b36,high
ERR34-C,hostap,hostapd/ctrl_iface.c,1314,TP,same as ERR07-C,41plus_b36,high
ERR07-C,hostap,hostapd/ctrl_iface.c,1318,TP,"atoi(value) unchecked, passed straight to wpa_auth_set_ocv_override_freq",41plus_b36,high
ERR34-C,hostap,hostapd/ctrl_iface.c,1318,TP,same as ERR07-C,41plus_b36,high
ERR07-C,hostap,hostapd/ctrl_iface.c,1322,TP,"atoi(value) unchecked, passed straight to wpa_auth_set_ocv_override_freq",41plus_b36,high
ERR34-C,hostap,hostapd/ctrl_iface.c,1322,TP,same as ERR07-C,41plus_b36,high
MSC01-C,hostap,hostapd/ctrl_iface.c,1323,FP,guard-clause style TESTING_OPTIONS else-if chain with no action needed for unmatched cmd; confirmed MSC01-C FP class,41plus_b36,high
ERR07-C,hostap,hostapd/ctrl_iface.c,1326,TP,"atoi(value) unchecked, passed straight to wpa_auth_set_ocv_override_freq",41plus_b36,high
ERR34-C,hostap,hostapd/ctrl_iface.c,1326,TP,same as ERR07-C,41plus_b36,high
DCL13-C,hostap,hostapd/ctrl_iface.c,1334,TP,"hapd is completely unused in hostapd_ctrl_iface_get body (only cmd/buf used), direct-call handler not a dispatch-table callback; genuine const opportunity",41plus_b36,med
API05-C,hostap,hostapd/ctrl_iface.c,1334,FP,confirmed categorical API05-C FP (buf/buflen pair),41plus_b36,high
API05-C,hostap,hostapd/ctrl_iface.c,1335,FP,confirmed categorical API05-C FP,41plus_b36,high
MSC01-C,hostap,hostapd/ctrl_iface.c,1346,FP,hostapd_ctrl_iface_get's if/else-if has an explicit `return -1;` fallback right after the chain acting as the final else; confirmed MSC01-C no-final-else FP class,41plus_b36,high
DCL13-C,hostap,hostapd/ctrl_iface.c,1399,FP,"this function is registered as the callback to ap_for_each_sta(hapd, ..., NULL) (line 1447), a fixed per-STA iterator dispatch contract with signature (hapd, sta, ctx); extends the confirmed eloop/vtable-callback DCL13-C FP class to per-STA iterator callbacks",41plus_b36,high
FLP30-C,hostap,hostapd/ctrl_iface.c,1411,FP,"'psk' is declared 'struct hostapd_wpa_psk *psk' - a pointer used in a standard linked-list for-loop (psk=psk->next), not a floating-point variable at all; factually wrong type claim",41plus_b36,high
DCL13-C,hostap,hostapd/ctrl_iface.c,1456,TP,"hapd only read (via conf=hapd->conf) throughout hostapd_ctrl_iface_get_rxkhs, never modified; genuine const opportunity",41plus_b36,med
API05-C,hostap,hostapd/ctrl_iface.c,1457,FP,confirmed categorical API05-C FP (buf/buflen pair),41plus_b36,high
DCL13-C,hostap,hostapd/ctrl_iface.c,1457,FP,same NEW buf-written-via-alias pattern (4th instance this batch): pos=buf then writes through pos in hostapd_ctrl_iface_get_rxkhs,41plus_b36,high
STR34-C,hostap,hostapd/ctrl_iface.c,1479,FP,"char-to-char assignment (*pos++=' '), confirmed STR34-C FP class",41plus_b36,high
ERR02-C,hostap,hostapd/ctrl_iface.c,1480,FP,"wpa_snprintf_hex() is misidentified as sprintf(); it is a bounded custom hex-formatter that always returns a non-negative count (never signals error via negative return), extends confirmed ERR02-C misidentification FP class",41plus_b36,high
EXP30-C,hostap,hostapd/ctrl_iface.c,1490,FP,"MAC2STR(r1kh->addr)/MAC2STR(r1kh->id) macro args, pure array-index reads, confirmed EXP30-C FP class",41plus_b36,high
ERR02-C,hostap,hostapd/ctrl_iface.c,1495,FP,"wpa_snprintf_hex() misidentified as sprintf(); always returns non-negative, extends confirmed ERR02-C misidentification FP class",41plus_b36,high
DCL13-C,hostap,hostapd/ctrl_iface.c,1507,TP,"hapd is only dereferenced to read hapd->conf (a pointer field); the struct that conf points to is mutated but hapd itself and its direct fields are not, so hapd could be marked const",41plus_b36,low
STR34-C,hostap,hostapd/ctrl_iface.c,1542,FP,"char-to-char assignment (*param++='\0'), confirmed STR34-C FP class",41plus_b36,high
ERR07-C,hostap,hostapd/ctrl_iface.c,1560,TP,data.dfs_event.freq=atoi() unchecked testing-option field,41plus_b36,high
ERR34-C,hostap,hostapd/ctrl_iface.c,1560,TP,same as ERR07-C,41plus_b36,high
ERR07-C,hostap,hostapd/ctrl_iface.c,1568,TP,data.dfs_event.chan_offset=atoi() unchecked,41plus_b36,high
ERR34-C,hostap,hostapd/ctrl_iface.c,1568,TP,same as ERR07-C,41plus_b36,high
ERR07-C,hostap,hostapd/ctrl_iface.c,1572,TP,data.dfs_event.chan_width=atoi() unchecked,41plus_b36,high
ERR34-C,hostap,hostapd/ctrl_iface.c,1572,TP,same as ERR07-C,41plus_b36,high
ERR07-C,hostap,hostapd/ctrl_iface.c,1576,TP,data.dfs_event.cf1=atoi() unchecked,41plus_b36,high
ERR34-C,hostap,hostapd/ctrl_iface.c,1576,TP,same as ERR07-C,41plus_b36,high
ERR07-C,hostap,hostapd/ctrl_iface.c,1580,TP,data.dfs_event.cf2=atoi() unchecked,41plus_b36,high
ERR34-C,hostap,hostapd/ctrl_iface.c,1580,TP,same as ERR07-C,41plus_b36,high
INT14-C,hostap,hostapd/ctrl_iface.c,1597,FP,"len&1 then len/=2 idiom, confirmed INT14-C stylistic-pedantry FP class",41plus_b36,high
ERR07-C,hostap,hostapd/ctrl_iface.c,1636,TP,stype=atoi(param) unchecked,41plus_b36,high
ERR34-C,hostap,hostapd/ctrl_iface.c,1636,TP,same as ERR07-C,41plus_b36,high
ERR07-C,hostap,hostapd/ctrl_iface.c,1642,TP,ok=atoi(param) unchecked,41plus_b36,high
ERR34-C,hostap,hostapd/ctrl_iface.c,1642,TP,same as ERR07-C,41plus_b36,high
INT14-C,hostap,hostapd/ctrl_iface.c,1651,FP,"len&1 then len/=2 idiom, confirmed INT14-C stylistic-pedantry FP class",41plus_b36,high
EXP34-C,hostap,hostapd/ctrl_iface.c,1657,FP,"os_free() explicitly NULL-checks its argument internally (src/utils/os_unix.c:766: 'if (ptr == NULL) return;') before use, contrary to the rule's claim",41plus_b36,high
EXP39-C,hostap,hostapd/ctrl_iface.c,1662,FP,"the cited 'channel_list_changed' write is in a different function's (hostapd_ctrl_iface_set_band, line 1169-1170) own distinct local 'union wpa_event_data event' - confirmed EXP39-C cross-function local-variable conflation FP class",41plus_b36,high
ERR07-C,hostap,hostapd/ctrl_iface.c,1697,TP,freq=atoi(param) unchecked testing-option field,41plus_b36,high
ERR34-C,hostap,hostapd/ctrl_iface.c,1697,TP,same as ERR07-C,41plus_b36,high
ERR07-C,hostap,hostapd/ctrl_iface.c,1703,TP,datarate=atoi(param) unchecked,41plus_b36,high
ERR34-C,hostap,hostapd/ctrl_iface.c,1703,TP,same as ERR07-C,41plus_b36,high
ERR07-C,hostap,hostapd/ctrl_iface.c,1709,TP,ssi_signal=atoi(param) unchecked,41plus_b36,high
ERR34-C,hostap,hostapd/ctrl_iface.c,1709,TP,same as ERR07-C,41plus_b36,high
INT14-C,hostap,hostapd/ctrl_iface.c,1718,FP,"Stylistic-pedantry mismatch with real CERT INT14-C intent; CONFIRMED FP class (parity/loop-counter idiom, not accidental bitwise/arithmetic mixing)",41plus_b37,high
EXP39-C,hostap,hostapd/ctrl_iface.c,1732,FP,Cross-function local union variable conflation; this function's own union is freshly memset and only one member ever written; CONFIRMED FP class,41plus_b37,high
INT14-C,hostap,hostapd/ctrl_iface.c,1765,FP,"Stylistic-pedantry mismatch with real CERT INT14-C intent; CONFIRMED FP class (parity/loop-counter idiom, not accidental bitwise/arithmetic mixing)",41plus_b37,high
INT14-C,hostap,hostapd/ctrl_iface.c,1811,FP,"Stylistic-pedantry mismatch with real CERT INT14-C intent; CONFIRMED FP class (parity/loop-counter idiom, not accidental bitwise/arithmetic mixing)",41plus_b37,high
EXP34-C,hostap,hostapd/ctrl_iface.c,1817,FP,"strtol/strtoul endptr output param is standard-guaranteed non-NULL, or os_free(NULL) is standard-safe; CONFIRMED FP class",41plus_b37,high
API05-C,hostap,hostapd/ctrl_iface.c,1831,FP,Idiomatic pointer+size_t-length parameter pair; CONFIRMED categorical FP (API05-C false positive on ptr+len idiom),41plus_b37,high
INT14-C,hostap,hostapd/ctrl_iface.c,1838,FP,"Stylistic-pedantry mismatch with real CERT INT14-C intent; CONFIRMED FP class (parity/loop-counter idiom, not accidental bitwise/arithmetic mixing)",41plus_b37,high
API05-C,hostap,hostapd/ctrl_iface.c,1850,FP,Idiomatic pointer+size_t-length parameter pair; CONFIRMED categorical FP (API05-C false positive on ptr+len idiom),41plus_b37,high
DCL13-C,hostap,hostapd/ctrl_iface.c,1850,FP,l2_packet rx_callback matches the fixed l2_packet_data.rx_callback typedef signature; dispatch-contract DCL13-C FP class,41plus_b37,high
EXP33-C,hostap,hostapd/ctrl_iface.c,1860,FP,sizeof(*ptr)/output-param write / same-branch-guard initialization misidentified as uninitialized use; CONFIRMED FP family,41plus_b37,high
ARR39-C,hostap,hostapd/ctrl_iface.c,1869,FP,Plain integer/byte-pointer arithmetic misidentified as scaled double-scaling pointer arithmetic; CONFIRMED FP class,41plus_b37,high
ARR39-C,hostap,hostapd/ctrl_iface.c,1878,FP,Plain integer/byte-pointer arithmetic misidentified as scaled double-scaling pointer arithmetic; CONFIRMED FP class,41plus_b37,high
INT30-C,hostap,hostapd/ctrl_iface.c,1878,TP,"ntohs(ip.ip_len) never validated >= sizeof(ip) before the subtraction (only an upper bound is checked); genuine underflow feeding the following for-loop bound, matches the confirmed wpas_data_test_rx INT30-C TP precedent (sibling data_test_tx IS guarded, this RX path is not)",41plus_b37,high
ARR37-C,hostap,hostapd/ctrl_iface.c,1884,FP,Pointer is array-backed via &buf[N] indexing; rule doesn't trace that provenance; CONFIRMED FP class (exact precedent shape),41plus_b37,high
EXP30-C,hostap,hostapd/ctrl_iface.c,1890,FP,Pure accessor/macro args (MAC2STR or wpabuf_head_u8/wpabuf_len reads) misflagged as unsequenced side effects; CONFIRMED FP class,41plus_b37,high
ERR07-C,hostap,hostapd/ctrl_iface.c,1898,FP,enabled only ever consumed via if(!enabled) boolean test; malformed input collapsing to atoi()==0 is behaviorally identical to explicit off; boolean-coerced atoi FP class,41plus_b37,med
ERR34-C,hostap,hostapd/ctrl_iface.c,1898,FP,enabled only ever consumed via if(!enabled) boolean test; malformed input collapsing to atoi()==0 is behaviorally identical to explicit off; boolean-coerced atoi FP class,41plus_b37,med
STR34-C,hostap,hostapd/ctrl_iface.c,1898,FP,"'cmd' is a char* pointer parameter, not a scalar char being converted; STR34-C pointer-mistaken-for-scalar-char type-confusion FP class",41plus_b37,high
DCL13-C,hostap,hostapd/ctrl_iface.c,1938,FP,hapd IS modified: hapd->l2_test is written (set to NULL and to l2_packet_init() result) directly through this pointer,41plus_b37,high
DCL13-C,hostap,hostapd/ctrl_iface.c,1938,TP,cmd genuinely read-only in this function; real (low-severity) const opportunity,41plus_b37,med
MEM05-C,hostap,hostapd/ctrl_iface.c,1945,FP,"Fixed macro/constant-sized array misidentified as VLA; CONFIRMED FP class (fixed-size buffer, not runtime-sized)",41plus_b37,high
ERR33-C,hostap,hostapd/ctrl_iface.c,1969,FP,"val fully range-validated (val < 0 || val > 0xff) immediately after the call; downstream check exists, matches confirmed strtoul range-checked FP sub-class",41plus_b37,med
ERR01-C,hostap,hostapd/ctrl_iface.c,1969,FP,"val fully range-validated to [0,0xff]; errno/ERANGE check is redundant given the tight bound",41plus_b37,med
ERR30-C,hostap,hostapd/ctrl_iface.c,1969,TP,errno never reset before the call; range check doesn't fully substitute for ERANGE detection per the established strtoul-partial-validation precedent,41plus_b37,low
ERR07-C,hostap,hostapd/ctrl_iface.c,1976,FP,"i immediately range-validated (i < sizeof(*ip) || i > HWSIM_IP_LEN) and 0 falls OUTSIDE the valid range, so malformed input is rejected; range-checked-atoi FP class",41plus_b37,med
ERR34-C,hostap,hostapd/ctrl_iface.c,1976,FP,"i immediately range-validated (i < sizeof(*ip) || i > HWSIM_IP_LEN) and 0 falls OUTSIDE the valid range, so malformed input is rejected; range-checked-atoi FP class",41plus_b37,med
EXP33-C,hostap,hostapd/ctrl_iface.c,1977,FP,sizeof(*ptr)/output-param write / same-branch-guard initialization misidentified as uninitialized use; CONFIRMED FP family,41plus_b37,high
EXP33-C,hostap,hostapd/ctrl_iface.c,1982,FP,sizeof(*ptr)/output-param write / same-branch-guard initialization misidentified as uninitialized use; CONFIRMED FP family,41plus_b37,high
EXP33-C,hostap,hostapd/ctrl_iface.c,1983,FP,sizeof(*ptr)/output-param write / same-branch-guard initialization misidentified as uninitialized use; CONFIRMED FP family,41plus_b37,high
EXP33-C,hostap,hostapd/ctrl_iface.c,1984,FP,sizeof(*ptr)/output-param write / same-branch-guard initialization misidentified as uninitialized use; CONFIRMED FP family,41plus_b37,high
ARR37-C,hostap,hostapd/ctrl_iface.c,1986,FP,Pointer is array-backed via &buf[N] indexing; rule doesn't trace that provenance; CONFIRMED FP class (exact precedent shape),41plus_b37,high
ARR39-C,hostap,hostapd/ctrl_iface.c,1998,FP,Plain integer/byte-pointer arithmetic misidentified as scaled double-scaling pointer arithmetic; CONFIRMED FP class,41plus_b37,high
ARR39-C,hostap,hostapd/ctrl_iface.c,1998,FP,Plain integer/byte-pointer arithmetic misidentified as scaled double-scaling pointer arithmetic; CONFIRMED FP class,41plus_b37,high
EXP30-C,hostap,hostapd/ctrl_iface.c,2005,FP,Pure accessor/macro args (MAC2STR or wpabuf_head_u8/wpabuf_len reads) misflagged as unsequenced side effects; CONFIRMED FP class,41plus_b37,high
MEM10-C,hostap,hostapd/ctrl_iface.c,2027,FP,Ad-hoc NULL check flagged for lacking a dedicated validation function; CONFIRMED stylistic-pedantry FP class,41plus_b37,high
STR34-C,hostap,hostapd/ctrl_iface.c,2029,FP,Plain char-to-char assignment (*ptr++ = '\0' command-tokenizing idiom); CONFIRMED massive-scale STR34-C FP class,41plus_b37,high
INT14-C,hostap,hostapd/ctrl_iface.c,2033,FP,"Stylistic-pedantry mismatch with real CERT INT14-C intent; CONFIRMED FP class (parity/loop-counter idiom, not accidental bitwise/arithmetic mixing)",41plus_b37,high
ENV01-C,hostap,hostapd/ctrl_iface.c,2067,FP,Fixed-size buffer flagged for env-var use with no getenv/putenv anywhere nearby; CONFIRMED FP class,41plus_b37,high
ENV01-C,hostap,hostapd/ctrl_iface.c,2185,FP,Fixed-size buffer flagged for env-var use with no getenv/putenv anywhere nearby; CONFIRMED FP class,41plus_b37,high
ERR07-C,hostap,hostapd/ctrl_iface.c,2190,TP,alg forwarded unchecked to hostapd_drv_set_key with no range validation at all; genuine missing error detection,41plus_b37,med
ERR34-C,hostap,hostapd/ctrl_iface.c,2190,TP,alg forwarded unchecked to hostapd_drv_set_key with no range validation at all; genuine missing error detection,41plus_b37,med
ERR07-C,hostap,hostapd/ctrl_iface.c,2201,TP,idx forwarded unchecked as a key index with no range validation; genuine missing error detection,41plus_b37,med
ERR34-C,hostap,hostapd/ctrl_iface.c,2201,TP,idx forwarded unchecked as a key index with no range validation; genuine missing error detection,41plus_b37,med
ERR07-C,hostap,hostapd/ctrl_iface.c,2206,TP,set_tx forwarded unchecked to hostapd_drv_set_key with no range validation,41plus_b37,low
ERR34-C,hostap,hostapd/ctrl_iface.c,2206,TP,set_tx forwarded unchecked to hostapd_drv_set_key with no range validation,41plus_b37,low
ERR07-C,hostap,hostapd/ctrl_iface.c,2227,TP,key_flag forwarded unchecked as an enum value with no range validation; genuine missing error detection,41plus_b37,med
ERR34-C,hostap,hostapd/ctrl_iface.c,2227,TP,key_flag forwarded unchecked as an enum value with no range validation; genuine missing error detection,41plus_b37,med
DCL13-C,hostap,hostapd/ctrl_iface.c,2238,FP,"restore_tk matches the fixed void(*cb)(void *ctx1, void *ctx2) callback typedef used by wpa_auth_resend_m1/m3; dispatch-contract DCL13-C FP class",41plus_b37,high
STR34-C,hostap,hostapd/ctrl_iface.c,2259,FP,"'cmd' is a char* pointer parameter passed to os_strstr, not a scalar char; STR34-C pointer-mistaken-for-scalar-char FP class",41plus_b37,high
MSC41-C,hostap,hostapd/ctrl_iface.c,2280,FP,"Rule pattern-matches a security-sounding substring in a plain control-flag string literal, not real secret material; matches ctrl_iface event-tag MSC41-C FP class",41plus_b37,high
STR34-C,hostap,hostapd/ctrl_iface.c,2289,FP,"'cmd' is a char* pointer parameter passed to os_strstr, not a scalar char; STR34-C pointer-mistaken-for-scalar-char FP class",41plus_b37,high
STR34-C,hostap,hostapd/ctrl_iface.c,2319,FP,"'cmd' is a char* pointer parameter passed to os_strstr, not a scalar char; STR34-C pointer-mistaken-for-scalar-char FP class",41plus_b37,high
DCL13-C,hostap,hostapd/ctrl_iface.c,2362,TP,"hapd only read (wpa_auth field access); genuine low-severity const candidate, not a vtable/callback slot",41plus_b37,med
API05-C,hostap,hostapd/ctrl_iface.c,2363,FP,Idiomatic pointer+size_t-length parameter pair; CONFIRMED categorical FP (API05-C false positive on ptr+len idiom),41plus_b37,high
API05-C,hostap,hostapd/ctrl_iface.c,2375,FP,Idiomatic pointer+size_t-length parameter pair; CONFIRMED categorical FP (API05-C false positive on ptr+len idiom),41plus_b37,high
API05-C,hostap,hostapd/ctrl_iface.c,2376,FP,Idiomatic pointer+size_t-length parameter pair; CONFIRMED categorical FP (API05-C false positive on ptr+len idiom),41plus_b37,high
ERR33-C,hostap,hostapd/ctrl_iface.c,2412,TP,"type only checked for a trailing space (*pos != ' '), never range/overflow-validated; matches the ctrl_iface.c partial-validation strtol TP precedent",41plus_b37,low
ERR01-C,hostap,hostapd/ctrl_iface.c,2412,TP,no errno/ERANGE check at all beyond the trailing-character check; weaker-validation strtol TP precedent,41plus_b37,low
ERR30-C,hostap,hostapd/ctrl_iface.c,2412,TP,errno never reset before the call and never checked; weaker-validation strtol TP precedent,41plus_b37,low
EXP34-C,hostap,hostapd/ctrl_iface.c,2413,FP,"strtol/strtoul endptr output param is standard-guaranteed non-NULL, or os_free(NULL) is standard-safe; CONFIRMED FP class",41plus_b37,high
MSC37-C,hostap,hostapd/ctrl_iface.c,2433,FP,Preprocessor-branch-blind: every #ifdef/#else arm already returns a value; CONFIRMED FP class,41plus_b37,high
MSC37-C,hostap,hostapd/ctrl_iface.c,2555,FP,Preprocessor-branch-blind: every #ifdef/#else arm already returns a value; CONFIRMED FP class,41plus_b37,high
ERR33-C,hostap,hostapd/ctrl_iface.c,2567,FP,"color fully range-validated (pos==end || color<0 || color>63) immediately after the call; downstream check exists, matches confirmed strtoul range-checked FP sub-class",41plus_b37,med
ERR00-C,hostap,hostapd/ctrl_iface.c,2567,FP,"color fully range-validated to [0,63]; return value effectively checked via the range test",41plus_b37,med
ERR01-C,hostap,hostapd/ctrl_iface.c,2567,FP,"color fully range-validated to [0,63]; errno/ERANGE check is redundant given the tight bound",41plus_b37,med
ERR30-C,hostap,hostapd/ctrl_iface.c,2567,TP,errno never reset before the call; range check doesn't fully substitute for ERANGE detection per the established precedent,41plus_b37,low
DCL13-C,hostap,hostapd/ctrl_iface.c,2647,TP,hapd entirely unused in hostapd_maxnss's body; genuine unused-param const candidate,41plus_b37,med
DCL13-C,hostap,hostapd/ctrl_iface.c,2647,TP,sta only read (ht_capabilities/vht_capabilities/supported_mcs_set fields); genuine const candidate,41plus_b37,med
INT14-C,hostap,hostapd/ctrl_iface.c,2681,FP,"Stylistic-pedantry mismatch with real CERT INT14-C intent; CONFIRMED FP class (parity/loop-counter idiom, not accidental bitwise/arithmetic mixing)",41plus_b37,high
EXP33-C,hostap,hostapd/ctrl_iface.c,2681,FP,sizeof(*ptr)/output-param write / same-branch-guard initialization misidentified as uninitialized use; CONFIRMED FP family,41plus_b37,high
INT34-C,hostap,hostapd/ctrl_iface.c,2681,FP,Shift amount is bounded by an enclosing loop guard (0-14 or 0-63) within the operand's bit width; CONFIRMED loop-bound-guard FP class,41plus_b37,high
ERR07-C,hostap,hostapd/ctrl_iface.c,2749,TP,"cw: 0 is itself a valid, in-range case (case 0 in the following switch), so malformed non-numeric input silently parses as an accepted '0'; 0-is-in-range TP nuance",41plus_b37,med
ERR34-C,hostap,hostapd/ctrl_iface.c,2749,TP,"cw: 0 is itself a valid, in-range case (case 0 in the following switch), so malformed non-numeric input silently parses as an accepted '0'; 0-is-in-range TP nuance",41plus_b37,med
INT14-C,hostap,hostapd/ctrl_iface.c,2778,FP,"Stylistic-pedantry mismatch with real CERT INT14-C intent; CONFIRMED FP class (parity/loop-counter idiom, not accidental bitwise/arithmetic mixing)",41plus_b37,high
MSC37-C,hostap,hostapd/ctrl_iface.c,2797,FP,Preprocessor-branch-blind: every #ifdef/#else arm already returns a value; CONFIRMED FP class,41plus_b37,high
DCL13-C,hostap,hostapd/ctrl_iface.c,2847,TP,hapd only read (hapd->radius_srv); genuine low-severity const candidate,41plus_b37,med
API05-C,hostap,hostapd/ctrl_iface.c,2860,FP,Idiomatic pointer+size_t-length parameter pair; CONFIRMED categorical FP (API05-C false positive on ptr+len idiom),41plus_b37,high
API05-C,hostap,hostapd/ctrl_iface.c,2861,FP,Idiomatic pointer+size_t-length parameter pair; CONFIRMED categorical FP (API05-C false positive on ptr+len idiom),41plus_b37,high
ERR33-C,hostap,hostapd/ctrl_iface.c,2875,TP,"vendor_id only checked for a following blank char (isblank(*pos)), never range/overflow-validated; matches the established ctrl_iface.c strtoul partial-validation TP precedent",41plus_b37,low
ERR00-C,hostap,hostapd/ctrl_iface.c,2875,TP,same partial-validation gap as ERR33-C; no ERANGE guard,41plus_b37,low
ERR01-C,hostap,hostapd/ctrl_iface.c,2875,TP,no errno/ERANGE check at all beyond the next-char-is-blank check; weaker-validation strtoul TP precedent,41plus_b37,low
ERR30-C,hostap,hostapd/ctrl_iface.c,2875,TP,errno never reset before the call and never checked; weaker-validation strtoul TP precedent,41plus_b37,low
EXP34-C,hostap,hostapd/ctrl_iface.c,2876,FP,"strtol/strtoul endptr output param is standard-guaranteed non-NULL, or os_free(NULL) is standard-safe; CONFIRMED FP class",41plus_b37,high
ERR33-C,hostap,hostapd/ctrl_iface.c,2879,TP,"subcmd only checked indirectly via the following character parse, never range/overflow-validated; matches the established strtoul partial-validation TP precedent",41plus_b37,low
ERR00-C,hostap,hostapd/ctrl_iface.c,2879,TP,same partial-validation gap as ERR33-C; no ERANGE guard,41plus_b37,low
ERR01-C,hostap,hostapd/ctrl_iface.c,2879,TP,no errno/ERANGE check at all; weaker-validation strtoul TP precedent,41plus_b37,low
ERR30-C,hostap,hostapd/ctrl_iface.c,2879,TP,errno never reset before the call and never checked; weaker-validation strtoul TP precedent,41plus_b37,low
ARR36-C,hostap,hostapd/ctrl_iface.c,2886,FP,pos/temp pair both derived from the same caller buffer via os_strchr; CONFIRMED pos/end-bounds-pair ARR36-C FP class,41plus_b37,high
ERR07-C,hostap,hostapd/ctrl_iface.c,2905,FP,nested_attr_flag = atoi(...) ? USED : NOT_USED ternary-boolean-coerced; CONFIRMED atoi-boolean-coerced FP class,41plus_b37,high
ERR34-C,hostap,hostapd/ctrl_iface.c,2905,FP,nested_attr_flag = atoi(...) ? USED : NOT_USED ternary-boolean-coerced; CONFIRMED atoi-boolean-coerced FP class,41plus_b37,high
EXP30-C,hostap,hostapd/ctrl_iface.c,2918,FP,Pure accessor/macro args (MAC2STR or wpabuf_head_u8/wpabuf_len reads) misflagged as unsequenced side effects; CONFIRMED FP class,41plus_b37,high
EXP40-C,hostap,hostapd/ctrl_iface.c,2950,FP,Neither side of the assignment is const-qualified; EXP40-C's premise (const-to-non-const) doesn't apply; CONFIRMED FP class,41plus_b37,high
STR34-C,hostap,hostapd/ctrl_iface.c,2959,FP,Plain char-to-char assignment (*ptr++ = '\0' command-tokenizing idiom); CONFIRMED massive-scale STR34-C FP class,41plus_b37,high
DCL13-C,hostap,hostapd/ctrl_iface.c,2969,TP,hapd entirely unused in hostapd_ctrl_iface_log_level's body; genuine unused-param const candidate,41plus_b37,med
API05-C,hostap,hostapd/ctrl_iface.c,2969,FP,Idiomatic pointer+size_t-length parameter pair; CONFIRMED categorical FP (API05-C false positive on ptr+len idiom),41plus_b37,high
API05-C,hostap,hostapd/ctrl_iface.c,2970,FP,Idiomatic pointer+size_t-length parameter pair; CONFIRMED categorical FP (API05-C false positive on ptr+len idiom),41plus_b37,high
INT07-C,hostap,hostapd/ctrl_iface.c,2984,FP,Rule misattributes 'char' type to a variable actually declared int; CONFIRMED new-pattern rule bug (see categorical_patterns.md new entry),41plus_b37,high
STR34-C,hostap,hostapd/ctrl_iface.c,2994,FP,Plain char-to-char assignment (*ptr++ = '\0' command-tokenizing idiom); CONFIRMED massive-scale STR34-C FP class,41plus_b37,high
STR34-C,hostap,hostapd/ctrl_iface.c,3001,FP,"'cmd' is a char* pointer parameter passed whole to str_to_debug_level, not a scalar char; STR34-C pointer-mistaken-for-scalar-char FP class",41plus_b37,high
ERR07-C,hostap,hostapd/ctrl_iface.c,3008,TP,wpa_debug_timestamp assigned raw atoi(stamp) result with no range check at all; genuine missing error detection,41plus_b37,med
ERR34-C,hostap,hostapd/ctrl_iface.c,3008,TP,wpa_debug_timestamp assigned raw atoi(stamp) result with no range check at all; genuine missing error detection,41plus_b37,med
DCL13-C,hostap,hostapd/ctrl_iface.c,3017,TP,hapd only read (hapd->iface); genuine const candidate,41plus_b37,med
API05-C,hostap,hostapd/ctrl_iface.c,3018,FP,Idiomatic pointer+size_t-length parameter pair; CONFIRMED categorical FP (API05-C false positive on ptr+len idiom),41plus_b37,high
DCL13-C,hostap,hostapd/ctrl_iface.c,3018,FP,"buf is written through, just via the pos = buf snprintf-builder alias, not its own name; CONFIRMED aliased-mutation DCL13-C FP class",41plus_b37,high
API05-C,hostap,hostapd/ctrl_iface.c,3053,FP,Idiomatic pointer+size_t-length parameter pair; CONFIRMED categorical FP (API05-C false positive on ptr+len idiom),41plus_b37,high
DCL13-C,hostap,hostapd/ctrl_iface.c,3053,FP,buf is written through via the pos = buf snprintf-builder alias; CONFIRMED aliased-mutation DCL13-C FP class,41plus_b37,high
ENV01-C,hostap,hostapd/ctrl_iface.c,3101,FP,Fixed-size buffer flagged for env-var use with no getenv/putenv anywhere nearby; CONFIRMED FP class,41plus_b37,high
MEM05-C,hostap,hostapd/ctrl_iface.c,3101,FP,"Fixed macro/constant-sized array misidentified as VLA; CONFIRMED FP class (fixed-size buffer, not runtime-sized)",41plus_b37,high
ERR07-C,hostap,hostapd/ctrl_iface.c,3115,TP,"random_interval: 0 is itself a valid in-range value (0 <= x <= 0xffff), so malformed input silently parses as accepted '0'; 0-is-in-range TP nuance",41plus_b37,med
ERR34-C,hostap,hostapd/ctrl_iface.c,3115,TP,"random_interval: 0 is itself a valid in-range value (0 <= x <= 0xffff), so malformed input silently parses as accepted '0'; 0-is-in-range TP nuance",41plus_b37,med
ERR07-C,hostap,hostapd/ctrl_iface.c,3123,FP,"min_ap immediately range-validated (min_ap <= 0 rejected), and 0 falls OUTSIDE the valid range, so malformed input is rejected; range-checked-atoi FP class",41plus_b37,med
ERR34-C,hostap,hostapd/ctrl_iface.c,3123,FP,"min_ap immediately range-validated (min_ap <= 0 rejected), and 0 falls OUTSIDE the valid range, so malformed input is rejected; range-checked-atoi FP class",41plus_b37,med
EXP33-C,hostap,hostapd/ctrl_iface.c,3135,FP,sizeof(*ptr)/output-param write / same-branch-guard initialization misidentified as uninitialized use; CONFIRMED FP family,41plus_b37,high
API05-C,hostap,hostapd/ctrl_iface.c,3156,FP,Idiomatic pointer+size_t-length parameter pair; CONFIRMED categorical FP (API05-C false positive on ptr+len idiom),41plus_b37,high
API05-C,hostap,hostapd/ctrl_iface.c,3156,FP,Idiomatic pointer+size_t-length parameter pair; CONFIRMED categorical FP (API05-C false positive on ptr+len idiom),41plus_b37,high
STR34-C,hostap,hostapd/ctrl_iface.c,3172,FP,"'pos' + 9 is ordinary pointer arithmetic passed as a call argument to hex2byte, not a char-widening conversion; STR34-C pointer-arithmetic-argument FP sub-class",41plus_b37,high
API05-C,hostap,hostapd/ctrl_iface.c,3196,FP,Idiomatic pointer+size_t-length parameter pair; CONFIRMED categorical FP (API05-C false positive on ptr+len idiom),41plus_b37,high
API05-C,hostap,hostapd/ctrl_iface.c,3196,FP,Idiomatic pointer+size_t-length parameter pair; CONFIRMED categorical FP (API05-C false positive on ptr+len idiom),41plus_b37,high
API05-C,hostap,hostapd/ctrl_iface.c,3216,FP,Idiomatic pointer+size_t-length parameter pair; CONFIRMED categorical FP (API05-C false positive on ptr+len idiom),41plus_b37,high
STR34-C,hostap,hostapd/ctrl_iface.c,3270,FP,Plain char-to-char assignment (*ptr++ = '\0' command-tokenizing idiom); CONFIRMED massive-scale STR34-C FP class,41plus_b37,high
STR34-C,hostap,hostapd/ctrl_iface.c,3286,FP,Plain char-to-char assignment (*ptr++ = '\0' command-tokenizing idiom); CONFIRMED massive-scale STR34-C FP class,41plus_b37,high
STR34-C,hostap,hostapd/ctrl_iface.c,3302,FP,Plain char-to-char assignment (*ptr++ = '\0' command-tokenizing idiom); CONFIRMED massive-scale STR34-C FP class,41plus_b37,high
ERR07-C,hostap,hostapd/ctrl_iface.c,3319,TP,"bss_parameters: 0 is itself a valid in-range value (0 <= x <= 0xff), so malformed input silently parses as accepted '0'; 0-is-in-range TP nuance",41plus_b37,med
ERR34-C,hostap,hostapd/ctrl_iface.c,3319,TP,"bss_parameters: 0 is itself a valid in-range value (0 <= x <= 0xff), so malformed input silently parses as accepted '0'; 0-is-in-range TP nuance",41plus_b37,med
DCL13-C,hostap,hostapd/ctrl_iface.c,3367,TP,iface only read (iface->drv_flags); genuine const candidate,41plus_b37,med
API05-C,hostap,hostapd/ctrl_iface.c,3367,FP,Idiomatic pointer+size_t-length parameter pair; CONFIRMED categorical FP (API05-C false positive on ptr+len idiom),41plus_b37,high
INT07-C,hostap,hostapd/ctrl_iface.c,3378,FP,Rule misattributes 'char' type to a variable actually declared int; CONFIRMED new-pattern rule bug (see categorical_patterns.md new entry),41plus_b37,high
INT34-C,hostap,hostapd/ctrl_iface.c,3382,FP,Shift amount is bounded by an enclosing loop guard (0-14 or 0-63) within the operand's bit width; CONFIRMED loop-bound-guard FP class,41plus_b37,high
INT34-C,hostap,hostapd/ctrl_iface.c,3384,FP,Shift amount is bounded by an enclosing loop guard (0-14 or 0-63) within the operand's bit width; CONFIRMED loop-bound-guard FP class,41plus_b37,high
DCL13-C,hostap,hostapd/ctrl_iface.c,3395,TP,iface only read (iface->drv_flags2); genuine const candidate,41plus_b37,med
API05-C,hostap,hostapd/ctrl_iface.c,3395,FP,Idiomatic pointer+size_t-length parameter pair; CONFIRMED categorical FP (API05-C false positive on ptr+len idiom),41plus_b37,high
INT07-C,hostap,hostapd/ctrl_iface.c,3406,FP,Rule misattributes 'char' type to a variable actually declared int; CONFIRMED new-pattern rule bug (see categorical_patterns.md new entry),41plus_b37,high
INT34-C,hostap,hostapd/ctrl_iface.c,3410,FP,Shift amount is bounded by an enclosing loop guard (0-14 or 0-63) within the operand's bit width; CONFIRMED loop-bound-guard FP class,41plus_b37,high
INT34-C,hostap,hostapd/ctrl_iface.c,3412,FP,Shift amount is bounded by an enclosing loop guard (0-14 or 0-63) within the operand's bit width; CONFIRMED loop-bound-guard FP class,41plus_b37,high
DCL13-C,hostap,hostapd/ctrl_iface.c,3423,TP,hapd entirely unused in hostapd_ctrl_iface_get_capability's body; genuine unused-param const candidate,41plus_b37,med
API05-C,hostap,hostapd/ctrl_iface.c,3424,FP,Idiomatic pointer+size_t-length parameter pair; CONFIRMED categorical FP (API05-C false positive on ptr+len idiom),41plus_b37,high
API05-C,hostap,hostapd/ctrl_iface.c,3424,FP,Idiomatic pointer+size_t-length parameter pair; CONFIRMED categorical FP (API05-C false positive on ptr+len idiom),41plus_b37,high
API05-C,hostap,hostapd/ctrl_iface.c,3454,FP,Idiomatic pointer+size_t-length parameter pair; CONFIRMED categorical FP (API05-C false positive on ptr+len idiom),41plus_b37,high
API05-C,hostap,hostapd/ctrl_iface.c,3455,FP,Idiomatic pointer+size_t-length parameter pair; CONFIRMED categorical FP (API05-C false positive on ptr+len idiom),41plus_b37,high
INT07-C,hostap,hostapd/ctrl_iface.c,3463,FP,Rule misattributes 'char' type to a variable actually declared int; CONFIRMED new-pattern rule bug (see categorical_patterns.md new entry),41plus_b37,high
DCL13-C,hostap,hostapd/ctrl_iface.c,3472,TP,"iface only read (iface->bss[], iface->interfaces); genuine const candidate",41plus_b37,med
DCL13-C,hostap,hostapd/ctrl_iface.c,3498,TP,"iface only read (iface->num_bss, iface->bss[i] passed by value); genuine const candidate",41plus_b37,med
API05-C,hostap,hostapd/ctrl_iface.c,3549,FP,Idiomatic pointer+size_t-length parameter pair; CONFIRMED categorical FP (API05-C false positive on ptr+len idiom),41plus_b37,high
DCL13-C,hostap,hostapd/ctrl_iface.c,3549,TP,cmd only read via atoi(cmd); genuine low-severity const candidate,41plus_b37,med
API05-C,hostap,hostapd/ctrl_iface.c,3550,FP,Idiomatic pointer+size_t-length parameter pair; CONFIRMED categorical FP (API05-C false positive on ptr+len idiom),41plus_b37,high
ERR07-C,hostap,hostapd/ctrl_iface.c,3553,FP,count: if (!count) count = 1 coalesces atoi()'s error-return 0 to the same default used for legitimate absent/zero input; no behavioral difference from a real error,41plus_b37,med
ERR34-C,hostap,hostapd/ctrl_iface.c,3553,FP,count: if (!count) count = 1 coalesces atoi()'s error-return 0 to the same default used for legitimate absent/zero input; no behavioral difference from a real error,41plus_b37,med
INT07-C,hostap,hostapd/ctrl_iface.c,3562,FP,Rule misattributes 'char' type to a variable actually declared int; CONFIRMED new-pattern rule bug (see categorical_patterns.md new entry),41plus_b37,high
INT07-C,hostap,hostapd/ctrl_iface.c,3564,FP,Rule misattributes 'char' type to a variable actually declared int; CONFIRMED new-pattern rule bug (see categorical_patterns.md new entry),41plus_b37,high
API05-C,hostap,hostapd/ctrl_iface.c,3575,FP,Idiomatic pointer+size_t-length parameter pair; CONFIRMED categorical FP (API05-C false positive on ptr+len idiom),41plus_b37,high
API05-C,hostap,hostapd/ctrl_iface.c,3576,FP,"API05-C ptr+size idiom (T *p, size_t len) confirmed categorical FP, not a real conformant-array gap",41plus_b38,high
ERR07-C,hostap,hostapd/ctrl_iface.c,3601,TP,unchecked atoi() result feeds directly into downstream API/state with no range validation - genuine ERR07/ERR34 gap,41plus_b38,med
ERR34-C,hostap,hostapd/ctrl_iface.c,3601,TP,unchecked atoi() result feeds directly into downstream API/state with no range validation - genuine ERR07/ERR34 gap,41plus_b38,med
ERR07-C,hostap,hostapd/ctrl_iface.c,3606,TP,unchecked atoi() result feeds directly into downstream API/state with no range validation - genuine ERR07/ERR34 gap,41plus_b38,med
ERR34-C,hostap,hostapd/ctrl_iface.c,3606,TP,unchecked atoi() result feeds directly into downstream API/state with no range validation - genuine ERR07/ERR34 gap,41plus_b38,med
ERR34-C,hostap,hostapd/ctrl_iface.c,3661,FP,"sscanf(...,""key=%i"",&v)==1 single-specifier chained idiom - confirmed EXP20/ERR34/FIO47/INT05/MSC24 bundle FP (categorical_patterns.md sscanf bundle)",41plus_b38,high
EXP20-C,hostap,hostapd/ctrl_iface.c,3661,FP,"sscanf(...,""key=%i"",&v)==1 single-specifier chained idiom - confirmed EXP20/ERR34/FIO47/INT05/MSC24 bundle FP (categorical_patterns.md sscanf bundle)",41plus_b38,high
FIO47-C,hostap,hostapd/ctrl_iface.c,3661,FP,"sscanf(...,""key=%i"",&v)==1 single-specifier chained idiom - confirmed EXP20/ERR34/FIO47/INT05/MSC24 bundle FP (categorical_patterns.md sscanf bundle)",41plus_b38,high
INT05-C,hostap,hostapd/ctrl_iface.c,3661,FP,"sscanf(...,""key=%i"",&v)==1 single-specifier chained idiom - confirmed EXP20/ERR34/FIO47/INT05/MSC24 bundle FP (categorical_patterns.md sscanf bundle)",41plus_b38,high
MSC24-C,hostap,hostapd/ctrl_iface.c,3661,FP,"sscanf(...,""key=%i"",&v)==1 single-specifier chained idiom - confirmed EXP20/ERR34/FIO47/INT05/MSC24 bundle FP (categorical_patterns.md sscanf bundle)",41plus_b38,high
ERR34-C,hostap,hostapd/ctrl_iface.c,3689,FP,"sscanf(...,""key=%i"",&v)==1 single-specifier chained idiom - confirmed EXP20/ERR34/FIO47/INT05/MSC24 bundle FP (categorical_patterns.md sscanf bundle)",41plus_b38,high
EXP20-C,hostap,hostapd/ctrl_iface.c,3689,FP,"sscanf(...,""key=%i"",&v)==1 single-specifier chained idiom - confirmed EXP20/ERR34/FIO47/INT05/MSC24 bundle FP (categorical_patterns.md sscanf bundle)",41plus_b38,high
FIO47-C,hostap,hostapd/ctrl_iface.c,3689,FP,"sscanf(...,""key=%i"",&v)==1 single-specifier chained idiom - confirmed EXP20/ERR34/FIO47/INT05/MSC24 bundle FP (categorical_patterns.md sscanf bundle)",41plus_b38,high
INT05-C,hostap,hostapd/ctrl_iface.c,3689,FP,"sscanf(...,""key=%i"",&v)==1 single-specifier chained idiom - confirmed EXP20/ERR34/FIO47/INT05/MSC24 bundle FP (categorical_patterns.md sscanf bundle)",41plus_b38,high
MSC24-C,hostap,hostapd/ctrl_iface.c,3689,FP,"sscanf(...,""key=%i"",&v)==1 single-specifier chained idiom - confirmed EXP20/ERR34/FIO47/INT05/MSC24 bundle FP (categorical_patterns.md sscanf bundle)",41plus_b38,high
API05-C,hostap,hostapd/ctrl_iface.c,3718,FP,"API05-C ptr+size idiom (T *p, size_t len) confirmed categorical FP, not a real conformant-array gap",41plus_b38,high
API05-C,hostap,hostapd/ctrl_iface.c,3719,FP,"API05-C ptr+size idiom (T *p, size_t len) confirmed categorical FP, not a real conformant-array gap",41plus_b38,high
ERR07-C,hostap,hostapd/ctrl_iface.c,3744,TP,unchecked atoi() result feeds directly into downstream API/state with no range validation - genuine ERR07/ERR34 gap,41plus_b38,med
ERR34-C,hostap,hostapd/ctrl_iface.c,3744,TP,unchecked atoi() result feeds directly into downstream API/state with no range validation - genuine ERR07/ERR34 gap,41plus_b38,med
ERR07-C,hostap,hostapd/ctrl_iface.c,3749,TP,unchecked atoi() result feeds directly into downstream API/state with no range validation - genuine ERR07/ERR34 gap,41plus_b38,med
ERR34-C,hostap,hostapd/ctrl_iface.c,3749,TP,unchecked atoi() result feeds directly into downstream API/state with no range validation - genuine ERR07/ERR34 gap,41plus_b38,med
ERR34-C,hostap,hostapd/ctrl_iface.c,3791,FP,"sscanf(...,""key=%i"",&v)==1 single-specifier chained idiom - confirmed EXP20/ERR34/FIO47/INT05/MSC24 bundle FP (categorical_patterns.md sscanf bundle)",41plus_b38,high
EXP20-C,hostap,hostapd/ctrl_iface.c,3791,FP,"sscanf(...,""key=%i"",&v)==1 single-specifier chained idiom - confirmed EXP20/ERR34/FIO47/INT05/MSC24 bundle FP (categorical_patterns.md sscanf bundle)",41plus_b38,high
FIO47-C,hostap,hostapd/ctrl_iface.c,3791,FP,"sscanf(...,""key=%i"",&v)==1 single-specifier chained idiom - confirmed EXP20/ERR34/FIO47/INT05/MSC24 bundle FP (categorical_patterns.md sscanf bundle)",41plus_b38,high
INT05-C,hostap,hostapd/ctrl_iface.c,3791,FP,"sscanf(...,""key=%i"",&v)==1 single-specifier chained idiom - confirmed EXP20/ERR34/FIO47/INT05/MSC24 bundle FP (categorical_patterns.md sscanf bundle)",41plus_b38,high
MSC24-C,hostap,hostapd/ctrl_iface.c,3791,FP,"sscanf(...,""key=%i"",&v)==1 single-specifier chained idiom - confirmed EXP20/ERR34/FIO47/INT05/MSC24 bundle FP (categorical_patterns.md sscanf bundle)",41plus_b38,high
ERR34-C,hostap,hostapd/ctrl_iface.c,3822,FP,"sscanf(...,""key=%i"",&v)==1 single-specifier chained idiom - confirmed EXP20/ERR34/FIO47/INT05/MSC24 bundle FP (categorical_patterns.md sscanf bundle)",41plus_b38,high
EXP20-C,hostap,hostapd/ctrl_iface.c,3822,FP,"sscanf(...,""key=%i"",&v)==1 single-specifier chained idiom - confirmed EXP20/ERR34/FIO47/INT05/MSC24 bundle FP (categorical_patterns.md sscanf bundle)",41plus_b38,high
FIO47-C,hostap,hostapd/ctrl_iface.c,3822,FP,"sscanf(...,""key=%i"",&v)==1 single-specifier chained idiom - confirmed EXP20/ERR34/FIO47/INT05/MSC24 bundle FP (categorical_patterns.md sscanf bundle)",41plus_b38,high
INT05-C,hostap,hostapd/ctrl_iface.c,3822,FP,"sscanf(...,""key=%i"",&v)==1 single-specifier chained idiom - confirmed EXP20/ERR34/FIO47/INT05/MSC24 bundle FP (categorical_patterns.md sscanf bundle)",41plus_b38,high
MSC24-C,hostap,hostapd/ctrl_iface.c,3822,FP,"sscanf(...,""key=%i"",&v)==1 single-specifier chained idiom - confirmed EXP20/ERR34/FIO47/INT05/MSC24 bundle FP (categorical_patterns.md sscanf bundle)",41plus_b38,high
ERR34-C,hostap,hostapd/ctrl_iface.c,3825,FP,"sscanf(...,""key=%i"",&v)==1 single-specifier chained idiom - confirmed EXP20/ERR34/FIO47/INT05/MSC24 bundle FP (categorical_patterns.md sscanf bundle)",41plus_b38,high
EXP20-C,hostap,hostapd/ctrl_iface.c,3825,FP,"sscanf(...,""key=%i"",&v)==1 single-specifier chained idiom - confirmed EXP20/ERR34/FIO47/INT05/MSC24 bundle FP (categorical_patterns.md sscanf bundle)",41plus_b38,high
FIO47-C,hostap,hostapd/ctrl_iface.c,3825,FP,"sscanf(...,""key=%i"",&v)==1 single-specifier chained idiom - confirmed EXP20/ERR34/FIO47/INT05/MSC24 bundle FP (categorical_patterns.md sscanf bundle)",41plus_b38,high
INT05-C,hostap,hostapd/ctrl_iface.c,3825,FP,"sscanf(...,""key=%i"",&v)==1 single-specifier chained idiom - confirmed EXP20/ERR34/FIO47/INT05/MSC24 bundle FP (categorical_patterns.md sscanf bundle)",41plus_b38,high
MSC24-C,hostap,hostapd/ctrl_iface.c,3825,FP,"sscanf(...,""key=%i"",&v)==1 single-specifier chained idiom - confirmed EXP20/ERR34/FIO47/INT05/MSC24 bundle FP (categorical_patterns.md sscanf bundle)",41plus_b38,high
MEM03-C,hostap,hostapd/ctrl_iface.c,3876,FP,"'password' is a borrowed const char* pointing into caller-owned cmd buffer, not a locally-owned sensitive buffer (matches ikev2.c borrowed-pointer MEM03-C FP class)",41plus_b38,high
DCL13-C,hostap,hostapd/ctrl_iface.c,3893,FP,"'ctx' param of proc_coord message callback - fixed dispatch-contract signature, matches eloop/EAP callback DCL13-C FP class",41plus_b38,high
DCL13-C,hostap,hostapd/ctrl_iface.c,3914,FP,"'ctx' param of proc_coord response callback - fixed dispatch-contract signature, same callback FP class",41plus_b38,high
ERR07-C,hostap,hostapd/ctrl_iface.c,3935,TP,unchecked atoi() result feeds directly into downstream API/state with no range validation - genuine ERR07/ERR34 gap,41plus_b38,med
ERR34-C,hostap,hostapd/ctrl_iface.c,3935,TP,unchecked atoi() result feeds directly into downstream API/state with no range validation - genuine ERR07/ERR34 gap,41plus_b38,med
INT32-C,hostap,hostapd/ctrl_iface.c,3984,FP,reply_size/reply_len are small (4096-byte reply buffer) bounded ints; subtraction/addition can't realistically approach INT_MAX/overflow - extends INT32-C 'no realistic domain bounds' FP family,41plus_b38,high
INT32-C,hostap,hostapd/ctrl_iface.c,3988,FP,reply_size/reply_len are small (4096-byte reply buffer) bounded ints; subtraction/addition can't realistically approach INT_MAX/overflow - extends INT32-C 'no realistic domain bounds' FP family,41plus_b38,high
INT32-C,hostap,hostapd/ctrl_iface.c,3992,FP,reply_size/reply_len are small (4096-byte reply buffer) bounded ints; subtraction/addition can't realistically approach INT_MAX/overflow - extends INT32-C 'no realistic domain bounds' FP family,41plus_b38,high
INT32-C,hostap,hostapd/ctrl_iface.c,3996,FP,reply_size/reply_len are small (4096-byte reply buffer) bounded ints; subtraction/addition can't realistically approach INT_MAX/overflow - extends INT32-C 'no realistic domain bounds' FP family,41plus_b38,high
INT32-C,hostap,hostapd/ctrl_iface.c,4002,FP,reply_size/reply_len are small (4096-byte reply buffer) bounded ints; subtraction/addition can't realistically approach INT_MAX/overflow - extends INT32-C 'no realistic domain bounds' FP family,41plus_b38,high
INT32-C,hostap,hostapd/ctrl_iface.c,4006,FP,reply_size/reply_len are small (4096-byte reply buffer) bounded ints; subtraction/addition can't realistically approach INT_MAX/overflow - extends INT32-C 'no realistic domain bounds' FP family,41plus_b38,high
ERR07-C,hostap,hostapd/ctrl_iface.c,4417,TP,unchecked atoi() result feeds directly into downstream API/state with no range validation - genuine ERR07/ERR34 gap,41plus_b38,med
ERR34-C,hostap,hostapd/ctrl_iface.c,4417,TP,unchecked atoi() result feeds directly into downstream API/state with no range validation - genuine ERR07/ERR34 gap,41plus_b38,med
ERR07-C,hostap,hostapd/ctrl_iface.c,4427,TP,unchecked atoi() result feeds directly into downstream API/state with no range validation - genuine ERR07/ERR34 gap,41plus_b38,med
ERR34-C,hostap,hostapd/ctrl_iface.c,4427,TP,unchecked atoi() result feeds directly into downstream API/state with no range validation - genuine ERR07/ERR34 gap,41plus_b38,med
EXP30-C,hostap,hostapd/ctrl_iface.c,4430,FP,atoi()/os_strchr() are pure reads of the same const buffer with no side effects - not a real unsequenced-side-effect violation (established pure-accessor EXP30-C FP class),41plus_b38,high
ERR07-C,hostap,hostapd/ctrl_iface.c,4431,TP,unchecked atoi() result feeds directly into downstream API/state with no range validation - genuine ERR07/ERR34 gap,41plus_b38,med
ERR34-C,hostap,hostapd/ctrl_iface.c,4431,TP,unchecked atoi() result feeds directly into downstream API/state with no range validation - genuine ERR07/ERR34 gap,41plus_b38,med
ERR07-C,hostap,hostapd/ctrl_iface.c,4467,TP,unchecked atoi() result feeds directly into downstream API/state with no range validation - genuine ERR07/ERR34 gap,41plus_b38,med
ERR34-C,hostap,hostapd/ctrl_iface.c,4467,TP,unchecked atoi() result feeds directly into downstream API/state with no range validation - genuine ERR07/ERR34 gap,41plus_b38,med
DCL13-C,hostap,hostapd/ctrl_iface.c,4588,FP,"'sock_ctx' is the fixed eloop_sock_handler(int,void*,void*) callback signature - dispatch-contract FP",41plus_b38,high
EXP40-C,hostap,hostapd/ctrl_iface.c,4595,FP,"fabricated const: 'buf' is plain char[4096], no const qualifier anywhere in this statement (established fabricated-const EXP40-C FP class)",41plus_b38,high
CON33-C,hostap,hostapd/ctrl_iface.c,4607,FP,strerror() thread-safety flagged in hostapd's single-threaded eloop core - no pthread usage anywhere in this codepath (confirmed categorical CON33/34-C FP),41plus_b38,high
CON34-C,hostap,hostapd/ctrl_iface.c,4607,FP,strerror() thread-safety flagged in hostapd's single-threaded eloop core - no pthread usage anywhere in this codepath (confirmed categorical CON33/34-C FP),41plus_b38,high
ARR30-C,hostap,hostapd/ctrl_iface.c,4610,FP,buf[res] bounded by recvfrom's own sizeof(buf)-1 arg (res<=that); message's cited buffer size (256) is a cross-function name misattribution to an unrelated 'buf' at :5697 - real buf here is char buf[4096],41plus_b38,high
CON33-C,hostap,hostapd/ctrl_iface.c,4617,FP,strerror() thread-safety flagged in hostapd's single-threaded eloop core - no pthread usage anywhere in this codepath (confirmed categorical CON33/34-C FP),41plus_b38,high
CON34-C,hostap,hostapd/ctrl_iface.c,4617,FP,strerror() thread-safety flagged in hostapd's single-threaded eloop core - no pthread usage anywhere in this codepath (confirmed categorical CON33/34-C FP),41plus_b38,high
INT32-C,hostap,hostapd/ctrl_iface.c,4648,FP,'buf' is a char[4096] array; 'buf + 7' is pointer arithmetic misclassified as scalar integer addition (established pointer-mistyped INT32-C FP family),41plus_b38,high
CON33-C,hostap,hostapd/ctrl_iface.c,4667,FP,strerror() thread-safety flagged in hostapd's single-threaded eloop core - no pthread usage anywhere in this codepath (confirmed categorical CON33/34-C FP),41plus_b38,high
CON34-C,hostap,hostapd/ctrl_iface.c,4667,FP,strerror() thread-safety flagged in hostapd's single-threaded eloop core - no pthread usage anywhere in this codepath (confirmed categorical CON33/34-C FP),41plus_b38,high
API05-C,hostap,hostapd/ctrl_iface.c,4677,FP,"API05-C ptr+size idiom (T *p, size_t len) confirmed categorical FP, not a real conformant-array gap",41plus_b38,high
DCL13-C,hostap,hostapd/ctrl_iface.c,4677,TP,"'buf' is a plain function param (not a callback) in hostapd_mld_ctrl_iface_receive_process, only ever copied into 'cmd' and read - real const opportunity",41plus_b38,med
API05-C,hostap,hostapd/ctrl_iface.c,4677,FP,"API05-C ptr+size idiom (T *p, size_t len) confirmed categorical FP, not a real conformant-array gap",41plus_b38,high
MSC13-C,hostap,hostapd/ctrl_iface.c,4683,TP,reply_len's declaration-time init to -1 is immediately overwritten by 'reply_len = 3' two lines later with no intervening read - genuine (low-severity) dead assignment,41plus_b38,med
ERR07-C,hostap,hostapd/ctrl_iface.c,4695,FP,atoi() result immediately range-checked right after (established range-checked-atoi FP class),41plus_b38,high
ERR34-C,hostap,hostapd/ctrl_iface.c,4695,FP,atoi() result immediately range-checked right after (established range-checked-atoi FP class),41plus_b38,high
EXP33-C,hostap,hostapd/ctrl_iface.c,4715,FP,"for_each_mld_link loop-macro iterator init/read pattern - macro-blind CFG, extends the confirmed for_each_link-macro EXP33-C FP class",41plus_b38,high
EXP34-C,hostap,hostapd/ctrl_iface.c,4716,FP,"for_each_mld_link loop-macro iterator init/read pattern - macro-blind CFG, extends the confirmed for_each_link-macro EXP33-C FP class; link_itr is loop-set by the macro before the member access, and the loop only exits via 'found=true;break' or full traversal",41plus_b38,high
MSC13-C,hostap,hostapd/ctrl_iface.c,4717,FP,"'found' IS read 4 lines later ('if (!found) goto out;') right after the for_each_mld_link loop - macro-blind read-after-loop miss, matches existing MSC13-C macro-blindness class",41plus_b38,high
DCL13-C,hostap,hostapd/ctrl_iface.c,4767,FP,"'sock_ctx' is the fixed eloop_sock_handler(int,void*,void*) callback signature - dispatch-contract FP",41plus_b38,high
EXP40-C,hostap,hostapd/ctrl_iface.c,4774,FP,"fabricated const: 'buf' is plain char[4096], no const qualifier anywhere in this statement",41plus_b38,high
CON33-C,hostap,hostapd/ctrl_iface.c,4783,FP,strerror() thread-safety flagged in hostapd's single-threaded eloop core - no pthread usage anywhere in this codepath (confirmed categorical CON33/34-C FP),41plus_b38,high
CON34-C,hostap,hostapd/ctrl_iface.c,4783,FP,strerror() thread-safety flagged in hostapd's single-threaded eloop core - no pthread usage anywhere in this codepath (confirmed categorical CON33/34-C FP),41plus_b38,high
ARR30-C,hostap,hostapd/ctrl_iface.c,4786,FP,"buf[res] bounded by recvfrom's own sizeof(buf)-1 arg; message's cited size (256) misattributes to the unrelated hostapd_global_ctrl_iface_receive's 'char buffer[256], *buf=buffer' at :5697 - cross-function name conflation",41plus_b38,high
CON33-C,hostap,hostapd/ctrl_iface.c,4793,FP,strerror() thread-safety flagged in hostapd's single-threaded eloop core - no pthread usage anywhere in this codepath (confirmed categorical CON33/34-C FP),41plus_b38,high
CON34-C,hostap,hostapd/ctrl_iface.c,4793,FP,strerror() thread-safety flagged in hostapd's single-threaded eloop core - no pthread usage anywhere in this codepath (confirmed categorical CON33/34-C FP),41plus_b38,high
CON33-C,hostap,hostapd/ctrl_iface.c,4810,FP,strerror() thread-safety flagged in hostapd's single-threaded eloop core - no pthread usage anywhere in this codepath (confirmed categorical CON33/34-C FP),41plus_b38,high
CON34-C,hostap,hostapd/ctrl_iface.c,4810,FP,strerror() thread-safety flagged in hostapd's single-threaded eloop core - no pthread usage anywhere in this codepath (confirmed categorical CON33/34-C FP),41plus_b38,high
DCL13-C,hostap,hostapd/ctrl_iface.c,4816,TP,"'mld' is a plain function param (not a callback), only ever read (os_strlen/os_malloc/os_snprintf) in hostapd_mld_ctrl_iface_path - real const opportunity",41plus_b38,med
DCL30-C,hostap,hostapd/ctrl_iface.c,4837,FP,"'buf' returned here is heap memory from os_malloc(), not automatic/stack storage - confused local variable with local storage (established DCL30-C FP class)",41plus_b38,high
CON33-C,hostap,hostapd/ctrl_iface.c,4870,FP,strerror() thread-safety flagged in hostapd's single-threaded eloop core - no pthread usage anywhere in this codepath (confirmed categorical CON33/34-C FP),41plus_b38,high
CON34-C,hostap,hostapd/ctrl_iface.c,4870,FP,strerror() thread-safety flagged in hostapd's single-threaded eloop core - no pthread usage anywhere in this codepath (confirmed categorical CON33/34-C FP),41plus_b38,high
EXP33-C,hostap,hostapd/ctrl_iface.c,4876,FP,sizeof(addr.sun_path) never evaluates 'addr' (non-VLA struct member access under sizeof) - extends the confirmed sizeof(*ptr)-non-evaluated EXP33-C FP class to sizeof(struct_var.field),41plus_b38,high
CON33-C,hostap,hostapd/ctrl_iface.c,4881,FP,strerror() thread-safety flagged in hostapd's single-threaded eloop core - no pthread usage anywhere in this codepath (confirmed categorical CON33/34-C FP),41plus_b38,high
CON34-C,hostap,hostapd/ctrl_iface.c,4881,FP,strerror() thread-safety flagged in hostapd's single-threaded eloop core - no pthread usage anywhere in this codepath (confirmed categorical CON33/34-C FP),41plus_b38,high
POS02-C,hostap,hostapd/ctrl_iface.c,4899,FP,"bind() without privilege-drop - confirmed categorical FP: hostapd runs as root for its whole lifetime by design, no privsep model in this codebase (except #ifdef ANDROID capset)",41plus_b38,high
CON33-C,hostap,hostapd/ctrl_iface.c,4901,FP,strerror() thread-safety flagged in hostapd's single-threaded eloop core - no pthread usage anywhere in this codepath (confirmed categorical CON33/34-C FP),41plus_b38,high
CON34-C,hostap,hostapd/ctrl_iface.c,4901,FP,strerror() thread-safety flagged in hostapd's single-threaded eloop core - no pthread usage anywhere in this codepath (confirmed categorical CON33/34-C FP),41plus_b38,high
CON33-C,hostap,hostapd/ctrl_iface.c,4907,FP,strerror() thread-safety flagged in hostapd's single-threaded eloop core - no pthread usage anywhere in this codepath (confirmed categorical CON33/34-C FP),41plus_b38,high
CON34-C,hostap,hostapd/ctrl_iface.c,4907,FP,strerror() thread-safety flagged in hostapd's single-threaded eloop core - no pthread usage anywhere in this codepath (confirmed categorical CON33/34-C FP),41plus_b38,high
POS02-C,hostap,hostapd/ctrl_iface.c,4910,FP,same confirmed categorical POS02-C FP (no privsep model),41plus_b38,high
CON33-C,hostap,hostapd/ctrl_iface.c,4914,FP,strerror() thread-safety flagged in hostapd's single-threaded eloop core - no pthread usage anywhere in this codepath (confirmed categorical CON33/34-C FP),41plus_b38,high
CON34-C,hostap,hostapd/ctrl_iface.c,4914,FP,strerror() thread-safety flagged in hostapd's single-threaded eloop core - no pthread usage anywhere in this codepath (confirmed categorical CON33/34-C FP),41plus_b38,high
POS02-C,hostap,hostapd/ctrl_iface.c,4931,FP,chmod() flagged same as bind() instances - confirmed categorical FP,41plus_b38,high
CON33-C,hostap,hostapd/ctrl_iface.c,4933,FP,strerror() thread-safety flagged in hostapd's single-threaded eloop core - no pthread usage anywhere in this codepath (confirmed categorical CON33/34-C FP),41plus_b38,high
CON34-C,hostap,hostapd/ctrl_iface.c,4933,FP,strerror() thread-safety flagged in hostapd's single-threaded eloop core - no pthread usage anywhere in this codepath (confirmed categorical CON33/34-C FP),41plus_b38,high
MEM31-C,hostap,hostapd/ctrl_iface.c,4936,FP,os_free(fname) at this line only executes on a path that returns immediately afterward (never reaching the later fail: label's guarded free) - mutually-exclusive branches conflated as sequential (established MEM31-C FP class),41plus_b38,high
MEM31-C,hostap,hostapd/ctrl_iface.c,4951,FP,fail: label's os_free(fname) is NULL-guarded ('if (fname)') and only reached via goto from branches where fname wasn't yet freed by the success-path free at :4936 (mutually exclusive),41plus_b38,high
API00-C,hostap,hostapd/ctrl_iface.c,4959,FP,"hostapd_mld_ctrl_iface_deinit is an internal-only teardown API called solely from hostapd's own MLD interface-free path, never externally with untrusted NULL (established API00-C internal-API FP class)",41plus_b38,high
CON33-C,hostap,hostapd/ctrl_iface.c,4986,FP,strerror() thread-safety flagged in hostapd's single-threaded eloop core - no pthread usage anywhere in this codepath (confirmed categorical CON33/34-C FP),41plus_b38,high
CON34-C,hostap,hostapd/ctrl_iface.c,4986,FP,strerror() thread-safety flagged in hostapd's single-threaded eloop core - no pthread usage anywhere in this codepath (confirmed categorical CON33/34-C FP),41plus_b38,high
EXP33-C,hostap,hostapd/ctrl_iface.c,4991,FP,"dl_list_for_each_safe(dst, prev, ...) is a standard safe-iteration macro that manages 'prev' internally - macro-blind CFG, same for_each-macro FP family",41plus_b38,high
DCL13-C,hostap,hostapd/ctrl_iface.c,5003,TP,"'hapd' is a plain function param (not a callback), only ever read in hostapd_ctrl_iface_path - real const opportunity",41plus_b38,med
DCL30-C,hostap,hostapd/ctrl_iface.c,5028,FP,"returned 'buf' is heap memory from os_malloc(), not automatic storage - same DCL30-C FP class as :4837",41plus_b38,high
ARR00-C,hostap,hostapd/ctrl_iface.c,5028,FP,"'buf' is a char* pointer to os_malloc'd heap memory, not a local array at all - doubly wrong (not an array, not stack-allocated)",41plus_b38,high
API05-C,hostap,hostapd/ctrl_iface.c,5033,FP,"API05-C ptr+size idiom (T *p, size_t len) confirmed categorical FP, not a real conformant-array gap",41plus_b38,high
API05-C,hostap,hostapd/ctrl_iface.c,5035,FP,"API05-C ptr+size idiom (T *p, size_t len) confirmed categorical FP, not a real conformant-array gap",41plus_b38,high
MSC37-C,hostap,hostapd/ctrl_iface.c,5044,FP,function body is '#ifdef CONFIG_CTRL_IFACE_UDP ... return 0;/return -1; #else ... return 0;/return -1; #endif' - both preprocessor branches terminate in a return; rule is ifdef-blind (established MSC37-C ifdef-blind FP class),41plus_b38,high
ERR07-C,hostap,hostapd/ctrl_iface.c,5065,FP,atoi() result immediately range-checked right after (established range-checked-atoi FP class),41plus_b38,high
ERR34-C,hostap,hostapd/ctrl_iface.c,5065,FP,atoi() result immediately range-checked right after (established range-checked-atoi FP class),41plus_b38,high
EXP34-C,hostap,hostapd/ctrl_iface.c,5096,FP,getaddrinfo()'s return code 'n' is checked ('if (n) goto fail') before res is used; POSIX guarantees res is valid/non-NULL whenever n==0 - return-code check is the correct NULL-equivalent guard,41plus_b38,high
CON33-C,hostap,hostapd/ctrl_iface.c,5099,FP,strerror() thread-safety flagged in hostapd's single-threaded eloop core - no pthread usage anywhere in this codepath (confirmed categorical CON33/34-C FP),41plus_b38,high
CON34-C,hostap,hostapd/ctrl_iface.c,5099,FP,strerror() thread-safety flagged in hostapd's single-threaded eloop core - no pthread usage anywhere in this codepath (confirmed categorical CON33/34-C FP),41plus_b38,high
POS02-C,hostap,hostapd/ctrl_iface.c,5103,FP,confirmed categorical POS02-C FP (no privsep model),41plus_b38,high
CON33-C,hostap,hostapd/ctrl_iface.c,5108,FP,strerror() thread-safety flagged in hostapd's single-threaded eloop core - no pthread usage anywhere in this codepath (confirmed categorical CON33/34-C FP),41plus_b38,high
CON34-C,hostap,hostapd/ctrl_iface.c,5108,FP,strerror() thread-safety flagged in hostapd's single-threaded eloop core - no pthread usage anywhere in this codepath (confirmed categorical CON33/34-C FP),41plus_b38,high
CON33-C,hostap,hostapd/ctrl_iface.c,5160,FP,strerror() thread-safety flagged in hostapd's single-threaded eloop core - no pthread usage anywhere in this codepath (confirmed categorical CON33/34-C FP),41plus_b38,high
CON34-C,hostap,hostapd/ctrl_iface.c,5160,FP,strerror() thread-safety flagged in hostapd's single-threaded eloop core - no pthread usage anywhere in this codepath (confirmed categorical CON33/34-C FP),41plus_b38,high
CON33-C,hostap,hostapd/ctrl_iface.c,5169,FP,strerror() thread-safety flagged in hostapd's single-threaded eloop core - no pthread usage anywhere in this codepath (confirmed categorical CON33/34-C FP),41plus_b38,high
CON34-C,hostap,hostapd/ctrl_iface.c,5169,FP,strerror() thread-safety flagged in hostapd's single-threaded eloop core - no pthread usage anywhere in this codepath (confirmed categorical CON33/34-C FP),41plus_b38,high
CON33-C,hostap,hostapd/ctrl_iface.c,5178,FP,strerror() thread-safety flagged in hostapd's single-threaded eloop core - no pthread usage anywhere in this codepath (confirmed categorical CON33/34-C FP),41plus_b38,high
CON34-C,hostap,hostapd/ctrl_iface.c,5178,FP,strerror() thread-safety flagged in hostapd's single-threaded eloop core - no pthread usage anywhere in this codepath (confirmed categorical CON33/34-C FP),41plus_b38,high
POS02-C,hostap,hostapd/ctrl_iface.c,5190,FP,confirmed categorical POS02-C FP (no privsep model),41plus_b38,high
CON33-C,hostap,hostapd/ctrl_iface.c,5192,FP,strerror() thread-safety flagged in hostapd's single-threaded eloop core - no pthread usage anywhere in this codepath (confirmed categorical CON33/34-C FP),41plus_b38,high
CON34-C,hostap,hostapd/ctrl_iface.c,5192,FP,strerror() thread-safety flagged in hostapd's single-threaded eloop core - no pthread usage anywhere in this codepath (confirmed categorical CON33/34-C FP),41plus_b38,high
EXP33-C,hostap,hostapd/ctrl_iface.c,5203,FP,sizeof(addr.sun_path) never evaluates 'addr' (non-VLA struct member access under sizeof) - extends the confirmed sizeof(*ptr)-non-evaluated EXP33-C FP class to sizeof(struct_var.field),41plus_b38,high
CON33-C,hostap,hostapd/ctrl_iface.c,5208,FP,strerror() thread-safety flagged in hostapd's single-threaded eloop core - no pthread usage anywhere in this codepath (confirmed categorical CON33/34-C FP),41plus_b38,high
CON34-C,hostap,hostapd/ctrl_iface.c,5208,FP,strerror() thread-safety flagged in hostapd's single-threaded eloop core - no pthread usage anywhere in this codepath (confirmed categorical CON33/34-C FP),41plus_b38,high
POS02-C,hostap,hostapd/ctrl_iface.c,5221,FP,confirmed categorical POS02-C FP (no privsep model),41plus_b38,high
CON33-C,hostap,hostapd/ctrl_iface.c,5223,FP,strerror() thread-safety flagged in hostapd's single-threaded eloop core - no pthread usage anywhere in this codepath (confirmed categorical CON33/34-C FP),41plus_b38,high
CON34-C,hostap,hostapd/ctrl_iface.c,5223,FP,strerror() thread-safety flagged in hostapd's single-threaded eloop core - no pthread usage anywhere in this codepath (confirmed categorical CON33/34-C FP),41plus_b38,high
CON33-C,hostap,hostapd/ctrl_iface.c,5231,FP,strerror() thread-safety flagged in hostapd's single-threaded eloop core - no pthread usage anywhere in this codepath (confirmed categorical CON33/34-C FP),41plus_b38,high
CON34-C,hostap,hostapd/ctrl_iface.c,5231,FP,strerror() thread-safety flagged in hostapd's single-threaded eloop core - no pthread usage anywhere in this codepath (confirmed categorical CON33/34-C FP),41plus_b38,high
POS02-C,hostap,hostapd/ctrl_iface.c,5234,FP,confirmed categorical POS02-C FP (no privsep model),41plus_b38,high
CON33-C,hostap,hostapd/ctrl_iface.c,5238,FP,strerror() thread-safety flagged in hostapd's single-threaded eloop core - no pthread usage anywhere in this codepath (confirmed categorical CON33/34-C FP),41plus_b38,high
CON34-C,hostap,hostapd/ctrl_iface.c,5238,FP,strerror() thread-safety flagged in hostapd's single-threaded eloop core - no pthread usage anywhere in this codepath (confirmed categorical CON33/34-C FP),41plus_b38,high
CON33-C,hostap,hostapd/ctrl_iface.c,5257,FP,strerror() thread-safety flagged in hostapd's single-threaded eloop core - no pthread usage anywhere in this codepath (confirmed categorical CON33/34-C FP),41plus_b38,high
CON34-C,hostap,hostapd/ctrl_iface.c,5257,FP,strerror() thread-safety flagged in hostapd's single-threaded eloop core - no pthread usage anywhere in this codepath (confirmed categorical CON33/34-C FP),41plus_b38,high
CON33-C,hostap,hostapd/ctrl_iface.c,5265,FP,strerror() thread-safety flagged in hostapd's single-threaded eloop core - no pthread usage anywhere in this codepath (confirmed categorical CON33/34-C FP),41plus_b38,high
CON34-C,hostap,hostapd/ctrl_iface.c,5265,FP,strerror() thread-safety flagged in hostapd's single-threaded eloop core - no pthread usage anywhere in this codepath (confirmed categorical CON33/34-C FP),41plus_b38,high
POS02-C,hostap,hostapd/ctrl_iface.c,5269,FP,confirmed categorical POS02-C FP (no privsep model),41plus_b38,high
CON33-C,hostap,hostapd/ctrl_iface.c,5271,FP,strerror() thread-safety flagged in hostapd's single-threaded eloop core - no pthread usage anywhere in this codepath (confirmed categorical CON33/34-C FP),41plus_b38,high
CON34-C,hostap,hostapd/ctrl_iface.c,5271,FP,strerror() thread-safety flagged in hostapd's single-threaded eloop core - no pthread usage anywhere in this codepath (confirmed categorical CON33/34-C FP),41plus_b38,high
MEM31-C,hostap,hostapd/ctrl_iface.c,5274,FP,"os_free(fname) at this line (hostapd_ctrl_iface_init, non-MLD variant) only executes on a path that returns immediately afterward, never reaching the later fail: label's guarded free - mutually-exclusive branches conflated",41plus_b38,high
MEM12-C,hostap,hostapd/ctrl_iface.c,5280,FP,s stored in hapd->ctrl_sock; hostapd_ctrl_iface_deinit() closes it before return -1 (ownership-transfer FP).,41plus_b39,high
MEM12-C,hostap,hostapd/ctrl_iface.c,5293,FP,"s stored in hapd->ctrl_sock at return 0; ownership-transfer-to-struct-field FP, not a leak.",41plus_b39,high
MEM31-C,hostap,hostapd/ctrl_iface.c,5300,FP,Mutually-exclusive goto-fail vs fall-through free of fname; only one path ever executes (confirmed MEM31 goto/branch FP family).,41plus_b39,high
API00-C,hostap,hostapd/ctrl_iface.c,5307,FP,API00-C internal-only-API pedantry pattern; hapd always non-null from framework caller.,41plus_b39,high
CON33-C,hostap,hostapd/ctrl_iface.c,5335,FP,No pthread usage anywhere in file; confirmed CON33/34-C strerror() single-threaded FP class.,41plus_b39,high
CON34-C,hostap,hostapd/ctrl_iface.c,5335,FP,Same strerror() no-pthread FP class.,41plus_b39,high
EXP33-C,hostap,hostapd/ctrl_iface.c,5341,FP,dl_list_for_each_safe macro's own internal next-pointer holder ('prev'); macro-hidden-init FP class.,41plus_b39,high
MEM05-C,hostap,hostapd/ctrl_iface.c,5446,FP,"char ifname[IFNAMSIZ+1] is a fixed compile-time-macro-sized array, not a VLA (ENV01/MEM05 fixed-array FP class).",41plus_b39,high
MEM05-C,hostap,hostapd/ctrl_iface.c,5474,FP,"Same fixed-size IFNAMSIZ+1 array, not a VLA.",41plus_b39,high
DCL13-C,hostap,hostapd/ctrl_iface.c,5495,TP,"interfaces only iterated/read (count, iface[i]), never modified; genuine const opportunity (plain-internal-helper TP clarification).",41plus_b39,med
DCL13-C,hostap,hostapd/ctrl_iface.c,5517,TP,"dst_hapd only read (iconf/conf fields forwarded), never modified through the parameter itself.",41plus_b39,med
MSC07-C,hostap,hostapd/ctrl_iface.c,5571,FP,"error_stringify: is a goto target reached from earlier branches, not unreachable fall-through (confirmed MSC07-C goto-label FP family).",41plus_b39,high
MEM30-C,hostap,hostapd/ctrl_iface.c,5574,FP,Only one of the two os_free(value) sites (success path vs error_return goto) ever executes; mutually-exclusive-branch FP family.,41plus_b39,high
MEM31-C,hostap,hostapd/ctrl_iface.c,5574,FP,Same mutually-exclusive branch reasoning as the MEM30-C hit on this line.,41plus_b39,high
DCL13-C,hostap,hostapd/ctrl_iface.c,5580,TP,interfaces only read (count/iface[i]) in this helper too; genuine const opportunity.,41plus_b39,med
DCL13-C,hostap,hostapd/ctrl_iface.c,5582,FP,"reply is buf/pos-alias output pattern (pos = reply; os_snprintf(pos,...)); DCL13-C misses the pointee write through the alias.",41plus_b39,high
STR34-C,hostap,hostapd/ctrl_iface.c,5613,FP,"*pos = '\0'; plain char-to-char assignment, no widening; confirmed STR34-C char-literal FP class.",41plus_b39,high
EXP40-C,hostap,hostapd/ctrl_iface.c,5628,FP,"char *p_start = cmd; -- cmd is a plain non-const char*; no const qualifier is involved anywhere, category-error misfire.",41plus_b39,high
STR34-C,hostap,hostapd/ctrl_iface.c,5640,FP,"*p_end = '\0'; plain char assignment, same confirmed FP class.",41plus_b39,high
STR34-C,hostap,hostapd/ctrl_iface.c,5656,FP,"*p_end = '\0'; plain char assignment, same confirmed FP class.",41plus_b39,high
DCL13-C,hostap,hostapd/ctrl_iface.c,5694,FP,sock_ctx matches eloop_register_read_sock's fixed eloop_sock_handler callback signature; dispatch-contract FP family.,41plus_b39,high
CON33-C,hostap,hostapd/ctrl_iface.c,5712,FP,No pthread usage in file; confirmed strerror() FP class.,41plus_b39,high
CON34-C,hostap,hostapd/ctrl_iface.c,5712,FP,Same strerror() FP class.,41plus_b39,high
ARR30-C,hostap,hostapd/ctrl_iface.c,5715,FP,"buf[res] bounded: recvfrom's own count arg (sizeof(buffer)-1=255) caps res <= 255, buf is 256 bytes; rule doesn't see the cross-call bound.",41plus_b39,med
CON33-C,hostap,hostapd/ctrl_iface.c,5723,FP,No pthread usage in file; confirmed strerror() FP class.,41plus_b39,high
CON34-C,hostap,hostapd/ctrl_iface.c,5723,FP,Same strerror() FP class.,41plus_b39,high
ARR30-C,hostap,hostapd/ctrl_iface.c,5758,FP,while (*buf == ' ') buf++; is a provably-bounded NUL-terminated scan (buf already NUL-terminated earlier); confirmed ARR30-C bounded-scan FP class.,41plus_b39,high
STR34-C,hostap,hostapd/ctrl_iface.c,5766,FP,"*pos++ = '\0'; plain char assignment, confirmed STR34-C tokenizing-idiom FP class.",41plus_b39,high
CON33-C,hostap,hostapd/ctrl_iface.c,5845,FP,No pthread usage in file; confirmed strerror() FP class.,41plus_b39,high
CON34-C,hostap,hostapd/ctrl_iface.c,5845,FP,Same strerror() FP class.,41plus_b39,high
DCL13-C,hostap,hostapd/ctrl_iface.c,5852,TP,"interface param only read (global_iface_path/global_iface_name); genuine const opportunity, not a callback/vtable contract.",41plus_b39,med
DCL30-C,hostap,hostapd/ctrl_iface.c,5869,FP,"buf = os_malloc(len); heap-allocated, not automatic/stack storage -- confused local variable with local storage (confirmed DCL30-C FP class).",41plus_b39,high
ARR00-C,hostap,hostapd/ctrl_iface.c,5869,FP,"Same heap-vs-stack confusion; buf is a malloc'd pointer, not a local array.",41plus_b39,high
MSC37-C,hostap,hostapd/ctrl_iface.c,5874,FP,Both #ifdef CONFIG_CTRL_IFACE_UDP and #else branches end in an explicit return; preprocessor-branch-blind CFG misfire (confirmed MSC37-C ifdef family).,41plus_b39,med
ERR07-C,hostap,hostapd/ctrl_iface.c,5894,TP,"port = atoi(pos); only checked port <= 0, not a narrow exact-value/boolean-collapse validation; genuine missing-error-detection per literal rule text.",41plus_b39,med
ERR34-C,hostap,hostapd/ctrl_iface.c,5894,TP,"Same atoi() without strtol-style error detection; check is broad (>0), not the narrow-range FP exception.",41plus_b39,med
EXP34-C,hostap,hostapd/ctrl_iface.c,5923,FP,res->ai_family read only after n==0 (getaddrinfo success) check; POSIX guarantees res non-null when getaddrinfo returns 0 -- cross-variable guard the rule doesn't see.,41plus_b39,med
CON33-C,hostap,hostapd/ctrl_iface.c,5926,FP,No pthread usage in file; confirmed strerror() FP class.,41plus_b39,high
CON34-C,hostap,hostapd/ctrl_iface.c,5926,FP,Same strerror() FP class.,41plus_b39,high
POS02-C,hostap,hostapd/ctrl_iface.c,5930,FP,"Confirmed whole-codebase POS02-C FP: hostapd has no privilege-separation model, runs as root by design (no setuid/setgid anywhere non-Android).",41plus_b39,high
INT32-C,hostap,hostapd/ctrl_iface.c,5932,FP,"port++ bounded by HOSTAPD_GLOBAL_CTRL_IFACE_PORT_LIMIT retry-count check, far from INT_MAX; confirmed 'rule doesn't see realistic bound' INT32-C family.",41plus_b39,high
CON33-C,hostap,hostapd/ctrl_iface.c,5936,FP,No pthread usage in file; confirmed strerror() FP class.,41plus_b39,high
CON34-C,hostap,hostapd/ctrl_iface.c,5936,FP,Same strerror() FP class.,41plus_b39,high
CON33-C,hostap,hostapd/ctrl_iface.c,5975,FP,No pthread usage in file; confirmed strerror() FP class.,41plus_b39,high
CON34-C,hostap,hostapd/ctrl_iface.c,5975,FP,Same strerror() FP class.,41plus_b39,high
MSC01-C,hostap,hostapd/ctrl_iface.c,5978,FP,mkdir-if / lchown-else-if is a deliberate guard clause; no action is correct when neither fires (confirmed stylistic-pedantry FP class).,41plus_b39,high
CON33-C,hostap,hostapd/ctrl_iface.c,5982,FP,No pthread usage in file; confirmed strerror() FP class.,41plus_b39,high
CON34-C,hostap,hostapd/ctrl_iface.c,5982,FP,Same strerror() FP class.,41plus_b39,high
EXP33-C,hostap,hostapd/ctrl_iface.c,5987,FP,sizeof(addr.sun_path) never evaluates addr; confirmed sizeof(*ptr)/sizeof(member) EXP33-C FP class.,41plus_b39,high
CON33-C,hostap,hostapd/ctrl_iface.c,5992,FP,No pthread usage in file; confirmed strerror() FP class.,41plus_b39,high
CON34-C,hostap,hostapd/ctrl_iface.c,5992,FP,Same strerror() FP class.,41plus_b39,high
POS02-C,hostap,hostapd/ctrl_iface.c,6005,FP,Confirmed whole-codebase POS02-C FP; no privilege-drop model in this daemon.,41plus_b39,high
CON33-C,hostap,hostapd/ctrl_iface.c,6007,FP,No pthread usage in file; confirmed strerror() FP class.,41plus_b39,high
CON34-C,hostap,hostapd/ctrl_iface.c,6007,FP,Same strerror() FP class.,41plus_b39,high
CON33-C,hostap,hostapd/ctrl_iface.c,6015,FP,No pthread usage in file; confirmed strerror() FP class.,41plus_b39,high
CON34-C,hostap,hostapd/ctrl_iface.c,6015,FP,Same strerror() FP class.,41plus_b39,high
POS02-C,hostap,hostapd/ctrl_iface.c,6018,FP,Confirmed whole-codebase POS02-C FP.,41plus_b39,high
CON33-C,hostap,hostapd/ctrl_iface.c,6021,FP,No pthread usage in file; confirmed strerror() FP class.,41plus_b39,high
CON34-C,hostap,hostapd/ctrl_iface.c,6021,FP,Same strerror() FP class.,41plus_b39,high
CON33-C,hostap,hostapd/ctrl_iface.c,6040,FP,No pthread usage in file; confirmed strerror() FP class.,41plus_b39,high
CON34-C,hostap,hostapd/ctrl_iface.c,6040,FP,Same strerror() FP class.,41plus_b39,high
POS02-C,hostap,hostapd/ctrl_iface.c,6044,FP,"Confirmed whole-codebase POS02-C FP; chmod is setup, not privileged-operation-then-no-drop in a privilege-separated sense.",41plus_b39,high
CON33-C,hostap,hostapd/ctrl_iface.c,6046,FP,No pthread usage in file; confirmed strerror() FP class.,41plus_b39,high
CON34-C,hostap,hostapd/ctrl_iface.c,6046,FP,Same strerror() FP class.,41plus_b39,high
MEM31-C,hostap,hostapd/ctrl_iface.c,6049,FP,"os_free(fname) here is the success path; the other free (line 6031) sets fname=NULL and goto fails before reaching here -- mutually exclusive, matches self-nulling/mutually-exclusive-branch MEM31-C FP family.",41plus_b39,high
MEM12-C,hostap,hostapd/ctrl_iface.c,6057,FP,"s assigned to interface->global_ctrl_sock before this return 0; ownership-transfer-to-struct-field FP, not a leak.",41plus_b39,high
MEM31-C,hostap,hostapd/ctrl_iface.c,6064,FP,"fail: label free only reached when fname wasn't already freed+nulled earlier (line 6031-6032) or already freed on the returned success path (6049); mutually exclusive, no real double free.",41plus_b39,high
API00-C,hostap,hostapd/ctrl_iface.c,6071,FP,API00-C internal-only-API pedantry pattern.,41plus_b39,high
MSC13-C,hostap,hostapd/ctrl_iface.c,6074,TP,char *fname = NULL; is genuinely overwritten by hostapd_global_ctrl_iface_path() before any read on the only path where fname is used; real (if trivial/low-severity) dead initializer.,41plus_b39,med
CON33-C,hostap,hostapd/ctrl_iface.c,6099,FP,No pthread usage in file; confirmed strerror() FP class.,41plus_b39,high
CON34-C,hostap,hostapd/ctrl_iface.c,6099,FP,Same strerror() FP class.,41plus_b39,high
EXP33-C,hostap,hostapd/ctrl_iface.c,6108,FP,dl_list_for_each_safe macro's internal next-pointer holder ('prev'); macro-hidden-init FP class.,41plus_b39,high
DCL13-C,hostap,hostapd/ctrl_iface.c,6114,TP,"dst only read (dst->events) in hostapd_ctrl_check_event_enabled; genuine const opportunity, plain internal helper not a callback contract.",41plus_b39,med
API05-C,hostap,hostapd/ctrl_iface.c,6127,FP,ifname is an ordinary NUL-terminated const char* param; confirmed API05-C bare-string-idiom FP class.,41plus_b39,high
API05-C,hostap,hostapd/ctrl_iface.c,6128,FP,buf is paired with its own len param immediately after; confirmed API05-C buf/buflen idiom FP class.,41plus_b39,high
EXP05-C,hostap,hostapd/ctrl_iface.c,6147,FP,(char *) ifname assigned into struct iovec.iov_base -- POSIX iovec.iov_base is unconditionally non-const even for read-only/output use; confirmed EXP05-C iovec FP class.,41plus_b39,high
EXP05-C,hostap,hostapd/ctrl_iface.c,6157,FP,"Same iovec.iov_base cast-away-const FP; buf only read, never written through the cast pointer.",41plus_b39,high
EXP33-C,hostap,hostapd/ctrl_iface.c,6165,FP,dl_list_for_each_safe macro's internal next-pointer holder ('next'); macro-hidden-init FP class.,41plus_b39,high
DCL39-C,hostap,hostapd/ctrl_iface.c,6172,FP,"struct msghdr is a local kernel-API descriptor consumed in-process by sendmsg(), never itself serialized to the peer; confirmed DCL39-C msghdr FP class.",41plus_b39,high
DCL37-C,hostap,hostapd/ctrl_iface.c,6173,FP,"int _errno is a block-scope automatic local, not file-scope; DCL37-C's underscore restriction only applies at file scope (confirmed FP class).",41plus_b39,high
CON33-C,hostap,hostapd/ctrl_iface.c,6176,FP,No pthread usage in file; confirmed strerror() FP class.,41plus_b39,high
CON34-C,hostap,hostapd/ctrl_iface.c,6176,FP,Same strerror() FP class.,41plus_b39,high
API05-C,hostap,hostapd/ctrl_iface.c,6193,FP,buf paired with its own len param; confirmed API05-C buf/buflen idiom FP class.,41plus_b39,high
DCL13-C,hostap,wpa_supplicant/config.c,65,FP,"Config-parser dispatch-table DCL13-C FP: 'ssid' param is either genuinely written via computed pointer offset in parser funcs, or unmodified-but-pinned by the fixed parser/writer function-pointer signature in struct parse_data (ssid_fields[] table) -- extends the eloop/EAP-method dispatch-contract FP class.",41plus_b40,high
EXP05-C,hostap,wpa_supplicant/config.c,112,FP,"EXP05-C 'cast away const' on ssid, which is never const-qualified in this function's signature -- no const to cast away.",41plus_b40,high
EXP05-C,hostap,wpa_supplicant/config.c,113,FP,"EXP05-C 'cast away const' on ssid, which is never const-qualified in this function's signature -- no const to cast away.",41plus_b40,high
DCL30-C,hostap,wpa_supplicant/config.c,130,FP,DCL30-C misattributes a plain value-copy (pointer/int value) written through an out-param pointer as an address-escape -- established pattern extension (macro-constant precedent).,41plus_b40,high
STR34-C,hostap,wpa_supplicant/config.c,130,FP,"STR34-C misidentifies '*dst' (type char*, a pointer) as a char-type assignment needing an unsigned-char cast; no char conversion occurs here at all.",41plus_b40,high
DCL30-C,hostap,wpa_supplicant/config.c,132,FP,DCL30-C misattributes a plain value-copy (pointer/int value) written through an out-param pointer as an address-escape -- established pattern extension (macro-constant precedent).,41plus_b40,high
DCL22-C,hostap,wpa_supplicant/config.c,141,FP,DCL22-C 'declare as volatile' fires on an ordinary local with no setjmp/longjmp/signal-handler context anywhere in the function -- established pattern.,41plus_b40,high
DCL30-C,hostap,wpa_supplicant/config.c,151,FP,"DCL30-C/ARR00-C 'returns pointer to local variable' misapplied to a heap-allocated (os_malloc/os_zalloc/os_strdup) pointer -- confused local variable with local storage, established pattern.",41plus_b40,high
ARR00-C,hostap,wpa_supplicant/config.c,151,FP,"DCL30-C/ARR00-C 'returns pointer to local variable' misapplied to a heap-allocated (os_malloc/os_zalloc/os_strdup) pointer -- confused local variable with local storage, established pattern.",41plus_b40,high
DCL30-C,hostap,wpa_supplicant/config.c,164,FP,"DCL30-C/ARR00-C 'returns pointer to local variable' misapplied to a heap-allocated (os_malloc/os_zalloc/os_strdup) pointer -- confused local variable with local storage, established pattern.",41plus_b40,high
MEM10-C,hostap,wpa_supplicant/config.c,170,FP,MEM10-C fires on an ordinary if (ptr == NULL) guard -- established stylistic-pedantry pattern.,41plus_b40,high
DCL13-C,hostap,wpa_supplicant/config.c,181,FP,"Config-parser dispatch-table DCL13-C FP: 'ssid' param is either genuinely written via computed pointer offset in parser funcs, or unmodified-but-pinned by the fixed parser/writer function-pointer signature in struct parse_data (ssid_fields[] table) -- extends the eloop/EAP-method dispatch-contract FP class.",41plus_b40,high
EXP05-C,hostap,wpa_supplicant/config.c,186,FP,"EXP05-C 'cast away const' on ssid, which is never const-qualified in this function's signature -- no const to cast away.",41plus_b40,high
EXP05-C,hostap,wpa_supplicant/config.c,191,FP,"EXP05-C 'cast away const' on ssid, which is never const-qualified in this function's signature -- no const to cast away.",41plus_b40,high
DCL13-C,hostap,wpa_supplicant/config.c,201,FP,"Config-parser dispatch-table DCL13-C FP: 'ssid' param is either genuinely written via computed pointer offset in parser funcs, or unmodified-but-pinned by the fixed parser/writer function-pointer signature in struct parse_data (ssid_fields[] table) -- extends the eloop/EAP-method dispatch-contract FP class.",41plus_b40,high
EXP05-C,hostap,wpa_supplicant/config.c,208,FP,"EXP05-C 'cast away const' on ssid, which is never const-qualified in this function's signature -- no const to cast away.",41plus_b40,high
ERR33-C,hostap,wpa_supplicant/config.c,209,TP,strtol() result is partially validated (*end trailing-garbage check) but errno/ERANGE overflow is never checked -- established weak-validation TP pattern (ctrl_iface.c:8899 precedent).,41plus_b40,low
ERR00-C,hostap,wpa_supplicant/config.c,209,TP,strtol() result is partially validated (*end trailing-garbage check) but errno/ERANGE overflow is never checked -- established weak-validation TP pattern (ctrl_iface.c:8899 precedent).,41plus_b40,low
ERR01-C,hostap,wpa_supplicant/config.c,209,TP,strtol() result is partially validated (*end trailing-garbage check) but errno/ERANGE overflow is never checked -- established weak-validation TP pattern (ctrl_iface.c:8899 precedent).,41plus_b40,low
ERR30-C,hostap,wpa_supplicant/config.c,209,TP,strtol() result is partially validated (*end trailing-garbage check) but errno/ERANGE overflow is never checked -- established weak-validation TP pattern (ctrl_iface.c:8899 precedent).,41plus_b40,low
EXP34-C,hostap,wpa_supplicant/config.c,210,FP,"EXP34-C flags strtol's &end output as possibly-NULL; strtol always writes through a non-NULL endptr argument by the C standard, so 'end' is guaranteed non-NULL here.",41plus_b40,high
DCL30-C,hostap,wpa_supplicant/config.c,233,FP,DCL30-C misattributes a plain value-copy (pointer/int value) written through an out-param pointer as an address-escape -- established pattern extension (macro-constant precedent).,41plus_b40,high
DCL13-C,hostap,wpa_supplicant/config.c,258,FP,"Config-parser dispatch-table DCL13-C FP: 'ssid' param is either genuinely written via computed pointer offset in parser funcs, or unmodified-but-pinned by the fixed parser/writer function-pointer signature in struct parse_data (ssid_fields[] table) -- extends the eloop/EAP-method dispatch-contract FP class.",41plus_b40,high
EXP05-C,hostap,wpa_supplicant/config.c,263,FP,"EXP05-C 'cast away const' on ssid, which is never const-qualified in this function's signature -- no const to cast away.",41plus_b40,high
ARR00-C,hostap,wpa_supplicant/config.c,273,FP,"Free/UAF tracking doesn't separate mutually-exclusive branches: the os_free+return happens on the error branch, the cited access is only reached on the other, not-yet-freed path -- established pattern.",41plus_b40,high
DCL30-C,hostap,wpa_supplicant/config.c,274,FP,"DCL30-C/ARR00-C 'returns pointer to local variable' misapplied to a heap-allocated (os_malloc/os_zalloc/os_strdup) pointer -- confused local variable with local storage, established pattern.",41plus_b40,high
ARR00-C,hostap,wpa_supplicant/config.c,274,FP,"DCL30-C/ARR00-C 'returns pointer to local variable' misapplied to a heap-allocated (os_malloc/os_zalloc/os_strdup) pointer -- confused local variable with local storage, established pattern.",41plus_b40,high
API05-C,hostap,wpa_supplicant/config.c,280,FP,API05-C 'conformant array syntax' fires on the idiomatic C ptr+size (or null-terminated) parameter pair -- established categorical FP.,41plus_b40,high
API05-C,hostap,wpa_supplicant/config.c,281,FP,API05-C 'conformant array syntax' fires on the idiomatic C ptr+size (or null-terminated) parameter pair -- established categorical FP.,41plus_b40,high
MEM05-C,hostap,wpa_supplicant/config.c,285,FP,"MEM05-C 'VLA' flagged on 'u8 addr[2 * ETH_ALEN]', a fixed compile-time-constant-size array, not a VLA -- established pattern.",41plus_b40,high
ARR30-C,hostap,wpa_supplicant/config.c,292,FP,ARR30-C 'unbounded while loop' flagged on a scan of a proven NUL-terminated os_strdup'd string -- established bounded-scan pattern.,41plus_b40,high
EXP30-C,hostap,wpa_supplicant/config.c,320,FP,"EXP30-C 'unsequenced side effects' on wpa_printf(..., MAC2STR(addr), MAC2STR(&addr[ETH_ALEN])) -- MAC2STR is a pure byte-read macro, no side effects to unsequence -- established pattern.",41plus_b40,high
DCL30-C,hostap,wpa_supplicant/config.c,330,FP,DCL30-C misattributes a plain value-copy (pointer/int value) written through an out-param pointer as an address-escape -- established pattern extension (macro-constant precedent).,41plus_b40,high
API05-C,hostap,wpa_supplicant/config.c,339,FP,API05-C 'conformant array syntax' fires on the idiomatic C ptr+size (or null-terminated) parameter pair -- established categorical FP.,41plus_b40,high
DCL13-C,hostap,wpa_supplicant/config.c,339,TP,"wpa_config_write_addr_list's 'name' parameter is never used/modified in the function body and is not itself forwarded into a fixed-signature dispatch-table call -- genuine (if trivial) const opportunity, distinct from the ssid dispatch-table FP class.",41plus_b40,low
STR34-C,hostap,wpa_supplicant/config.c,359,FP,STR34-C misfires on a plain char assignment (no widening conversion) -- established 'plain char-to-char assignment' pattern.,41plus_b40,high
DCL30-C,hostap,wpa_supplicant/config.c,368,FP,"DCL30-C/ARR00-C 'returns pointer to local variable' misapplied to a heap-allocated (os_malloc/os_zalloc/os_strdup) pointer -- confused local variable with local storage, established pattern.",41plus_b40,high
DCL13-C,hostap,wpa_supplicant/config.c,395,FP,"Config-parser dispatch-table DCL13-C FP: 'ssid' param is either genuinely written via computed pointer offset in parser funcs, or unmodified-but-pinned by the fixed parser/writer function-pointer signature in struct parse_data (ssid_fields[] table) -- extends the eloop/EAP-method dispatch-contract FP class.",41plus_b40,high
ARR00-C,hostap,wpa_supplicant/config.c,411,FP,"Free/UAF tracking doesn't separate mutually-exclusive branches: the os_free+return happens on the error branch, the cited access is only reached on the other, not-yet-freed path -- established pattern.",41plus_b40,high
DCL30-C,hostap,wpa_supplicant/config.c,412,FP,"DCL30-C/ARR00-C 'returns pointer to local variable' misapplied to a heap-allocated (os_malloc/os_zalloc/os_strdup) pointer -- confused local variable with local storage, established pattern.",41plus_b40,high
ARR00-C,hostap,wpa_supplicant/config.c,412,FP,"DCL30-C/ARR00-C 'returns pointer to local variable' misapplied to a heap-allocated (os_malloc/os_zalloc/os_strdup) pointer -- confused local variable with local storage, established pattern.",41plus_b40,high
DCL13-C,hostap,wpa_supplicant/config.c,440,FP,"Config-parser dispatch-table DCL13-C FP: 'ssid' param is either genuinely written via computed pointer offset in parser funcs, or unmodified-but-pinned by the fixed parser/writer function-pointer signature in struct parse_data (ssid_fields[] table) -- extends the eloop/EAP-method dispatch-contract FP class.",41plus_b40,high
DCL30-C,hostap,wpa_supplicant/config.c,456,FP,"DCL30-C/ARR00-C 'returns pointer to local variable' misapplied to a heap-allocated (os_malloc/os_zalloc/os_strdup) pointer -- confused local variable with local storage, established pattern.",41plus_b40,high
DCL13-C,hostap,wpa_supplicant/config.c,487,FP,"Config-parser dispatch-table DCL13-C FP: 'ssid' param is either genuinely written via computed pointer offset in parser funcs, or unmodified-but-pinned by the fixed parser/writer function-pointer signature in struct parse_data (ssid_fields[] table) -- extends the eloop/EAP-method dispatch-contract FP class.",41plus_b40,high
DCL13-C,hostap,wpa_supplicant/config.c,497,FP,"Config-parser dispatch-table DCL13-C FP: 'ssid' param is either genuinely written via computed pointer offset in parser funcs, or unmodified-but-pinned by the fixed parser/writer function-pointer signature in struct parse_data (ssid_fields[] table) -- extends the eloop/EAP-method dispatch-contract FP class.",41plus_b40,high
DCL13-C,hostap,wpa_supplicant/config.c,533,FP,"Config-parser dispatch-table DCL13-C FP: 'ssid' param is either genuinely written via computed pointer offset in parser funcs, or unmodified-but-pinned by the fixed parser/writer function-pointer signature in struct parse_data (ssid_fields[] table) -- extends the eloop/EAP-method dispatch-contract FP class.",41plus_b40,high
DCL13-C,hostap,wpa_supplicant/config.c,543,FP,"Config-parser dispatch-table DCL13-C FP: 'ssid' param is either genuinely written via computed pointer offset in parser funcs, or unmodified-but-pinned by the fixed parser/writer function-pointer signature in struct parse_data (ssid_fields[] table) -- extends the eloop/EAP-method dispatch-contract FP class.",41plus_b40,high
MSC41-C,hostap,wpa_supplicant/config.c,593,FP,"MSC41-C fires on the debug-log title string literal ""PSK (ASCII passphrase)"" passed to wpa_hexdump_ascii_key, not an embedded secret -- established 'debug-log title, not real secret' pattern.",41plus_b40,high
EXP05-C,hostap,wpa_supplicant/config.c,594,FP,"EXP05-C cast-away-const where the cast value is only ever passed to const-taking callees, never written -- established no-write-follows pattern.",41plus_b40,high
EXP05-C,hostap,wpa_supplicant/config.c,595,FP,"EXP05-C cast-away-const where the cast value is only ever passed to const-taking callees, never written -- established no-write-follows pattern.",41plus_b40,high
MEM30-C,hostap,wpa_supplicant/config.c,609,FP,"ssid->passphrase is reassigned to dup_binstr()'s new result at line 608, immediately before the line-609 NULL check reads it -- not a use-after-free; free-state should have been cleared by the reassignment (cf. MEM30 reassign-clears-freed-state fix class).",41plus_b40,high
DCL13-C,hostap,wpa_supplicant/config.c,637,FP,"Config-parser dispatch-table DCL13-C FP: 'ssid' param is either genuinely written via computed pointer offset in parser funcs, or unmodified-but-pinned by the fixed parser/writer function-pointer signature in struct parse_data (ssid_fields[] table) -- extends the eloop/EAP-method dispatch-contract FP class.",41plus_b40,high
DCL13-C,hostap,wpa_supplicant/config.c,698,FP,"Config-parser dispatch-table DCL13-C FP: 'ssid' param is either genuinely written via computed pointer offset in parser funcs, or unmodified-but-pinned by the fixed parser/writer function-pointer signature in struct parse_data (ssid_fields[] table) -- extends the eloop/EAP-method dispatch-contract FP class.",41plus_b40,high
ARR30-C,hostap,wpa_supplicant/config.c,717,FP,ARR30-C 'unbounded while loop' flagged on a scan of a proven NUL-terminated os_strdup'd string -- established bounded-scan pattern.,41plus_b40,high
STR34-C,hostap,wpa_supplicant/config.c,726,FP,STR34-C misfires on a plain char assignment (no widening conversion) -- established 'plain char-to-char assignment' pattern.,41plus_b40,high
DCL13-C,hostap,wpa_supplicant/config.c,760,FP,"Config-parser dispatch-table DCL13-C FP: 'ssid' param is either genuinely written via computed pointer offset in parser funcs, or unmodified-but-pinned by the fixed parser/writer function-pointer signature in struct parse_data (ssid_fields[] table) -- extends the eloop/EAP-method dispatch-contract FP class.",41plus_b40,high
DCL30-C,hostap,wpa_supplicant/config.c,774,FP,"DCL30-C/ARR00-C 'returns pointer to local variable' misapplied to a heap-allocated (os_malloc/os_zalloc/os_strdup) pointer -- confused local variable with local storage, established pattern.",41plus_b40,high
DCL30-C,hostap,wpa_supplicant/config.c,782,FP,"DCL30-C/ARR00-C 'returns pointer to local variable' misapplied to a heap-allocated (os_malloc/os_zalloc/os_strdup) pointer -- confused local variable with local storage, established pattern.",41plus_b40,high
DCL30-C,hostap,wpa_supplicant/config.c,791,FP,"DCL30-C/ARR00-C 'returns pointer to local variable' misapplied to a heap-allocated (os_malloc/os_zalloc/os_strdup) pointer -- confused local variable with local storage, established pattern.",41plus_b40,high
MSC37-C,hostap,wpa_supplicant/config.c,796,FP,MSC37-C 'may reach end without returning' is factually wrong: every path in this function (including all #ifdef/#else branches) ends in an explicit return statement.,41plus_b40,high
DCL13-C,hostap,wpa_supplicant/config.c,797,FP,"Config-parser dispatch-table DCL13-C FP: 'ssid' param is either genuinely written via computed pointer offset in parser funcs, or unmodified-but-pinned by the fixed parser/writer function-pointer signature in struct parse_data (ssid_fields[] table) -- extends the eloop/EAP-method dispatch-contract FP class.",41plus_b40,high
ARR30-C,hostap,wpa_supplicant/config.c,808,FP,ARR30-C 'unbounded while loop' flagged on a scan of a proven NUL-terminated os_strdup'd string -- established bounded-scan pattern.,41plus_b40,high
STR34-C,hostap,wpa_supplicant/config.c,817,FP,STR34-C misfires on a plain char assignment (no widening conversion) -- established 'plain char-to-char assignment' pattern.,41plus_b40,high
MSC01-C,hostap,wpa_supplicant/config.c,826,FP,MSC01-C 'no final else' is wrong: the else-if chain does have a terminal 'else { ...; errors++; }' at line 892 -- intervening #ifdef CONFIG_* blocks between here and there hide it from the rule's chain-scan (established preprocessor-branch-blindness family).,41plus_b40,high
MSC13-C,hostap,wpa_supplicant/config.c,829,FP,MSC13-C flags a dead assignment to a variable literally named 'if' at a plain 'else if (...)' line -- no such variable/assignment exists; tool misattribution/line-drift bug.,41plus_b40,high
MEM05-C,hostap,wpa_supplicant/config.c,829,FP,"MEM05-C 'VLA' fires on a line with no array declaration at all (a plain else-if comparison) -- misattribution/line-drift bug, same cluster as the adjacent MSC13-C nonsense finding.",41plus_b40,high
INT14-C,hostap,wpa_supplicant/config.c,893,FP,INT10-C/INT33-C misparses a printf format specifier (%s/%x) or a fragment of an adjacent string literal inside a debug wpa_printf() call as a real modulo/division operand -- established string-literal-misparse pattern (config_file.c precedent).,41plus_b40,high
INT10-C,hostap,wpa_supplicant/config.c,893,FP,INT10-C/INT33-C misparses a printf format specifier (%s/%x) or a fragment of an adjacent string literal inside a debug wpa_printf() call as a real modulo/division operand -- established string-literal-misparse pattern (config_file.c precedent).,41plus_b40,high
INT33-C,hostap,wpa_supplicant/config.c,906,FP,INT10-C/INT33-C misparses a printf format specifier (%s/%x) or a fragment of an adjacent string literal inside a debug wpa_printf() call as a real modulo/division operand -- established string-literal-misparse pattern (config_file.c precedent).,41plus_b40,high
INT10-C,hostap,wpa_supplicant/config.c,906,FP,INT10-C/INT33-C misparses a printf format specifier (%s/%x) or a fragment of an adjacent string literal inside a debug wpa_printf() call as a real modulo/division operand -- established string-literal-misparse pattern (config_file.c precedent).,41plus_b40,high
INT14-C,hostap,wpa_supplicant/config.c,910,FP,"INT14-C conflates the struct pointer itself with a bitwise use of one of its member fields (ssid->key_mgmt/eap.flags etc.) -- ssid itself is never used with bitwise or arithmetic ops, only member-accessed -- established field-conflation pattern.",41plus_b40,high
INT33-C,hostap,wpa_supplicant/config.c,912,FP,INT10-C/INT33-C misparses a printf format specifier (%s/%x) or a fragment of an adjacent string literal inside a debug wpa_printf() call as a real modulo/division operand -- established string-literal-misparse pattern (config_file.c precedent).,41plus_b40,high
INT10-C,hostap,wpa_supplicant/config.c,912,FP,INT10-C/INT33-C misparses a printf format specifier (%s/%x) or a fragment of an adjacent string literal inside a debug wpa_printf() call as a real modulo/division operand -- established string-literal-misparse pattern (config_file.c precedent).,41plus_b40,high
STR31-C,hostap,wpa_supplicant/config.c,925,FP,"STR31-C 'character array too small' fires on a line that is a plain pointer-assignment ('pos = buf = os_zalloc(100);'), not a character array declaration at all -- misattribution/line-drift bug.",41plus_b40,high
DCL37-C,hostap,wpa_supplicant/config.c,927,FP,"DCL37-C 'reserved identifier NULL' fires on a correct, standard 'return NULL;' -- NULL is the standard reserved macro used exactly as intended, not a user-defined reserved identifier.",41plus_b40,high
MEM30-C,hostap,wpa_supplicant/config.c,931,FP,"MEM30-C claims a free precedes this line, but no os_free() call occurs anywhere earlier in this function (buf/end are freshly os_zalloc'd) -- likely cross-function name conflation with a sibling writer function's os_free(buf), same root cause as the documented EXP39-C cross-function conflation bug.",41plus_b40,high
DCL30-C,hostap,wpa_supplicant/config.c,935,FP,"DCL30-C/ARR00-C 'returns pointer to local variable' misapplied to a heap-allocated (os_malloc/os_zalloc/os_strdup) pointer -- confused local variable with local storage, established pattern.",41plus_b40,high
MEM30-C,hostap,wpa_supplicant/config.c,935,FP,"MEM30-C claims a free precedes this line, but no os_free() call occurs anywhere earlier in this function (buf/end are freshly os_zalloc'd) -- likely cross-function name conflation with a sibling writer function's os_free(buf), same root cause as the documented EXP39-C cross-function conflation bug.",41plus_b40,high
MSC13-C,hostap,wpa_supplicant/config.c,937,FP,"MSC13-C 'pos never read' is wrong: 'pos' is read/used in every subsequent os_snprintf(pos, end-pos, ...) call throughout the rest of this long function.",41plus_b40,high
ARR00-C,hostap,wpa_supplicant/config.c,944,FP,"ARR00-C 'negative subscript' on ptr[-1] where ptr is an end-of-buffer pointer (end = buf+N), not the array base -- valid in-bounds access, established ptr[-1] pattern.",41plus_b40,high
ARR00-C,hostap,wpa_supplicant/config.c,954,FP,"ARR00-C 'negative subscript' on ptr[-1] where ptr is an end-of-buffer pointer (end = buf+N), not the array base -- valid in-bounds access, established ptr[-1] pattern.",41plus_b40,high
ARR00-C,hostap,wpa_supplicant/config.c,964,FP,"ARR00-C 'negative subscript' on ptr[-1] where ptr is an end-of-buffer pointer (end = buf+N), not the array base -- valid in-bounds access, established ptr[-1] pattern.",41plus_b40,high
ARR00-C,hostap,wpa_supplicant/config.c,974,FP,"ARR00-C 'negative subscript' on ptr[-1] where ptr is an end-of-buffer pointer (end = buf+N), not the array base -- valid in-bounds access, established ptr[-1] pattern.",41plus_b40,high
ARR00-C,hostap,wpa_supplicant/config.c,985,FP,"ARR00-C 'negative subscript' on ptr[-1] where ptr is an end-of-buffer pointer (end = buf+N), not the array base -- valid in-bounds access, established ptr[-1] pattern.",41plus_b40,high
ARR00-C,hostap,wpa_supplicant/config.c,995,FP,"ARR00-C 'negative subscript' on ptr[-1] where ptr is an end-of-buffer pointer (end = buf+N), not the array base -- valid in-bounds access, established ptr[-1] pattern.",41plus_b40,high
ARR00-C,hostap,wpa_supplicant/config.c,1006,FP,"ARR00-C 'negative subscript' on ptr[-1] where ptr is an end-of-buffer pointer (end = buf+N), not the array base -- valid in-bounds access, established ptr[-1] pattern.",41plus_b40,high
ARR00-C,hostap,wpa_supplicant/config.c,1019,FP,"ARR00-C 'negative subscript' on ptr[-1] where ptr is an end-of-buffer pointer (end = buf+N), not the array base -- valid in-bounds access, established ptr[-1] pattern.",41plus_b40,high
ARR00-C,hostap,wpa_supplicant/config.c,1030,FP,"ARR00-C 'negative subscript' on ptr[-1] where ptr is an end-of-buffer pointer (end = buf+N), not the array base -- valid in-bounds access, established ptr[-1] pattern.",41plus_b40,high
ARR00-C,hostap,wpa_supplicant/config.c,1040,FP,"ARR00-C 'negative subscript' on ptr[-1] where ptr is an end-of-buffer pointer (end = buf+N), not the array base -- valid in-bounds access, established ptr[-1] pattern.",41plus_b40,high
ARR00-C,hostap,wpa_supplicant/config.c,1051,FP,"ARR00-C 'negative subscript' on ptr[-1] where ptr is an end-of-buffer pointer (end = buf+N), not the array base -- valid in-bounds access, established ptr[-1] pattern.",41plus_b40,high
ARR00-C,hostap,wpa_supplicant/config.c,1063,FP,"ARR00-C 'negative subscript' on ptr[-1] where ptr is an end-of-buffer pointer (end = buf+N), not the array base -- valid in-bounds access, established ptr[-1] pattern.",41plus_b40,high
ARR00-C,hostap,wpa_supplicant/config.c,1073,FP,"ARR00-C 'negative subscript' on ptr[-1] where ptr is an end-of-buffer pointer (end = buf+N), not the array base -- valid in-bounds access, established ptr[-1] pattern.",41plus_b40,high
ARR00-C,hostap,wpa_supplicant/config.c,1083,FP,"ARR00-C 'negative subscript' on ptr[-1] where ptr is an end-of-buffer pointer (end = buf+N), not the array base -- valid in-bounds access, established ptr[-1] pattern.",41plus_b40,high
ARR00-C,hostap,wpa_supplicant/config.c,1093,FP,"ARR00-C 'negative subscript' on ptr[-1] where ptr is an end-of-buffer pointer (end = buf+N), not the array base -- valid in-bounds access, established ptr[-1] pattern.",41plus_b40,high
ARR00-C,hostap,wpa_supplicant/config.c,1105,FP,"ARR00-C 'negative subscript' on ptr[-1] where ptr is an end-of-buffer pointer (end = buf+N), not the array base -- valid in-bounds access, established ptr[-1] pattern.",41plus_b40,high
ARR00-C,hostap,wpa_supplicant/config.c,1117,FP,"ARR00-C 'negative subscript' on ptr[-1] where ptr is an end-of-buffer pointer (end = buf+N), not the array base -- valid in-bounds access, established ptr[-1] pattern.",41plus_b40,high
ARR00-C,hostap,wpa_supplicant/config.c,1129,FP,"ARR00-C 'negative subscript' on ptr[-1] where ptr is an end-of-buffer pointer (end = buf+N), not the array base -- valid in-bounds access, established ptr[-1] pattern.",41plus_b40,high
ARR00-C,hostap,wpa_supplicant/config.c,1138,FP,"ARR00-C 'negative subscript' on ptr[-1] where ptr is an end-of-buffer pointer (end = buf+N), not the array base -- valid in-bounds access, established ptr[-1] pattern.",41plus_b40,high
ARR00-C,hostap,wpa_supplicant/config.c,1148,FP,"ARR00-C 'negative subscript' on ptr[-1] where ptr is an end-of-buffer pointer (end = buf+N), not the array base -- valid in-bounds access, established ptr[-1] pattern.",41plus_b40,high
ARR00-C,hostap,wpa_supplicant/config.c,1157,FP,"ARR00-C 'negative subscript' on ptr[-1] where ptr is an end-of-buffer pointer (end = buf+N), not the array base -- valid in-bounds access, established ptr[-1] pattern.",41plus_b40,high
ARR00-C,hostap,wpa_supplicant/config.c,1170,FP,"ARR00-C 'negative subscript' on ptr[-1] where ptr is an end-of-buffer pointer (end = buf+N), not the array base -- valid in-bounds access, established ptr[-1] pattern.",41plus_b40,high
ARR00-C,hostap,wpa_supplicant/config.c,1182,FP,"ARR00-C 'negative subscript' on ptr[-1] where ptr is an end-of-buffer pointer (end = buf+N), not the array base -- valid in-bounds access, established ptr[-1] pattern.",41plus_b40,high
ARR00-C,hostap,wpa_supplicant/config.c,1194,FP,"ARR00-C 'negative subscript' on ptr[-1] where ptr is an end-of-buffer pointer (end = buf+N), not the array base -- valid in-bounds access, established ptr[-1] pattern.",41plus_b40,high
MSC37-C,hostap,wpa_supplicant/config.c,1211,FP,MSC37-C 'may reach end without returning' is factually wrong: every path in this function (including all #ifdef/#else branches) ends in an explicit return statement.,41plus_b40,high
STR34-C,hostap,wpa_supplicant/config.c,1216,FP,"STR34-C claims a char-to-larger-int conversion of 'value', but line 1216 is 'int val = wpa_parse_cipher(value);' -- value is a const char* pointer parameter, no char widening conversion exists at this line -- misattribution bug.",41plus_b40,high
MSC37-C,hostap,wpa_supplicant/config.c,1233,FP,MSC37-C 'may reach end without returning' is factually wrong: every path in this function (including all #ifdef/#else branches) ends in an explicit return statement.,41plus_b40,high
INT13-C,hostap,wpa_supplicant/config.c,1261,FP,"INT13-C 'bitwise op on signed operand' on 'val' -- val is provably non-negative here (wpa_config_parse_cipher's only negative return, -1, is checked and returned early just above) -- rule doesn't see the earlier guard, established 'rule doesn't see cross-call/earlier guard' family.",41plus_b40,med
DCL13-C,hostap,wpa_supplicant/config.c,1277,FP,"Config-parser dispatch-table DCL13-C FP: 'ssid' param is either genuinely written via computed pointer offset in parser funcs, or unmodified-but-pinned by the fixed parser/writer function-pointer signature in struct parse_data (ssid_fields[] table) -- extends the eloop/EAP-method dispatch-contract FP class.",41plus_b40,high
INT13-C,hostap,wpa_supplicant/config.c,1299,FP,"INT13-C 'bitwise op on signed operand' on 'val' -- val is provably non-negative here (wpa_config_parse_cipher's only negative return, -1, is checked and returned early just above) -- rule doesn't see the earlier guard, established 'rule doesn't see cross-call/earlier guard' family.",41plus_b40,med
DCL13-C,hostap,wpa_supplicant/config.c,1315,FP,"Config-parser dispatch-table DCL13-C FP: 'ssid' param is either genuinely written via computed pointer offset in parser funcs, or unmodified-but-pinned by the fixed parser/writer function-pointer signature in struct parse_data (ssid_fields[] table) -- extends the eloop/EAP-method dispatch-contract FP class.",41plus_b40,high
INT13-C,hostap,wpa_supplicant/config.c,1332,FP,"INT13-C 'bitwise op on signed operand' on 'val' -- val is provably non-negative here (wpa_config_parse_cipher's only negative return, -1, is checked and returned early just above) -- rule doesn't see the earlier guard, established 'rule doesn't see cross-call/earlier guard' family.",41plus_b40,med
DCL13-C,hostap,wpa_supplicant/config.c,1349,FP,"Config-parser dispatch-table DCL13-C FP: 'ssid' param is either genuinely written via computed pointer offset in parser funcs, or unmodified-but-pinned by the fixed parser/writer function-pointer signature in struct parse_data (ssid_fields[] table) -- extends the eloop/EAP-method dispatch-contract FP class.",41plus_b40,high
ARR30-C,hostap,wpa_supplicant/config.c,1368,FP,ARR30-C 'unbounded while loop' flagged on a scan of a proven NUL-terminated os_strdup'd string -- established bounded-scan pattern.,41plus_b40,high
STR34-C,hostap,wpa_supplicant/config.c,1377,FP,STR34-C misfires on a plain char assignment (no widening conversion) -- established 'plain char-to-char assignment' pattern.,41plus_b40,high
DCL13-C,hostap,wpa_supplicant/config.c,1412,FP,"Config-parser dispatch-table DCL13-C FP: 'ssid' param is either genuinely written via computed pointer offset in parser funcs, or unmodified-but-pinned by the fixed parser/writer function-pointer signature in struct parse_data (ssid_fields[] table) -- extends the eloop/EAP-method dispatch-contract FP class.",41plus_b40,high
ARR00-C,hostap,wpa_supplicant/config.c,1426,FP,"ARR00-C 'negative subscript' on ptr[-1] where ptr is an end-of-buffer pointer (end = buf+N), not the array base -- valid in-bounds access, established ptr[-1] pattern.",41plus_b40,high
DCL30-C,hostap,wpa_supplicant/config.c,1427,FP,"DCL30-C/ARR00-C 'returns pointer to local variable' misapplied to a heap-allocated (os_malloc/os_zalloc/os_strdup) pointer -- confused local variable with local storage, established pattern.",41plus_b40,high
ARR00-C,hostap,wpa_supplicant/config.c,1436,FP,"ARR00-C 'negative subscript' on ptr[-1] where ptr is an end-of-buffer pointer (end = buf+N), not the array base -- valid in-bounds access, established ptr[-1] pattern.",41plus_b40,high
DCL30-C,hostap,wpa_supplicant/config.c,1437,FP,"DCL30-C/ARR00-C 'returns pointer to local variable' misapplied to a heap-allocated (os_malloc/os_zalloc/os_strdup) pointer -- confused local variable with local storage, established pattern.",41plus_b40,high
ARR00-C,hostap,wpa_supplicant/config.c,1446,FP,"ARR00-C 'negative subscript' on ptr[-1] where ptr is an end-of-buffer pointer (end = buf+N), not the array base -- valid in-bounds access, established ptr[-1] pattern.",41plus_b40,high
DCL30-C,hostap,wpa_supplicant/config.c,1447,FP,"DCL30-C/ARR00-C 'returns pointer to local variable' misapplied to a heap-allocated (os_malloc/os_zalloc/os_strdup) pointer -- confused local variable with local storage, established pattern.",41plus_b40,high
DCL30-C,hostap,wpa_supplicant/config.c,1457,FP,"DCL30-C/ARR00-C 'returns pointer to local variable' misapplied to a heap-allocated (os_malloc/os_zalloc/os_strdup) pointer -- confused local variable with local storage, established pattern.",41plus_b40,high
ARR30-C,hostap,wpa_supplicant/config.c,1475,FP,ARR30-C 'unbounded while loop' flagged on a scan of a proven NUL-terminated os_strdup'd string -- established bounded-scan pattern.,41plus_b40,high
ARR00-C,hostap,wpa_supplicant/config.c,1492,FP,"ARR00-C claims 'freqs' was freed, but no os_free(freqs) occurs anywhere in wpa_config_parse_int_array itself -- the os_free(freqs) calls are in caller functions (wpa_config_parse_scan_freq/freq_list) with a distinct, same-named local variable -- cross-function name conflation, same root cause as the documented EXP39-C bug.",41plus_b40,high
ERR07-C,hostap,wpa_supplicant/config.c,1492,FP,atoi()'s 0-on-error return is used here purely as the list-termination sentinel (0 is never a valid Wi-Fi frequency); parse failure and end-of-list are handled identically and safely -- same shape as the established 'range-checked atoi' FP class.,41plus_b40,med
ERR34-C,hostap,wpa_supplicant/config.c,1492,FP,atoi()'s 0-on-error return is used here purely as the list-termination sentinel (0 is never a valid Wi-Fi frequency); parse failure and end-of-list are handled identically and safely -- same shape as the established 'range-checked atoi' FP class.,41plus_b40,med
ARR00-C,hostap,wpa_supplicant/config.c,1493,FP,"ARR00-C claims 'freqs' was freed, but no os_free(freqs) occurs anywhere in wpa_config_parse_int_array itself -- the os_free(freqs) calls are in caller functions (wpa_config_parse_scan_freq/freq_list) with a distinct, same-named local variable -- cross-function name conflation, same root cause as the documented EXP39-C bug.",41plus_b40,high
DCL30-C,hostap,wpa_supplicant/config.c,1499,FP,"DCL30-C/ARR00-C 'returns pointer to local variable' misapplied to a heap-allocated (os_malloc/os_zalloc/os_strdup) pointer -- confused local variable with local storage, established pattern.",41plus_b40,high
ARR00-C,hostap,wpa_supplicant/config.c,1499,FP,"DCL30-C/ARR00-C 'returns pointer to local variable' misapplied to a heap-allocated (os_malloc/os_zalloc/os_strdup) pointer -- confused local variable with local storage, established pattern.",41plus_b40,high
API05-C,hostap,wpa_supplicant/config.c,1503,FP,API05-C 'conformant array syntax' fires on the idiomatic C ptr+size (or null-terminated) parameter pair -- established categorical FP.,41plus_b40,high
API05-C,hostap,wpa_supplicant/config.c,1503,FP,API05-C 'conformant array syntax' fires on the idiomatic C ptr+size (or null-terminated) parameter pair -- established categorical FP.,41plus_b40,high
DCL13-C,hostap,wpa_supplicant/config.c,1503,TP,"wpa_config_print_int_array's 'array' parameter's pointee is only ever read (*array); the function increments the local pointer copy (array++), which remains legal even if declared const int * -- genuine, if low-value, const opportunity.",41plus_b40,low
MEM10-C,hostap,wpa_supplicant/config.c,1574,FP,MEM10-C fires on an ordinary if (ptr == NULL) guard -- established stylistic-pedantry pattern.,41plus_b40,high
ARR00-C,hostap,wpa_supplicant/config.c,1590,FP,"ARR00-C 'negative subscript' on ptr[-1] where ptr is an end-of-buffer pointer (end = buf+N), not the array base -- valid in-bounds access, established ptr[-1] pattern.",41plus_b40,high
DCL30-C,hostap,wpa_supplicant/config.c,1591,FP,"DCL30-C/ARR00-C 'returns pointer to local variable' misapplied to a heap-allocated (os_malloc/os_zalloc/os_strdup) pointer -- confused local variable with local storage, established pattern.",41plus_b40,high
DCL30-C,hostap,wpa_supplicant/config.c,1596,FP,"DCL30-C/ARR00-C 'returns pointer to local variable' misapplied to a heap-allocated (os_malloc/os_zalloc/os_strdup) pointer -- confused local variable with local storage, established pattern.",41plus_b40,high
DCL13-C,hostap,wpa_supplicant/config.c,1601,FP,"Config-parser dispatch-table DCL13-C FP: 'ssid' param is either genuinely written via computed pointer offset in parser funcs, or unmodified-but-pinned by the fixed parser/writer function-pointer signature in struct parse_data (ssid_fields[] table) -- extends the eloop/EAP-method dispatch-contract FP class.",41plus_b40,high
DCL13-C,hostap,wpa_supplicant/config.c,1608,FP,"Config-parser dispatch-table DCL13-C FP: 'ssid' param is either genuinely written via computed pointer offset in parser funcs, or unmodified-but-pinned by the fixed parser/writer function-pointer signature in struct parse_data (ssid_fields[] table) -- extends the eloop/EAP-method dispatch-contract FP class.",41plus_b40,high
ARR30-C,hostap,wpa_supplicant/config.c,1630,FP,ARR30-C 'unbounded while loop' flagged on a scan of a proven NUL-terminated os_strdup'd string -- established bounded-scan pattern.,41plus_b40,high
STR34-C,hostap,wpa_supplicant/config.c,1639,FP,STR34-C misfires on a plain char assignment (no widening conversion) -- established 'plain char-to-char assignment' pattern.,41plus_b40,high
DCL13-C,hostap,wpa_supplicant/config.c,1717,FP,"Config-parser dispatch-table DCL13-C FP: 'ssid' param is either genuinely written via computed pointer offset in parser funcs, or unmodified-but-pinned by the fixed parser/writer function-pointer signature in struct parse_data (ssid_fields[] table) -- extends the eloop/EAP-method dispatch-contract FP class.",41plus_b40,high
ARR00-C,hostap,wpa_supplicant/config.c,1745,FP,"ARR00-C 'negative subscript' on ptr[-1] where ptr is an end-of-buffer pointer (end = buf+N), not the array base -- valid in-bounds access, established ptr[-1] pattern.",41plus_b40,high
DCL30-C,hostap,wpa_supplicant/config.c,1747,FP,"DCL30-C/ARR00-C 'returns pointer to local variable' misapplied to a heap-allocated (os_malloc/os_zalloc/os_strdup) pointer -- confused local variable with local storage, established pattern.",41plus_b40,high
DCL13-C,hostap,wpa_supplicant/config.c,1942,FP,"Config-parser dispatch-table DCL13-C FP: 'ssid' param is either genuinely written via computed pointer offset in parser funcs, or unmodified-but-pinned by the fixed parser/writer function-pointer signature in struct parse_data (ssid_fields[] table) -- extends the eloop/EAP-method dispatch-contract FP class.",41plus_b40,high
INT14-C,hostap,wpa_supplicant/config.c,1950,FP,"INT14-C conflates the struct pointer itself with a bitwise use of one of its member fields (ssid->key_mgmt/eap.flags etc.) -- ssid itself is never used with bitwise or arithmetic ops, only member-accessed -- established field-conflation pattern.",41plus_b40,high
DCL30-C,hostap,wpa_supplicant/config.c,1956,FP,"DCL30-C/ARR00-C 'returns pointer to local variable' misapplied to a heap-allocated (os_malloc/os_zalloc/os_strdup) pointer -- confused local variable with local storage, established pattern.",41plus_b40,high
DCL30-C,hostap,wpa_supplicant/config.c,1972,FP,"DCL30-C/ARR00-C 'returns pointer to local variable' misapplied to a heap-allocated (os_malloc/os_zalloc/os_strdup) pointer -- confused local variable with local storage, established pattern.",41plus_b40,high
DCL13-C,hostap,wpa_supplicant/config.c,1977,FP,"Config-parser dispatch-table DCL13-C FP: 'ssid' param is either genuinely written via computed pointer offset in parser funcs, or unmodified-but-pinned by the fixed parser/writer function-pointer signature in struct parse_data (ssid_fields[] table) -- extends the eloop/EAP-method dispatch-contract FP class.",41plus_b40,high
INT14-C,hostap,wpa_supplicant/config.c,1985,FP,"INT14-C conflates the struct pointer itself with a bitwise use of one of its member fields (ssid->key_mgmt/eap.flags etc.) -- ssid itself is never used with bitwise or arithmetic ops, only member-accessed -- established field-conflation pattern.",41plus_b40,high
DCL30-C,hostap,wpa_supplicant/config.c,1992,FP,"DCL30-C/ARR00-C 'returns pointer to local variable' misapplied to a heap-allocated (os_malloc/os_zalloc/os_strdup) pointer -- confused local variable with local storage, established pattern.",41plus_b40,high
