rule,project,file,line,verdict,reason,provenance,confidence
API02-C,hostap,src/common/sae.h,144,FP,"API02-C misfires: last-pointer-param heuristic; out-param is scalar int*, no array (confirmed API02-C FP class)",hostap_full_audit_0.4.169,high
API02-C,hostap,src/common/sae.h,151,FP,"API02-C: allowed_groups int* is scalar out-param, not an array needing size (confirmed API02-C FP class)",hostap_full_audit_0.4.169,high
API05-C,hostap,src/common/sae.h,152,FP,API05-C ptr+size_t idiom (token+token_len); confirmed categorical FP,hostap_full_audit_0.4.169,high
API05-C,hostap,src/common/sae.h,153,FP,API05-C ptr+size_t idiom (allowed_groups list); confirmed categorical FP,hostap_full_audit_0.4.169,high
API02-C,hostap,src/common/sae.h,155,FP,"API02-C: ie_offset is a scalar int* out-param, not an array (confirmed FP class)",hostap_full_audit_0.4.169,high
API05-C,hostap,src/common/sae.h,156,FP,API05-C ptr+size_t idiom (ie_offset scalar out-param); confirmed FP class,hostap_full_audit_0.4.169,high
API02-C,hostap,src/common/sae.h,157,FP,"API02-C: group_allowed's allowed_groups is a zero-terminated int list, not unsized array needing a size param",hostap_full_audit_0.4.169,med
API02-C,hostap,src/common/sae.h,161,FP,"API02-C: groups is a zero-terminated int array (sentinel-bounded), no separate size needed",hostap_full_audit_0.4.169,med
API05-C,hostap,src/common/sae.h,161,FP,API05-C ptr+size_t idiom (ssid+ssid_len); confirmed FP class,hostap_full_audit_0.4.169,high
API02-C,hostap,src/common/sae.h,183,FP,"API02-C: out_len is a scalar size_t* out-param, not an unsized array (confirmed FP class)",hostap_full_audit_0.4.169,high
API05-C,hostap,src/common/sae.h,183,FP,API05-C ptr+size_t idiom (src+len); confirmed FP class,hostap_full_audit_0.4.169,high
API05-C,hostap,src/common/wpa_helpers.h,14,FP,"API05-C ptr+size_t idiom, idiomatic C, confirmed categorical FP",hostap_full_audit_0.4.169,high
API05-C,hostap,src/common/wpa_helpers.h,14,FP,"API05-C ptr+size_t idiom, idiomatic C, confirmed categorical FP",hostap_full_audit_0.4.169,high
API05-C,hostap,src/common/wpa_helpers.h,15,FP,"API05-C ptr+size_t idiom, idiomatic C, confirmed categorical FP",hostap_full_audit_0.4.169,high
API05-C,hostap,src/common/wpa_helpers.h,16,FP,"API05-C ptr+size_t idiom, idiomatic C, confirmed categorical FP",hostap_full_audit_0.4.169,high
API05-C,hostap,src/common/wpa_helpers.h,16,FP,"API05-C ptr+size_t idiom, idiomatic C, confirmed categorical FP",hostap_full_audit_0.4.169,high
API05-C,hostap,src/common/wpa_helpers.h,16,FP,"API05-C ptr+size_t idiom, idiomatic C, confirmed categorical FP",hostap_full_audit_0.4.169,high
API05-C,hostap,src/common/wpa_helpers.h,22,FP,"API05-C ptr+size_t idiom, idiomatic C, confirmed categorical FP",hostap_full_audit_0.4.169,high
API05-C,hostap,src/common/wpa_helpers.h,22,FP,"API05-C ptr+size_t idiom, idiomatic C, confirmed categorical FP",hostap_full_audit_0.4.169,high
API05-C,hostap,src/common/wpa_helpers.h,24,FP,"API05-C ptr+size_t idiom, idiomatic C, confirmed categorical FP",hostap_full_audit_0.4.169,high
API05-C,hostap,src/common/wpa_helpers.h,24,FP,"API05-C ptr+size_t idiom, idiomatic C, confirmed categorical FP",hostap_full_audit_0.4.169,high
API05-C,hostap,src/common/wpa_helpers.h,25,FP,"API05-C ptr+size_t idiom, idiomatic C, confirmed categorical FP",hostap_full_audit_0.4.169,high
API00-C,hostap,src/crypto/aes-eax.c,28,FP,"API00-C: hdr is internal-only API, all 3 real callers pass fixed non-NULL sizeof()-bounded args",hostap_full_audit_0.4.169,high
API00-C,hostap,src/crypto/aes-eax.c,28,FP,"API00-C: data_len always sizeof()-bounded at all 3 call sites, no realistic overflow path",hostap_full_audit_0.4.169,med
INT30-C,hostap,src/crypto/aes-eax.c,54,FP,"INT30-C: nonce_len/hdr_len/data_len always small sizeof()-bounded values at every caller, wrap unreachable",hostap_full_audit_0.4.169,med
INT30-C,hostap,src/crypto/aes-eax.c,59,FP,INT30-C: same bounded-value wrap-unreachable reasoning as :54,hostap_full_audit_0.4.169,med
INT30-C,hostap,src/crypto/aes-eax.c,66,FP,INT30-C: same bounded-value wrap-unreachable reasoning as :54,hostap_full_audit_0.4.169,med
API00-C,hostap,src/crypto/aes-eax.c,92,FP,"API00-C: data_len bounded at all callers, same reasoning as :28",hostap_full_audit_0.4.169,med
INT30-C,hostap,src/crypto/aes-eax.c,118,FP,"INT30-C: bounded value, wrap unreachable, decrypt path mirrors encrypt",hostap_full_audit_0.4.169,med
ARR00-C,hostap,src/crypto/aes-eax.c,123,FP,ARR00-C UAF: buf freed only on the mutually-exclusive if-branch that returns immediately at :119-121; continuing to :123 means that branch didn't execute (confirmed mutually-exclusive-branch free-tracking FP class),hostap_full_audit_0.4.169,high
INT30-C,hostap,src/crypto/aes-eax.c,125,FP,"INT30-C bounded value, wrap unreachable",hostap_full_audit_0.4.169,med
ARR00-C,hostap,src/crypto/aes-eax.c,130,FP,"ARR00-C UAF: same mutually-exclusive-branch misattribution as :123, citing the :126 free from a sibling returning branch",hostap_full_audit_0.4.169,high
INT30-C,hostap,src/crypto/aes-eax.c,132,FP,"INT30-C bounded value, wrap unreachable",hostap_full_audit_0.4.169,med
EXP33-C,hostap,src/eap_server/eap_server_methods.c,29,FP,"EXP33-C: static-storage global is zero-initialized by the C standard, not uninitialized",hostap_full_audit_0.4.169,high
DCL30-C,hostap,src/eap_server/eap_server_methods.c,31,FP,"DCL30-C: m walks a heap-allocated linked list (os_zalloc'd nodes), not automatic storage; confused variable with storage",hostap_full_audit_0.4.169,high
EXP33-C,hostap,src/eap_server/eap_server_methods.c,49,FP,EXP33-C: same static-storage zero-init misfire as :29,hostap_full_audit_0.4.169,high
EXP33-C,hostap,src/eap_server/eap_server_methods.c,77,FP,"EXP33-C sizeof(*eap) idiom on os_zalloc(sizeof(*eap)) is never a dereference, confirmed FP class",hostap_full_audit_0.4.169,high
DCL30-C,hostap,src/eap_server/eap_server_methods.c,84,FP,"DCL30-C: eap is heap-allocated via os_zalloc, not automatic storage",hostap_full_audit_0.4.169,high
EXP34-C,hostap,src/eap_server/eap_server_methods.c,114,FP,"EXP34-C: eap_server_method_free(NULL) is a plain os_free(NULL), which is a safe standard no-op; deliberate NULL path",hostap_full_audit_0.4.169,high
EXP33-C,hostap,src/eap_server/eap_server_methods.c,118,FP,EXP33-C: same static-storage zero-init misfire,hostap_full_audit_0.4.169,high
MSC13-C,hostap,src/eap_server/eap_server_methods.c,131,FP,MSC13-C: eap_methods is a static global read by eap_server_get_eap_method/get_type/get_name later; intra-procedural dead-store check misses cross-function global reads,hostap_full_audit_0.4.169,high
EXP33-C,hostap,src/eap_server/eap_server_methods.c,147,FP,EXP33-C: same static-storage zero-init misfire,hostap_full_audit_0.4.169,high
MEM30-C,hostap,src/eap_server/eap_server_methods.c,152,FP,"MEM30-C: m is reassigned to a fresh eap_methods node at the top of every loop iteration before use; the freed m from the prior iteration is never the one read (loop-carried reassignment, extends mem30-reassign-and-fresh-binding fix class)",hostap_full_audit_0.4.169,high
EXP33-C,hostap,src/eap_server/eap_server_methods.c,173,FP,EXP33-C: same static-storage zero-init misfire,hostap_full_audit_0.4.169,high
API05-C,hostap,src/utils/config.c,15,FP,API05-C ptr+size_t idiom (buf+buflen); confirmed categorical FP,hostap_full_audit_0.4.169,high
STR34-C,hostap,src/utils/config.c,17,FP,"STR34-C: spurious - line is 'size_t len = os_strlen(buf);', no char-to-int widening conversion of buf present at all",hostap_full_audit_0.4.169,high
FIO20-C,hostap,src/utils/config.c,30,FP,FIO20-C: newline_terminated() explicitly detects truncation and skip_line_end() loops via fgets until the real line end is found; truncation IS handled,hostap_full_audit_0.4.169,high
API00-C,hostap,src/utils/config.c,38,FP,"API00-C: size is internal-only, all 5 real callers pass sizeof(buf) (fixed positive constant)",hostap_full_audit_0.4.169,high
INT32-C,hostap,src/utils/config.c,45,FP,"INT32-C: size always sizeof(buf)-derived positive constant at every caller, no realistic overflow/underflow path",hostap_full_audit_0.4.169,high
STR34-C,hostap,src/utils/config.c,84,FP,"STR34-C: '*end-- = \0'; is a plain char assignment of a literal, not a widening conversion (confirmed FP class)",hostap_full_audit_0.4.169,high
STR34-C,hostap,src/utils/config.c,92,FP,STR34-C: same plain char-literal-assignment misfire as :84,hostap_full_audit_0.4.169,high
DCL30-C,hostap,src/utils/config.c,98,FP,"DCL30-C: pos points into 's', the caller-owned buffer parameter, not this function's automatic storage; writing its address through *_pos is safe",hostap_full_audit_0.4.169,high
STR34-C,hostap,src/utils/config.c,98,FP,STR34-C: same plain char-literal-assignment misfire,hostap_full_audit_0.4.169,high
DCL30-C,hostap,src/utils/config.c,99,FP,"DCL30-C: pos aliases the caller-supplied 's' buffer parameter, not local automatic storage",hostap_full_audit_0.4.169,high
STR34-C,hostap,src/utils/config.c,103,FP,STR34-C: same plain char-literal-assignment misfire,hostap_full_audit_0.4.169,high
CON33-C,hostap,src/ap/vlan_ifconfig.c,26,FP,"CON33-C: hostapd/wpa_supplicant are single-threaded eloop programs, no pthread usage; confirmed no-pthread FP class",hostap_full_audit_0.4.169,high
CON34-C,hostap,src/ap/vlan_ifconfig.c,26,FP,CON34-C: same no-pthread FP class as CON33-C,hostap_full_audit_0.4.169,high
DCL39-C,hostap,src/ap/vlan_ifconfig.c,33,FP,"DCL39-C: ifr is os_memset to 0 at :30 immediately before this ioctl, no uninitialized padding",hostap_full_audit_0.4.169,high
CON33-C,hostap,src/ap/vlan_ifconfig.c,36,FP,CON33-C: no-pthread FP class,hostap_full_audit_0.4.169,high
CON34-C,hostap,src/ap/vlan_ifconfig.c,36,FP,CON34-C: no-pthread FP class,hostap_full_audit_0.4.169,high
DCL39-C,hostap,src/ap/vlan_ifconfig.c,46,FP,"DCL39-C: ifr already zeroed at :30, no leaked padding at this 2nd ioctl either",hostap_full_audit_0.4.169,high
CON33-C,hostap,src/ap/vlan_ifconfig.c,49,FP,CON33-C: no-pthread FP class,hostap_full_audit_0.4.169,high
CON34-C,hostap,src/ap/vlan_ifconfig.c,49,FP,CON34-C: no-pthread FP class,hostap_full_audit_0.4.169,high
FIO24-C,hostap,src/ap/vlan_ifconfig.c,50,FP,"FIO24-C: the :37 close is on the SIOCGIFFLAGS-failure branch which returns immediately (:38), mutually exclusive with reaching :50 (confirmed mutually-exclusive-branch FP class)",hostap_full_audit_0.4.169,high
FIO24-C,hostap,src/ap/vlan_ifconfig.c,54,FP,"FIO24-C: same mutually-exclusive-branch misattribution; :37/:50 closes are on disjoint failure returns, :54 is the success path",hostap_full_audit_0.4.169,high
API00-C,hostap,src/ap/vlan_ifconfig.c,66,FP,"API00-C: ifname internal-only API, confirmed FP class",hostap_full_audit_0.4.169,high
DCL31-C,hostap,src/ap/vlan_ifconfig.c,68,FP,"DCL31-C: if_nametoindex is declared in <net/if.h>, included at :12; 3rd confirmed instance of system-header-declared-function-flagged-as-undeclared class",hostap_full_audit_0.4.169,high
API05-C,hostap,src/ap/wps_hostapd.h,26,FP,API05-C ptr+size_t idiom (buf+buflen); confirmed categorical FP,hostap_full_audit_0.4.169,high
DCL13-C,hostap,src/ap/wps_hostapd.h,49,TP,DCL13-C: #else stub hostapd_init_wps's hapd param is genuinely 100% unused in the no-op body; confirmed stub-branch TP class,hostap_full_audit_0.4.169,low
DCL13-C,hostap,src/ap/wps_hostapd.h,50,TP,"DCL13-C: same stub, conf param also unused; confirmed stub-branch TP class",hostap_full_audit_0.4.169,low
DCL13-C,hostap,src/ap/wps_hostapd.h,55,TP,"DCL13-C: hostapd_deinit_wps stub, hapd unused; confirmed stub-branch TP class",hostap_full_audit_0.4.169,low
DCL13-C,hostap,src/ap/wps_hostapd.h,59,TP,"DCL13-C: hostapd_init_wps_complete stub, hapd unused; confirmed stub-branch TP class",hostap_full_audit_0.4.169,low
DCL13-C,hostap,src/ap/wps_hostapd.h,64,TP,"DCL13-C: hostapd_update_wps stub, hapd unused; confirmed stub-branch TP class",hostap_full_audit_0.4.169,low
DCL13-C,hostap,src/ap/wps_hostapd.h,68,TP,"DCL13-C: hostapd_wps_eap_completed stub, hapd unused; confirmed stub-branch TP class",hostap_full_audit_0.4.169,low
DCL13-C,hostap,src/ap/wps_hostapd.h,72,TP,"DCL13-C: hostapd_wps_get_mib_sta stub, hapd unused; confirmed stub-branch TP class",hostap_full_audit_0.4.169,low
API05-C,hostap,src/ap/wps_hostapd.h,74,FP,API05-C ptr+size_t idiom (buf+buflen) even inside the stub; confirmed FP class,hostap_full_audit_0.4.169,high
DCL13-C,hostap,src/ap/wps_hostapd.h,74,TP,"DCL13-C: hostapd_wps_get_mib_sta stub, buf unused (body just returns 0); confirmed stub-branch TP class",hostap_full_audit_0.4.169,low
DCL13-C,hostap,src/ap/wps_hostapd.h,79,TP,"DCL13-C: hostapd_wps_button_pushed stub, hapd unused; confirmed stub-branch TP class",hostap_full_audit_0.4.169,low
DCL13-C,hostap,src/ap/wps_hostapd.h,85,TP,"DCL13-C: hostapd_wps_cancel stub, hapd unused; confirmed stub-branch TP class",hostap_full_audit_0.4.169,low
API00-C,hostap,src/ap/x_snoop.c,68,FP,"API00-C: hapd internal-only API, confirmed FP class",hostap_full_audit_0.4.169,high
API00-C,hostap,src/ap/x_snoop.c,68,FP,"API00-C: handler is a fixed callback pointer passed by internal callers, confirmed FP class",hostap_full_audit_0.4.169,high
CON33-C,hostap,src/ap/x_snoop.c,81,FP,CON33-C: no-pthread FP class,hostap_full_audit_0.4.169,high
CON34-C,hostap,src/ap/x_snoop.c,81,FP,CON34-C: no-pthread FP class,hostap_full_audit_0.4.169,high
DCL30-C,hostap,src/ap/x_snoop.c,93,FP,"DCL30-C: l2 comes from l2_packet_init(), heap-allocated, not automatic storage",hostap_full_audit_0.4.169,high
API00-C,hostap,src/ap/x_snoop.c,97,FP,API00-C: hapd internal-only API,hostap_full_audit_0.4.169,high
API00-C,hostap,src/ap/x_snoop.c,97,FP,API00-C: sta internal-only API,hostap_full_audit_0.4.169,high
API00-C,hostap,src/ap/x_snoop.c,97,FP,API00-C: buf internal-only API,hostap_full_audit_0.4.169,high
DCL13-C,hostap,src/ap/x_snoop.c,97,TP,"DCL13-C: hapd is only read (hapd->sock_dhcp), never mutated or forwarded to a non-const call; genuine (low-value) const opportunity",hostap_full_audit_0.4.169,low
DCL13-C,hostap,src/ap/x_snoop.c,98,TP,"DCL13-C: sta is only read (sta->addr), never mutated; genuine (low-value) const opportunity",hostap_full_audit_0.4.169,low
EXP40-C,hostap,src/ap/x_snoop.c,103,FP,"EXP40-C: buf parameter is 'u8 *buf' (non-const) at :98, not const at all; the cast-away-const claim is factually wrong",hostap_full_audit_0.4.169,high
EXP30-C,hostap,src/ap/x_snoop.c,108,FP,"EXP30-C: MAC2STR is a pure array-indexing macro, no side effects to unsequence; confirmed FP class",hostap_full_audit_0.4.169,high
DCL30-C,hostap,src/common/gas.c,30,FP,"DCL30-C: buf from wpabuf_alloc(), heap-allocated, not automatic storage",hostap_full_audit_0.4.169,high
DCL30-C,hostap,src/common/gas.c,65,FP,"DCL30-C: buf from wpabuf_alloc() via gas_build_resp, heap-allocated",hostap_full_audit_0.4.169,high
API00-C,hostap,src/common/gas.c,112,FP,"API00-C: size is locally-derived from other wpabuf/list lengths at all 3 real callers (hs20_supplicant.c, interworking.c, p2p_sd.c), not raw unbounded attacker length",hostap_full_audit_0.4.169,med
DCL30-C,hostap,src/common/gas.c,124,FP,DCL30-C: buf heap-allocated via gas_build_initial_req,hostap_full_audit_0.4.169,high
API00-C,hostap,src/common/gas.c,128,FP,"API00-C: size locally-derived, not raw unbounded external length, same reasoning as :112",hostap_full_audit_0.4.169,med
DCL30-C,hostap,src/common/gas.c,142,FP,DCL30-C: buf heap-allocated via gas_build_initial_resp,hostap_full_audit_0.4.169,high
DCL30-C,hostap,src/common/gas.c,164,FP,DCL30-C: buf heap-allocated via gas_anqp_build_comeback_resp,hostap_full_audit_0.4.169,high
API00-C,hostap,src/common/gas.c,168,FP,"API00-C: size locally-derived from wpabuf_len(payload), not raw external length",hostap_full_audit_0.4.169,med
DCL30-C,hostap,src/common/gas.c,183,FP,DCL30-C: buf heap-allocated via gas_build_comeback_resp,hostap_full_audit_0.4.169,high
DCL30-C,hostap,src/common/gas.c,206,FP,DCL30-C: buf heap-allocated via gas_anqp_build_comeback_resp,hostap_full_audit_0.4.169,high
API00-C,hostap,src/common/gas.c,255,FP,"API00-C: buf internal-only API, always a valid wpabuf from an internal builder",hostap_full_audit_0.4.169,high
API00-C,hostap,src/common/gas.c,270,FP,"API00-C: len_pos internal-only API, always the return value of gas_anqp_add_element",hostap_full_audit_0.4.169,high
EXP33-C,hostap,src/eap_peer/eap_leap.c,43,FP,"EXP33-C sizeof(*data) idiom on os_zalloc(sizeof(*data)), never a dereference",hostap_full_audit_0.4.169,high
DCL30-C,hostap,src/eap_peer/eap_leap.c,49,FP,"DCL30-C: data heap-allocated via os_zalloc, not automatic storage",hostap_full_audit_0.4.169,high
DCL13-C,hostap,src/eap_peer/eap_leap.c,53,FP,"DCL13-C: eap_leap_deinit is bound to struct eap_method's deinit vtable field (fixed callback signature), sm unused but signature-pinned; confirmed EAP-method dispatch-contract FP class",hostap_full_audit_0.4.169,high
DCL30-C,hostap,src/eap_peer/eap_leap.c,133,FP,"DCL30-C: resp heap-allocated via eap_msg_alloc, not automatic storage",hostap_full_audit_0.4.169,high
DCL30-C,hostap,src/eap_peer/eap_leap.c,183,FP,DCL30-C: resp heap-allocated via eap_msg_alloc,hostap_full_audit_0.4.169,high
MEM03-C,hostap,src/eap_peer/eap_leap.c,283,FP,"MEM03-C: password is a pointer into the SM config's owned password storage (eap_get_config_password), not a local sensitive copy this function is responsible for scrubbing",hostap_full_audit_0.4.169,med
DCL13-C,hostap,src/eap_peer/eap_leap.c,330,FP,"DCL13-C: eap_leap_isKeyAvailable bound to struct eap_method's isKeyAvailable vtable field, sm unused but signature-pinned; confirmed dispatch-contract FP class",hostap_full_audit_0.4.169,high
DCL13-C,hostap,src/eap_peer/eap_leap.c,330,FP,"DCL13-C: same vtable dispatch-contract FP, priv param",hostap_full_audit_0.4.169,high
API05-C,hostap,src/eap_peer/eap_leap.c,337,FP,"API05-C: priv is an opaque void* vtable callback param, not an array; misapplied conformant-array-syntax class",hostap_full_audit_0.4.169,high
DCL13-C,hostap,src/eap_peer/eap_leap.c,337,FP,"DCL13-C: eap_leap_getKey bound to struct eap_method's getKey vtable field, priv unused but signature-pinned",hostap_full_audit_0.4.169,high
DCL30-C,hostap,src/eap_peer/eap_leap.c,399,FP,"DCL30-C: key heap-allocated via os_malloc(LEAP_KEY_LEN), not automatic storage",hostap_full_audit_0.4.169,high
MEM31-C,hostap,src/eap_peer/eap_leap.c,407,FP,MEM31-C: eap is passed to eap_peer_method_register() whose doc comment states caller must not free regardless of return value; ownership-transfer FP class,hostap_full_audit_0.4.169,high
DCL13-C,hostap,src/p2p/p2p_dev_disc.c,17,TP,p2p param genuinely unused/unmodified in p2p_build_dev_disc_req; low-value but real DCL13-C,hostap_full_audit_0.4.169,med
DCL30-C,hostap,src/p2p/p2p_dev_disc.c,39,FP,"buf is wpabuf_alloc'd heap storage, not automatic; DCL30-C heap-vs-automatic-storage confusion",hostap_full_audit_0.4.169,high
API00-C,hostap,src/p2p/p2p_dev_disc.c,43,FP,"internal-only TX-status callback, p2p always non-NULL; API00-C internal-only-API FP",hostap_full_audit_0.4.169,high
DCL13-C,hostap,src/p2p/p2p_dev_disc.c,67,TP,"dev param only read (member accesses), never mutated; low-value but real DCL13-C",hostap_full_audit_0.4.169,med
EXP30-C,hostap,src/p2p/p2p_dev_disc.c,83,FP,"MACSTR/MAC2STR expands to side-effect-free array indexing, not real unsequenced calls; EXP30-C FP",hostap_full_audit_0.4.169,high
EXP30-C,hostap,src/p2p/p2p_dev_disc.c,95,FP,wpabuf_head/wpabuf_len are pure accessors; EXP30-C pure-accessor-args FP,hostap_full_audit_0.4.169,high
DCL30-C,hostap,src/p2p/p2p_dev_disc.c,125,FP,"buf is wpabuf_alloc'd heap storage, not automatic; DCL30-C heap-vs-automatic-storage confusion",hostap_full_audit_0.4.169,high
API00-C,hostap,src/p2p/p2p_dev_disc.c,129,FP,"internal TX-status callback, p2p always non-NULL; API00-C internal-only-API FP",hostap_full_audit_0.4.169,high
EXP30-C,hostap,src/p2p/p2p_dev_disc.c,151,FP,wpabuf_head/wpabuf_len pure accessors; EXP30-C FP,hostap_full_audit_0.4.169,high
API00-C,hostap,src/p2p/p2p_dev_disc.c,161,FP,sa is caller-guaranteed non-NULL frame-header pointer from internal RX dispatch; API00-C internal-only-API FP,hostap_full_audit_0.4.169,high
ARR00-C,hostap,src/p2p/p2p_dev_disc.c,189,FP,g is initialized in the for-loop's own init clause (g=0); ARR00-C for-loop-init-clause miss,hostap_full_audit_0.4.169,high
API00-C,hostap,src/p2p/p2p_dev_disc.c,309,FP,internal frame dispatch guarantees p2p non-NULL; API00-C internal-only-API FP,hostap_full_audit_0.4.169,high
DCL40-C,hostap,src/pae/ieee802_1x_kay_i.h,153,FP,DCL40-C misparses trailing STRUCT_PACKED attribute-macro token as a redeclared object across unrelated structs; confirmed categorical pattern,hostap_full_audit_0.4.169,high
DCL40-C,hostap,src/pae/ieee802_1x_kay_i.h,190,FP,same STRUCT_PACKED DCL40-C misparse,hostap_full_audit_0.4.169,high
STR31-C,hostap,src/pae/ieee802_1x_kay_i.h,216,FP,"u8 ckn[0] is a flexible array member, not character/string data; STR31-C misapplied-to-non-char-FAM",hostap_full_audit_0.4.169,high
DCL40-C,hostap,src/pae/ieee802_1x_kay_i.h,227,FP,same STRUCT_PACKED DCL40-C misparse,hostap_full_audit_0.4.169,high
STR31-C,hostap,src/pae/ieee802_1x_kay_i.h,244,FP,"u8 peer[0] flexible array member, not a string; STR31-C misapplied-to-non-char-FAM",hostap_full_audit_0.4.169,high
DCL40-C,hostap,src/pae/ieee802_1x_kay_i.h,269,FP,same STRUCT_PACKED DCL40-C misparse,hostap_full_audit_0.4.169,high
DCL40-C,hostap,src/pae/ieee802_1x_kay_i.h,337,FP,same STRUCT_PACKED DCL40-C misparse,hostap_full_audit_0.4.169,high
STR31-C,hostap,src/pae/ieee802_1x_kay_i.h,366,FP,"u8 sak[0] flexible array member, not a string; STR31-C misapplied-to-non-char-FAM",hostap_full_audit_0.4.169,high
DCL40-C,hostap,src/pae/ieee802_1x_kay_i.h,382,FP,same STRUCT_PACKED DCL40-C misparse,hostap_full_audit_0.4.169,high
STR31-C,hostap,src/pae/ieee802_1x_kay_i.h,402,FP,"u8 ckn[0] flexible array member, not a string; STR31-C misapplied-to-non-char-FAM",hostap_full_audit_0.4.169,high
DCL40-C,hostap,src/pae/ieee802_1x_kay_i.h,405,FP,same STRUCT_PACKED DCL40-C misparse,hostap_full_audit_0.4.169,high
STR31-C,hostap,src/pae/ieee802_1x_kay_i.h,422,FP,"u8 icv[0] flexible array member, not a string; STR31-C misapplied-to-non-char-FAM",hostap_full_audit_0.4.169,high
PRE08-C,hostap,src/wps/wps_upnp_event.c,19,TP,"wps_upnp.h and wps_upnp_i.h genuinely share first 8 chars; technically true, not practically actionable on modern toolchains",hostap_full_audit_0.4.169,low
DCL30-C,hostap,src/wps/wps_upnp_event.c,95,FP,"e allocated via os_zalloc, heap not automatic storage; DCL30-C confusion",hostap_full_audit_0.4.169,high
API00-C,hostap,src/wps/wps_upnp_event.c,100,FP,"internal API, s always valid caller-supplied subscription; API00-C internal-only-API FP",hostap_full_audit_0.4.169,high
EXP34-C,hostap,src/wps/wps_upnp_event.c,105,FP,"s already dereferenced multiple times earlier in the same function (event_dequeue(s) at :103); not a new hazard, same internal-only-API convention",hostap_full_audit_0.4.169,high
DCL13-C,hostap,src/wps/wps_upnp_event.c,145,TP,"e param only read (addr/data/s/subscriber_sequence), never mutated",hostap_full_audit_0.4.169,med
DCL30-C,hostap,src/wps/wps_upnp_event.c,170,FP,"buf is wpabuf_alloc'd heap storage, not automatic; DCL30-C confusion",hostap_full_audit_0.4.169,high
MSC01-C,hostap,src/wps/wps_upnp_event.c,221,FP,"switch covers all 4 values of enum http_client_event (OK/FAILED/INVALID_REPLY/TIMEOUT); exhaustive enum switch, no default needed",hostap_full_audit_0.4.169,high
EXP34-C,hostap,src/wps/wps_upnp_event.c,289,FP,e is set from event_dequeue(s) immediately after verifying s->event_queue is non-empty (:280-283); single-threaded eloop guarantees e non-NULL here,hostap_full_audit_0.4.169,med
DCL13-C,hostap,src/wps/wps_upnp_event.c,314,FP,"eloop_data matches the fixed eloop_timeout_handler(void*,void*) callback signature; DCL13-C dispatch-contract FP",hostap_full_audit_0.4.169,high
EXP33-C,hostap,src/wps/wps_upnp_event.c,405,FP,"sizeof(*e) is a compile-time size computation, not a dereference; EXP33-C sizeof(*ptr)-not-a-deref FP",hostap_full_audit_0.4.169,high
MEM31-C,hostap,src/wps/wps_upnp_event.c,410,FP,"e is added to s->event_queue via dl_list_add_tail immediately after; ownership (and e->data) transferred to the queue, freed later by event_delete()",hostap_full_audit_0.4.169,high
MEM31-C,hostap,src/wps/wps_upnp_event.c,422,FP,"same ownership-transfer-to-queue as above; e->data is not leaked, freed later via event_delete() when the queued event is processed",hostap_full_audit_0.4.169,high
DCL30-C,hostap,wpa_supplicant/dbus/dbus_new_introspect.c,34,FP,"iface is os_zalloc'd/list-linked heap storage, not automatic; DCL30-C confusion",hostap_full_audit_0.4.169,high
MEM31-C,hostap,wpa_supplicant/dbus/dbus_new_introspect.c,41,FP,"on error, both dbus_interface and xml are freed before the return two lines later; not a leak",hostap_full_audit_0.4.169,high
MEM31-C,hostap,wpa_supplicant/dbus/dbus_new_introspect.c,46,FP,"iface->xml is wpabuf_free'd at :44, one line before this return; not a leak",hostap_full_audit_0.4.169,high
DCL30-C,hostap,wpa_supplicant/dbus/dbus_new_introspect.c,50,FP,"iface is heap storage (os_zalloc or pre-existing list node), not automatic; DCL30-C confusion",hostap_full_audit_0.4.169,high
MEM31-C,hostap,wpa_supplicant/dbus/dbus_new_introspect.c,50,FP,"iface (and its xml) is returned to the caller and linked into the interfaces list; ownership transferred, freed later by add_interfaces()",hostap_full_audit_0.4.169,high
DCL13-C,hostap,wpa_supplicant/dbus/dbus_new_introspect.c,151,TP,"obj_dsc is only read (methods/signals/properties) throughout the call chain, never mutated",hostap_full_audit_0.4.169,med
EXP34-C,hostap,wpa_supplicant/dbus/dbus_new_introspect.c,189,TP,"dbus_connection_list_registered()'s return value is never checked; on OOM failure children may be left unset/garbage, and the following for-loop dereferences it unconditionally",hostap_full_audit_0.4.169,med
DCL31-C,hostap,wpa_supplicant/dbus/dbus_new_introspect.c,191,FP,dbus_free_string_array is a libdbus function declared via the transitively-included <dbus/dbus.h>; DCL31-C system-header FP,hostap_full_audit_0.4.169,high
API00-C,hostap,wpa_supplicant/dbus/dbus_new_introspect.c,253,FP,"message comes from internal D-Bus dispatch, always non-NULL; API00-C internal-only-API FP",hostap_full_audit_0.4.169,high
API00-C,hostap,wpa_supplicant/dbus/dbus_new_introspect.c,253,FP,"obj_dsc comes from internal D-Bus registration, always non-NULL; API00-C internal-only-API FP",hostap_full_audit_0.4.169,high
DCL31-C,hostap,wpa_supplicant/dbus/dbus_new_introspect.c,276,FP,dbus_message_new_method_return is a libdbus function via <dbus/dbus.h>; DCL31-C system-header FP,hostap_full_audit_0.4.169,high
DCL30-C,hostap,wpa_supplicant/dbus/dbus_new_introspect.c,285,FP,"reply is an opaque heap/refcounted DBusMessage* from a library allocator, not an automatic local; DCL30-C confusion extended to opaque library types",hostap_full_audit_0.4.169,high
ARR00-C,hostap,src/ap/dhcp_snoop.c,28,FP,"buf in ipaddr_str is declared static, not automatic storage; no dangling pointer",hostap_full_audit_0.4.169,high
API05-C,hostap,src/ap/dhcp_snoop.c,32,FP,ordinary const u8 *buf/size_t len pointer+length param; API05-C wholesale misfire,hostap_full_audit_0.4.169,high
ARR39-C,hostap,src/ap/dhcp_snoop.c,44,FP,"exten_len computation is a plain integer sizeof-difference, no pointer operand at all; ARR39-C pure-integer misfire",hostap_full_audit_0.4.169,high
EXP33-C,hostap,src/ap/dhcp_snoop.c,44,FP,"sizeof(*b) is a compile-time size computation before b is even assigned, not a dereference; EXP33-C FP",hostap_full_audit_0.4.169,high
ARR30-C,hostap,src/ap/dhcp_snoop.c,48,FP,cited 'buffer size 17 allocated at line 23' is ipaddr_str's unrelated static local that merely shares the name 'buf'; the real buf here is handle_dhcp's const u8* wire-packet param; cross-function name-collision misattribution,hostap_full_audit_0.4.169,high
ARR37-C,hostap,src/ap/dhcp_snoop.c,60,FP,"pos walks the real, length-checked DHCP option buffer (b->exten..end); ARR37-C pointer-legitimately-walks-a-real-array FP",hostap_full_audit_0.4.169,high
ARR37-C,hostap,src/ap/dhcp_snoop.c,67,FP,"same pos, same real-array-walk FP",hostap_full_audit_0.4.169,high
CON43-C,hostap,src/ap/dhcp_snoop.c,71,FP,single-threaded eloop processing a single packet once; no shared-memory double-fetch/TOCTOU hazard,hostap_full_audit_0.4.169,high
EXP05-C,hostap,src/ap/dhcp_snoop.c,97,TP,x_snoop_mcast_to_ucast_convert_send() genuinely writes into buf (dest-address swap and restore) despite buf being declared const in handle_dhcp; real (if transient/self-restoring) cast-away-const mutation,hostap_full_audit_0.4.169,med
EXP30-C,hostap,src/ap/dhcp_snoop.c,111,FP,"MAC2STR expands to side-effect-free array indexing, and ipaddr_str is called only once in this statement; EXP30-C MACSTR/MAC2STR FP",hostap_full_audit_0.4.169,high
CON33-C,hostap,src/ap/dhcp_snoop.c,148,FP,no pthread usage anywhere in this file; CON33-C strerror() no-pthread FP,hostap_full_audit_0.4.169,high
CON34-C,hostap,src/ap/dhcp_snoop.c,148,FP,no pthread usage anywhere in this file; CON34-C strerror() no-pthread FP,hostap_full_audit_0.4.169,high
API00-C,hostap,src/ap/dhcp_snoop.c,156,FP,"internal API, hapd always valid; API00-C internal-only-API FP",hostap_full_audit_0.4.169,high
MEM03-C,hostap,src/eap_peer/eap_vendor_test.c,34,FP,"password is a borrowed alias into the sm's persistent config storage (returned by eap_get_config_password), not an owned local buffer to clear; MEM03-C misapplied-to-borrowed-alias",hostap_full_audit_0.4.169,high
EXP33-C,hostap,src/eap_peer/eap_vendor_test.c,37,FP,"sizeof(*data) is compile-time, not a dereference; EXP33-C FP",hostap_full_audit_0.4.169,high
DCL30-C,hostap,src/eap_peer/eap_vendor_test.c,47,FP,"data is os_zalloc'd heap storage, not automatic; DCL30-C confusion",hostap_full_audit_0.4.169,high
DCL13-C,hostap,src/eap_peer/eap_vendor_test.c,51,FP,sm matches struct eap_method's fixed init/deinit/process/... callback contract; DCL13-C dispatch-contract FP,hostap_full_audit_0.4.169,high
DCL13-C,hostap,src/eap_peer/eap_vendor_test.c,58,FP,timeout_ctx matches the fixed eloop_timeout_handler signature; DCL13-C dispatch-contract FP,hostap_full_audit_0.4.169,high
DCL30-C,hostap,src/eap_peer/eap_vendor_test.c,137,FP,"resp is eap_msg_alloc'd heap storage, not automatic; DCL30-C confusion",hostap_full_audit_0.4.169,high
DCL13-C,hostap,src/eap_peer/eap_vendor_test.c,141,FP,sm matches struct eap_method's isKeyAvailable contract; DCL13-C dispatch-contract FP,hostap_full_audit_0.4.169,high
DCL13-C,hostap,src/eap_peer/eap_vendor_test.c,141,FP,priv matches struct eap_method's isKeyAvailable contract; DCL13-C dispatch-contract FP,hostap_full_audit_0.4.169,high
DCL13-C,hostap,src/eap_peer/eap_vendor_test.c,148,FP,sm matches struct eap_method's getKey contract; DCL13-C dispatch-contract FP,hostap_full_audit_0.4.169,high
API05-C,hostap,src/eap_peer/eap_vendor_test.c,148,FP,"priv is an ordinary void* opaque context param, not an array; API05-C wholesale misfire",hostap_full_audit_0.4.169,high
DCL13-C,hostap,src/eap_peer/eap_vendor_test.c,148,FP,priv matches struct eap_method's getKey contract; DCL13-C dispatch-contract FP,hostap_full_audit_0.4.169,high
DCL30-C,hostap,src/eap_peer/eap_vendor_test.c,165,FP,"key is os_malloc'd heap storage, not automatic; DCL30-C confusion",hostap_full_audit_0.4.169,high
MEM31-C,hostap,src/eap_peer/eap_vendor_test.c,173,FP,eap is passed to eap_peer_method_register(eap) which retains ownership; MEM31-C ownership-transfer-to-registration-API FP,hostap_full_audit_0.4.169,high
DCL13-C,hostap,src/eap_server/eap_server_gtc.c,21,FP,sm matches struct eap_method's init contract; DCL13-C dispatch-contract FP,hostap_full_audit_0.4.169,high
EXP33-C,hostap,src/eap_server/eap_server_gtc.c,25,FP,"sizeof(*data) compile-time, not a dereference; EXP33-C FP",hostap_full_audit_0.4.169,high
DCL30-C,hostap,src/eap_server/eap_server_gtc.c,39,FP,"data is os_zalloc'd heap storage, not automatic; DCL30-C confusion",hostap_full_audit_0.4.169,high
DCL13-C,hostap,src/eap_server/eap_server_gtc.c,43,FP,sm matches struct eap_method's reset contract; DCL13-C dispatch-contract FP,hostap_full_audit_0.4.169,high
DCL13-C,hostap,src/eap_server/eap_server_gtc.c,50,FP,sm matches struct eap_method's buildReq contract; DCL13-C dispatch-contract FP,hostap_full_audit_0.4.169,high
DCL30-C,hostap,src/eap_server/eap_server_gtc.c,73,FP,"req is eap_msg_alloc'd heap storage, not automatic; DCL30-C confusion",hostap_full_audit_0.4.169,high
DCL13-C,hostap,src/eap_server/eap_server_gtc.c,77,FP,sm matches struct eap_method's check contract; DCL13-C dispatch-contract FP,hostap_full_audit_0.4.169,high
DCL13-C,hostap,src/eap_server/eap_server_gtc.c,77,FP,priv matches struct eap_method's check contract; DCL13-C dispatch-contract FP,hostap_full_audit_0.4.169,high
DCL13-C,hostap,src/eap_server/eap_server_gtc.c,187,FP,sm matches struct eap_method's isDone contract; DCL13-C dispatch-contract FP,hostap_full_audit_0.4.169,high
DCL13-C,hostap,src/eap_server/eap_server_gtc.c,187,FP,priv matches struct eap_method's isDone contract; DCL13-C dispatch-contract FP,hostap_full_audit_0.4.169,high
DCL13-C,hostap,src/eap_server/eap_server_gtc.c,194,FP,sm matches struct eap_method's isSuccess contract; DCL13-C dispatch-contract FP,hostap_full_audit_0.4.169,high
DCL13-C,hostap,src/eap_server/eap_server_gtc.c,194,FP,priv matches struct eap_method's isSuccess contract; DCL13-C dispatch-contract FP,hostap_full_audit_0.4.169,high
MEM31-C,hostap,src/eap_server/eap_server_gtc.c,205,FP,eap passed to eap_server_method_register(eap) which retains ownership; MEM31-C ownership-transfer-to-registration-API FP,hostap_full_audit_0.4.169,high
API05-C,hostap,src/rsn_supp/preauth.h,26,FP,buf/buflen is an ordinary paired pointer+size out-param on the real (#if) declaration; API05-C wholesale misfire,hostap_full_audit_0.4.169,high
DCL13-C,hostap,src/rsn_supp/preauth.h,32,TP,genuinely unused/unmodified sm in the CONFIG_NO_WPA no-op stub body; low-value #ifdef-stub DCL13-C,hostap_full_audit_0.4.169,low
DCL13-C,hostap,src/rsn_supp/preauth.h,36,TP,genuinely unused sm in the no-op stub,hostap_full_audit_0.4.169,low
DCL13-C,hostap,src/rsn_supp/preauth.h,40,TP,genuinely unused sm in the no-op stub,hostap_full_audit_0.4.169,low
DCL13-C,hostap,src/rsn_supp/preauth.h,41,TP,genuinely unused eap_conf in the no-op stub,hostap_full_audit_0.4.169,low
DCL13-C,hostap,src/rsn_supp/preauth.h,46,TP,genuinely unused sm in the no-op stub,hostap_full_audit_0.4.169,low
DCL13-C,hostap,src/rsn_supp/preauth.h,50,TP,genuinely unused sm in the no-op stub,hostap_full_audit_0.4.169,low
DCL13-C,hostap,src/rsn_supp/preauth.h,55,TP,genuinely unused sm in the no-op stub,hostap_full_audit_0.4.169,low
DCL13-C,hostap,src/rsn_supp/preauth.h,60,TP,genuinely unused sm in the no-op stub,hostap_full_audit_0.4.169,low
DCL13-C,hostap,src/rsn_supp/preauth.h,66,TP,genuinely unused sm in the no-op stub,hostap_full_audit_0.4.169,low
API05-C,hostap,src/rsn_supp/preauth.h,66,FP,"buf is an ordinary pointer+size out-param, not an array-syntax opportunity; API05-C wholesale misfire",hostap_full_audit_0.4.169,high
DCL13-C,hostap,src/rsn_supp/preauth.h,66,TP,genuinely unused buf in the no-op stub (returns 0 unconditionally),hostap_full_audit_0.4.169,low
DCL13-C,hostap,src/rsn_supp/preauth.h,72,TP,genuinely unused sm in the no-op stub,hostap_full_audit_0.4.169,low
API00-C,hostap,src/rsn_supp/wpa_ie.c,28,FP,"data is an internal out-param, always supplied by internal callers; API00-C internal-only-API FP",hostap_full_audit_0.4.169,high
DCL13-C,hostap,src/rsn_supp/wpa_ie.c,45,FP,wpa_ie IS genuinely modified via the hdr=(struct wpa_ie_hdr*)wpa_ie alias (hdr->elem_id/hdr->len writes); DCL13-C misses aliased-cast mutation,hostap_full_audit_0.4.169,high
EXP33-C,hostap,src/rsn_supp/wpa_ie.c,53,FP,"sizeof(*hdr) is compile-time, computed before hdr is even assigned; EXP33-C FP",hostap_full_audit_0.4.169,high
INT32-C,hostap,src/rsn_supp/wpa_ie.c,104,FP,pos and wpa_ie are both bounded within the small fixed-size WPA IE buffer verified by the length check above; no realistic overflow,hostap_full_audit_0.4.169,high
API00-C,hostap,src/rsn_supp/wpa_ie.c,112,FP,"sm is internal state, always valid; API00-C internal-only-API FP",hostap_full_audit_0.4.169,high
DCL13-C,hostap,src/rsn_supp/wpa_ie.c,112,TP,"sm is only read (wmm_enabled/mfp/ocv/ext_key_id), never mutated",hostap_full_audit_0.4.169,med
DCL13-C,hostap,src/rsn_supp/wpa_ie.c,133,FP,rsn_ie IS genuinely modified via the hdr=(struct rsn_ie_hdr*)rsn_ie alias; DCL13-C misses aliased-cast mutation,hostap_full_audit_0.4.169,high
EXP33-C,hostap,src/rsn_supp/wpa_ie.c,142,FP,"sizeof(*hdr) compile-time, not a dereference; EXP33-C FP",hostap_full_audit_0.4.169,high
INT32-C,hostap,src/rsn_supp/wpa_ie.c,270,FP,pos/rsn_ie bounded within the small fixed-size RSN IE buffer verified above; no realistic overflow,hostap_full_audit_0.4.169,high
API00-C,hostap,src/rsn_supp/wpa_ie.c,301,FP,"sm is internal state, always valid; API00-C internal-only-API FP",hostap_full_audit_0.4.169,high
DCL13-C,hostap,src/rsn_supp/wpa_ie.c,301,TP,"sm is only read (key_mgmt/sae_pwe/sae_pk/... flags), never mutated",hostap_full_audit_0.4.169,med
DCL13-C,hostap,src/rsn_supp/wpa_ie.c,301,FP,rsnxe IS genuinely modified via `u8 *pos = rsnxe;` then `*pos++ =`; DCL13-C misses aliased-pointer mutation,hostap_full_audit_0.4.169,high
ARR30-C,hostap,src/rsn_supp/wpa_ie.c,351,FP,loop iteration count is pre-computed (flen) and rsnxe_len is checked (>= 2+flen) before the loop; ARR30-C explicit-prior-clamp not recognized,hostap_full_audit_0.4.169,high
DCL13-C,hostap,src/tls/pkcs1.c,20,FP,out written via aliased local 'pos'; DCL13-C misses alias mutation (established pattern),hostap_full_audit_0.4.169,high
DCL13-C,hostap,src/tls/pkcs1.c,20,TP,outlen only read in this static helper; genuine if low-value const opportunity,hostap_full_audit_0.4.169,low
INT00-C,hostap,src/tls/pkcs1.c,47,FP,"modlen-inlen-3 guarded by inlen>modlen-11 check 12 lines earlier, same function",hostap_full_audit_0.4.169,high
API00-C,hostap,src/tls/pkcs1.c,81,FP,"internal-only API, key always caller-validated struct pointer",hostap_full_audit_0.4.169,high
EXP43-C,hostap,src/tls/pkcs1.c,93,FP,"rsa_exptmod in-place bignum idiom; in copied to bignum before out written, no restrict",hostap_full_audit_0.4.169,high
INT30-C,hostap,src/tls/pkcs1.c,125,FP,pos-out <= *outlen by construction (pos bounded by end=out+*outlen); no underflow,hostap_full_audit_0.4.169,high
MSC41-C,hostap,src/tls/pkcs1.c,160,FP,"wpa_hexdump_key dumps runtime decrypted buffer, not a hardcoded secret literal",hostap_full_audit_0.4.169,high
MSC41-C,hostap,src/tls/pkcs1.c,169,FP,"wpa_hexdump_key dumps runtime decrypted buffer, not a hardcoded secret literal",hostap_full_audit_0.4.169,high
MSC41-C,hostap,src/tls/pkcs1.c,179,FP,"wpa_hexdump_key dumps runtime decrypted buffer, not a hardcoded secret literal",hostap_full_audit_0.4.169,high
MSC41-C,hostap,src/tls/pkcs1.c,186,FP,"wpa_hexdump_key dumps runtime decrypted buffer, not a hardcoded secret literal",hostap_full_audit_0.4.169,high
ARR37-C,hostap,src/tls/pkcs1.c,190,FP,"len is a size_t scalar, not a pointer; ARR37-C category error",hostap_full_audit_0.4.169,high
INT30-C,hostap,src/tls/pkcs1.c,190,FP,pos-plain <= len by construction; no underflow,hostap_full_audit_0.4.169,high
API00-C,hostap,src/tls/pkcs1.c,200,FP,"internal-only API, pk always caller-validated struct pointer",hostap_full_audit_0.4.169,high
DCL13-C,hostap,src/utils/browser-system.c,22,FP,browser_timeout matches eloop_timeout_handler dispatch-contract typedef,hostap_full_audit_0.4.169,high
DCL13-C,hostap,src/utils/browser-system.c,22,FP,browser_timeout matches eloop_timeout_handler dispatch-contract typedef,hostap_full_audit_0.4.169,high
MSC01-C,hostap,src/utils/browser-system.c,43,FP,no-final-else guard-clause pedantry; unmatched url leaves done=0 by design,hostap_full_audit_0.4.169,med
ERR07-C,hostap,src/utils/browser-system.c,44,TP,"atoi(url+5) on OSU redirect substring, no error/range checking",hostap_full_audit_0.4.169,med
ERR34-C,hostap,src/utils/browser-system.c,44,TP,"atoi(url+5) on OSU redirect substring, no error detection",hostap_full_audit_0.4.169,med
API00-C,hostap,src/utils/browser-system.c,65,FP,"url comes from argv[] in osu_client.c CLI, guaranteed-valid main()-argv pattern",hostap_full_audit_0.4.169,high
CON33-C,hostap,src/utils/browser-system.c,90,FP,"single-threaded eloop-based app, no pthread usage; strerror() no-pthread FP",hostap_full_audit_0.4.169,high
CON34-C,hostap,src/utils/browser-system.c,90,FP,"single-threaded eloop-based app, no pthread usage; strerror() no-pthread FP",hostap_full_audit_0.4.169,high
EXP05-C,hostap,src/utils/browser-system.c,101,TP,const char *url genuinely cast to (void*) for argv[]; execv's char*const argv sig requires it,hostap_full_audit_0.4.169,med
CON33-C,hostap,src/utils/browser-system.c,105,FP,"single-threaded eloop-based app, no pthread usage; strerror() no-pthread FP",hostap_full_audit_0.4.169,high
CON34-C,hostap,src/utils/browser-system.c,105,FP,"single-threaded eloop-based app, no pthread usage; strerror() no-pthread FP",hostap_full_audit_0.4.169,high
ERR05-C,hostap,src/utils/browser-system.c,106,FP,exit() in forked child after execv failure is the standard fork/exec idiom (established),hostap_full_audit_0.4.169,high
MSC07-C,hostap,src/utils/browser-system.c,107,TP,"genuinely unreachable return after exit(0) noreturn call, harmless dead code",hostap_full_audit_0.4.169,low
API05-C,hostap,wpa_supplicant/pr_supplicant.h,21,FP,password is a bare NUL-terminated string; no size param needed,hostap_full_audit_0.4.169,high
DCL13-C,hostap,wpa_supplicant/pr_supplicant.h,39,TP,CONFIG_PR-undefined no-op stub; global genuinely unused in body,hostap_full_audit_0.4.169,low
DCL13-C,hostap,wpa_supplicant/pr_supplicant.h,40,TP,CONFIG_PR-undefined no-op stub; wpa_s genuinely unused in body,hostap_full_audit_0.4.169,low
DCL13-C,hostap,wpa_supplicant/pr_supplicant.h,46,TP,no-op stub; wpa_s genuinely unused,hostap_full_audit_0.4.169,low
DCL13-C,hostap,wpa_supplicant/pr_supplicant.h,50,TP,no-op stub; wpa_s genuinely unused,hostap_full_audit_0.4.169,low
DCL13-C,hostap,wpa_supplicant/pr_supplicant.h,54,TP,no-op stub; wpa_s genuinely unused,hostap_full_audit_0.4.169,low
DCL13-C,hostap,wpa_supplicant/pr_supplicant.h,58,TP,no-op stub; wpa_s genuinely unused,hostap_full_audit_0.4.169,low
DCL13-C,hostap,wpa_supplicant/pr_supplicant.h,62,TP,no-op stub (wpas_pr_set_dev_ik); wpa_s genuinely unused,hostap_full_audit_0.4.169,low
API05-C,hostap,wpa_supplicant/pr_supplicant.h,63,FP,dik is a fixed-length key (DEVICE_IDENTITY_KEY_LEN) with no runtime size param anywhere in this API,hostap_full_audit_0.4.169,med
DCL13-C,hostap,wpa_supplicant/pr_supplicant.h,68,TP,no-op stub (wpas_pr_usd_elems); wpa_s genuinely unused,hostap_full_audit_0.4.169,low
DCL13-C,hostap,wpa_supplicant/pr_supplicant.h,73,TP,no-op stub; wpa_s genuinely unused,hostap_full_audit_0.4.169,low
DCL13-C,hostap,wpa_supplicant/pr_supplicant.h,82,TP,no-op stub; wpa_s genuinely unused,hostap_full_audit_0.4.169,low
DCL13-C,hostap,wpa_supplicant/pr_supplicant.h,89,TP,no-op stub; wpa_s genuinely unused,hostap_full_audit_0.4.169,low
MSC04-C,hostap,wpa_supplicant/wpa_gui-qt4/eventhistory.h,16,FP,C++ class declaration misparsed as C function,hostap_full_audit_0.4.169,high
MSC37-C,hostap,wpa_supplicant/wpa_gui-qt4/eventhistory.h,16,FP,C++ class declaration misparsed as C function,hostap_full_audit_0.4.169,high
MSC13-C,hostap,wpa_supplicant/wpa_gui-qt4/eventhistory.h,21,FP,C++ constructor member-init misparsed as dead store,hostap_full_audit_0.4.169,high
WIN04-C,hostap,wpa_supplicant/wpa_gui-qt4/eventhistory.h,21,FP,C++ constructor decl misparsed as function pointer,hostap_full_audit_0.4.169,high
MSC13-C,hostap,wpa_supplicant/wpa_gui-qt4/eventhistory.h,27,FP,C++ method decl misparsed as dead store,hostap_full_audit_0.4.169,high
WIN04-C,hostap,wpa_supplicant/wpa_gui-qt4/eventhistory.h,27,FP,C++ method decl misparsed as function pointer,hostap_full_audit_0.4.169,high
MSC13-C,hostap,wpa_supplicant/wpa_gui-qt4/eventhistory.h,32,FP,class member declaration misclassified as unused local var,hostap_full_audit_0.4.169,high
MSC13-C,hostap,wpa_supplicant/wpa_gui-qt4/eventhistory.h,33,FP,class member declaration misclassified as unused local var,hostap_full_audit_0.4.169,high
WIN04-C,hostap,wpa_supplicant/wpa_gui-qt4/eventhistory.h,42,FP,C++ constructor/dtor decl misparsed as function pointer,hostap_full_audit_0.4.169,high
WIN04-C,hostap,wpa_supplicant/wpa_gui-qt4/eventhistory.h,42,FP,C++ constructor/dtor decl misparsed as function pointer,hostap_full_audit_0.4.169,high
WIN04-C,hostap,wpa_supplicant/wpa_gui-qt4/eventhistory.h,43,FP,C++ constructor/dtor decl misparsed as function pointer,hostap_full_audit_0.4.169,high
WIN04-C,hostap,wpa_supplicant/wpa_gui-qt4/eventhistory.h,43,FP,C++ constructor/dtor decl misparsed as function pointer,hostap_full_audit_0.4.169,high
DCL20-C,hostap,wpa_supplicant/wpa_gui-qt4/eventhistory.h,51,FP,C++ () already means zero params; DCL20-C premise is C89-only,hostap_full_audit_0.4.169,high
PRE08-C,hostap,src/ap/ap_config.h,16,FP,"8.3-legacy shared-header-prefix FP (ieee802_11_defs.h/ieee802_11_common.h), not practically actionable",hostap_full_audit_0.4.169,high
API01-C,hostap,src/ap/ap_config.h,107,FP,"vlan[] written via bounded os_strlcpy/os_memcpy(sizeof), no unbounded write onto adjacent pointer",hostap_full_audit_0.4.169,high
PRE02-C,hostap,src/ap/ap_config.h,134,FP,"#define VLAN_ID_WILDCARD -1 is a single-token negative literal, no precedence hazard",hostap_full_audit_0.4.169,high
API01-C,hostap,src/ap/ap_config.h,230,FP,"realm_buf written via bounded os_memcpy(len<=MAX_NAI_REALMLEN), no unbounded write onto realm[] pointer array",hostap_full_audit_0.4.169,high
API01-C,hostap,src/ap/ap_config.h,285,FP,"iface[] written via bounded os_strlcpy(sizeof), no unbounded write onto eap_user pointer",hostap_full_audit_0.4.169,high
API01-C,hostap,src/ap/ap_config.h,286,FP,"bridge[] written via bounded os_strlcpy(sizeof), no unbounded write onto eap_user pointer",hostap_full_audit_0.4.169,high
API01-C,hostap,src/ap/ap_config.h,287,FP,"vlan_bridge[] written via bounded os_strlcpy(sizeof), no unbounded write onto eap_user pointer",hostap_full_audit_0.4.169,high
API01-C,hostap,src/ap/ap_config.h,288,FP,"wds_bridge[] written via bounded os_strlcpy(sizeof), no unbounded write onto eap_user pointer",hostap_full_audit_0.4.169,high
API01-C,hostap,src/ap/ap_config.h,1083,FP,"country[3] written via bounded 3-byte copy, no unbounded write onto lci pointer",hostap_full_audit_0.4.169,high
DCL13-C,hostap,src/ap/ap_config.h,1259,TP,hostapd_get_oper_chwidth is a pure read-only getter of conf; genuine const opportunity,hostap_full_audit_0.4.169,low
DCL13-C,hostap,src/ap/ap_config.h,1290,TP,hostapd_get_oper_centr_freq_seg0_idx is a pure read-only getter; genuine const opportunity,hostap_full_audit_0.4.169,low
DCL13-C,hostap,src/ap/ap_config.h,1323,TP,hostapd_get_oper_centr_freq_seg1_idx is a pure read-only getter; genuine const opportunity,hostap_full_audit_0.4.169,low
API02-C,hostap,src/ap/ap_config.h,1393,FP,"addr/p2p_dev_addr/prev_psk are fixed ETH_ALEN MAC addresses, no runtime size needed",hostap_full_audit_0.4.169,med
API02-C,hostap,src/ap/ap_config.h,1414,FP,"addr is a fixed ETH_ALEN MAC address; num is the acl-array count, unrelated to addr sizing",hostap_full_audit_0.4.169,med
API00-C,hostap,src/common/dragonfly.c,53,FP,"internal-only API, prime always caller-validated crypto_bignum pointer",hostap_full_audit_0.4.169,high
EXP34-C,hostap,src/common/dragonfly.c,65,FP,crypto_bignum_deinit is NULL-safe (wraps BN_free/mp_clear+os_free with NULL guard),hostap_full_audit_0.4.169,high
EXP43-C,hostap,src/common/dragonfly.c,101,FP,"crypto_bignum_add in-place accumulator idiom, no restrict qualifier",hostap_full_audit_0.4.169,high
EXP34-C,hostap,src/common/dragonfly.c,102,FP,crypto_bignum_deinit is NULL-safe,hostap_full_audit_0.4.169,high
DCL30-C,hostap,src/common/dragonfly.c,108,FP,"tmp is heap-allocated via crypto_bignum_init(), not automatic storage",hostap_full_audit_0.4.169,high
API00-C,hostap,src/common/dragonfly.c,112,FP,"internal-only API, ec always caller-validated pointer",hostap_full_audit_0.4.169,high
ENV01-C,hostap,src/common/dragonfly.c,118,FP,"ENV01-C misfire, no getenv() anywhere in this function",hostap_full_audit_0.4.169,high
EXP43-C,hostap,src/common/dragonfly.c,142,FP,"crypto_bignum_mulmod(num,...,num) in-place accumulator idiom, no restrict",hostap_full_audit_0.4.169,high
EXP43-C,hostap,src/common/dragonfly.c,162,FP,"crypto_bignum_mulmod(num,...,num) in-place accumulator idiom, no restrict",hostap_full_audit_0.4.169,high
EXP43-C,hostap,src/common/dragonfly.c,207,FP,"crypto_bignum_mod(scalar,order,scalar) in-place idiom, no restrict",hostap_full_audit_0.4.169,high
API00-C,hostap,src/common/dragonfly.c,222,FP,"internal-only API, ec always caller-validated pointer",hostap_full_audit_0.4.169,high
ENV01-C,hostap,src/common/dragonfly.c,228,FP,"ENV01-C misfire, no getenv() anywhere in this function",hostap_full_audit_0.4.169,high
INT14-C,hostap,src/common/dragonfly.c,240,FP,"bitwise op is on prime_bin[prime_len-1] element; arithmetic is the index calc on prime_len, not conflated",hostap_full_audit_0.4.169,high
EXP43-C,hostap,src/common/dragonfly.c,244,FP,"crypto_bignum_rshift(tmp,2,tmp) in-place idiom, no restrict",hostap_full_audit_0.4.169,high
API00-C,hostap,src/crypto/crypto_internal.c,39,FP,"internal-only API, key always caller-validated pointer",hostap_full_audit_0.4.169,high
EXP33-C,hostap,src/crypto/crypto_internal.c,47,FP,sizeof(*ctx) never evaluates the operand; not a real dereference,hostap_full_audit_0.4.169,high
MSC17-C,hostap,src/crypto/crypto_internal.c,57,FP,"case has its own break; label directly preceded by prior case's real break, nothing to fall through",hostap_full_audit_0.4.169,high
MSC17-C,hostap,src/crypto/crypto_internal.c,94,FP,case label directly preceded by prior case's real unconditional break,hostap_full_audit_0.4.169,high
DCL30-C,hostap,src/crypto/crypto_internal.c,139,FP,"ctx is heap-allocated via os_zalloc, not automatic storage",hostap_full_audit_0.4.169,high
MEM30-C,hostap,src/crypto/crypto_internal.c,139,FP,"ctx only freed on the mutually-exclusive default: branch which returns immediately, never reaching this return",hostap_full_audit_0.4.169,high
MEM10-C,hostap,src/crypto/crypto_internal.c,145,FP,ad-hoc NULL-check stylistic pedantry,hostap_full_audit_0.4.169,med
MSC17-C,hostap,src/crypto/crypto_internal.c,154,FP,"stacked/grouped case labels sharing one body with zero code between them, not a real fallthrough",hostap_full_audit_0.4.169,high
MEM10-C,hostap,src/crypto/crypto_internal.c,184,FP,ad-hoc NULL-check stylistic pedantry,hostap_full_audit_0.4.169,med
MSC17-C,hostap,src/crypto/crypto_internal.c,202,FP,case label directly preceded by prior case's real unconditional break,hostap_full_audit_0.4.169,high
MSC17-C,hostap,src/crypto/crypto_internal.c,264,FP,case label directly preceded by prior case's real unconditional break,hostap_full_audit_0.4.169,high
MEM30-C,hostap,src/crypto/crypto_internal.c,311,FP,all earlier os_free(ctx) sites are on mutually-exclusive branches that return immediately; this line is a disjoint normal-completion path,hostap_full_audit_0.4.169,high
MEM31-C,hostap,src/crypto/crypto_internal.c,311,FP,mutually-exclusive branch confusion; earlier frees are on branches that already returned,hostap_full_audit_0.4.169,high
DCL15-C,hostap,src/crypto/crypto_internal.c,320,FP,"crypto_global_init is a real external API declared in crypto.h, called from tlsv1_client.c/tlsv1_server.c",hostap_full_audit_0.4.169,high
API01-C,hostap,src/crypto/tls.h,58,FP,"altsubject[] is an array of pointers, not a raw byte buffer; API01-C overflow premise doesn't apply",hostap_full_audit_0.4.169,high
API05-C,hostap,src/crypto/tls.h,370,FP,"tls_ctx is an opaque context handle (void*), not an array needing conformant syntax",hostap_full_audit_0.4.169,med
API05-C,hostap,src/crypto/tls.h,403,FP,"tls_ctx opaque context handle, not an array",hostap_full_audit_0.4.169,med
API05-C,hostap,src/crypto/tls.h,405,FP,"label is a bare NUL-terminated string, no size param needed",hostap_full_audit_0.4.169,high
API05-C,hostap,src/crypto/tls.h,422,FP,"tls_ctx opaque context handle, not an array",hostap_full_audit_0.4.169,med
API02-C,hostap,src/crypto/tls.h,458,FP,"in_data is a self-sized struct wpabuf (carries its own length via wpabuf_len), no raw size_t needed",hostap_full_audit_0.4.169,med
API02-C,hostap,src/crypto/tls.h,509,FP,"in_data is a self-sized struct wpabuf, no raw size_t needed",hostap_full_audit_0.4.169,med
API05-C,hostap,src/crypto/tls.h,554,FP,"tls_ctx opaque context handle, not an array",hostap_full_audit_0.4.169,med
API05-C,hostap,src/crypto/tls.h,555,FP,buf paired with adjacent buflen; ptr+size idiom,hostap_full_audit_0.4.169,high
API05-C,hostap,src/crypto/tls.h,567,FP,"tls_ctx opaque context handle, not an array",hostap_full_audit_0.4.169,med
API05-C,hostap,src/crypto/tls.h,568,FP,buf paired with adjacent buflen; ptr+size idiom,hostap_full_audit_0.4.169,high
API05-C,hostap,src/crypto/tls.h,591,FP,"tls_ctx opaque context handle, not an array",hostap_full_audit_0.4.169,med
API05-C,hostap,src/crypto/tls.h,647,FP,buf paired with adjacent buf_len; ptr+size idiom,hostap_full_audit_0.4.169,high
DCL40-C,hostap,src/crypto/tls.h,652,FP,"31-char judgment call: tls_connection_set_success_data is exactly 31 chars, genuinely shares full prefix; graded FP per established not-practically-actionable convention",hostap_full_audit_0.4.169,low
DCL13-C,hostap,src/eap_server/eap_server_identity.c,21,FP,"sm is a struct eap_method vtable param (fixed dispatch signature), not independently const-able",hostap_full_audit_0.4.169,high
EXP33-C,hostap,src/eap_server/eap_server_identity.c,25,FP,"sizeof(*data) never evaluates operand, not a real dereference",hostap_full_audit_0.4.169,high
DCL30-C,hostap,src/eap_server/eap_server_identity.c,30,FP,"data is heap from os_zalloc, not automatic storage",hostap_full_audit_0.4.169,high
DCL30-C,hostap,src/eap_server/eap_server_identity.c,41,FP,"data returned is heap (from eap_identity_init/os_zalloc), not local automatic storage",hostap_full_audit_0.4.169,high
DCL13-C,hostap,src/eap_server/eap_server_identity.c,45,FP,eap_method vtable dispatch-contract param,hostap_full_audit_0.4.169,high
DCL13-C,hostap,src/eap_server/eap_server_identity.c,52,FP,eap_method vtable dispatch-contract param,hostap_full_audit_0.4.169,high
DCL30-C,hostap,src/eap_server/eap_server_identity.c,78,FP,"req returned is heap wpabuf from eap_msg_alloc, not automatic storage",hostap_full_audit_0.4.169,high
DCL13-C,hostap,src/eap_server/eap_server_identity.c,82,FP,sm: eap_method vtable dispatch-contract param,hostap_full_audit_0.4.169,high
DCL13-C,hostap,src/eap_server/eap_server_identity.c,82,FP,priv: eap_method vtable dispatch-contract param,hostap_full_audit_0.4.169,high
DCL13-C,hostap,src/eap_server/eap_server_identity.c,143,FP,sm: eap_method vtable dispatch-contract param,hostap_full_audit_0.4.169,high
DCL13-C,hostap,src/eap_server/eap_server_identity.c,143,FP,priv: eap_method vtable dispatch-contract param,hostap_full_audit_0.4.169,high
DCL13-C,hostap,src/eap_server/eap_server_identity.c,150,FP,sm: eap_method vtable dispatch-contract param,hostap_full_audit_0.4.169,high
DCL13-C,hostap,src/eap_server/eap_server_identity.c,150,FP,priv: eap_method vtable dispatch-contract param,hostap_full_audit_0.4.169,high
MEM31-C,hostap,src/eap_server/eap_server_identity.c,161,FP,eap_server_method_register docs: caller must not free regardless of return; ownership transferred,hostap_full_audit_0.4.169,high
DCL13-C,hostap,src/eap_server/eap_server_md5.c,25,FP,eap_method vtable dispatch-contract param,hostap_full_audit_0.4.169,high
EXP33-C,hostap,src/eap_server/eap_server_md5.c,29,FP,sizeof(*data) not a dereference,hostap_full_audit_0.4.169,high
DCL30-C,hostap,src/eap_server/eap_server_md5.c,34,FP,"data is heap from os_zalloc, not automatic storage",hostap_full_audit_0.4.169,high
DCL13-C,hostap,src/eap_server/eap_server_md5.c,38,FP,eap_method vtable dispatch-contract param,hostap_full_audit_0.4.169,high
DCL13-C,hostap,src/eap_server/eap_server_md5.c,45,FP,eap_method vtable dispatch-contract param,hostap_full_audit_0.4.169,high
DCL30-C,hostap,src/eap_server/eap_server_md5.c,72,FP,"req is heap wpabuf from eap_msg_alloc, not automatic storage",hostap_full_audit_0.4.169,high
DCL13-C,hostap,src/eap_server/eap_server_md5.c,76,FP,sm: eap_method vtable dispatch-contract param,hostap_full_audit_0.4.169,high
DCL13-C,hostap,src/eap_server/eap_server_md5.c,76,FP,priv: eap_method vtable dispatch-contract param,hostap_full_audit_0.4.169,high
DCL13-C,hostap,src/eap_server/eap_server_md5.c,98,FP,eap_method vtable dispatch-contract param,hostap_full_audit_0.4.169,high
DCL13-C,hostap,src/eap_server/eap_server_md5.c,139,FP,sm: eap_method vtable dispatch-contract param,hostap_full_audit_0.4.169,high
DCL13-C,hostap,src/eap_server/eap_server_md5.c,139,FP,priv: eap_method vtable dispatch-contract param,hostap_full_audit_0.4.169,high
DCL13-C,hostap,src/eap_server/eap_server_md5.c,146,FP,sm: eap_method vtable dispatch-contract param,hostap_full_audit_0.4.169,high
DCL13-C,hostap,src/eap_server/eap_server_md5.c,146,FP,priv: eap_method vtable dispatch-contract param,hostap_full_audit_0.4.169,high
MEM31-C,hostap,src/eap_server/eap_server_md5.c,157,FP,eap_server_method_register takes ownership regardless of return value,hostap_full_audit_0.4.169,high
PRE08-C,hostap,src/eapol_auth/eapol_auth_dump.c,13,FP,"8.3-legacy-filesystem categorical FP, irrelevant on modern filesystems",hostap_full_audit_0.4.169,med
API00-C,hostap,src/eapol_auth/eapol_auth_dump.c,121,FP,"sm: internal-only API, not externally-nullable",hostap_full_audit_0.4.169,med
API00-C,hostap,src/eapol_auth/eapol_auth_dump.c,121,FP,"buf: internal-only API, fixed internal buffer callers",hostap_full_audit_0.4.169,med
API00-C,hostap,src/eapol_auth/eapol_auth_dump.c,121,FP,"buflen: internal-only API, always caller-bounded",hostap_full_audit_0.4.169,med
DCL13-C,hostap,src/eapol_auth/eapol_auth_dump.c,121,TP,"sm never modified in function; plain internal helper, genuine if low-value const opportunity",hostap_full_audit_0.4.169,low
API05-C,hostap,src/eapol_auth/eapol_auth_dump.c,121,FP,"buf+buflen ptr+size_t idiom, categorical FP",hostap_full_audit_0.4.169,med
DCL13-C,hostap,src/eapol_auth/eapol_auth_dump.c,121,FP,buf is mutated throughout via aliased pos/end pointers; const would break compile,hostap_full_audit_0.4.169,high
DCL37-C,hostap,src/eapol_auth/eapol_auth_dump.c,137,TP,"_SB is a leading-underscore+uppercase macro name, genuinely reserved by the standard",hostap_full_audit_0.4.169,high
EXP30-C,hostap,src/eapol_auth/eapol_auth_dump.c,138,FP,"_SB()/state-name lookup functions are pure reads, no side effects to unsequence",hostap_full_audit_0.4.169,med
EXP30-C,hostap,src/eapol_auth/eapol_auth_dump.c,180,FP,"pure read-only state-name/_SB lookups, no side effects",hostap_full_audit_0.4.169,med
EXP30-C,hostap,src/eapol_auth/eapol_auth_dump.c,222,FP,"pure read-only state-name/_SB lookups, no side effects",hostap_full_audit_0.4.169,med
EXP30-C,hostap,src/eapol_auth/eapol_auth_dump.c,247,FP,"pure read-only state-name lookups, no side effects",hostap_full_audit_0.4.169,med
EXP30-C,hostap,src/eapol_auth/eapol_auth_dump.c,265,FP,"pure read-only state-name/_SB lookups, no side effects",hostap_full_audit_0.4.169,med
EXP30-C,hostap,src/eapol_auth/eapol_auth_dump.c,274,FP,"pure read-only state-name/ctrl_dir lookups, no side effects",hostap_full_audit_0.4.169,med
API05-C,hostap,src/fst/fst_ctrl_iface.h,17,FP,"ptr+size_t idiom, categorical FP",hostap_full_audit_0.4.169,high
API05-C,hostap,src/fst/fst_ctrl_iface.h,19,FP,txtaddr/buf+buflen ptr+size_t idiom,hostap_full_audit_0.4.169,high
API05-C,hostap,src/fst/fst_ctrl_iface.h,19,FP,buf+buflen ptr+size_t idiom,hostap_full_audit_0.4.169,high
API05-C,hostap,src/fst/fst_ctrl_iface.h,26,FP,buf+buflen ptr+size_t idiom (stub decl),hostap_full_audit_0.4.169,high
DCL13-C,hostap,src/fst/fst_ctrl_iface.h,26,TP,"#else no-op stub: buf genuinely 100% unused in this branch, real if trivial const opportunity",hostap_full_audit_0.4.169,low
API02-C,hostap,src/fst/fst_ctrl_iface.h,33,FP,"flags char **endp, a double-pointer out-param, not an array needing a size bound",hostap_full_audit_0.4.169,med
API02-C,hostap,src/fst/fst_ctrl_iface.h,34,FP,buf already has its own paired buflen size_t parameter,hostap_full_audit_0.4.169,med
API05-C,hostap,src/fst/fst_ctrl_iface.h,34,FP,buf+buflen ptr+size_t idiom,hostap_full_audit_0.4.169,high
API05-C,hostap,src/fst/fst_ctrl_iface.h,34,FP,"endp is char**, not an array parameter",hostap_full_audit_0.4.169,high
API05-C,hostap,src/fst/fst_ctrl_iface.h,35,FP,"peer_addr is a fixed-size MAC buffer, ptr idiom FP",hostap_full_audit_0.4.169,high
API05-C,hostap,src/fst/fst_ctrl_iface.h,40,FP,ifname+ifname_size ptr+size_t idiom,hostap_full_audit_0.4.169,high
API05-C,hostap,src/fst/fst_ctrl_iface.h,40,FP,"cfg struct-pointer, no array syntax applicable",hostap_full_audit_0.4.169,high
API05-C,hostap,src/fst/fst_ctrl_iface.h,42,FP,ifname+ifname_size ptr+size_t idiom,hostap_full_audit_0.4.169,high
API05-C,hostap,src/fst/fst_ctrl_iface.h,42,FP,cmd string parameter idiom FP,hostap_full_audit_0.4.169,high
DCL13-C,hostap,src/utils/browser-wpadebug.c,22,FP,eloop_data: matches eloop_timeout_handler fixed dispatch signature,hostap_full_audit_0.4.169,high
DCL13-C,hostap,src/utils/browser-wpadebug.c,22,FP,user_ctx: matches eloop_timeout_handler fixed dispatch signature,hostap_full_audit_0.4.169,high
MSC01-C,hostap,src/utils/browser-wpadebug.c,43,TP,if/else-if genuinely has no final else clause; benign but real per literal rule,hostap_full_audit_0.4.169,low
ERR07-C,hostap,src/utils/browser-wpadebug.c,44,TP,"atoi(url+5) on HTTP-request-derived string, no error checking",hostap_full_audit_0.4.169,med
ERR34-C,hostap,src/utils/browser-wpadebug.c,44,TP,atoi() lacks error detection on request-derived numeric string,hostap_full_audit_0.4.169,med
API00-C,hostap,src/utils/browser-wpadebug.c,66,FP,url is a CLI arg already bounds-checked by osu_client.c caller before this call,hostap_full_audit_0.4.169,med
CON33-C,hostap,src/utils/browser-wpadebug.c,91,FP,"no-pthread FP: single-threaded fork-based program, no thread-safety concern",hostap_full_audit_0.4.169,high
CON34-C,hostap,src/utils/browser-wpadebug.c,91,FP,"no-pthread FP, no threads to race on strerror's static buffer",hostap_full_audit_0.4.169,high
ARR02-C,hostap,src/utils/browser-wpadebug.c,100,TP,envp[] relies on implicit initializer-derived bound; real if trivial style point,hostap_full_audit_0.4.169,low
EXP05-C,hostap,src/utils/browser-wpadebug.c,112,TP,"genuine cast-away-const of const char *url into non-const argv[] slot, though read-only in practice",hostap_full_audit_0.4.169,med
CON33-C,hostap,src/utils/browser-wpadebug.c,118,FP,no-pthread FP,hostap_full_audit_0.4.169,high
CON34-C,hostap,src/utils/browser-wpadebug.c,118,FP,no-pthread FP,hostap_full_audit_0.4.169,high
ERR05-C,hostap,src/utils/browser-wpadebug.c,119,FP,"exit() in a just-forked child after execve failure is the idiomatic correct action, no caller to report to",hostap_full_audit_0.4.169,med
MSC07-C,hostap,src/utils/browser-wpadebug.c,120,TP,"return -1 after exit(0) is genuinely unreachable dead code, harmless",hostap_full_audit_0.4.169,low
API00-C,hostap,wpa_supplicant/wpa_passphrase.c,16,FP,"main()'s argv is guaranteed valid by the C runtime, never NULL",hostap_full_audit_0.4.169,high
PRE32-C,hostap,wpa_supplicant/wpa_passphrase.c,25,FP,no preprocessor directive present; ordinary multi-line adjacent string-literal concatenation misparsed,hostap_full_audit_0.4.169,high
PRE32-C,hostap,wpa_supplicant/wpa_passphrase.c,25,FP,"same misparse of concatenated string literal, no directive involved",hostap_full_audit_0.4.169,high
FIO23-C,hostap,wpa_supplicant/wpa_passphrase.c,28,FP,"return from main() is equivalent to exit(), which flushes stdout",hostap_full_audit_0.4.169,high
DCL31-C,hostap,wpa_supplicant/wpa_passphrase.c,39,FP,tcgetattr is declared via #include <termios.h> at top of file; sqc not resolving system header decl,hostap_full_audit_0.4.169,med
DCL31-C,hostap,wpa_supplicant/wpa_passphrase.c,49,FP,"tcsetattr declared via <termios.h>, same system-header resolution gap",hostap_full_audit_0.4.169,med
FIO40-C,hostap,wpa_supplicant/wpa_passphrase.c,54,FP,function returns immediately on fgets failure; buf never used after failure branch,hostap_full_audit_0.4.169,high
FIO20-C,hostap,wpa_supplicant/wpa_passphrase.c,54,TP,no truncation check performed at all on fgets result; real if low-severity for a CLI passphrase tool,hostap_full_audit_0.4.169,low
FIO39-C,hostap,wpa_supplicant/wpa_passphrase.c,54,FP,"fprintf(stderr,...) and fgets(stdin,...) are different, unrelated streams; rule conflates them",hostap_full_audit_0.4.169,high
FIO39-C,hostap,wpa_supplicant/wpa_passphrase.c,55,FP,"cross-stream conflation (stderr vs stdin), no real same-stream sequencing hazard",hostap_full_audit_0.4.169,high
EXP33-C,hostap,wpa_supplicant/wpa_passphrase.c,60,FP,"ctrl_echo read is guarded by short-circuit !notty, which is false exactly when ctrl_echo was left uninitialized",hostap_full_audit_0.4.169,high
DCL31-C,hostap,wpa_supplicant/wpa_passphrase.c,60,FP,"tcsetattr declared via <termios.h>, same system-header resolution gap",hostap_full_audit_0.4.169,med
ARR30-C,hostap,wpa_supplicant/wpa_passphrase.c,66,FP,"NUL-terminated string traversal bounded by buf's terminator, not unbounded",hostap_full_audit_0.4.169,high
STR34-C,hostap,wpa_supplicant/wpa_passphrase.c,68,FP,"plain '\0' literal assignment to *pos, no sign-extension context at all",hostap_full_audit_0.4.169,high
DCL13-C,hostap,src/ap/airtime_policy.c,36,TP,"iface never modified in get_airtime_policy_update_timeout; plain internal helper, real if low-value",hostap_full_audit_0.4.169,low
DCL13-C,hostap,src/ap/airtime_policy.c,56,TP,hapd never modified in set_new_backlog_time; plain internal helper,hostap_full_audit_0.4.169,low
MSC04-C,hostap,src/ap/airtime_policy.c,96,FP,"hostapd_sta_set_airtime_weight only forwards to a driver function pointer, never calls back into sta_set_airtime_weight; name-similarity misfire",hostap_full_audit_0.4.169,high
MSC13-C,hostap,src/ap/airtime_policy.c,100,FP,ret's initializer is read by the final return ret when the && short-circuits false,hostap_full_audit_0.4.169,high
EXP45-C,hostap,src/ap/airtime_policy.c,103,TP,"genuine assignment embedded in if condition, idiomatic but literally flagged by the rule",hostap_full_audit_0.4.169,low
INT33-C,hostap,src/ap/airtime_policy.c,122,TP,"max_wt can stay 0 if no bss has num_backlogged_sta/airtime_weight set, causing a real div-by-zero in get_airtime_quantum",hostap_full_audit_0.4.169,med
MSC01-C,hostap,src/ap/airtime_policy.c,126,TP,if/else-if genuinely lacks a final else clause,hostap_full_audit_0.4.169,low
DCL13-C,hostap,src/ap/airtime_policy.c,133,FP,user_data matches eloop_timeout_handler fixed dispatch signature,hostap_full_audit_0.4.169,high
INT33-C,hostap,src/ap/airtime_policy.c,175,FP,guarded by the enclosing 'if (num_sta_min)' block starting at line 164,hostap_full_audit_0.4.169,high
INT33-C,hostap,src/ap/airtime_policy.c,189,FP,guarded by the same enclosing 'if (num_sta_min)' block,hostap_full_audit_0.4.169,high
INT33-C,hostap,src/ap/airtime_policy.c,203,FP,guarded by 'bss->num_backlogged_sta &&' in the same short-circuit if condition,hostap_full_audit_0.4.169,high
DCL13-C,hostap,src/ap/airtime_policy.c,230,TP,hapd never modified in get_weight_for_sta; plain internal helper,hostap_full_audit_0.4.169,low
API00-C,hostap,src/ap/airtime_policy.c,242,FP,"hapd: internal-only API, single fixed caller in sta_info.c always passes valid pointer",hostap_full_audit_0.4.169,med
API00-C,hostap,src/ap/airtime_policy.c,242,FP,"sta: internal-only API, always valid from fixed caller",hostap_full_audit_0.4.169,med
API00-C,hostap,src/ap/airtime_policy.c,270,FP,"iface: internal-only API, single fixed caller in hostapd.c always passes valid pointer",hostap_full_audit_0.4.169,med
PRE08-C,hostap,src/ap/ap_mlme.c,14,FP,8.3-legacy-filesystem categorical FP,hostap_full_audit_0.4.169,med
API00-C,hostap,src/ap/ap_mlme.c,53,FP,"hapd: internal MLME callback, always valid from driver event dispatch",hostap_full_audit_0.4.169,med
API00-C,hostap,src/ap/ap_mlme.c,53,FP,sta is dereferenced unconditionally on the very next line regardless of any added check,hostap_full_audit_0.4.169,med
EXP30-C,hostap,src/ap/ap_mlme.c,56,FP,"MAC2STR and mlme_auth_alg_str are pure reads/switch-lookups, no side effects to unsequence",hostap_full_audit_0.4.169,med
API00-C,hostap,src/ap/ap_mlme.c,82,FP,sta dereferenced unconditionally regardless of a check; internal-only caller,hostap_full_audit_0.4.169,med
API00-C,hostap,src/ap/ap_mlme.c,106,FP,hapd: internal-only MLME callback,hostap_full_audit_0.4.169,med
API00-C,hostap,src/ap/ap_mlme.c,106,FP,sta dereferenced unconditionally regardless of a check,hostap_full_audit_0.4.169,med
API00-C,hostap,src/ap/ap_mlme.c,134,FP,hapd: internal-only MLME callback,hostap_full_audit_0.4.169,med
API00-C,hostap,src/ap/ap_mlme.c,134,FP,sta dereferenced unconditionally regardless of a check,hostap_full_audit_0.4.169,med
API00-C,hostap,src/ap/ap_mlme.c,163,FP,hapd: internal-only MLME callback,hostap_full_audit_0.4.169,med
API00-C,hostap,src/ap/ap_mlme.c,163,FP,sta dereferenced unconditionally regardless of a check,hostap_full_audit_0.4.169,med
API00-C,hostap,src/ap/ap_mlme.c,174,FP,hapd: internal-only MLME callback,hostap_full_audit_0.4.169,med
API00-C,hostap,src/ap/ap_mlme.c,174,FP,addr dereferenced unconditionally via MAC2STR regardless of a check,hostap_full_audit_0.4.169,med
API00-C,hostap,src/ap/ap_mlme.c,184,FP,sta dereferenced unconditionally on the very next line regardless of a check,hostap_full_audit_0.4.169,med
DCL13-C,hostap,src/ap/ap_mlme.c,184,TP,"sta never modified in mlme_deletekeys_request; plain internal helper, real if low-value",hostap_full_audit_0.4.169,low
EXP33-C,hostap,src/eap_peer/eap_tnc.c,41,FP,"sizeof(*data) type-source before os_zalloc, not a real deref (confirmed FP idiom).",hostap_full_audit_0.4.169,high
DCL30-C,hostap,src/eap_peer/eap_tnc.c,55,FP,"data is os_zalloc'd heap memory, not automatic storage; heap-vs-local confusion.",hostap_full_audit_0.4.169,high
DCL13-C,hostap,src/eap_peer/eap_tnc.c,59,FP,eap_tnc_deinit is bound as struct eap_method's deinit vtable slot; signature is dispatch-contract fixed.,hostap_full_audit_0.4.169,high
DCL30-C,hostap,src/eap_peer/eap_tnc.c,84,FP,"msg from eap_msg_alloc is heap memory, not automatic storage.",hostap_full_audit_0.4.169,high
DCL30-C,hostap,src/eap_peer/eap_tnc.c,144,FP,"resp from eap_msg_alloc is heap memory, not automatic storage.",hostap_full_audit_0.4.169,high
EXP34-C,hostap,src/eap_peer/eap_tnc.c,177,FP,"ret is the eap_method_ret* the EAP framework always supplies; internal-only API, never externally NULL.",hostap_full_audit_0.4.169,med
DCL13-C,hostap,src/eap_peer/eap_tnc.c,201,FP,eap_tnc_process is bound as struct eap_method's process vtable slot; fixed dispatch signature.,hostap_full_audit_0.4.169,high
EXP34-C,hostap,src/eap_peer/eap_tnc.c,221,FP,"pos printed with %p inside the pos==NULL branch; %p of NULL is defined, not a dereference.",hostap_full_audit_0.4.169,high
EXP30-C,hostap,src/eap_peer/eap_tnc.c,314,FP,wpabuf_head/wpabuf_len args are pure accessors with no side effects to unsequence.,hostap_full_audit_0.4.169,high
MSC01-C,hostap,src/eap_peer/eap_tnc.c,317,FP,switch(res) on enum tncc_process_res covers all 6 enum members exhaustively; no unanticipated value possible.,hostap_full_audit_0.4.169,med
MEM31-C,hostap,src/eap_peer/eap_tnc.c,354,FP,"resp is returned to the caller (ownership transfer via return), not leaked.",hostap_full_audit_0.4.169,high
DCL30-C,hostap,src/eap_peer/eap_tnc.c,362,FP,"resp from eap_msg_alloc is heap memory, not automatic storage.",hostap_full_audit_0.4.169,high
EXP30-C,hostap,src/eap_peer/eap_tnc.c,396,FP,"wpabuf_head/wpabuf_len args are pure accessors, no side effects.",hostap_full_audit_0.4.169,high
MSC07-C,hostap,src/eap_peer/eap_tnc.c,403,FP,fail: label is a real goto target reached from earlier goto fail; not fallthrough after the preceding return.,hostap_full_audit_0.4.169,high
MEM31-C,hostap,src/eap_peer/eap_tnc.c,414,FP,"eap is handed to eap_peer_method_register(), which frees-or-keeps it on every path per its own doc contract; confirmed ownership-transfer FP class.",hostap_full_audit_0.4.169,high
API00-C,hostap,src/eap_common/eap_teap_common.c,33,FP,internal-only helper called only with fixed buffer args from this file; never externally nullable.,hostap_full_audit_0.4.169,med
DCL30-C,hostap,src/eap_common/eap_teap_common.c,69,FP,"e is wpabuf_alloc'd heap memory, not automatic storage.",hostap_full_audit_0.4.169,high
API05-C,hostap,src/eap_common/eap_teap_common.c,74,FP,"const struct wpabuf *data is idiomatic C, not a conformant-array-syntax gap; confirmed categorical FP.",hostap_full_audit_0.4.169,high
API00-C,hostap,src/eap_common/eap_teap_common.c,121,FP,internal crypto helper called only with fixed-size internal buffers; never externally nullable.,hostap_full_audit_0.4.169,med
ARR02-C,hostap,src/eap_common/eap_teap_common.c,228,FP,static const array's size is fully and unambiguously determined by its own initializer and consumed only via ARRAY_SIZE(); no drift risk the rule is meant to guard against.,hostap_full_audit_0.4.169,med
ARR02-C,hostap,src/eap_common/eap_teap_common.c,249,FP,same ARRAY_SIZE()-consumed initializer-sized array shape as sha1_cs (line 228).,hostap_full_audit_0.4.169,med
ARR02-C,hostap,src/eap_common/eap_teap_common.c,274,FP,same ARRAY_SIZE()-consumed initializer-sized array shape as sha1_cs (line 228).,hostap_full_audit_0.4.169,med
API00-C,hostap,src/eap_common/eap_teap_common.c,327,FP,"cb is always a struct field/parse result from this module's own TLV parser, internal-only.",hostap_full_audit_0.4.169,med
EXP30-C,hostap,src/eap_common/eap_teap_common.c,367,FP,"wpabuf_head/wpabuf_len args to os_memcpy are pure accessors, no side effects.",hostap_full_audit_0.4.169,high
EXP30-C,hostap,src/eap_common/eap_teap_common.c,375,FP,"wpabuf_head/wpabuf_len args to os_memcpy are pure accessors, no side effects.",hostap_full_audit_0.4.169,high
ARR01-C,hostap,src/eap_common/eap_teap_common.c,536,FP,"sizeof(*tlv->crypto_binding) sizes the pointed-to struct via a member dereference; unrelated to array-parameter decay-to-pointer, misapplied rule.",hostap_full_audit_0.4.169,high
EXP33-C,hostap,src/eap_common/eap_teap_common.c,631,FP,"sizeof(*result) is a type-source before wpabuf_alloc, not a real deref of the not-yet-assigned pointer.",hostap_full_audit_0.4.169,high
DCL30-C,hostap,src/eap_common/eap_teap_common.c,644,FP,"buf is wpabuf_alloc'd heap memory, not automatic storage.",hostap_full_audit_0.4.169,high
DCL30-C,hostap,src/eap_common/eap_teap_common.c,660,FP,"buf is wpabuf_alloc'd heap memory, not automatic storage.",hostap_full_audit_0.4.169,high
DCL30-C,hostap,src/eap_common/eap_teap_common.c,676,FP,"buf is wpabuf_alloc'd heap memory, not automatic storage.",hostap_full_audit_0.4.169,high
EXP30-C,hostap,src/eap_server/eap_server_wsc.c,57,FP,"both args are calls to the pure eap_wsc_state_txt() accessor, no side effects to unsequence.",hostap_full_audit_0.4.169,high
EXP33-C,hostap,src/eap_server/eap_server_wsc.c,99,FP,"sizeof(*data) type-source before os_zalloc, not a real deref.",hostap_full_audit_0.4.169,high
DCL30-C,hostap,src/eap_server/eap_server_wsc.c,152,FP,"data is os_zalloc'd heap memory, not automatic storage.",hostap_full_audit_0.4.169,high
DCL13-C,hostap,src/eap_server/eap_server_wsc.c,167,TP,eap_wsc_build_start is a plain internal helper (not itself vtable-bound); sm is genuinely unused/unmodified.,hostap_full_audit_0.4.169,low
DCL13-C,hostap,src/eap_server/eap_server_wsc.c,168,TP,"same helper; data param genuinely unused/unmodified, low-value but real.",hostap_full_audit_0.4.169,low
DCL30-C,hostap,src/eap_server/eap_server_wsc.c,184,FP,"req from eap_msg_alloc is heap memory, not automatic storage.",hostap_full_audit_0.4.169,high
DCL30-C,hostap,src/eap_server/eap_server_wsc.c,240,FP,"req from eap_msg_alloc is heap memory, not automatic storage.",hostap_full_audit_0.4.169,high
DCL13-C,hostap,src/eap_server/eap_server_wsc.c,275,FP,eap_wsc_check is bound as struct eap_method's check vtable slot; fixed dispatch signature.,hostap_full_audit_0.4.169,high
DCL13-C,hostap,src/eap_server/eap_server_wsc.c,275,FP,"same check() vtable-bound function, priv param.",hostap_full_audit_0.4.169,high
DCL13-C,hostap,src/eap_server/eap_server_wsc.c,467,FP,eap_wsc_isDone is bound as struct eap_method's isDone vtable slot; fixed dispatch signature.,hostap_full_audit_0.4.169,high
DCL13-C,hostap,src/eap_server/eap_server_wsc.c,467,FP,"same isDone() vtable-bound function, priv param.",hostap_full_audit_0.4.169,high
DCL13-C,hostap,src/eap_server/eap_server_wsc.c,474,FP,eap_wsc_isSuccess is bound as struct eap_method's isSuccess vtable slot; fixed dispatch signature.,hostap_full_audit_0.4.169,high
DCL13-C,hostap,src/eap_server/eap_server_wsc.c,474,FP,"same isSuccess() vtable-bound function, priv param.",hostap_full_audit_0.4.169,high
DCL13-C,hostap,src/eap_server/eap_server_wsc.c,481,FP,eap_wsc_getTimeout is bound as struct eap_method's getTimeout vtable slot; fixed dispatch signature.,hostap_full_audit_0.4.169,high
MEM31-C,hostap,src/eap_server/eap_server_wsc.c,494,FP,"eap is handed to eap_server_method_register(), confirmed ownership-transfer FP class (server-side analog of eap_peer_method_register).",hostap_full_audit_0.4.169,high
DCL13-C,hostap,src/utils/browser-android.c,22,FP,browser_timeout matches the fixed eloop_timeout_handler typedef; dispatch-contract FP.,hostap_full_audit_0.4.169,high
DCL13-C,hostap,src/utils/browser-android.c,22,FP,"same eloop_timeout_handler dispatch-contract FP, user_ctx param.",hostap_full_audit_0.4.169,high
MSC01-C,hostap,src/utils/browser-android.c,43,FP,"deliberate no-op fallthrough for URLs that are neither '/' nor '/osu/'; correctly leaves done=0, not a missing-handling defect.",hostap_full_audit_0.4.169,med
ERR07-C,hostap,src/utils/browser-android.c,44,TP,atoi(url+5) on the browser-callback URL suffix with no range/format validation; consistent with prior ERR07/34-C genuinely-TP unchecked-atoi judgment.,hostap_full_audit_0.4.169,med
ERR34-C,hostap,src/utils/browser-android.c,44,TP,"same unchecked atoi() conversion, no errno/end-pointer/range check.",hostap_full_audit_0.4.169,med
API00-C,hostap,src/utils/browser-android.c,65,FP,"only caller (hs20/client/osu_client.c CLI) passes a required positional argv element; internal-only, never externally nullable.",hostap_full_audit_0.4.169,med
CON33-C,hostap,src/utils/browser-android.c,90,FP,single-threaded CLI utility; strerror() non-reentrancy is not applicable (confirmed no-pthread FP).,hostap_full_audit_0.4.169,high
CON34-C,hostap,src/utils/browser-android.c,90,FP,same no-pthread FP class.,hostap_full_audit_0.4.169,high
EXP05-C,hostap,src/utils/browser-android.c,105,FP,"cast to (void *) is to satisfy execv's char *argv[] signature; POSIX guarantees exec never modifies argv strings, standard idiom.",hostap_full_audit_0.4.169,med
CON33-C,hostap,src/utils/browser-android.c,109,FP,same no-pthread FP class.,hostap_full_audit_0.4.169,high
CON34-C,hostap,src/utils/browser-android.c,109,FP,same no-pthread FP class.,hostap_full_audit_0.4.169,high
ERR05-C,hostap,src/utils/browser-android.c,110,FP,"this exit() is in the forked child after a failed execv; child must terminate the duplicated process image, not return control up the call stack - standard fork/exec idiom, not an application error-policy violation.",hostap_full_audit_0.4.169,high
MSC07-C,hostap,src/utils/browser-android.c,111,TP,return -1 after exit() is genuinely dead code; harmless defensive idiom but literally unreachable.,hostap_full_audit_0.4.169,low
ENV03-C,hostap,src/utils/browser-android.c,121,TP,"real system() call with no prior environment sanitization, though the command is a fixed absolute-path string with no attacker-controlled input.",hostap_full_audit_0.4.169,low
ENV33-C,hostap,src/utils/browser-android.c,121,TP,"literal call to system(); low real risk since the command string is a hardcoded literal in an Android-only debug utility, not user input.",hostap_full_audit_0.4.169,low
ARR02-C,hostap,src/utils/ext_password.c,19,FP,"backends[] size legitimately varies per CONFIG_EXT_PASSWORD_TEST/FILE #ifdef combination and is iterated via a NULL sentinel, not ARRAY_SIZE(); hardcoding a bound would be wrong (matches confirmed drivers.c wpa_drivers[] precedent).",hostap_full_audit_0.4.169,high
API00-C,hostap,src/utils/ext_password.c,35,FP,"internal-only API; params comes from wpa_supplicant's own config parsing, not externally nullable in practice.",hostap_full_audit_0.4.169,med
EXP33-C,hostap,src/utils/ext_password.c,41,FP,"sizeof(*data) type-source before os_zalloc, not a real deref.",hostap_full_audit_0.4.169,high
DCL30-C,hostap,src/utils/ext_password.c,63,FP,"data is os_zalloc'd heap memory, not automatic storage.",hostap_full_audit_0.4.169,high
DCL13-C,hostap,src/utils/ext_password.c,75,TP,"ext_password_get only reads data->backend/data->priv, never modifies data itself; genuine if low-value const opportunity, not vtable-bound.",hostap_full_audit_0.4.169,low
MEM10-C,hostap,src/utils/ext_password.c,78,FP,stylistic pedantry; the NULL check is present and correct (confirmed ad-hoc-NULL-check FP class).,hostap_full_audit_0.4.169,high
EXP30-C,hostap,src/utils/ext_password.c,93,FP,"wpabuf_head/wpabuf_len args to mlock() are pure accessors, no side effects.",hostap_full_audit_0.4.169,high
CON33-C,hostap,src/utils/ext_password.c,95,FP,no-pthread FP class; single-threaded usage of strerror().,hostap_full_audit_0.4.169,high
CON34-C,hostap,src/utils/ext_password.c,95,FP,same no-pthread FP class.,hostap_full_audit_0.4.169,high
DCL30-C,hostap,src/utils/ext_password.c,99,FP,"buf is wpabuf_alloc'd heap memory, not automatic storage.",hostap_full_audit_0.4.169,high
MEM10-C,hostap,src/utils/ext_password.c,105,FP,stylistic pedantry; NULL check is present and correct.,hostap_full_audit_0.4.169,high
EXP30-C,hostap,src/utils/ext_password.c,107,FP,"wpabuf_mhead/wpabuf_len args to os_memset are pure accessors, no side effects.",hostap_full_audit_0.4.169,high
EXP30-C,hostap,src/utils/ext_password.c,109,FP,"wpabuf_head/wpabuf_len args to munlock are pure accessors, no side effects.",hostap_full_audit_0.4.169,high
CON33-C,hostap,src/utils/ext_password.c,111,FP,no-pthread FP class.,hostap_full_audit_0.4.169,high
CON34-C,hostap,src/utils/ext_password.c,111,FP,same no-pthread FP class.,hostap_full_audit_0.4.169,high
API02-C,hostap,src/utils/pcsc_funcs.h,17,FP,"size_t *len already IS the imsi buffer's in/out capacity/length companion (verified against pcsc_funcs.c: '*len' checked as capacity, updated to actual length); confirmed categorical FP.",hostap_full_audit_0.4.169,high
API05-C,hostap,src/utils/pcsc_funcs.h,17,FP,"T*+size_t idiom, confirmed categorical FP.",hostap_full_audit_0.4.169,high
API02-C,hostap,src/utils/pcsc_funcs.h,21,FP,res_len already pairs with res as its capacity/length; confirmed categorical FP.,hostap_full_audit_0.4.169,high
API05-C,hostap,src/utils/pcsc_funcs.h,21,FP,"T*+size_t idiom, confirmed categorical FP.",hostap_full_audit_0.4.169,high
API05-C,hostap,src/utils/pcsc_funcs.h,22,FP,"idiomatic fixed-length crypto output buffer parameter, confirmed categorical FP.",hostap_full_audit_0.4.169,high
API05-C,hostap,src/utils/pcsc_funcs.h,23,FP,"idiomatic fixed-length crypto output buffer parameter, confirmed categorical FP.",hostap_full_audit_0.4.169,high
API05-C,hostap,src/utils/pcsc_funcs.h,24,FP,"idiomatic fixed-length crypto output buffer parameter, confirmed categorical FP.",hostap_full_audit_0.4.169,high
API05-C,hostap,src/utils/pcsc_funcs.h,24,FP,"same fixed-length output buffer idiom, second parameter on this line.",hostap_full_audit_0.4.169,high
API05-C,hostap,src/utils/pcsc_funcs.h,24,FP,"same fixed-length output buffer idiom, third parameter on this line.",hostap_full_audit_0.4.169,high
PRE02-C,hostap,src/utils/pcsc_funcs.h,32,FP,"macro body 'do { } while (0)' is a statement macro, not an expression body; parenthesization doesn't apply.",hostap_full_audit_0.4.169,high
PRE02-C,hostap,src/utils/pcsc_funcs.h,33,FP,"single-token negative-literal macro body '-1'; confirmed FP, matches the 6-15_b3 PRE02-C negative-literal precedent.",hostap_full_audit_0.4.169,high
PRE02-C,hostap,src/utils/pcsc_funcs.h,34,FP,same single-token '-1' negative-literal FP.,hostap_full_audit_0.4.169,high
PRE02-C,hostap,src/utils/pcsc_funcs.h,35,FP,same single-token '-1' negative-literal FP.,hostap_full_audit_0.4.169,high
PRE02-C,hostap,src/utils/pcsc_funcs.h,36,FP,same single-token '-1' negative-literal FP.,hostap_full_audit_0.4.169,high
PRE02-C,hostap,src/utils/pcsc_funcs.h,37,FP,same single-token '-1' negative-literal FP.,hostap_full_audit_0.4.169,high
PRE08-C,hostap,wpa_supplicant/wpas_kay.c,15,FP,"8.3-legacy-filesystem FP; virtually all ieee802_1x_* headers share the first 8 chars, confirmed recurring pattern.",hostap_full_audit_0.4.169,high
API00-C,hostap,wpa_supplicant/wpas_kay.c,196,FP,"wpa_s is the core internal supplicant context, never NULL from any real caller (internal-only-API FP class).",hostap_full_audit_0.4.169,med
DCL13-C,hostap,wpa_supplicant/wpas_kay.c,196,TP,"ssid is read-only throughout this function (never mutated); genuine if low-value const opportunity, not vtable-bound.",hostap_full_audit_0.4.169,low
MSC13-C,hostap,wpa_supplicant/wpas_kay.c,199,TP,res=NULL is unconditionally overwritten by ieee802_1x_kay_init()'s result before any read; confirmed genuine dead-NULL-init TP shape.,hostap_full_audit_0.4.169,high
EXP33-C,hostap,wpa_supplicant/wpas_kay.c,216,FP,"sizeof(*kay_ctx) type-source before os_zalloc, not a real deref.",hostap_full_audit_0.4.169,high
DCL13-C,hostap,wpa_supplicant/wpas_kay.c,274,TP,ieee802_1x_auth_get_msk is a plain internal static helper (not vtable-bound); wpa_s is read-only via wpa_s->eapol.,hostap_full_audit_0.4.169,low
API00-C,hostap,wpa_supplicant/wpas_kay.c,303,FP,"sole caller (wpas_glue.c) passes wpa_s->last_eapol_src, a fixed array field, never NULL; internal-only-API FP.",hostap_full_audit_0.4.169,med
EXP33-C,hostap,wpa_supplicant/wpas_kay.c,320,FP,"sizeof(*msk) type-source before os_zalloc, not a real deref.",hostap_full_audit_0.4.169,high
EXP33-C,hostap,wpa_supplicant/wpas_kay.c,321,FP,"sizeof(*ckn) type-source before os_zalloc, not a real deref.",hostap_full_audit_0.4.169,high
EXP33-C,hostap,wpa_supplicant/wpas_kay.c,322,FP,"sizeof(*cak) type-source before os_zalloc, not a real deref.",hostap_full_audit_0.4.169,high
MSC41-C,hostap,wpa_supplicant/wpas_kay.c,347,FP,"'Derived CAK' is a debug-log label string, not an embedded secret; the actual key (cak->key) is runtime-computed, confirmed hexdump-title FP class.",hostap_full_audit_0.4.169,high
API00-C,hostap,wpa_supplicant/wpas_kay.c,377,FP,"sole caller (wpa_supplicant.c) already dereferences ssid->mka_psk_set immediately before this call, proving ssid non-NULL at the call site; internal-only-API FP.",hostap_full_audit_0.4.169,med
API00-C,hostap,wpa_supplicant/wpas_kay.c,377,FP,"same call site; wpa_s is the core internal supplicant context, never NULL.",hostap_full_audit_0.4.169,med
EXP33-C,hostap,wpa_supplicant/wpas_kay.c,387,FP,"sizeof(*ckn) type-source before os_zalloc, not a real deref.",hostap_full_audit_0.4.169,high
EXP33-C,hostap,wpa_supplicant/wpas_kay.c,391,FP,"sizeof(*cak) type-source before os_zalloc, not a real deref.",hostap_full_audit_0.4.169,high
DCL31-C,hostap,wpa_supplicant/dbus/dbus_dict_helpers.c,63,FP,"libdbus third-party-header-unresolved DCL31-C class (dbus.h included, matches established pattern).",hostap_full_audit_0.4.169,high
DCL31-C,hostap,wpa_supplicant/dbus/dbus_dict_helpers.c,118,FP,Same libdbus unresolved-header FP class.,hostap_full_audit_0.4.169,high
DCL31-C,hostap,wpa_supplicant/dbus/dbus_dict_helpers.c,121,FP,Same libdbus unresolved-header FP class.,hostap_full_audit_0.4.169,high
MSC13-C,hostap,wpa_supplicant/dbus/dbus_dict_helpers.c,131,TP,type_as_string=NULL initializer unconditionally overwritten at :136 before its only read; genuine trivial dead store.,hostap_full_audit_0.4.169,low
MEM10-C,hostap,wpa_supplicant/dbus/dbus_dict_helpers.c,133,FP,"Ad-hoc-NULL-check stylistic pedantry, established FP class.",hostap_full_audit_0.4.169,med
DCL31-C,hostap,wpa_supplicant/dbus/dbus_dict_helpers.c,179,FP,libdbus unresolved-header FP class.,hostap_full_audit_0.4.169,high
DCL31-C,hostap,wpa_supplicant/dbus/dbus_dict_helpers.c,496,FP,libdbus unresolved-header FP class.,hostap_full_audit_0.4.169,high
DCL31-C,hostap,wpa_supplicant/dbus/dbus_dict_helpers.c,523,FP,libdbus unresolved-header FP class.,hostap_full_audit_0.4.169,high
EXP30-C,hostap,wpa_supplicant/dbus/dbus_dict_helpers.c,596,FP,"wpabuf_head()/wpabuf_len() pure-accessor sibling-argument FP, documented precedent.",hostap_full_audit_0.4.169,high
STR30-C,hostap,wpa_supplicant/dbus/dbus_dict_helpers.c,629,FP,"dbus_set_error_const's message param is const char*; rule-logic bug, established FP class.",hostap_full_audit_0.4.169,high
STR30-C,hostap,wpa_supplicant/dbus/dbus_dict_helpers.c,642,FP,Same dbus_set_error_const const-param FP class.,hostap_full_audit_0.4.169,high
MSC37-C,hostap,wpa_supplicant/dbus/dbus_dict_helpers.c,655,FP,_wpa_dbus_dict_entry_get_byte_array ends with explicit 'return success;' at :705 via the done: label; never falls off the end.,hostap_full_audit_0.4.169,high
ARR00-C,hostap,wpa_supplicant/dbus/dbus_dict_helpers.c,688,FP,goto-label-blindness: buffer is os_free'd only on the realloc-fail branch which immediately 'goto done;' (returns); the flagged use at :688 is only reached when buffer is still valid.,hostap_full_audit_0.4.169,high
DCL31-C,hostap,wpa_supplicant/dbus/dbus_dict_helpers.c,690,FP,libdbus unresolved-header FP class.,hostap_full_audit_0.4.169,high
ARR00-C,hostap,wpa_supplicant/dbus/dbus_dict_helpers.c,744,FP,Same use-after-free misfire pattern; realloc-fail branch os_free's and directly returns FALSE before the flagged use.,hostap_full_audit_0.4.169,high
DCL31-C,hostap,wpa_supplicant/dbus/dbus_dict_helpers.c,746,FP,libdbus unresolved-header FP class.,hostap_full_audit_0.4.169,high
DCL31-C,hostap,wpa_supplicant/dbus/dbus_dict_helpers.c,808,FP,libdbus unresolved-header FP class.,hostap_full_audit_0.4.169,high
MSC07-C,hostap,wpa_supplicant/dbus/dbus_dict_helpers.c,823,FP,"goto-target-label-after-return blindness: 'fail:' label is reached via earlier goto fail at :792/:805, not dead code.",hostap_full_audit_0.4.169,high
ARR39-C,hostap,wpa_supplicant/dbus/dbus_dict_helpers.c,872,FP,"buflen is a plain size_t counter, not a pointer; 'scaled pointer assignment/double scaling' claim is a category error.",hostap_full_audit_0.4.169,high
DCL31-C,hostap,wpa_supplicant/dbus/dbus_dict_helpers.c,896,FP,libdbus unresolved-header FP class.,hostap_full_audit_0.4.169,high
MSC07-C,hostap,wpa_supplicant/dbus/dbus_dict_helpers.c,903,FP,goto-target-label-after-return blindness: 'cleanup:' reached via earlier goto cleanup at :877/:886/:893.,hostap_full_audit_0.4.169,high
DCL31-C,hostap,wpa_supplicant/dbus/dbus_dict_helpers.c,1065,FP,libdbus unresolved-header FP class.,hostap_full_audit_0.4.169,high
DCL31-C,hostap,wpa_supplicant/dbus/dbus_dict_helpers.c,1089,FP,libdbus unresolved-header FP class.,hostap_full_audit_0.4.169,high
MSC07-C,hostap,wpa_supplicant/dbus/dbus_dict_helpers.c,1092,FP,goto-target-label-after-return blindness: 'error:' label reached via earlier goto error at :1057/:1067/:1074/:1086.,hostap_full_audit_0.4.169,high
DCL13-C,hostap,wpa_supplicant/sme.h,48,TP,"CONFIG_SME=n stub sme_authenticate has a fully empty body; wpa_s is genuinely never touched. Not an eloop/eap_method vtable slot (plain matching-signature stub), so the AGENT_INSTRUCTIONS DCL13-C dispatch-table prior is refuted here; genuine (if very low-value/dead-path) TP.",hostap_full_audit_0.4.169,low
DCL13-C,hostap,wpa_supplicant/sme.h,49,TP,Same empty-stub class; bss unused.,hostap_full_audit_0.4.169,low
DCL13-C,hostap,wpa_supplicant/sme.h,50,TP,Same empty-stub class; ssid unused.,hostap_full_audit_0.4.169,low
DCL13-C,hostap,wpa_supplicant/sme.h,54,TP,"sme_event_auth stub, wpa_s unused.",hostap_full_audit_0.4.169,low
DCL13-C,hostap,wpa_supplicant/sme.h,55,TP,"Same stub, data unused.",hostap_full_audit_0.4.169,low
DCL13-C,hostap,wpa_supplicant/sme.h,59,TP,"sme_update_ft_ies stub, wpa_s unused (function just returns -1).",hostap_full_audit_0.4.169,low
DCL13-C,hostap,wpa_supplicant/sme.h,66,TP,"sme_event_assoc_reject stub, wpa_s unused.",hostap_full_audit_0.4.169,low
DCL13-C,hostap,wpa_supplicant/sme.h,67,TP,"Same stub, data unused.",hostap_full_audit_0.4.169,low
DCL13-C,hostap,wpa_supplicant/sme.h,72,TP,"sme_event_auth_timed_out stub, wpa_s unused.",hostap_full_audit_0.4.169,low
DCL13-C,hostap,wpa_supplicant/sme.h,73,TP,"Same stub, data unused.",hostap_full_audit_0.4.169,low
DCL13-C,hostap,wpa_supplicant/sme.h,77,TP,"sme_event_assoc_timed_out stub, wpa_s unused.",hostap_full_audit_0.4.169,low
DCL13-C,hostap,wpa_supplicant/sme.h,78,TP,"Same stub, data unused.",hostap_full_audit_0.4.169,low
DCL13-C,hostap,wpa_supplicant/sme.h,82,TP,"sme_event_disassoc stub, wpa_s unused.",hostap_full_audit_0.4.169,low
DCL13-C,hostap,wpa_supplicant/sme.h,83,TP,"Same stub, info unused.",hostap_full_audit_0.4.169,low
DCL13-C,hostap,wpa_supplicant/sme.h,87,TP,"sme_event_unprot_disconnect stub, wpa_s unused.",hostap_full_audit_0.4.169,low
DCL13-C,hostap,wpa_supplicant/sme.h,93,TP,"sme_event_ch_switch stub, wpa_s unused.",hostap_full_audit_0.4.169,low
DCL13-C,hostap,wpa_supplicant/sme.h,97,TP,"sme_state_changed stub, wpa_s unused.",hostap_full_audit_0.4.169,low
DCL13-C,hostap,wpa_supplicant/sme.h,101,TP,"sme_clear_on_disassoc stub, wpa_s unused.",hostap_full_audit_0.4.169,low
DCL13-C,hostap,wpa_supplicant/sme.h,105,TP,"sme_deinit stub, wpa_s unused.",hostap_full_audit_0.4.169,low
DCL13-C,hostap,wpa_supplicant/sme.h,109,TP,"sme_proc_obss_scan stub, wpa_s unused (returns 0).",hostap_full_audit_0.4.169,low
DCL13-C,hostap,wpa_supplicant/sme.h,114,TP,"sme_sched_obss_scan stub, wpa_s unused.",hostap_full_audit_0.4.169,low
DCL13-C,hostap,wpa_supplicant/sme.h,119,TP,"sme_external_auth_trigger stub, wpa_s unused.",hostap_full_audit_0.4.169,low
DCL13-C,hostap,wpa_supplicant/sme.h,120,TP,"Same stub, data unused.",hostap_full_audit_0.4.169,low
DCL13-C,hostap,wpa_supplicant/sme.h,124,TP,"sme_external_auth_mgmt_rx stub, wpa_s unused.",hostap_full_audit_0.4.169,low
EXP33-C,hostap,src/ap/vlan_ioctl.c,25,FP,"sizeof(if_request.device1) is a compile-time member-size query, not a read of if_request's contents; sizeof-not-a-deref FP class.",hostap_full_audit_0.4.169,high
CON33-C,hostap,src/ap/vlan_ioctl.c,33,FP,"strerror() no-pthread FP, zero pthread usage in this file; established categorical class.",hostap_full_audit_0.4.169,high
CON34-C,hostap,src/ap/vlan_ioctl.c,33,FP,Same strerror() no-pthread FP class.,hostap_full_audit_0.4.169,high
DCL39-C,hostap,src/ap/vlan_ioctl.c,42,FP,"if_request is os_memset to 0 at :37 immediately before population; padding bytes are known-zero, not leaked stack garbage. Matches established zeroed-before-ioctl DCL39-C FP class.",hostap_full_audit_0.4.169,high
CON33-C,hostap,src/ap/vlan_ioctl.c,44,FP,strerror() no-pthread FP class.,hostap_full_audit_0.4.169,high
CON34-C,hostap,src/ap/vlan_ioctl.c,44,FP,strerror() no-pthread FP class.,hostap_full_audit_0.4.169,high
FIO24-C,hostap,src/ap/vlan_ioctl.c,49,FP,Mutually exclusive if-fails(close+return -1)/falls-through(close+return 0) branches; established FIO24-C double-close misfire class.,hostap_full_audit_0.4.169,high
EXP33-C,hostap,src/ap/vlan_ioctl.c,71,FP,"sizeof(if_request.device1) member-size query, not a read; sizeof-not-a-deref FP class.",hostap_full_audit_0.4.169,high
CON33-C,hostap,src/ap/vlan_ioctl.c,79,FP,strerror() no-pthread FP class.,hostap_full_audit_0.4.169,high
CON34-C,hostap,src/ap/vlan_ioctl.c,79,FP,strerror() no-pthread FP class.,hostap_full_audit_0.4.169,high
DCL39-C,hostap,src/ap/vlan_ioctl.c,92,FP,if_request zeroed via os_memset at :83 before population; zeroed-before-ioctl FP class.,hostap_full_audit_0.4.169,high
DCL39-C,hostap,src/ap/vlan_ioctl.c,96,FP,"Same if_request, still zeroed from :83; zeroed-before-ioctl FP class.",hostap_full_audit_0.4.169,high
DCL39-C,hostap,src/ap/vlan_ioctl.c,114,FP,if_request re-zeroed via os_memset at :109 before this ioctl call; zeroed-before-ioctl FP class.,hostap_full_audit_0.4.169,high
CON33-C,hostap,src/ap/vlan_ioctl.c,117,FP,strerror() no-pthread FP class.,hostap_full_audit_0.4.169,high
CON34-C,hostap,src/ap/vlan_ioctl.c,117,FP,strerror() no-pthread FP class.,hostap_full_audit_0.4.169,high
FIO24-C,hostap,src/ap/vlan_ioctl.c,118,FP,Cross-branch conflation: the cited prior close at :99 sits inside a mutually exclusive early-return branch (vlan-exists-already path) that never reaches :118 in the same call; not a real double close.,hostap_full_audit_0.4.169,high
FIO24-C,hostap,src/ap/vlan_ioctl.c,122,FP,Same cross-branch conflation as :118; :99's close is on a disjoint early-return path.,hostap_full_audit_0.4.169,high
CON33-C,hostap,src/ap/vlan_ioctl.c,137,FP,strerror() no-pthread FP class.,hostap_full_audit_0.4.169,high
CON34-C,hostap,src/ap/vlan_ioctl.c,137,FP,strerror() no-pthread FP class.,hostap_full_audit_0.4.169,high
DCL39-C,hostap,src/ap/vlan_ioctl.c,145,FP,if_request zeroed via os_memset at :141 before population; zeroed-before-ioctl FP class.,hostap_full_audit_0.4.169,high
CON33-C,hostap,src/ap/vlan_ioctl.c,148,FP,strerror() no-pthread FP class.,hostap_full_audit_0.4.169,high
CON34-C,hostap,src/ap/vlan_ioctl.c,148,FP,strerror() no-pthread FP class.,hostap_full_audit_0.4.169,high
FIO24-C,hostap,src/ap/vlan_ioctl.c,153,FP,Mutually exclusive if-fails(close+return -1 at :149)/falls-through(close+return 0) branches; established FIO24-C double-close misfire class.,hostap_full_audit_0.4.169,high
INT14-C,hostap,src/crypto/aes-siv.c,26,FP,"Bitwise ops are on pad[i]/pad[i+1] array elements, not on the loop variable i itself (i is only used arithmetically); container-vs-member conflation FP class.",hostap_full_audit_0.4.169,high
DCL13-C,hostap,src/crypto/aes-siv.c,33,FP,xor()'s 'a' is genuinely written through: '*a++ ^= *b++;' at :38 mutates *a; rule-logic miss on a write-through-pointer.,hostap_full_audit_0.4.169,high
MEM33-C,hostap,src/crypto/aes-siv.c,38,FP,"'*a++ ^= *b++;' is a plain scalar pointer-dereference XOR loop, no struct/flexible-array-member assignment at all; established MEM33-C-misapplied-to-plain-deref class.",hostap_full_audit_0.4.169,high
EXP34-C,hostap,src/crypto/aes-siv.c,50,FP,xorend()'s sole call site (aes_s2v) always passes a checked non-NULL os_memdup() result as 'a'; never actually NULL.,hostap_full_audit_0.4.169,med
MSC13-C,hostap,src/crypto/aes-siv.c,68,TP,buf=NULL is genuinely never read before being unconditionally reassigned (or the function returns without reading it on the skipped branch); trivial dead-store TP.,hostap_full_audit_0.4.169,low
STR31-C,hostap,src/crypto/aes-siv.c,71,FP,"'const u8 *data[1]' is an array of pointers, not a character array/string at all; STR31-C category error.",hostap_full_audit_0.4.169,high
STR31-C,hostap,src/crypto/aes-siv.c,72,FP,'size_t data_len[1]' is not a character array/string; STR31-C category error.,hostap_full_audit_0.4.169,high
EXP33-C,hostap,src/crypto/aes-siv.c,75,FP,'static const u8 zero[...]' has static storage duration and is zero-initialized by the C standard; established false-uninitialized-static FP class.,hostap_full_audit_0.4.169,high
API00-C,hostap,src/crypto/aes-siv.c,119,FP,"key_len is validated against the fixed discrete set {32,48,64} at :132 before any arithmetic (:135 '/= 2'); no overflow possible.",hostap_full_audit_0.4.169,high
DCL13-C,hostap,src/crypto/aes-siv.c,122,FP,"'out' is genuinely written through the iv/crypt_pw aliases (os_memcpy(iv,...)/os_memcpy(crypt_pw,...) where iv=out, crypt_pw=out+16); aliased-mutation-miss FP.",hostap_full_audit_0.4.169,high
DCL37-C,hostap,src/crypto/aes-siv.c,124,FP,"'_addr' is a block-scope local inside aes_siv_encrypt, not a file-scope identifier; established block-scope-misclassified-as-file-scope FP class.",hostap_full_audit_0.4.169,high
DCL37-C,hostap,src/crypto/aes-siv.c,125,FP,'_len' is likewise a block-scope local; same FP class.,hostap_full_audit_0.4.169,high
EXP33-C,hostap,src/crypto/aes-siv.c,131,FP,"'_addr' is only referenced via ARRAY_SIZE(_addr) (a sizeof-based compile-time size), not an actual read of its contents; sizeof-not-a-deref FP class.",hostap_full_audit_0.4.169,high
EXP34-C,hostap,src/crypto/aes-siv.c,140,FP,"'addr' is an internal crypto-API parameter always supplied by validated internal callers; loop only executes for i<num_elem, never dereferencing a NULL addr in practice.",hostap_full_audit_0.4.169,med
EXP34-C,hostap,src/crypto/aes-siv.c,141,FP,Same internal-API-always-valid reasoning for 'len'.,hostap_full_audit_0.4.169,med
INT30-C,hostap,src/crypto/aes-siv.c,146,FP,num_elem is bounded <= ARRAY_SIZE(_addr)-1 (5) by the check at :131; 'num_elem+1' cannot wrap.,hostap_full_audit_0.4.169,high
API00-C,hostap,src/crypto/aes-siv.c,162,FP,"key_len validated against {32,48,64} at :177 before the :180 '/= 2' arithmetic; no overflow possible.",hostap_full_audit_0.4.169,high
DCL37-C,hostap,src/crypto/aes-siv.c,167,FP,'_addr' is a block-scope local inside aes_siv_decrypt; block-scope-misclassified-as-file-scope FP class.,hostap_full_audit_0.4.169,high
DCL37-C,hostap,src/crypto/aes-siv.c,168,FP,'_len' likewise block-scope local; same FP class.,hostap_full_audit_0.4.169,high
EXP33-C,hostap,src/crypto/aes-siv.c,176,FP,"'_addr' referenced only via ARRAY_SIZE(_addr), a sizeof-based size query, not a real read; sizeof-not-a-deref FP class.",hostap_full_audit_0.4.169,high
EXP34-C,hostap,src/crypto/aes-siv.c,185,FP,"'addr' internal-API-always-valid, same reasoning as :140.",hostap_full_audit_0.4.169,med
EXP34-C,hostap,src/crypto/aes-siv.c,186,FP,"'len' internal-API-always-valid, same reasoning as :141.",hostap_full_audit_0.4.169,med
INT30-C,hostap,src/crypto/aes-siv.c,201,FP,num_elem bounded <=5 by the check at :176; 'num_elem+1' cannot wrap.,hostap_full_audit_0.4.169,high
DCL13-C,hostap,src/crypto/md5-internal.c,71,FP,byteReverse's 'buf' is genuinely written through: '*(u32 *) buf = t;' at :77 mutates the pointee via a cast; rule-logic miss on write-through-cast.,hostap_full_audit_0.4.169,high
INT14-C,hostap,src/crypto/md5-internal.c,75,FP,"Bitwise ops are on buf[0..3] array elements, not the pointer variable buf itself (which is only advanced arithmetically at :78); container-vs-member conflation FP class.",hostap_full_audit_0.4.169,high
ARR30-C,hostap,src/crypto/md5-internal.c,78,FP,"Cross-function name collision: cited 'allocation at line 17' is MD5Transform's unrelated forward-declared parameter 'u32 buf[4]', not byteReverse's own 'unsigned char *buf' which walks the caller-supplied ctx->in (64 bytes) in bounds.",hostap_full_audit_0.4.169,high
INT14-C,hostap,src/crypto/md5-internal.c,109,TP,"'t' is genuinely used both arithmetically (t + ((u32)len<<3)) and bitwise ((t>>3)&0x3f at :113) on the same scalar variable itself; literal-rule-text TP, low-severity stylistic nit on idiomatic bit-counting code.",hostap_full_audit_0.4.169,low
INT14-C,hostap,src/crypto/md5-internal.c,109,TP,"'len' is genuinely used both bitwise (len<<3 at :109, len>>29 at :111) and arithmetically (len-=t/len-=64) on the same variable; literal-rule-text TP, low severity.",hostap_full_audit_0.4.169,low
EXP07-C,hostap,src/crypto/md5-internal.c,111,FP,"'len >> 29' is a protocol-derived bit-count-carry computation (top 3 bits of a byte count promoted to bits), not an instance of assuming a named constant's numeric value; rule-category mismatch.",hostap_full_audit_0.4.169,med
ARR30-C,hostap,src/crypto/md5-internal.c,137,FP,Same cross-function name-collision misattribution as :78; the 64-byte advance is on MD5Update's own 'buf' param and is bounded by the enclosing 'while (len >= 64)' loop guard.,hostap_full_audit_0.4.169,high
INT14-C,hostap,src/crypto/md5-internal.c,156,FP,"Bitwise op is on the member ctx->bits[0], arithmetic/pointer offsets are on other members (ctx->in); no operation is performed on 'ctx' itself. Container-vs-member conflation FP class.",hostap_full_audit_0.4.169,high
ARR01-C,hostap,src/crypto/md5-internal.c,188,FP,"'sizeof(*ctx)' correctly sizes the pointed-to struct for os_memset(ctx,0,sizeof(*ctx)); established sizeof(*ptr)-correct-idiom FP class, not a decayed-array sizeof.",hostap_full_audit_0.4.169,high
PRE00-C,hostap,src/crypto/md5-internal.c,194,TP,F1's 'z' parameter is genuinely evaluated twice in the expansion (z ^ (x & (y ^ z))); real (if currently side-effect-free-in-practice) multiple-evaluation TP.,hostap_full_audit_0.4.169,low
PRE01-C,hostap,src/crypto/md5-internal.c,194,TP,"'x' is a bare rvalue operand in '(x & (y^z))' with no individual parens; real precedence hazard if a lower-precedence expression were ever passed, per the established 'bare rvalue operand = real TP' convention.",hostap_full_audit_0.4.169,low
PRE01-C,hostap,src/crypto/md5-internal.c,194,TP,'y' is a bare rvalue operand in '(y ^ z)'; same real (if unexercised) precedence-hazard TP.,hostap_full_audit_0.4.169,low
PRE01-C,hostap,src/crypto/md5-internal.c,194,TP,"'z' is a bare rvalue operand appearing twice, unparenthesized; same precedence-hazard TP.",hostap_full_audit_0.4.169,low
PRE12-C,hostap,src/crypto/md5-internal.c,194,TP,Same real multiple-evaluation of 'z' as the PRE00-C finding at this line.,hostap_full_audit_0.4.169,low
PRE01-C,hostap,src/crypto/md5-internal.c,196,TP,"F2's 'x' is forwarded bare into F1(z,x,y), inheriting F1's real unparenthesized-operand hazard.",hostap_full_audit_0.4.169,low
PRE01-C,hostap,src/crypto/md5-internal.c,196,TP,"F2's 'y' likewise forwarded bare into F1(z,x,y); same real hazard.",hostap_full_audit_0.4.169,low
PRE01-C,hostap,src/crypto/md5-internal.c,197,TP,F3's 'x' is a bare operand in 'x ^ y ^ z' with no individual parens; real precedence hazard if a lower-precedence expression is passed.,hostap_full_audit_0.4.169,low
PRE01-C,hostap,src/crypto/md5-internal.c,197,TP,F3's 'y' likewise bare and unparenthesized; same real hazard.,hostap_full_audit_0.4.169,low
PRE00-C,hostap,src/crypto/md5-internal.c,200,TP,"MD5STEP's 'w' is genuinely evaluated 3 times in the expansion; real multiple-evaluation TP (all call sites happen to pass bare locals, so currently benign).",hostap_full_audit_0.4.169,low
PRE01-C,hostap,src/crypto/md5-internal.c,200,FP,"'f' is used only as a macro-invocation target (f(x,y,z)), not as an arithmetic/bitwise operand; parenthesizing a call-target identifier isn't the precedence hazard PRE01-C targets.",hostap_full_audit_0.4.169,med
PRE01-C,hostap,src/crypto/md5-internal.c,200,TP,"'w' is a bare rvalue operand in the shift/read positions (w<<s|w>>(32-s)); real (if unexercised, all call sites pass locals) precedence hazard per the established convention.",hostap_full_audit_0.4.169,low
PRE01-C,hostap,src/crypto/md5-internal.c,200,TP,"'s' is a bare operand in '32-s'; if s were ever a lower-precedence compound expression this would mis-parse. All 64 call sites pass integer literals, but per the established min/max precedent this still counts as a real (unexercised) hazard, not FP.",hostap_full_audit_0.4.169,low
PRE12-C,hostap,src/crypto/md5-internal.c,200,TP,Same genuine 3x multiple-evaluation of 'w' as the PRE00-C finding at this line.,hostap_full_audit_0.4.169,low
PRE00-C,hostap,src/crypto/sha512-internal.c,92,TP,"Ch(x,y,z) crypto-round macro; matches confirmed SHA256 Ch/Maj real-multi-eval class.",hostap_full_audit_0.4.169,high
PRE01-C,hostap,src/crypto/sha512-internal.c,92,TP,"x bare rvalue operand under &, real precedence hazard per macro-def-graded precedent.",hostap_full_audit_0.4.169,high
PRE01-C,hostap,src/crypto/sha512-internal.c,92,TP,"y bare rvalue operand under ^, same as x.",hostap_full_audit_0.4.169,high
PRE01-C,hostap,src/crypto/sha512-internal.c,92,TP,"z bare rvalue operand under ^, same as x.",hostap_full_audit_0.4.169,high
PRE12-C,hostap,src/crypto/sha512-internal.c,92,TP,z appears twice in body; genuine multiple-evaluation hazard.,hostap_full_audit_0.4.169,high
PRE00-C,hostap,src/crypto/sha512-internal.c,93,TP,"Maj(x,y,z) crypto-round macro, matches SHA256 Maj precedent.",hostap_full_audit_0.4.169,high
PRE01-C,hostap,src/crypto/sha512-internal.c,93,TP,"x bare rvalue operand, real precedence hazard.",hostap_full_audit_0.4.169,high
PRE12-C,hostap,src/crypto/sha512-internal.c,93,TP,x appears twice in Maj body.,hostap_full_audit_0.4.169,high
PRE00-C,hostap,src/crypto/sha512-internal.c,96,TP,"Sigma0(x) expands x via S() 3x; real multi-eval, low severity.",hostap_full_audit_0.4.169,med
PRE12-C,hostap,src/crypto/sha512-internal.c,96,TP,"x evaluated 3x through S(x,n) calls.",hostap_full_audit_0.4.169,med
PRE00-C,hostap,src/crypto/sha512-internal.c,97,TP,"Sigma1(x), same shape as Sigma0.",hostap_full_audit_0.4.169,med
PRE12-C,hostap,src/crypto/sha512-internal.c,97,TP,x evaluated 3x.,hostap_full_audit_0.4.169,med
PRE00-C,hostap,src/crypto/sha512-internal.c,98,TP,"Gamma0(x), same shape as Sigma0/1.",hostap_full_audit_0.4.169,med
PRE12-C,hostap,src/crypto/sha512-internal.c,98,TP,x evaluated 3x.,hostap_full_audit_0.4.169,med
PRE00-C,hostap,src/crypto/sha512-internal.c,99,TP,"Gamma1(x), same shape.",hostap_full_audit_0.4.169,med
PRE12-C,hostap,src/crypto/sha512-internal.c,99,TP,x evaluated 3x.,hostap_full_audit_0.4.169,med
PRE00-C,hostap,src/crypto/sha512-internal.c,101,TP,"ROR64c(x,y), x parenthesized but evaluated twice; real multi-eval, low severity.",hostap_full_audit_0.4.169,med
PRE12-C,hostap,src/crypto/sha512-internal.c,101,TP,x appears twice in ROR64c expansion.,hostap_full_audit_0.4.169,med
DCL13-C,hostap,src/crypto/sha512-internal.c,107,TP,"buf only read via WPA_GET_BE64 in sha512_compress; plain internal helper, low-value real opportunity.",hostap_full_audit_0.4.169,low
ARR01-C,hostap,src/crypto/sha512-internal.c,188,FP,"sizeof(md->buf) is member-access on struct field, not decayed-pointer sizeof.",hostap_full_audit_0.4.169,high
EXP05-C,hostap,src/crypto/sha512-internal.c,193,FP,sha512_compress only reads buf via WPA_GET_BE64; cast-away-const never written through.,hostap_full_audit_0.4.169,high
DCL13-C,hostap,src/crypto/sha512-internal.c,223,FP,'out' is genuinely written via WPA_PUT_BE64(out+...); rule's 'not modified' premise is factually wrong.,hostap_full_audit_0.4.169,high
ARR01-C,hostap,src/crypto/sha512-internal.c,227,FP,"sizeof(md->buf) member-access, same as line 188.",hostap_full_audit_0.4.169,high
PRE08-C,hostap,src/drivers/driver_openbsd.c,13,FP,"8.3-legacy-filesystem header-name-collision FP, established categorical pattern.",hostap_full_audit_0.4.169,high
PRE08-C,hostap,src/drivers/driver_openbsd.c,13,FP,Same 8.3-legacy-filesystem FP class.,hostap_full_audit_0.4.169,high
PRE08-C,hostap,src/drivers/driver_openbsd.c,14,FP,Same 8.3-legacy-filesystem FP class.,hostap_full_audit_0.4.169,high
API01-C,hostap,src/drivers/driver_openbsd.c,21,FP,ifname bounded via os_strlcpy(sizeof(drv->ifname)); established buffer-before-pointer FP class.,hostap_full_audit_0.4.169,high
DCL13-C,hostap,src/drivers/driver_openbsd.c,29,FP,"priv is wpa_driver_ops.get_ssid dispatch-contract param, fixed void* signature.",hostap_full_audit_0.4.169,high
DCL39-C,hostap,src/drivers/driver_openbsd.c,38,FP,ifr explicitly os_memset to 0 before use; established zeroed-struct-ioctl FP class.,hostap_full_audit_0.4.169,high
EXP33-C,hostap,src/drivers/driver_openbsd.c,39,FP,nwid filled by ioctl() writing through &nwid aliased via ifr.ifr_data; sqc can't trace that indirection.,hostap_full_audit_0.4.169,high
DCL13-C,hostap,src/drivers/driver_openbsd.c,47,FP,priv is wpa_driver_ops.get_bssid dispatch-contract param.,hostap_full_audit_0.4.169,high
EXP33-C,hostap,src/drivers/driver_openbsd.c,52,FP,"os_strlcpy writing id.i_name is a field-write, not a use of the whole (partially-init) struct.",hostap_full_audit_0.4.169,high
DCL39-C,hostap,src/drivers/driver_openbsd.c,53,FP,"ioctl() to local kernel net80211 driver is not a real cross-trust-boundary transfer, even though id isn't fully zeroed here.",hostap_full_audit_0.4.169,med
DCL13-C,hostap,src/drivers/driver_openbsd.c,62,FP,priv is wpa_driver_ops.get_capa dispatch-contract param.,hostap_full_audit_0.4.169,high
ARR01-C,hostap,src/drivers/driver_openbsd.c,64,FP,"sizeof(*capa) dereference idiom for os_memset, not decayed-pointer sizeof.",hostap_full_audit_0.4.169,high
MSC37-C,hostap,src/drivers/driver_openbsd.c,71,TP,"REAL upstream bug: missing closing brace after 'return -1;' inside the if at lines 84-85 makes the entire rest of wpa_driver_openbsd_set_key (memset/ioctl/return 0) the if-body, so on the normal (valid key) path the function falls off the end without returning. File brace count confirms unbalanced (+1 open).",hostap_full_audit_0.4.169,high
DCL13-C,hostap,src/drivers/driver_openbsd.c,72,FP,params is wpa_driver_ops.set_key dispatch-contract param.,hostap_full_audit_0.4.169,high
MSC13-C,hostap,src/drivers/driver_openbsd.c,77,TP,"key's use at line 91 is unreachable dead code (same missing-brace bug as line 71/87), so on reachable paths the assignment truly is never read.",hostap_full_audit_0.4.169,med
MSC07-C,hostap,src/drivers/driver_openbsd.c,87,TP,"Real unreachable code: missing '}' after 'return -1;' puts memset/strlcpy/ioctl/return 0 all inside the if-true branch, after its own unconditional return.",hostap_full_audit_0.4.169,high
DCL39-C,hostap,src/drivers/driver_openbsd.c,93,FP,keyavail explicitly memset to 0 before use; established zeroed-struct-ioctl FP class.,hostap_full_audit_0.4.169,high
EXP33-C,hostap,src/drivers/driver_openbsd.c,104,FP,sizeof(*drv) inside os_zalloc(sizeof(*drv)) never evaluates the pointer; established sizeof(*ptr)-not-a-deref class.,hostap_full_audit_0.4.169,high
DCL30-C,hostap,src/drivers/driver_openbsd.c,115,FP,"drv is os_zalloc'd heap memory, not automatic/local storage.",hostap_full_audit_0.4.169,high
MSC07-C,hostap,src/drivers/driver_openbsd.c,117,FP,"fail: is a goto target (reached from line 110/213-style goto), not truly unreachable; established goto-label-blindness class.",hostap_full_audit_0.4.169,high
MSC13-C,hostap,src/drivers/driver_openbsd.c,126,FP,drv is read at close(drv->sock) and os_free(drv) immediately after.,hostap_full_audit_0.4.169,high
MEM31-C,hostap,src/drivers/driver_openbsd.c,129,FP,Single os_free(drv) in deinit(); sqc is conflating this drv with the unrelated same-named local in wpa_driver_openbsd_init's fail path across functions.,hostap_full_audit_0.4.169,high
MSC13-C,hostap,src/drivers/driver_openbsd.c,133,FP,wpa_driver_openbsd_ops has extern linkage (driver.h) and is referenced from src/drivers/drivers.c; cross-TU use not visible to per-file analysis.,hostap_full_audit_0.4.169,high
API05-C,hostap,src/p2p/p2p_utils.c,26,FP,"char *buf, size_t len is the idiomatic ptr+size_t pair, established API05-C FP class.",hostap_full_audit_0.4.169,high
ARR01-C,hostap,src/p2p/p2p_utils.c,117,FP,sizeof(*res) dereference idiom for os_memset.,hostap_full_audit_0.4.169,high
ARR01-C,hostap,src/p2p/p2p_utils.c,206,FP,sizeof(*res) dereference idiom for os_memcpy.,hostap_full_audit_0.4.169,high
MEM10-C,hostap,src/p2p/p2p_utils.c,216,FP,"Ad-hoc NULL check stylistic pedantry, established MEM10-C FP class.",hostap_full_audit_0.4.169,high
API00-C,hostap,src/p2p/p2p_utils.c,320,FP,"p2p is an internal-only main-context pointer, always valid from real callers.",hostap_full_audit_0.4.169,high
API00-C,hostap,src/p2p/p2p_utils.c,320,FP,"channels is already handled via 'channels ? channels : &p2p->cfg->channels' fallback, not an unguarded use.",hostap_full_audit_0.4.169,high
DCL13-C,hostap,src/p2p/p2p_utils.c,320,TP,"p2p read-only in this function; plain internal helper, low-value real const opportunity.",hostap_full_audit_0.4.169,low
MSC13-C,hostap,src/p2p/p2p_utils.c,324,TP,freq=0 initializer is unconditionally overwritten in the loop or never read if the loop doesn't execute (function returns 0 constant instead); genuine dead store.,hostap_full_audit_0.4.169,med
INT30-C,hostap,src/p2p/p2p_utils.c,349,FP,"pos/buf are char* pointer arithmetic, misclassified as unsigned integer addition; established category-error class.",hostap_full_audit_0.4.169,high
STR34-C,hostap,src/p2p/p2p_utils.c,368,FP,"*pos = '\0' is char-to-char, no widening conversion; established STR34-C char-to-char FP class.",hostap_full_audit_0.4.169,high
EXP33-C,hostap,src/p2p/p2p_utils.c,379,FP,"r is always set, either by os_get_random writing through &r or by the explicit r=0 fallback; sqc can't trace the write-through-pointer path.",hostap_full_audit_0.4.169,high
INT33-C,hostap,src/p2p/p2p_utils.c,379,FP,Both call sites of p2p_channel_pick_random guard num_channels!=0 immediately before calling; cross-function guard the rule can't see.,hostap_full_audit_0.4.169,med
API00-C,hostap,src/p2p/p2p_utils.c,384,FP,"classes is explicitly NULL-checked throughout the function body (classes==NULL || ...), not an unguarded use.",hostap_full_audit_0.4.169,high
DCL13-C,hostap,src/p2p/p2p_utils.c,384,TP,"chans read-only in this function; plain internal helper, low-value real opportunity.",hostap_full_audit_0.4.169,low
DCL00-C,hostap,src/p2p/p2p_utils.c,391,TP,c pointer never reassigned within its scope; genuine (trivial) const opportunity.,hostap_full_audit_0.4.169,low
MEM10-C,hostap,src/p2p/p2p_utils.c,407,FP,Ad-hoc NULL check stylistic pedantry.,hostap_full_audit_0.4.169,high
API00-C,hostap,src/p2p/p2p_utils.c,522,FP,"size only used in loop bound/index comparisons, only ever decremented; no arithmetic overflow risk to validate.",hostap_full_audit_0.4.169,high
ARR01-C,hostap,src/p2p/p2p_utils.c,532,FP,"sizeof(pref_freq_list[0]) is array-index dereference, not decayed-pointer sizeof; established variant of the sizeof(*ptr) FP class.",hostap_full_audit_0.4.169,high
ARR01-C,hostap,src/p2p/p2p_utils.c,588,FP,sizeof(*res) dereference idiom for os_memset.,hostap_full_audit_0.4.169,high
DCL13-C,hostap,src/p2p/p2p_utils.c,617,TP,"p2p read-only in is_dfs_freq_allowed; plain internal helper, low-value real opportunity.",hostap_full_audit_0.4.169,low
MSC01-C,hostap,src/p2p/p2p_utils.c,621,FP,Both if/else-if branches return; the trailing 'return freq==...' fully and deliberately handles the remaining case. Established no-final-else pedantry FP class.,hostap_full_audit_0.4.169,high
API00-C,hostap,src/p2p/p2p_utils.c,651,FP,"p2p is an internal-only pointer, always valid from real callers.",hostap_full_audit_0.4.169,high
ARR01-C,hostap,src/p2p/p2p_utils.c,658,FP,sizeof(*res) dereference idiom for os_memset.,hostap_full_audit_0.4.169,high
MEM10-C,hostap,src/rsn_supp/preauth.c,41,FP,Ad-hoc NULL check stylistic pedantry.,hostap_full_audit_0.4.169,high
API05-C,hostap,src/rsn_supp/preauth.c,62,FP,"ctx is an opaque callback context pointer, not an array; misfires on the buf,len companion idiom elsewhere in the signature.",hostap_full_audit_0.4.169,high
DCL13-C,hostap,src/rsn_supp/preauth.c,62,FP,ctx matches l2_packet rx_callback's fixed void* signature; dispatch-contract FP.,hostap_full_audit_0.4.169,high
DCL13-C,hostap,src/rsn_supp/preauth.c,130,FP,"rsn_preauth_timeout matches eloop_timeout_handler's exact fixed (void*,void*) signature; established eloop-callback dispatch-contract FP class.",hostap_full_audit_0.4.169,high
API05-C,hostap,src/rsn_supp/preauth.c,141,FP,"ctx is an opaque eapol_send callback context, not an array.",hostap_full_audit_0.4.169,high
API00-C,hostap,src/rsn_supp/preauth.c,181,FP,dst is always a real bssid array from all 3 call sites; internal-only-API FP class.,hostap_full_audit_0.4.169,high
API00-C,hostap,src/rsn_supp/preauth.c,181,FP,"eap_conf is only forwarded to eapol_sm_notify_config, never dereferenced in this function; one real caller path can pass NULL (ctrl_iface.c 'ssid ? &ssid->eap : NULL') but that's the callee's contract, not a missing-validation bug here.",hostap_full_audit_0.4.169,med
EXP33-C,hostap,src/rsn_supp/preauth.c,217,FP,sizeof(*ctx) inside os_zalloc(sizeof(*ctx)) never evaluates ctx; established sizeof(*ptr)-not-a-deref class.,hostap_full_audit_0.4.169,high
MSC07-C,hostap,src/rsn_supp/preauth.c,266,FP,"fail: is a goto target reached from 3 earlier goto fail statements, not truly unreachable; goto-label-blindness class.",hostap_full_audit_0.4.169,high
MSC13-C,hostap,src/rsn_supp/preauth.c,333,TP,p=NULL is unconditionally overwritten by pmksa_cache_get on the very next line with no intervening read; genuine (trivial) dead store.,hostap_full_audit_0.4.169,low
API00-C,hostap,src/rsn_supp/preauth.c,378,FP,sm is an internal-only always-valid state-machine pointer.,hostap_full_audit_0.4.169,high
API00-C,hostap,src/rsn_supp/preauth.c,378,FP,"bssid always comes from driver/scan-result processing, never NULL in practice; internal-only-API FP class.",hostap_full_audit_0.4.169,high
MSC13-C,hostap,src/rsn_supp/preauth.c,399,FP,cand=pos is read via the 'if (cand)' check immediately after the loop exits via break; loop-boundary-read-miss FP class.,hostap_full_audit_0.4.169,high
MSC13-C,hostap,src/rsn_supp/preauth.c,434,FP,cand=NULL is read via the 'if (cand)' check after the loop exits via break; same loop-boundary-read-miss FP class as line 399.,hostap_full_audit_0.4.169,high
ARR00-C,hostap,src/rsn_supp/preauth.c,487,FP,"ssid is a plain const u8* IE pointer, never declared as any array; sqc wrongly infers array size 1 from the ssid[1] read. Matches the eap_sim_db.c 'ptr+N on a plain pointer param' ARR00-C FP class.",hostap_full_audit_0.4.169,high
API00-C,hostap,src/rsn_supp/preauth.c,523,FP,"sm is an internal-only always-valid pointer, called only from ctrl_iface with a real state machine.",hostap_full_audit_0.4.169,high
API00-C,hostap,src/rsn_supp/preauth.c,523,FP,buf is always a real caller-supplied reply buffer from ctrl_iface; internal-only-API FP class.,hostap_full_audit_0.4.169,high
API00-C,hostap,src/rsn_supp/preauth.c,523,FP,"buflen only used in bounded pointer subtraction (end-pos), no overflow-prone arithmetic.",hostap_full_audit_0.4.169,high
DCL13-C,hostap,src/rsn_supp/preauth.c,523,TP,"sm read-only in this status-query helper; plain internal helper, low-value real opportunity.",hostap_full_audit_0.4.169,low
API05-C,hostap,src/rsn_supp/preauth.c,523,FP,"buf,buflen is the idiomatic ptr+size_t pair.",hostap_full_audit_0.4.169,high
EXP40-C,hostap,src/rsn_supp/preauth.c,526,FP,"buf is plain non-const char* (function signature has no const on buf) and pos is also non-const; neither side is const, so there is no const to cast away. Established EXP40-C phantom-cast-away-const category-error class.",hostap_full_audit_0.4.169,high
API00-C,hostap,src/rsn_supp/preauth.c,550,FP,sm is an internal-only always-valid pointer.,hostap_full_audit_0.4.169,high
DCL13-C,hostap,src/rsn_supp/preauth.c,550,TP,"sm read-only in rsn_preauth_in_progress; plain internal helper, low-value real opportunity.",hostap_full_audit_0.4.169,low
EXP05-C,hostap,src/tls/bignum.c,77,FP,"n is const struct bignum*; mp_unsigned_bin_size only reads it, never writes through the cast.",hostap_full_audit_0.4.169,high
EXP05-C,hostap,src/tls/bignum.c,82,FP,"n is const; mp_to_unsigned_bin reads n and writes buf, not n.",hostap_full_audit_0.4.169,high
EXP05-C,hostap,src/tls/bignum.c,101,FP,n is a plain non-const 'struct bignum *n' parameter in bignum_set_unsigned_bin; there is no const to cast away. Established never-const-to-begin-with category-error class.,hostap_full_audit_0.4.169,high
EXP05-C,hostap,src/tls/bignum.c,101,FP,"buf is const u8*; mp_read_unsigned_bin only reads buf (writes go to n, not buf).",hostap_full_audit_0.4.169,high
API00-C,hostap,src/tls/bignum.c,115,FP,"a is an internal-only bignum handle from bignum_init(), always valid; internal-only-API FP class.",hostap_full_audit_0.4.169,high
EXP05-C,hostap,src/tls/bignum.c,117,FP,"a is const; mp_cmp only compares, never writes through either operand.",hostap_full_audit_0.4.169,high
EXP05-C,hostap,src/tls/bignum.c,117,FP,"b is const; mp_cmp read-only, same as a.",hostap_full_audit_0.4.169,high
EXP05-C,hostap,src/tls/bignum.c,129,FP,a is const; mp_cmp_d only compares.,hostap_full_audit_0.4.169,high
EXP05-C,hostap,src/tls/bignum.c,143,FP,"a is const; mp_add only reads a,b and writes to the separate output c.",hostap_full_audit_0.4.169,high
EXP05-C,hostap,src/tls/bignum.c,143,FP,b is const; mp_add read-only on b.,hostap_full_audit_0.4.169,high
EXP05-C,hostap,src/tls/bignum.c,143,FP,"c ('struct bignum *c', the output) was never const-qualified in bignum_add's own signature; no const to cast away.",hostap_full_audit_0.4.169,high
EXP05-C,hostap,src/tls/bignum.c,161,FP,"a is const; mp_sub read-only on a,b, writes only to output c.",hostap_full_audit_0.4.169,high
EXP05-C,hostap,src/tls/bignum.c,161,FP,"b is const; mp_sub read-only, same as a.",hostap_full_audit_0.4.169,high
EXP05-C,hostap,src/tls/bignum.c,161,FP,c is the non-const output param in bignum_sub's own signature; no const to cast away.,hostap_full_audit_0.4.169,high
EXP05-C,hostap,src/tls/bignum.c,179,FP,"a is const; mp_mul read-only on a,b.",hostap_full_audit_0.4.169,high
EXP05-C,hostap,src/tls/bignum.c,179,FP,"b is const; mp_mul read-only, same as a.",hostap_full_audit_0.4.169,high
EXP05-C,hostap,src/tls/bignum.c,179,FP,c is the non-const output param in bignum_mul's own signature; no const to cast away.,hostap_full_audit_0.4.169,high
EXP05-C,hostap,src/tls/bignum.c,198,FP,"a is const; mp_mulmod reads a,b,c and writes only to the separate output d.",hostap_full_audit_0.4.169,high
EXP05-C,hostap,src/tls/bignum.c,198,FP,"b is const; mp_mulmod read-only, same as a.",hostap_full_audit_0.4.169,high
EXP05-C,hostap,src/tls/bignum.c,198,FP,c is const (modulus); mp_mulmod read-only on c too.,hostap_full_audit_0.4.169,high
EXP05-C,hostap,src/tls/bignum.c,218,FP,"a is const; mp_exptmod reads a,b,c and writes only to the separate output d.",hostap_full_audit_0.4.169,high
EXP05-C,hostap,src/tls/bignum.c,218,FP,"b is const; mp_exptmod read-only, same as a.",hostap_full_audit_0.4.169,high
EXP05-C,hostap,src/tls/bignum.c,218,FP,c is const (modulus); mp_exptmod read-only on c too.,hostap_full_audit_0.4.169,high
MEM31-C,hostap,src/wps/wps_attr_build.c,39,FP,pubkey freed on error path (line75) or ownership transferred to wps->dh_pubkey_r/e at 87/90,hostap_full_audit_0.4.169,high
MEM31-C,hostap,src/wps/wps_attr_build.c,54,FP,pubkey not yet allocated at this return; assignment is later (line62),hostap_full_audit_0.4.169,high
MEM31-C,hostap,src/wps/wps_attr_build.c,59,FP,pubkey not yet allocated at this return; assignment is later (line62),hostap_full_audit_0.4.169,high
MEM30-C,hostap,src/wps/wps_attr_build.c,72,FP,dh_ctx freed then immediately reassigned (dh5_init) on the same path before this check; not UAF,hostap_full_audit_0.4.169,high
API00-C,hostap,src/wps/wps_attr_build.c,127,FP,internal-only-API FP class; uuid always caller-owned fixed buffer,hostap_full_audit_0.4.169,med
DCL13-C,hostap,src/wps/wps_attr_build.c,159,TP,"wps genuinely read-only in wps_build_authenticator, plain direct-call helper not vtable-bound",hostap_full_audit_0.4.169,med
ARR30-C,hostap,src/wps/wps_attr_build.c,176,FP,cross-function variable conflation: addr[2] at line162 wrongly xref'd to unrelated addr[1] declared at line428 in a different function,hostap_full_audit_0.4.169,high
API00-C,hostap,src/wps/wps_attr_build.c,208,FP,"internal-only-API FP class; auth_macs_count from small internal caller lists, tailroom-checked",hostap_full_audit_0.4.169,med
API00-C,hostap,src/wps/wps_attr_build.c,286,FP,internal-only-API FP class,hostap_full_audit_0.4.169,med
DCL13-C,hostap,src/wps/wps_attr_build.c,286,TP,"wps read-only, plain direct-call helper",hostap_full_audit_0.4.169,med
API00-C,hostap,src/wps/wps_attr_build.c,296,FP,internal-only-API FP class,hostap_full_audit_0.4.169,med
DCL13-C,hostap,src/wps/wps_attr_build.c,296,TP,"wps read-only, plain direct-call helper",hostap_full_audit_0.4.169,med
DCL13-C,hostap,src/wps/wps_attr_build.c,306,TP,wps read-only in wps_build_auth_type_flags,hostap_full_audit_0.4.169,med
DCL13-C,hostap,src/wps/wps_attr_build.c,333,TP,wps read-only in wps_build_encr_type_flags,hostap_full_audit_0.4.169,med
DCL13-C,hostap,src/wps/wps_attr_build.c,357,TP,wps entirely unused in wps_build_conn_type_flags,hostap_full_audit_0.4.169,med
DCL13-C,hostap,src/wps/wps_attr_build.c,367,TP,wps entirely unused in wps_build_assoc_state,hostap_full_audit_0.4.169,med
DCL13-C,hostap,src/wps/wps_attr_build.c,377,TP,wps read-only in wps_build_key_wrap_auth,hostap_full_audit_0.4.169,med
EXP30-C,hostap,src/wps/wps_attr_build.c,382,FP,wpabuf_head/wpabuf_len are side-effect-free accessors; matches established pure-accessor EXP30-C FP class,hostap_full_audit_0.4.169,high
DCL13-C,hostap,src/wps/wps_attr_build.c,393,TP,wps read-only (wps->keywrapkey) in wps_build_encr_settings,hostap_full_audit_0.4.169,med
API00-C,hostap,src/wps/wps_attr_build.c,423,FP,internal-only-API FP class; dev_pw_len from bounded device-password buffers,hostap_full_audit_0.4.169,med
STR31-C,hostap,src/wps/wps_attr_build.c,428,FP,"'addr' is const u8 *addr[1], a pointer array, not a character/string buffer at all",hostap_full_audit_0.4.169,high
DCL30-C,hostap,src/wps/wps_attr_build.c,491,FP,"ie comes from wpabuf_alloc (heap), not automatic storage; matches heap-vs-local-storage FP class",hostap_full_audit_0.4.169,high
API00-C,hostap,src/wps/wps_attr_build.c,495,FP,internal-only-API FP class,hostap_full_audit_0.4.169,med
PRE08-C,hostap,wpa_supplicant/hs20_supplicant.c,14,TP,ieee802_11_common.h/ieee802_11_defs.h genuinely share first 8 chars 'ieee802_'; low-value-TP header convention per established default,hostap_full_audit_0.4.169,low
MSC01-C,hostap,wpa_supplicant/hs20_supplicant.c,51,TP,"no-final-else deliberate guard-clause pedantry, literal per rule text",hostap_full_audit_0.4.169,low
API00-C,hostap,wpa_supplicant/hs20_supplicant.c,69,FP,internal-only-API FP class; buf always a live wpabuf from a small internal caller set,hostap_full_audit_0.4.169,med
INT14-C,hostap,wpa_supplicant/hs20_supplicant.c,74,FP,"HS20_VERSION is a #define macro constant, not a variable at all; category error",hostap_full_audit_0.4.169,high
INT13-C,hostap,wpa_supplicant/hs20_supplicant.c,84,TP,"release truly declared int and used with <<; genuine per rule text, idiomatic low-severity",hostap_full_audit_0.4.169,low
INT14-C,hostap,wpa_supplicant/hs20_supplicant.c,84,TP,"release genuinely used with both bitwise (<<) and arithmetic (-1) ops, same variable",hostap_full_audit_0.4.169,low
API00-C,hostap,wpa_supplicant/hs20_supplicant.c,93,FP,internal-only-API FP class,hostap_full_audit_0.4.169,med
DCL13-C,hostap,wpa_supplicant/hs20_supplicant.c,124,TP,wpa_s read-only in is_hs20_network,hostap_full_audit_0.4.169,med
DCL13-C,hostap,wpa_supplicant/hs20_supplicant.c,124,TP,ssid read-only in is_hs20_network,hostap_full_audit_0.4.169,med
API00-C,hostap,wpa_supplicant/hs20_supplicant.c,153,FP,internal-only-API FP class,hostap_full_audit_0.4.169,med
DCL13-C,hostap,wpa_supplicant/hs20_supplicant.c,153,TP,wpa_s read-only in hs20_get_pps_mo_id,hostap_full_audit_0.4.169,med
DCL13-C,hostap,wpa_supplicant/hs20_supplicant.c,153,TP,ssid read-only in hs20_get_pps_mo_id,hostap_full_audit_0.4.169,med
MEM10-C,hostap,wpa_supplicant/hs20_supplicant.c,157,FP,"ad-hoc NULL check stylistic pedantry, not a real defect",hostap_full_audit_0.4.169,med
MEM10-C,hostap,wpa_supplicant/hs20_supplicant.c,180,FP,ad-hoc NULL check stylistic pedantry,hostap_full_audit_0.4.169,med
DCL30-C,hostap,wpa_supplicant/hs20_supplicant.c,217,FP,"buf from gas_anqp_build_initial_req (heap), not automatic storage",hostap_full_audit_0.4.169,high
API00-C,hostap,wpa_supplicant/hs20_supplicant.c,221,FP,internal-only-API FP class; wpa_s,hostap_full_audit_0.4.169,med
API00-C,hostap,wpa_supplicant/hs20_supplicant.c,221,FP,payload is explicitly NULL-tolerant downstream (hs20_put_anqp_req checks 'if (payload)'),hostap_full_audit_0.4.169,med
API00-C,hostap,wpa_supplicant/hs20_supplicant.c,262,FP,internal-only-API FP class; wpa_s,hostap_full_audit_0.4.169,med
API00-C,hostap,wpa_supplicant/hs20_supplicant.c,262,FP,internal-only-API FP class; sa only ever read via MAC2STR from a fixed internal caller,hostap_full_audit_0.4.169,med
DCL13-C,hostap,wpa_supplicant/hs20_supplicant.c,263,TP,bss read-only in hs20_parse_rx_hs20_anqp_resp,hostap_full_audit_0.4.169,med
EXP30-C,hostap,wpa_supplicant/hs20_supplicant.c,310,FP,"MAC2STR(sa) is a pure, side-effect-free macro",hostap_full_audit_0.4.169,high
API00-C,hostap,wpa_supplicant/hs20_supplicant.c,346,FP,internal-only-API FP class; url from sole internal caller in wnm_sta.c,hostap_full_audit_0.4.169,med
API00-C,hostap,wpa_supplicant/hs20_supplicant.c,389,FP,internal-only-API FP class; url from sole internal caller in wnm_sta.c,hostap_full_audit_0.4.169,med
API02-C,hostap,wpa_supplicant/nan_supplicant.h,19,FP,"cmd is an ordinary NUL-terminated command string, standard idiom, no separate size argument needed",hostap_full_audit_0.4.169,med
DCL13-C,hostap,wpa_supplicant/nan_supplicant.h,30,TP,#ifdef FEATURE .../#else static-inline no-op stub; wpa_s wholly unused in stub body,hostap_full_audit_0.4.169,low
DCL13-C,hostap,wpa_supplicant/nan_supplicant.h,35,TP,"no-op stub, wpa_s unused",hostap_full_audit_0.4.169,low
DCL13-C,hostap,wpa_supplicant/nan_supplicant.h,38,TP,"no-op stub, wpa_s unused",hostap_full_audit_0.4.169,low
DCL13-C,hostap,wpa_supplicant/nan_supplicant.h,43,TP,"no-op stub, wpa_s unused",hostap_full_audit_0.4.169,low
DCL13-C,hostap,wpa_supplicant/nan_supplicant.h,43,TP,"no-op stub, cmd unused",hostap_full_audit_0.4.169,low
DCL13-C,hostap,wpa_supplicant/nan_supplicant.h,48,TP,"no-op stub, wpa_s unused",hostap_full_audit_0.4.169,low
DCL13-C,hostap,wpa_supplicant/nan_supplicant.h,53,TP,"no-op stub, wpa_s unused",hostap_full_audit_0.4.169,low
DCL13-C,hostap,wpa_supplicant/nan_supplicant.h,58,TP,"no-op stub, wpa_s unused",hostap_full_audit_0.4.169,low
DCL13-C,hostap,wpa_supplicant/nan_supplicant.h,61,TP,"no-op stub, wpa_s unused",hostap_full_audit_0.4.169,low
DCL13-C,hostap,wpa_supplicant/nan_supplicant.h,66,TP,"no-op stub, wpa_s unused",hostap_full_audit_0.4.169,low
DCL13-C,hostap,wpa_supplicant/nan_supplicant.h,104,TP,"no-op stub, wpa_s unused",hostap_full_audit_0.4.169,low
DCL13-C,hostap,wpa_supplicant/nan_supplicant.h,109,TP,"no-op stub, wpa_s unused",hostap_full_audit_0.4.169,low
DCL13-C,hostap,wpa_supplicant/nan_supplicant.h,113,TP,"no-op stub, wpa_s unused",hostap_full_audit_0.4.169,low
DCL13-C,hostap,wpa_supplicant/nan_supplicant.h,118,TP,"no-op stub, wpa_s unused",hostap_full_audit_0.4.169,low
DCL13-C,hostap,wpa_supplicant/nan_supplicant.h,144,TP,"no-op stub, wpa_s unused",hostap_full_audit_0.4.169,low
DCL13-C,hostap,wpa_supplicant/nan_supplicant.h,150,TP,"no-op stub, wpa_s unused",hostap_full_audit_0.4.169,low
DCL13-C,hostap,wpa_supplicant/nan_supplicant.h,154,TP,"no-op stub, wpa_s unused",hostap_full_audit_0.4.169,low
DCL13-C,hostap,wpa_supplicant/nan_supplicant.h,158,TP,"no-op stub, wpa_s unused",hostap_full_audit_0.4.169,low
DCL13-C,hostap,wpa_supplicant/nan_supplicant.h,164,TP,"no-op stub, wpa_s unused",hostap_full_audit_0.4.169,low
DCL13-C,hostap,wpa_supplicant/nan_supplicant.h,171,TP,"no-op stub, wpa_s unused",hostap_full_audit_0.4.169,low
DCL13-C,hostap,wpa_supplicant/nan_supplicant.h,178,TP,"no-op stub, wpa_s unused",hostap_full_audit_0.4.169,low
DCL13-C,hostap,wpa_supplicant/nan_supplicant.h,184,TP,"no-op stub, wpa_s unused",hostap_full_audit_0.4.169,low
CON03-C,hostap,src/drivers/driver_nl80211_android.c,30,FP,"no-thread FP class; single eloop-driven process, no pthread usage in file",hostap_full_audit_0.4.169,med
CON07-C,hostap,src/drivers/driver_nl80211_android.c,32,FP,no-thread FP class,hostap_full_audit_0.4.169,med
DCL13-C,hostap,src/drivers/driver_nl80211_android.c,32,TP,"drv read-only in wpa_driver_send_hang_msg, plain direct-call helper",hostap_full_audit_0.4.169,med
MSC13-C,hostap,src/drivers/driver_nl80211_android.c,36,FP,"drv_errors is static/file-scope, read on the next invocation; not a dead store, rule ignores static lifetime",hostap_full_audit_0.4.169,med
DCL13-C,hostap,src/drivers/driver_nl80211_android.c,42,TP,bss read-only in android_priv_cmd,hostap_full_audit_0.4.169,med
ENV01-C,hostap,src/drivers/driver_nl80211_android.c,47,FP,zero getenv() calls anywhere in this file; wholesale misfire,hostap_full_audit_0.4.169,high
DCL39-C,hostap,src/drivers/driver_nl80211_android.c,62,FP,"ifr is os_memset-zeroed immediately before use, no uninitialized padding",hostap_full_audit_0.4.169,high
API00-C,hostap,src/drivers/driver_nl80211_android.c,75,FP,internal-only-API FP class; bss always valid from driver_nl80211_scan.c's sole call site,hostap_full_audit_0.4.169,med
API00-C,hostap,src/drivers/driver_nl80211_android.c,75,FP,internal-only-API FP class; params from same fixed call site,hostap_full_audit_0.4.169,med
DCL13-C,hostap,src/drivers/driver_nl80211_android.c,76,TP,params read-only in android_pno_start,hostap_full_audit_0.4.169,med
MSC13-C,hostap,src/drivers/driver_nl80211_android.c,81,TP,ret=0 initializer genuinely never read before being overwritten at line132,hostap_full_audit_0.4.169,low
ENV01-C,hostap,src/drivers/driver_nl80211_android.c,82,FP,zero getenv() calls in file,hostap_full_audit_0.4.169,high
ARR39-C,hostap,src/drivers/driver_nl80211_android.c,94,FP,"bp is a plain int; the flagged expression is a pure integer sum, no pointer operand at all",hostap_full_audit_0.4.169,high
DCL39-C,hostap,src/drivers/driver_nl80211_android.c,132,FP,ifr memset-zeroed immediately before use at line123,hostap_full_audit_0.4.169,high
API00-C,hostap,src/drivers/driver_nl80211_android.c,147,FP,internal-only-API FP class,hostap_full_audit_0.4.169,med
DCL13-C,hostap,src/drivers/driver_nl80211_android.c,156,FP,wpa_driver_set_p2p_noa is bound to struct wpa_driver_ops.set_noa vtable field (driver_nl80211.c:15561); fixed dispatch-contract signature,hostap_full_audit_0.4.169,med
API05-C,hostap,src/drivers/driver_nl80211_android.c,162,FP,"buf,len is the standard ptr+size_t idiom",hostap_full_audit_0.4.169,med
DCL13-C,hostap,src/drivers/driver_nl80211_android.c,162,FP,"wpa_driver_get_p2p_noa bound to .get_noa vtable field, fixed dispatch-contract signature",hostap_full_audit_0.4.169,med
DCL13-C,hostap,src/drivers/driver_nl80211_android.c,162,FP,"same vtable-bound function, buf param likewise signature-pinned",hostap_full_audit_0.4.169,med
DCL13-C,hostap,src/drivers/driver_nl80211_android.c,168,FP,"wpa_driver_set_p2p_ps called directly (line11087) elsewhere but its stub form; not vtable here yet still an unused void* stub param matching established no-op-stub, downgraded to FP since ANDROID_LIB_STUB stub bodies here are only reachable via the same vtable family as siblings",hostap_full_audit_0.4.169,med
DCL13-C,hostap,src/drivers/driver_nl80211_android.c,174,FP,"wpa_driver_set_ap_wps_p2p_ie bound to .set_ap_wps_ie vtable field, fixed dispatch-contract signature",hostap_full_audit_0.4.169,med
API00-C,hostap,src/drivers/driver_nl80211_android.c,185,FP,internal-only-API FP class; handle always a valid nl_sock from driver init,hostap_full_audit_0.4.169,med
DCL13-C,hostap,src/drivers/netlink.c,23,TP,"netlink read-only in netlink_receive_link, plain direct-call helper not vtable/typedef-bound",hostap_full_audit_0.4.169,med
DCL31-C,hostap,src/drivers/netlink.c,30,FP,"'cb' is a function-pointer parameter, not an undeclared global function; category error",hostap_full_audit_0.4.169,high
EXP30-C,hostap,src/drivers/netlink.c,30,FP,"NLMSG_DATA/NLMSG_ALIGN/NLMSG_PAYLOAD are side-effect-free macros, no real unsequenced side effects",hostap_full_audit_0.4.169,high
ARR39-C,hostap,src/drivers/netlink.c,31,FP,(u8*)ptr + N is plain byte-pointer offset arithmetic; sizeof(u8)==1 so there is no double scaling,hostap_full_audit_0.4.169,high
DCL13-C,hostap,src/drivers/netlink.c,36,FP,"sock_ctx is an eloop_sock_handler dispatch-contract parameter (registered via eloop_register_read_sock at line119), fixed signature",hostap_full_audit_0.4.169,med
CON33-C,hostap,src/drivers/netlink.c,53,FP,no-thread FP class; strerror() with zero pthread usage in file,hostap_full_audit_0.4.169,med
CON34-C,hostap,src/drivers/netlink.c,53,FP,no-thread FP class,hostap_full_audit_0.4.169,med
EXP33-C,hostap,src/drivers/netlink.c,96,FP,sizeof(*netlink) does not evaluate/dereference netlink at runtime; established sizeof(*ptr)-not-a-deref FP class,hostap_full_audit_0.4.169,high
CON33-C,hostap,src/drivers/netlink.c,103,FP,no-thread FP class,hostap_full_audit_0.4.169,med
CON34-C,hostap,src/drivers/netlink.c,103,FP,no-thread FP class,hostap_full_audit_0.4.169,med
POS02-C,hostap,src/drivers/netlink.c,111,FP,bind()-without-privilege-drop categorical FP; codebase-wide pattern,hostap_full_audit_0.4.169,med
CON33-C,hostap,src/drivers/netlink.c,114,FP,no-thread FP class,hostap_full_audit_0.4.169,med
CON34-C,hostap,src/drivers/netlink.c,114,FP,no-thread FP class,hostap_full_audit_0.4.169,med
DCL30-C,hostap,src/drivers/netlink.c,124,FP,"netlink comes from os_zalloc (heap), not automatic storage",hostap_full_audit_0.4.169,high
MEM10-C,hostap,src/drivers/netlink.c,130,FP,ad-hoc NULL check stylistic pedantry,hostap_full_audit_0.4.169,med
API00-C,hostap,src/drivers/netlink.c,171,FP,internal-only-API FP class; netlink always a live handle owned by the driver wrapper,hostap_full_audit_0.4.169,med
CON07-C,hostap,src/drivers/netlink.c,171,FP,no-thread FP class; static nl_seq compound increment,hostap_full_audit_0.4.169,med
DCL13-C,hostap,src/drivers/netlink.c,171,TP,netlink read-only (netlink->sock) in netlink_send_oper_ifla,hostap_full_audit_0.4.169,med
EXP30-C,hostap,src/drivers/netlink.c,216,FP,linkmode_str/operstate_str are pure lookup functions with no side effects,hostap_full_audit_0.4.169,high
DCL39-C,hostap,src/drivers/netlink.c,220,FP,"req is os_memset-zeroed at line183 immediately before use, no uninitialized padding",hostap_full_audit_0.4.169,high
CON33-C,hostap,src/drivers/netlink.c,224,FP,no-thread FP class,hostap_full_audit_0.4.169,med
CON34-C,hostap,src/drivers/netlink.c,224,FP,no-thread FP class,hostap_full_audit_0.4.169,med
DCL23-C,hostap,wpa_supplicant/wpa_supplicant_i.h,28,FP,"Idiomatic sequential license-text constants (license1..5), no real confusion risk",hostap_full_audit_0.4.169,high
DCL23-C,hostap,wpa_supplicant/wpa_supplicant_i.h,29,FP,Same sequential license-const idiom,hostap_full_audit_0.4.169,high
DCL23-C,hostap,wpa_supplicant/wpa_supplicant_i.h,30,FP,Same sequential license-const idiom,hostap_full_audit_0.4.169,high
DCL23-C,hostap,wpa_supplicant/wpa_supplicant_i.h,31,FP,Same sequential license-const idiom,hostap_full_audit_0.4.169,high
DCL23-C,hostap,wpa_supplicant/wpa_supplicant_i.h,32,FP,Same sequential license-const idiom,hostap_full_audit_0.4.169,high
API01-C,hostap,wpa_supplicant/wpa_supplicant_i.h,354,FP,"Categorical FP: struct-layout-only check, name[16] bounded writes elsewhere",hostap_full_audit_0.4.169,high
DCL13-C,hostap,wpa_supplicant/wpa_supplicant_i.h,368,TP,"external_scan_running is a plain read-only static inline accessor, not a callback",hostap_full_audit_0.4.169,med
API02-C,hostap,wpa_supplicant/wpa_supplicant_i.h,422,FP,"freqs follows codebase's 0-terminated frequency-array convention (cf. ssid->freq_list), no size param needed",hostap_full_audit_0.4.169,med
API01-C,hostap,wpa_supplicant/wpa_supplicant_i.h,718,FP,Categorical buffer-before-pointer FP,hostap_full_audit_0.4.169,high
API01-C,hostap,wpa_supplicant/wpa_supplicant_i.h,719,FP,Categorical buffer-before-pointer FP,hostap_full_audit_0.4.169,high
API01-C,hostap,wpa_supplicant/wpa_supplicant_i.h,720,FP,Categorical buffer-before-pointer FP,hostap_full_audit_0.4.169,high
API01-C,hostap,wpa_supplicant/wpa_supplicant_i.h,735,FP,Categorical buffer-before-pointer FP,hostap_full_audit_0.4.169,high
API01-C,hostap,wpa_supplicant/wpa_supplicant_i.h,867,FP,Categorical buffer-before-pointer FP,hostap_full_audit_0.4.169,high
API01-C,hostap,wpa_supplicant/wpa_supplicant_i.h,870,FP,Categorical buffer-before-pointer FP,hostap_full_audit_0.4.169,high
API01-C,hostap,wpa_supplicant/wpa_supplicant_i.h,1644,FP,Categorical buffer-before-pointer FP,hostap_full_audit_0.4.169,high
API02-C,hostap,wpa_supplicant/wpa_supplicant_i.h,1717,FP,Categorical FP: size_t *wpa_ie_len companion already present in signature,hostap_full_audit_0.4.169,high
DCL40-C,hostap,wpa_supplicant/wpa_supplicant_i.h,1760,TP,"Literal 31-sig-char external-identifier collision per rule text, low practical impact",hostap_full_audit_0.4.169,low
API05-C,hostap,wpa_supplicant/wpa_supplicant_i.h,1789,FP,Categorical ptr+size_t idiom FP,hostap_full_audit_0.4.169,high
DCL13-C,hostap,wpa_supplicant/wpa_supplicant_i.h,1949,TP,network_is_persistent_group is plain read-only static inline accessor,hostap_full_audit_0.4.169,med
API05-C,hostap,wpa_supplicant/wpa_supplicant_i.h,2076,FP,Categorical ptr+size_t idiom FP,hostap_full_audit_0.4.169,high
DCL40-C,hostap,wpa_supplicant/wpa_supplicant_i.h,2100,TP,Literal 31-sig-char external-identifier collision per rule text,hostap_full_audit_0.4.169,low
API02-C,hostap,wpa_supplicant/wpa_supplicant_i.h,2102,FP,Categorical FP: size_t *ssid_len companion already present,hostap_full_audit_0.4.169,high
CON03-C,hostap,src/fst/fst.c,18,FP,"No-pthread single-threaded init flag, categorical CON03-C FP",hostap_full_audit_0.4.169,high
API00-C,hostap,src/fst/fst.c,38,FP,"own_addr is internal-only param, always valid from real callers",hostap_full_audit_0.4.169,med
MSC13-C,hostap,src/fst/fst.c,42,FP,'g' is used inside foreach_fst_group(g) macro loop; opaque macro misparsed as never-used,hostap_full_audit_0.4.169,high
MSC13-C,hostap,src/fst/fst.c,43,FP,group's NULL init is read at line 58 'if (!group)'; opaque foreach macro confuses CFG,hostap_full_audit_0.4.169,high
MSC13-C,hostap,src/fst/fst.c,44,FP,iface's NULL init is read at line 69 'if (!iface)',hostap_full_audit_0.4.169,high
MSC37-C,hostap,src/fst/fst.c,51,FP,foreach_fst_group(g) { ... } macro loop misparsed as a function-like construct with no return,hostap_full_audit_0.4.169,high
EXP33-C,hostap,src/fst/fst.c,51,FP,"Same foreach_fst_group macro-opacity misparse, not a real uninitialized use",hostap_full_audit_0.4.169,high
MEM31-C,hostap,src/fst/fst.c,59,FP,Ownership of group transfers to global group list; freed later via fst_global_deinit's fst_group_delete loop,hostap_full_audit_0.4.169,high
MEM31-C,hostap,src/fst/fst.c,74,FP,group is explicitly freed via fst_group_delete(group) at line 73 (guarded by new_group) before this return,hostap_full_audit_0.4.169,high
MEM31-C,hostap,src/fst/fst.c,86,FP,"Cross-function variable-name collision: fst_detach's 'group' comes from fst_iface_get_group(), not fst_group_create; not owned/leaked here",hostap_full_audit_0.4.169,high
API00-C,hostap,src/fst/fst.c,90,FP,"iface is internal-only param, always valid from real callers",hostap_full_audit_0.4.169,med
MSC13-C,hostap,src/fst/fst.c,130,FP,"fst_global_initialized is a static global; the write persists for future calls, not a dead store",hostap_full_audit_0.4.169,med
EXP33-C,hostap,src/fst/fst.c,141,FP,"sizeof(*h) is a compile-time type-size computation, not a runtime dereference of unassigned h",hostap_full_audit_0.4.169,high
DCL30-C,hostap,src/fst/fst.c,153,FP,"h is heap memory from os_zalloc, not automatic/local storage",hostap_full_audit_0.4.169,high
API00-C,hostap,src/fst/fst.c,157,FP,"h is internal-only, always valid from the list-iteration caller",hostap_full_audit_0.4.169,med
EXP30-C,hostap,src/fst/fst.c,170,FP,"MAC2STR(mgmt->da)/MAC2STR(mgmt->sa) are pure array-read macro expansions, no side effects to unsequence",hostap_full_audit_0.4.169,high
API00-C,hostap,src/fst/fst.c,186,FP,iface internal-only param FP,hostap_full_audit_0.4.169,med
API00-C,hostap,src/fst/fst.c,202,FP,iface internal-only param FP,hostap_full_audit_0.4.169,med
API00-C,hostap,src/fst/fst.c,225,FP,iface internal-only param FP,hostap_full_audit_0.4.169,med
API00-C,hostap,src/fst/fst.c,225,FP,addr internal-only param FP,hostap_full_audit_0.4.169,med
ARR01-C,hostap,src/fst/fst.c,229,FP,"sizeof(iface->own_addr) sizes a fixed-size struct member array, not the decayed pointer parameter itself",hostap_full_audit_0.4.169,high
DCL13-C,hostap,wpa_supplicant/op_classes.c,21,TP,"allow_channel's mode param is only read, never modified",hostap_full_audit_0.4.169,med
DCL13-C,hostap,wpa_supplicant/op_classes.c,50,TP,get_center_80mhz's mode param only read,hostap_full_audit_0.4.169,med
ARR02-C,hostap,wpa_supplicant/op_classes.c,80,FP,"Initializer-sized local array consumed via ARRAY_SIZE(); size is unambiguous and safely derived, idiomatic",hostap_full_audit_0.4.169,med
ARR02-C,hostap,wpa_supplicant/op_classes.c,81,FP,Same ARRAY_SIZE()-derived local-array idiom,hostap_full_audit_0.4.169,med
DCL13-C,hostap,wpa_supplicant/op_classes.c,120,TP,get_center_160mhz's mode param only read,hostap_full_audit_0.4.169,med
ARR02-C,hostap,wpa_supplicant/op_classes.c,150,FP,Same ARRAY_SIZE()-derived local-array idiom,hostap_full_audit_0.4.169,med
ARR02-C,hostap,wpa_supplicant/op_classes.c,151,FP,Same ARRAY_SIZE()-derived local-array idiom,hostap_full_audit_0.4.169,med
DCL13-C,hostap,wpa_supplicant/op_classes.c,191,TP,verify_160mhz's mode param only read,hostap_full_audit_0.4.169,med
ARR02-C,hostap,wpa_supplicant/op_classes.c,221,FP,Same ARRAY_SIZE()-derived local-array idiom,hostap_full_audit_0.4.169,med
MSC01-C,hostap,wpa_supplicant/op_classes.c,295,FP,res/res2 already default-initialized from allow_channel() before the chain; unmatched bw intentionally keeps that default,hostap_full_audit_0.4.169,high
DCL13-C,hostap,wpa_supplicant/op_classes.c,314,TP,wpas_op_class_supported's wpa_s param only read (wpa_s->hw.*),hostap_full_audit_0.4.169,med
DCL13-C,hostap,wpa_supplicant/op_classes.c,315,TP,ssid param only read (ssid->freq_list/disable_ht/disable_vht),hostap_full_audit_0.4.169,med
MSC01-C,hostap,wpa_supplicant/op_classes.c,344,FP,"Unrecognized frequency values are intentionally skipped (not counted toward freq2/5/6), not an error case",hostap_full_audit_0.4.169,high
MSC01-C,hostap,wpa_supplicant/op_classes.c,363,FP,Switch used as an intentional filter that falls through past the switch for unlisted op_classes; no default needed,hostap_full_audit_0.4.169,high
ARR02-C,hostap,wpa_supplicant/op_classes.c,395,FP,Same ARRAY_SIZE()-derived local-array idiom,hostap_full_audit_0.4.169,med
INT10-C,hostap,wpa_supplicant/op_classes.c,486,FP,"first_seg is a monotonically-incrementing counter starting at 1, provably non-negative",hostap_full_audit_0.4.169,med
API00-C,hostap,wpa_supplicant/op_classes.c,525,FP,"wpa_s is internal-only, always valid from real callers",hostap_full_audit_0.4.169,med
API00-C,hostap,wpa_supplicant/op_classes.c,525,FP,ssid is not dereferenced directly here; passed to wpas_op_class_supported which already null-checks it,hostap_full_audit_0.4.169,med
EXP30-C,hostap,wpa_supplicant/op_classes.c,620,FP,"wpabuf_head(buf)/wpabuf_len(buf) are pure accessor reads with no side effects, unsequencing them is harmless",hostap_full_audit_0.4.169,high
DCL30-C,hostap,wpa_supplicant/op_classes.c,648,FP,"classes is heap memory from os_zalloc, not automatic storage",hostap_full_audit_0.4.169,high
ARR00-C,hostap,wpa_supplicant/op_classes.c,648,FP,Same heap-vs-stack confusion; classes is not a local array,hostap_full_audit_0.4.169,high
DCL37-C,hostap,wpa_supplicant/win_if_list.c,27,TP,"_NDISUIO_CTL_CODE begins with underscore+uppercase, a reserved identifier per the standard",hostap_full_audit_0.4.169,med
PRE02-C,hostap,wpa_supplicant/win_if_list.c,30,FP,"Macro body is a single function-call-like macro invocation (atomic primary expression), no precedence hazard",hostap_full_audit_0.4.169,med
PRE02-C,hostap,wpa_supplicant/win_if_list.c,34,FP,Same atomic macro-call-body FP,hostap_full_audit_0.4.169,med
FIO23-C,hostap,wpa_supplicant/win_if_list.c,58,FP,"Reaching end of main() is equivalent to exit(), which flushes all open streams per the C standard",hostap_full_audit_0.4.169,med
INT15-C,hostap,wpa_supplicant/win_if_list.c,64,TP,"GetLastError() (DWORD) cast to int rather than (u)intmax_t for %d, low practical impact on Win32",hostap_full_audit_0.4.169,low
EXP33-C,hostap,wpa_supplicant/win_if_list.c,77,FP,"sizeof(*b) is a compile-time size computation, not a runtime dereference of unassigned b",hostap_full_audit_0.4.169,high
STR01-C,hostap,wpa_supplicant/win_if_list.c,84,FP,"b is a struct ioctl buffer, not a string; comparing it to the unrelated name[256] array is a category error",hostap_full_audit_0.4.169,med
MEM02-C,hostap,wpa_supplicant/win_if_list.c,84,FP,"Casting malloc's void* result is optional in C and often discouraged, not a real defect",hostap_full_audit_0.4.169,med
MEM04-C,hostap,wpa_supplicant/win_if_list.c,84,FP,blen = sizeof(*b) + 1024 is provably always > 0,hostap_full_audit_0.4.169,high
MEM06-C,hostap,wpa_supplicant/win_if_list.c,84,FP,"Buffer holds network interface binding names, not sensitive secret data",hostap_full_audit_0.4.169,med
ARR30-C,hostap,wpa_supplicant/win_if_list.c,108,FP,len is explicitly clamped to sizeof(name)-1 two lines above; categorical clamp-not-recognized FP,hostap_full_audit_0.4.169,high
FIO47-C,hostap,wpa_supplicant/win_if_list.c,118,FP,"name is char name[256], a valid %s argument; type-inference misclassification as Integer",hostap_full_audit_0.4.169,high
FIO47-C,hostap,wpa_supplicant/win_if_list.c,118,FP,"desc is char desc[256], a valid %s argument; type-inference misclassification as Integer",hostap_full_audit_0.4.169,high
EXP33-C,hostap,wpa_supplicant/win_if_list.c,118,FP,"name[len]='\0' is set unconditionally after the copy loop regardless of len, always initialized",hostap_full_audit_0.4.169,high
EXP33-C,hostap,wpa_supplicant/win_if_list.c,118,FP,"desc[len]='\0' is set unconditionally after the copy loop, always initialized",hostap_full_audit_0.4.169,high
MSC13-C,hostap,wpa_supplicant/win_if_list.c,121,FP,"free(b) immediately followed by function return; normal end-of-scope cleanup, not a dead store",hostap_full_audit_0.4.169,med
DCL13-C,hostap,wpa_supplicant/win_if_list.c,137,TP,"show_dev's dev param is only read (dev->name, dev->description)",hostap_full_audit_0.4.169,med
PRE32-C,hostap,wpa_supplicant/win_if_list.c,139,FP,No preprocessor directive actually appears inside this printf call's arguments; misdetected due to surrounding #else/#endif region,hostap_full_audit_0.4.169,high
MEM05-C,hostap,wpa_supplicant/win_if_list.c,147,FP,"PCAP_ERRBUF_SIZE is a compile-time constant (256); err[] is a fixed-size array, not a VLA",hostap_full_audit_0.4.169,high
FIO47-C,hostap,wpa_supplicant/win_if_list.c,150,FP,"err is a char array, a valid %s argument; same type-inference misclassification",hostap_full_audit_0.4.169,high
STR31-C,hostap,wpa_supplicant/win_if_list.c,164,FP,"argc/argv are not referenced anywhere in main()'s body at all, so nothing is used unsafely",hostap_full_audit_0.4.169,high
PRE00-C,hostap,src/ap/hostapd.h,22,TP,hapd genuinely appears twice in OCE_STA_CFON_ENABLED's body; real (if low-risk) multiple-evaluation macro,hostap_full_audit_0.4.169,low
PRE01-C,hostap,src/ap/hostapd.h,22,TP,Unparenthesized hapd before -> is a genuine precedence hazard if a compound expression is ever substituted,hostap_full_audit_0.4.169,low
PRE12-C,hostap,src/ap/hostapd.h,22,TP,Same multiple-evaluation concern as PRE00-C,hostap_full_audit_0.4.169,low
PRE00-C,hostap,src/ap/hostapd.h,25,TP,hapd appears twice in OCE_AP_ENABLED's body,hostap_full_audit_0.4.169,low
PRE01-C,hostap,src/ap/hostapd.h,25,TP,Same unparenthesized-parameter precedence hazard,hostap_full_audit_0.4.169,low
PRE12-C,hostap,src/ap/hostapd.h,25,TP,Same multiple-evaluation concern,hostap_full_audit_0.4.169,low
PRE01-C,hostap,src/ap/hostapd.h,208,TP,STA_HASH(sta) expands to sta[5]; a multi-token argument would bind incorrectly to just the last token before [],hostap_full_audit_0.4.169,med
API01-C,hostap,src/ap/hostapd.h,541,FP,Categorical buffer-before-pointer FP,hostap_full_audit_0.4.169,high
API01-C,hostap,src/ap/hostapd.h,571,FP,Categorical buffer-before-pointer FP,hostap_full_audit_0.4.169,high
API02-C,hostap,src/ap/hostapd.h,757,FP,"cb is a callback function pointer, not an array; categorical API02-C misfire",hostap_full_audit_0.4.169,high
API02-C,hostap,src/ap/hostapd.h,788,FP,"buf is a NUL-terminated config string, not a raw byte buffer needing a separate size",hostap_full_audit_0.4.169,med
API02-C,hostap,src/ap/hostapd.h,789,FP,"buf is a NUL-terminated config string, same as above",hostap_full_audit_0.4.169,med
API02-C,hostap,src/ap/hostapd.h,812,FP,"cb is a callback function pointer, not an array",hostap_full_audit_0.4.169,high
PRE01-C,hostap,src/ap/hostapd.h,890,TP,for_each_mld_link expands self unparenthesized before -> (&self->mld->links); precedence hazard for compound arguments,hostap_full_audit_0.4.169,med
DCL13-C,hostap,src/ap/hostapd.h,895,TP,#ifdef-stub branch: hapd param genuinely 100% unused in this no-op inline; matches established stub-const pattern,hostap_full_audit_0.4.169,low
DCL13-C,hostap,src/ap/hostapd.h,907,TP,ap_pmf_enabled's conf param only read,hostap_full_audit_0.4.169,med
DCL13-C,hostap,src/ap/hostapd.h,924,TP,hostapd_is_ht_enabled's hapd param only read,hostap_full_audit_0.4.169,med
DCL13-C,hostap,src/ap/hostapd.h,930,TP,hostapd_is_vht_enabled's hapd param only read,hostap_full_audit_0.4.169,med
DCL13-C,hostap,src/ap/hostapd.h,936,TP,hostapd_is_he_enabled's hapd param only read,hostap_full_audit_0.4.169,med
DCL13-C,hostap,src/ap/hostapd.h,942,TP,hostapd_is_eht_enabled's hapd param only read,hostap_full_audit_0.4.169,med
PRE08-C,hostap,src/ap/preauth_auth.c,17,FP,"8.3-legacy-filesystem convention, no modern toolchain truncates to 8 chars",hostap_full_audit_0.4.169,high
API05-C,hostap,src/ap/preauth_auth.c,41,FP,"ptr+len companion idiom (buf,len), categorical FP",hostap_full_audit_0.4.169,high
EXP33-C,hostap,src/ap/preauth_auth.c,52,FP,"sizeof(*ethhdr) is compile-time, not a deref",hostap_full_audit_0.4.169,high
EXP33-C,hostap,src/ap/preauth_auth.c,52,FP,"sizeof(*hdr) is compile-time, not a deref",hostap_full_audit_0.4.169,high
EXP05-C,hostap,src/ap/preauth_auth.c,58,FP,read-only cast-away-const overlay; ethhdr never written in this function,hostap_full_audit_0.4.169,high
EXP33-C,hostap,src/ap/preauth_auth.c,103,FP,"sizeof(*piface) is compile-time, not a deref",hostap_full_audit_0.4.169,high
MSC07-C,hostap,src/ap/preauth_auth.c,125,FP,"fail2: is a goto target reached from earlier goto, not unreachable",hostap_full_audit_0.4.169,high
API00-C,hostap,src/ap/preauth_auth.c,133,FP,"internal-only API, hapd always valid from real callers",hostap_full_audit_0.4.169,high
STR34-C,hostap,src/ap/preauth_auth.c,167,FP,"assigning literal '\0', no sign-extension concern",hostap_full_audit_0.4.169,high
API00-C,hostap,src/ap/preauth_auth.c,195,FP,"internal-only API, hapd always valid",hostap_full_audit_0.4.169,high
API00-C,hostap,src/ap/preauth_auth.c,195,FP,"internal-only API, sta always valid from ieee802_1x.c caller",hostap_full_audit_0.4.169,high
API00-C,hostap,src/ap/preauth_auth.c,231,FP,"internal-only API, hapd always valid from ieee802_1x.c caller",hostap_full_audit_0.4.169,high
API00-C,hostap,src/ap/preauth_auth.c,231,FP,"internal-only API, sta always valid",hostap_full_audit_0.4.169,high
API00-C,hostap,src/ap/preauth_auth.c,231,FP,"internal-only API, buf always valid caller buffer",hostap_full_audit_0.4.169,high
API00-C,hostap,src/ap/preauth_auth.c,231,FP,internal-only API pedantry; len bounded by EAPOL frame size,hostap_full_audit_0.4.169,high
DCL13-C,hostap,src/ap/preauth_auth.c,231,TP,"plain internal helper (not a callback/vtable), hapd genuinely never modified",hostap_full_audit_0.4.169,med
DCL13-C,hostap,src/ap/preauth_auth.c,231,TP,"plain internal helper, sta genuinely never modified",hostap_full_audit_0.4.169,med
EXP33-C,hostap,src/ap/preauth_auth.c,250,FP,"sizeof(*ethhdr) is compile-time, not a deref",hostap_full_audit_0.4.169,high
API00-C,hostap,src/ap/preauth_auth.c,268,FP,"internal-only API, hapd always valid from sta_info.c caller",hostap_full_audit_0.4.169,high
API00-C,hostap,src/ap/preauth_auth.c,268,FP,"internal-only API, sta always valid",hostap_full_audit_0.4.169,high
DCL15-C,hostap,src/common/cli.c,15,FP,"cli_license has real extern linkage, used in hostapd_cli.c/wpa_cli.c",hostap_full_audit_0.4.169,high
DCL19-C,hostap,src/common/cli.c,15,FP,"same as DCL15-C, real cross-file use via cli.h extern",hostap_full_audit_0.4.169,high
DCL15-C,hostap,src/common/cli.c,19,FP,"cli_full_license has real extern linkage, used in hostapd_cli.c/wpa_cli.c",hostap_full_audit_0.4.169,high
DCL19-C,hostap,src/common/cli.c,19,FP,"same as DCL15-C, real cross-file use",hostap_full_audit_0.4.169,high
API00-C,hostap,src/common/cli.c,51,FP,"internal-only API, e always valid from cli_txt_list_del/flush callers",hostap_full_audit_0.4.169,high
EXP43-C,hostap,src/common/cli.c,63,FP,"dl_list_first(list, type, member) macro args, member name mistaken for a restrict output pointer",hostap_full_audit_0.4.169,high
DCL30-C,hostap,src/common/cli.c,75,FP,"e is a heap-allocated dl_list node pointer, not automatic storage",hostap_full_audit_0.4.169,high
API00-C,hostap,src/common/cli.c,103,FP,internal-only API,hostap_full_audit_0.4.169,high
API00-C,hostap,src/common/cli.c,152,FP,internal-only API,hostap_full_audit_0.4.169,high
DCL30-C,hostap,src/common/cli.c,189,FP,"res is os_calloc'd heap memory, not automatic storage",hostap_full_audit_0.4.169,high
API00-C,hostap,src/common/cli.c,193,FP,internal-only API,hostap_full_audit_0.4.169,high
API00-C,hostap,src/common/cli.c,211,FP,"internal-only API pedantry, buflen always sizeof(fixed buffer) at call sites",hostap_full_audit_0.4.169,high
API05-C,hostap,src/common/cli.c,211,FP,"ptr+size_t companion idiom (buf,buflen)",hostap_full_audit_0.4.169,high
API05-C,hostap,src/common/cli.c,211,FP,argv[]+argc companion idiom,hostap_full_audit_0.4.169,high
DCL13-C,hostap,src/common/cli.c,211,TP,"plain internal helper, argv genuinely never modified",hostap_full_audit_0.4.169,med
MSC07-C,hostap,src/common/cli.c,234,FP,"fail: is a goto target from two earlier goto fail statements, not unreachable",hostap_full_audit_0.4.169,high
API00-C,hostap,src/common/cli.c,240,FP,internal-only API,hostap_full_audit_0.4.169,high
API00-C,hostap,src/common/cli.c,240,FP,internal-only API,hostap_full_audit_0.4.169,high
DCL13-C,hostap,src/common/cli.c,240,FP,cmd's pointee IS mutated via aliased local pos (*pos++='\0'); missed-aliased-mutation,hostap_full_audit_0.4.169,high
STR34-C,hostap,src/common/cli.c,263,FP,"assigning literal '\0' via *pos++, no sign-extension concern",hostap_full_audit_0.4.169,high
DCL40-C,hostap,src/common/wpa_common.h,315,FP,STRUCT_PACKED macro misparsed as a global object being redeclared with different struct types (confirmed categorical FP),hostap_full_audit_0.4.169,high
DCL40-C,hostap,src/common/wpa_common.h,347,FP,"STRUCT_PACKED macro misparse, same categorical FP",hostap_full_audit_0.4.169,high
DCL40-C,hostap,src/common/wpa_common.h,356,FP,"STRUCT_PACKED macro misparse, same categorical FP",hostap_full_audit_0.4.169,high
DCL40-C,hostap,src/common/wpa_common.h,362,FP,"STRUCT_PACKED macro misparse, same categorical FP",hostap_full_audit_0.4.169,high
DCL40-C,hostap,src/common/wpa_common.h,369,FP,"STRUCT_PACKED macro misparse, same categorical FP",hostap_full_audit_0.4.169,high
DCL40-C,hostap,src/common/wpa_common.h,384,FP,"STRUCT_PACKED macro misparse, same categorical FP",hostap_full_audit_0.4.169,high
DCL40-C,hostap,src/common/wpa_common.h,394,FP,"STRUCT_PACKED macro misparse, same categorical FP",hostap_full_audit_0.4.169,high
DCL40-C,hostap,src/common/wpa_common.h,409,FP,"STRUCT_PACKED macro misparse, same categorical FP",hostap_full_audit_0.4.169,high
DCL40-C,hostap,src/common/wpa_common.h,417,FP,"STRUCT_PACKED macro misparse, same categorical FP",hostap_full_audit_0.4.169,high
DCL40-C,hostap,src/common/wpa_common.h,425,FP,"STRUCT_PACKED macro misparse, same categorical FP",hostap_full_audit_0.4.169,high
DCL40-C,hostap,src/common/wpa_common.h,433,FP,"STRUCT_PACKED macro misparse, same categorical FP",hostap_full_audit_0.4.169,high
DCL40-C,hostap,src/common/wpa_common.h,451,FP,"STRUCT_PACKED macro misparse, same categorical FP",hostap_full_audit_0.4.169,high
API05-C,hostap,src/common/wpa_common.h,476,FP,ptr+size_t companion idiom,hostap_full_audit_0.4.169,high
API02-C,hostap,src/common/wpa_common.h,481,FP,"pmk_len (size_t*) already conveys output capacity for pmk, companion just positioned as last param",hostap_full_audit_0.4.169,high
API02-C,hostap,src/common/wpa_common.h,491,FP,key_auth_len already conveys shared size for key_auth_sta/key_auth_ap,hostap_full_audit_0.4.169,high
DCL13-C,hostap,src/common/wpa_common.h,554,TP,"#else static-inline no-op stub, pmkid entirely unused in the body",hostap_full_audit_0.4.169,med
DCL13-C,hostap,src/common/wpa_common.h,564,TP,"#else static-inline no-op stub, pmkid entirely unused in the body",hostap_full_audit_0.4.169,med
API02-C,hostap,src/common/wpa_common.h,576,FP,ies_len (size_t*) already conveys in/out capacity,hostap_full_audit_0.4.169,high
DCL40-C,hostap,src/common/wpa_common.h,636,FP,"STRUCT_PACKED macro misparse, same categorical FP",hostap_full_audit_0.4.169,high
API02-C,hostap,src/common/wpa_common.h,774,FP,"start/end pointer-pair idiom already conveys the bound, not a missing size_t",hostap_full_audit_0.4.169,high
MSC13-C,hostap,src/crypto/aes-internal-enc.c,34,FP,"s0 IS read inside the ROUND(1,t,s) macro expansion; sqc's dataflow doesn't step into macro-pasted reads",hostap_full_audit_0.4.169,high
MSC13-C,hostap,src/crypto/aes-internal-enc.c,35,FP,"s1 read inside ROUND macro expansion, same macro-blind CFG issue",hostap_full_audit_0.4.169,high
MSC13-C,hostap,src/crypto/aes-internal-enc.c,36,FP,"s2 read inside ROUND macro expansion, same macro-blind CFG issue",hostap_full_audit_0.4.169,high
MSC13-C,hostap,src/crypto/aes-internal-enc.c,37,FP,"s3 read inside ROUND macro expansion, same macro-blind CFG issue",hostap_full_audit_0.4.169,high
PRE00-C,hostap,src/crypto/aes-internal-enc.c,39,TP,i genuinely used multiple times as a bare arithmetic operand in the macro body; definition-side hygiene defect regardless of literal-only call sites,hostap_full_audit_0.4.169,med
PRE01-C,hostap,src/crypto/aes-internal-enc.c,39,TP,"i genuinely unparenthesized in '4 * i' etc, definition-side defect",hostap_full_audit_0.4.169,med
PRE02-C,hostap,src/crypto/aes-internal-enc.c,39,FP,macro body is 4 full statements; wrapping the whole replacement in parens is invalid C,hostap_full_audit_0.4.169,high
PRE05-C,hostap,src/crypto/aes-internal-enc.c,39,FP,"d/s are always bare identifiers (t,s) at call sites, never macros needing pre-expansion",hostap_full_audit_0.4.169,high
PRE10-C,hostap,src/crypto/aes-internal-enc.c,39,TP,"genuinely multi-statement macro with no do-while(0) wrapper, real (if minor) hazard",hostap_full_audit_0.4.169,med
PRE12-C,hostap,src/crypto/aes-internal-enc.c,39,TP,"same as PRE00-C, i evaluated multiple times in macro body",hostap_full_audit_0.4.169,med
INT14-C,hostap,src/crypto/aes-internal-enc.c,65,TP,literal rule-text match (shift on signed int Nr for multiply); harmless since Nr always non-negative in practice,hostap_full_audit_0.4.169,low
FIO50-C,hostap,src/crypto/aes-internal-enc.c,70,FP,"Nr is a plain int parameter, no FILE* stream exists in this function",hostap_full_audit_0.4.169,high
FIO50-C,hostap,src/crypto/aes-internal-enc.c,70,FP,"duplicate of above, same misfire",hostap_full_audit_0.4.169,high
EXP33-C,hostap,src/crypto/aes-internal-enc.c,87,FP,t0 IS written inside the preceding ROUND macro expansion; macro-blind CFG,hostap_full_audit_0.4.169,high
EXP33-C,hostap,src/crypto/aes-internal-enc.c,87,FP,"t1 written inside ROUND macro expansion, same macro-blind CFG",hostap_full_audit_0.4.169,high
EXP33-C,hostap,src/crypto/aes-internal-enc.c,87,FP,"t2 written inside ROUND macro expansion, same macro-blind CFG",hostap_full_audit_0.4.169,high
EXP33-C,hostap,src/crypto/aes-internal-enc.c,87,FP,"t3 written inside ROUND macro expansion, same macro-blind CFG",hostap_full_audit_0.4.169,high
API00-C,hostap,src/crypto/aes-internal-enc.c,98,FP,"internal-only API, len is a fixed AES key length (16/24/32) from internal callers",hostap_full_audit_0.4.169,high
ARR00-C,hostap,src/crypto/aes-internal-enc.c,114,FP,line 114 is only reached on the res>=0 success path; the os_free(rk) at 111 is on a mutually exclusive early-return branch,hostap_full_audit_0.4.169,high
DCL30-C,hostap,src/crypto/aes-internal-enc.c,115,FP,"rk is os_malloc'd heap memory, not automatic storage",hostap_full_audit_0.4.169,high
CON03-C,hostap,src/eap_peer/eap_methods.c,19,FP,no pthread/thread API usage anywhere in this file,hostap_full_audit_0.4.169,high
DCL30-C,hostap,src/eap_peer/eap_methods.c,36,FP,"m points into the registered-methods linked list (heap), not automatic storage",hostap_full_audit_0.4.169,high
API00-C,hostap,src/eap_peer/eap_methods.c,51,FP,"internal-only API, vendor is a caller-supplied out-param address",hostap_full_audit_0.4.169,high
API05-C,hostap,src/eap_peer/eap_methods.c,94,FP,"ptr+size_t companion idiom (buf,buflen)",hostap_full_audit_0.4.169,high
ARR00-C,hostap,src/eap_peer/eap_methods.c,152,FP,line 152 is the success-path continuation; the free-loop at 146-149 is on a mutually exclusive early-return branch,hostap_full_audit_0.4.169,high
DCL30-C,hostap,src/eap_peer/eap_methods.c,157,FP,"array is os_calloc'd heap memory, not automatic storage",hostap_full_audit_0.4.169,high
API00-C,hostap,src/eap_peer/eap_methods.c,185,FP,"internal-only API, so is a config-controlled path, not attacker data",hostap_full_audit_0.4.169,high
EXP34-C,hostap,src/eap_peer/eap_methods.c,216,TP,eap_methods->dl_handle write relies on dyn_init() having registered a method via convention only; no explicit NULL guard if a misbehaving module registers nothing,hostap_full_audit_0.4.169,low
MEM30-C,hostap,src/eap_peer/eap_methods.c,216,FP,"no local array/VLA assigned here at all; this is a plain member write eap_methods->dl_handle=handle, misclassified",hostap_full_audit_0.4.169,high
DCL13-C,hostap,src/eap_peer/eap_methods.c,234,TP,"plain internal helper, method genuinely never modified (only compared)",hostap_full_audit_0.4.169,med
MSC13-C,hostap,src/eap_peer/eap_methods.c,254,FP,eap_methods is a global read by many other functions across the file; not a local dead store,hostap_full_audit_0.4.169,high
MEM30-C,hostap,src/eap_peer/eap_methods.c,254,FP,"m->next is a heap-linked-list pointer field, not a local array/VLA",hostap_full_audit_0.4.169,high
MEM30-C,hostap,src/eap_peer/eap_methods.c,259,FP,m->free(m) IS the deallocation call itself (custom free callback); no access to m occurs after it completes. Name-heuristic misfire on member literally named 'free',hostap_full_audit_0.4.169,med
EXP33-C,hostap,src/eap_peer/eap_methods.c,287,FP,"sizeof(*eap) is compile-time, not a deref",hostap_full_audit_0.4.169,high
DCL30-C,hostap,src/eap_peer/eap_methods.c,294,FP,"eap is os_zalloc'd heap memory, not automatic storage",hostap_full_audit_0.4.169,high
EXP34-C,hostap,src/eap_peer/eap_methods.c,324,FP,"eap_peer_method_free() just wraps os_free(), which is NULL-safe",hostap_full_audit_0.4.169,high
MSC13-C,hostap,src/eap_peer/eap_methods.c,341,FP,eap_methods is a global read by many other functions; not a local dead store,hostap_full_audit_0.4.169,high
CON07-C,hostap,src/eap_peer/eap_methods.c,353,FP,no pthread/thread API usage anywhere in this file,hostap_full_audit_0.4.169,high
MEM30-C,hostap,src/eap_peer/eap_methods.c,369,FP,m->free(m) is the deallocation call itself; same 'free'-member-name misfire as line 259,hostap_full_audit_0.4.169,med
EXP33-C,hostap,src/eap_peer/eap_methods.c,374,FP,handle is unconditionally assigned at the top of each loop iteration before the guarded dlclose() read; possible ifdef/CFG blindness,hostap_full_audit_0.4.169,med
EXP30-C,hostap,src/eap_server/eap_server_vendor_test.c,44,FP,"both args are calls to a pure switch-based accessor with no side effects, nothing to unsequence",hostap_full_audit_0.4.169,high
DCL13-C,hostap,src/eap_server/eap_server_vendor_test.c,51,FP,struct eap_method init dispatch-contract fixed signature,hostap_full_audit_0.4.169,high
EXP33-C,hostap,src/eap_server/eap_server_vendor_test.c,55,FP,"sizeof(*data) is compile-time, not a deref",hostap_full_audit_0.4.169,high
DCL30-C,hostap,src/eap_server/eap_server_vendor_test.c,60,FP,"data is os_zalloc'd heap memory, not automatic storage",hostap_full_audit_0.4.169,high
DCL13-C,hostap,src/eap_server/eap_server_vendor_test.c,64,FP,struct eap_method reset dispatch-contract fixed signature,hostap_full_audit_0.4.169,high
DCL13-C,hostap,src/eap_server/eap_server_vendor_test.c,71,FP,struct eap_method buildReq dispatch-contract fixed signature (sm),hostap_full_audit_0.4.169,high
DCL13-C,hostap,src/eap_server/eap_server_vendor_test.c,71,FP,struct eap_method buildReq dispatch-contract fixed signature (priv),hostap_full_audit_0.4.169,high
DCL30-C,hostap,src/eap_server/eap_server_vendor_test.c,87,FP,"req comes from eap_msg_alloc(), heap memory, not automatic storage",hostap_full_audit_0.4.169,high
DCL13-C,hostap,src/eap_server/eap_server_vendor_test.c,91,FP,struct eap_method check dispatch-contract fixed signature (sm),hostap_full_audit_0.4.169,high
DCL13-C,hostap,src/eap_server/eap_server_vendor_test.c,91,FP,struct eap_method check dispatch-contract fixed signature (priv),hostap_full_audit_0.4.169,high
DCL13-C,hostap,src/eap_server/eap_server_vendor_test.c,107,FP,struct eap_method process dispatch-contract fixed signature (sm),hostap_full_audit_0.4.169,high
DCL13-C,hostap,src/eap_server/eap_server_vendor_test.c,133,FP,struct eap_method isDone dispatch-contract fixed signature (sm),hostap_full_audit_0.4.169,high
DCL13-C,hostap,src/eap_server/eap_server_vendor_test.c,133,FP,struct eap_method isDone dispatch-contract fixed signature (priv),hostap_full_audit_0.4.169,high
DCL13-C,hostap,src/eap_server/eap_server_vendor_test.c,140,FP,struct eap_method getKey dispatch-contract fixed signature (sm),hostap_full_audit_0.4.169,high
API05-C,hostap,src/eap_server/eap_server_vendor_test.c,140,FP,"priv is an opaque context pointer, not an array with a missing size; also fixed vtable signature",hostap_full_audit_0.4.169,high
DCL13-C,hostap,src/eap_server/eap_server_vendor_test.c,140,FP,struct eap_method getKey dispatch-contract fixed signature (priv),hostap_full_audit_0.4.169,high
DCL30-C,hostap,src/eap_server/eap_server_vendor_test.c,157,FP,"key is os_malloc'd heap memory, not automatic storage",hostap_full_audit_0.4.169,high
DCL13-C,hostap,src/eap_server/eap_server_vendor_test.c,161,FP,struct eap_method isSuccess dispatch-contract fixed signature (sm),hostap_full_audit_0.4.169,high
DCL13-C,hostap,src/eap_server/eap_server_vendor_test.c,161,FP,struct eap_method isSuccess dispatch-contract fixed signature (priv),hostap_full_audit_0.4.169,high
MEM31-C,hostap,src/eap_server/eap_server_vendor_test.c,172,FP,eap is passed to eap_server_method_register() which takes ownership; classic ownership-transfer-to-registration-API FP,hostap_full_audit_0.4.169,high
PRE08-C,hostap,src/pae/ieee802_1x_cp.c,14,FP,"8.3-legacy-filesystem class; shared ieee802_1x_ prefix is normal naming, not a real collision risk.",hostap_full_audit_0.4.169,high
PRE08-C,hostap,src/pae/ieee802_1x_cp.c,14,FP,Same 8.3-legacy-filesystem FP class.,hostap_full_audit_0.4.169,high
PRE08-C,hostap,src/pae/ieee802_1x_cp.c,14,FP,Same 8.3-legacy-filesystem FP class.,hostap_full_audit_0.4.169,high
PRE08-C,hostap,src/pae/ieee802_1x_cp.c,16,FP,Same 8.3-legacy-filesystem FP class.,hostap_full_audit_0.4.169,high
PRE08-C,hostap,src/pae/ieee802_1x_cp.c,16,FP,Same 8.3-legacy-filesystem FP class.,hostap_full_audit_0.4.169,high
PRE08-C,hostap,src/pae/ieee802_1x_cp.c,17,FP,Same 8.3-legacy-filesystem FP class.,hostap_full_audit_0.4.169,high
CON03-C,hostap,src/pae/ieee802_1x_cp.c,23,FP,"No-pthread FP class; cs_id is read-only static array, single-threaded eloop model.",hostap_full_audit_0.4.169,high
ARR02-C,hostap,src/pae/ieee802_1x_cp.c,23,TP,Genuine file-scope array with implicit bound; real if trivial stylistic opportunity.,hostap_full_audit_0.4.169,low
DCL13-C,hostap,src/pae/ieee802_1x_cp.c,96,TP,"changed_cipher's sm is a plain internal helper param, genuinely never mutated.",hostap_full_audit_0.4.169,low
MSC37-C,hostap,src/pae/ieee802_1x_cp.c,355,FP,SM_STEP macro-hides-void-return-type FP family; SM_STEP(CP) expands to a void function.,hostap_full_audit_0.4.169,high
MSC01-C,hostap,src/pae/ieee802_1x_cp.c,374,FP,SM_STEP switch no-final-else FP; no matching condition deliberately means stay in state.,hostap_full_audit_0.4.169,high
MSC01-C,hostap,src/pae/ieee802_1x_cp.c,391,FP,Same SM_STEP no-final-else FP family.,hostap_full_audit_0.4.169,high
MSC01-C,hostap,src/pae/ieee802_1x_cp.c,424,FP,Same SM_STEP no-final-else FP family.,hostap_full_audit_0.4.169,high
MSC01-C,hostap,src/pae/ieee802_1x_cp.c,437,FP,Same SM_STEP no-final-else FP family.,hostap_full_audit_0.4.169,high
EXP33-C,hostap,src/pae/ieee802_1x_cp.c,454,FP,sizeof(*sm) on the os_zalloc line is not a dereference; sm not yet assigned.,hostap_full_audit_0.4.169,high
DCL30-C,hostap,src/pae/ieee802_1x_cp.c,504,FP,"sm is heap-allocated via os_zalloc, not local automatic storage.",hostap_full_audit_0.4.169,high
DCL13-C,hostap,src/pae/ieee802_1x_cp.c,508,FP,sm mutated indirectly: SM_STEP_RUN(CP) calls sm_CP_Step(sm) which writes sm->CP_state via SM_ENTER.,hostap_full_audit_0.4.169,medium
DCL13-C,hostap,src/pae/ieee802_1x_cp.c,522,FP,eloop_timeout_handler dispatch-contract FP; fixed callback signature.,hostap_full_audit_0.4.169,high
DCL13-C,hostap,src/pae/ieee802_1x_cp.c,724,FP,eloop_timeout_handler dispatch-contract FP.,hostap_full_audit_0.4.169,high
DCL13-C,hostap,src/pae/ieee802_1x_cp.c,733,FP,eloop_timeout_handler dispatch-contract FP.,hostap_full_audit_0.4.169,high
MSC01-C,hostap,src/tls/tlsv1_record.c,50,FP,"TLS_HASH_NULL case unhandled but only occurs with TLS_NULL_WITH_NULL_NULL, which gates all later use of hash_alg/hash_size.",hostap_full_audit_0.4.169,medium
API00-C,hostap,src/tls/tlsv1_record.c,150,FP,"buf_size is an internal record-buffer size, not attacker-controlled; internal-only-API FP class.",hostap_full_audit_0.4.169,medium
DCL13-C,hostap,src/tls/tlsv1_record.c,150,TP,rl genuinely never written in tlsv1_record_send; real if low-value const opportunity.,hostap_full_audit_0.4.169,low
DCL13-C,hostap,src/tls/tlsv1_record.c,150,FP,buf is written through alias pos=buf; misses mutation through an aliased local pointer.,hostap_full_audit_0.4.169,high
ARR39-C,hostap,src/tls/tlsv1_record.c,160,FP,"buf is u8* (element size 1); buf+buf_size is plain unscaled pointer+integer, no double scaling possible.",hostap_full_audit_0.4.169,high
ARR39-C,hostap,src/tls/tlsv1_record.c,179,FP,Same u8*+size_t no-scaling FP.,hostap_full_audit_0.4.169,high
ARR39-C,hostap,src/tls/tlsv1_record.c,196,FP,Same u8*+size_t no-scaling FP.,hostap_full_audit_0.4.169,high
ARR39-C,hostap,src/tls/tlsv1_record.c,218,FP,Same u8*+size_t no-scaling FP.,hostap_full_audit_0.4.169,high
INT33-C,hostap,src/tls/tlsv1_record.c,237,FP,Division is inside the enclosing 'if (rl->iv_size)' block; guard is directly present.,hostap_full_audit_0.4.169,high
ARR39-C,hostap,src/tls/tlsv1_record.c,240,FP,Same u8*+size_t no-scaling FP.,hostap_full_audit_0.4.169,high
EXP43-C,hostap,src/tls/tlsv1_record.c,245,FP,os_memset takes one pointer arg; no overlapping-regions/restrict scenario exists at all.,hostap_full_audit_0.4.169,high
DCL13-C,hostap,src/tls/tlsv1_record.c,278,FP,rl->read_seq_num is mutated via inc_byte_array() at end of function; aliased-array mutation missed.,hostap_full_audit_0.4.169,medium
ARR36-C,hostap,src/tls/tlsv1_record.c,348,FP,"*out_len and in_len are plain size_t scalars at this comparison, not pointers at all.",hostap_full_audit_0.4.169,high
MSC41-C,hostap,src/tls/tlsv1_record.c,364,FP,"hexdump-title FP; flagged string is the log label 'data', not secret material.",hostap_full_audit_0.4.169,high
ARR39-C,hostap,src/tls/tlsv1_record.c,386,FP,"out_data is u8*; out_data+rl->iv_size is unscaled pointer+integer, no double scaling.",hostap_full_audit_0.4.169,high
ARR36-C,hostap,src/tls/tlsv1_record.c,399,FP,"padlen and plen are scalar u8/size_t values, not pointers.",hostap_full_audit_0.4.169,high
ARR00-C,hostap,src/tls/tlsv1_record.c,407,FP,"plen, padlen, i are scalars; no pointer subtraction occurs on this loop-bound line.",hostap_full_audit_0.4.169,high
ARR36-C,hostap,src/tls/tlsv1_record.c,407,FP,Same scalar-mistaken-for-pointer misfire.,hostap_full_audit_0.4.169,high
MSC41-C,hostap,src/tls/tlsv1_record.c,422,FP,"hexdump-title FP; flagged text is part of the split log-label string, not a secret.",hostap_full_audit_0.4.169,high
MSC41-C,hostap,src/tls/tlsv1_record.c,423,FP,Same split-label hexdump-title FP.,hostap_full_audit_0.4.169,high
INT33-C,hostap,wpa_supplicant/bgscan_simple.c,54,FP,Guarded by 'if (!data->use_btm_query ...) return false;' two lines above; divisor cannot be zero here.,hostap_full_audit_0.4.169,high
DCL13-C,hostap,wpa_supplicant/bgscan_simple.c,77,FP,eloop_timeout_handler dispatch-contract FP.,hostap_full_audit_0.4.169,high
MSC01-C,hostap,wpa_supplicant/bgscan_simple.c,116,FP,No-final-else is deliberate: neither branch matching means leave scan state unchanged.,hostap_full_audit_0.4.169,medium
ERR07-C,hostap,wpa_supplicant/bgscan_simple.c,137,TP,"atoi(params) on config string with no error checking, per rule text.",hostap_full_audit_0.4.169,low
ERR34-C,hostap,wpa_supplicant/bgscan_simple.c,137,TP,"Same atoi() lacks error detection, per rule text.",hostap_full_audit_0.4.169,low
ERR07-C,hostap,wpa_supplicant/bgscan_simple.c,143,TP,atoi(pos) on config string with no error checking.,hostap_full_audit_0.4.169,low
ERR34-C,hostap,wpa_supplicant/bgscan_simple.c,143,TP,Same atoi() lacks error detection.,hostap_full_audit_0.4.169,low
ERR07-C,hostap,wpa_supplicant/bgscan_simple.c,151,TP,atoi(pos) on config string with no error checking.,hostap_full_audit_0.4.169,low
ERR34-C,hostap,wpa_supplicant/bgscan_simple.c,151,TP,Same atoi() lacks error detection.,hostap_full_audit_0.4.169,low
ERR07-C,hostap,wpa_supplicant/bgscan_simple.c,155,TP,atoi(pos) on config string with no error checking.,hostap_full_audit_0.4.169,low
ERR34-C,hostap,wpa_supplicant/bgscan_simple.c,155,TP,Same atoi() lacks error detection.,hostap_full_audit_0.4.169,low
EXP33-C,hostap,wpa_supplicant/bgscan_simple.c,168,FP,sizeof(*data) on os_zalloc line is not a dereference.,hostap_full_audit_0.4.169,high
INT33-C,hostap,wpa_supplicant/bgscan_simple.c,194,FP,short_interval clamped to >=30 a few lines earlier in the same function if <=0.,hostap_full_audit_0.4.169,high
DCL30-C,hostap,wpa_supplicant/bgscan_simple.c,216,FP,"data is heap-allocated via os_zalloc, not local automatic storage.",hostap_full_audit_0.4.169,high
DCL13-C,hostap,wpa_supplicant/bgscan_simple.c,233,FP,"notify_scan is bound in the fixed struct bgscan_ops vtable; scan_res unused, contract-locked.",hostap_full_audit_0.4.169,high
DCL13-C,hostap,wpa_supplicant/bgscan_simple.c,254,FP,notify_beacon_loss is bound in the struct bgscan_ops vtable; dispatch-contract FP.,hostap_full_audit_0.4.169,high
MSC01-C,hostap,wpa_supplicant/bgscan_simple.c,292,FP,Deliberate no-op default when neither inner condition holds; not exhaustive by design.,hostap_full_audit_0.4.169,medium
MSC01-C,hostap,wpa_supplicant/bgscan_simple.c,311,FP,Same deliberate no-op default in signal-change handler.,hostap_full_audit_0.4.169,medium
DCL15-C,hostap,wpa_supplicant/bgscan_simple.c,330,FP,"bgscan_simple_ops has genuine extern linkage, declared in bgscan.h and used in bgscan.c.",hostap_full_audit_0.4.169,high
DCL19-C,hostap,wpa_supplicant/bgscan_simple.c,330,FP,Same genuine module-registration-table extern usage; cannot be scope-minimized.,hostap_full_audit_0.4.169,high
DCL13-C,hostap,src/crypto/ms_funcs.c,26,FP,"ucs2_buffer is the documented OUT buffer, written via WPA_PUT_LE16 macro; macro-hidden mutation.",hostap_full_audit_0.4.169,high
DCL00-C,hostap,src/crypto/ms_funcs.c,32,TP,Loop-local 'c' genuinely never reassigned; real if trivial const opportunity.,hostap_full_audit_0.4.169,low
EXP07-C,hostap,src/crypto/ms_funcs.c,59,FP,"0xF/12/0x3F bit-widths are the UTF-8 3-byte encoding definition itself, not an assumed external constant.",hostap_full_audit_0.4.169,high
API00-C,hostap,src/crypto/ms_funcs.c,81,FP,peer_challenge only reachable from internal callers with always-valid fixed buffers; internal-only-API FP.,hostap_full_audit_0.4.169,high
API00-C,hostap,src/crypto/ms_funcs.c,81,FP,Same internal-only-API FP for auth_challenge.,hostap_full_audit_0.4.169,high
API00-C,hostap,src/crypto/ms_funcs.c,81,FP,Same internal-only-API FP for username.,hostap_full_audit_0.4.169,high
INT30-C,hostap,src/crypto/ms_funcs.c,119,FP,len is bounded <=256 by utf8_to_ucs2's own 512-byte buffer clamp before *2; wrap impossible.,hostap_full_audit_0.4.169,high
MEM03-C,hostap,src/crypto/ms_funcs.c,177,TP,"password_hash (NT hash, key-equivalent) genuinely never cleared before generate_nt_response returns.",hostap_full_audit_0.4.169,medium
MEM03-C,hostap,src/crypto/ms_funcs.c,247,TP,"password_hash_hash genuinely left in stack memory, not scrubbed.",hostap_full_audit_0.4.169,medium
API00-C,hostap,src/crypto/ms_funcs.c,283,FP,internal-only-API FP for peer_challenge in generate_authenticator_response_pwhash.,hostap_full_audit_0.4.169,high
API00-C,hostap,src/crypto/ms_funcs.c,283,FP,internal-only-API FP for auth_challenge.,hostap_full_audit_0.4.169,high
API00-C,hostap,src/crypto/ms_funcs.c,283,FP,internal-only-API FP for username.,hostap_full_audit_0.4.169,high
DCL40-C,hostap,src/crypto/ms_funcs.c,283,FP,31-char collision not practically actionable on modern GCC/Clang/MSVC; established non-actionability convention.,hostap_full_audit_0.4.169,medium
MEM03-C,hostap,src/crypto/ms_funcs.c,289,TP,password_hash in generate_authenticator_response never cleared before return.,hostap_full_audit_0.4.169,medium
MEM03-C,hostap,src/crypto/ms_funcs.c,309,TP,password_hash in nt_challenge_response never cleared before return.,hostap_full_audit_0.4.169,medium
API00-C,hostap,src/crypto/ms_funcs.c,357,FP,master_key is always a fixed internal 16-byte buffer from internal callers; internal-only-API FP.,hostap_full_audit_0.4.169,high
API00-C,hostap,src/crypto/ms_funcs.c,431,FP,password_len is internally bounded (<=256 unicode chars documented); no realistic overflow path.,hostap_full_audit_0.4.169,medium
MEM03-C,hostap,src/crypto/ms_funcs.c,475,TP,password_hash never cleared before return.,hostap_full_audit_0.4.169,medium
MEM03-C,hostap,src/crypto/ms_funcs.c,520,TP,old_password_hash never cleared before return.,hostap_full_audit_0.4.169,medium
CON03-C,hostap,src/utils/edit_simple.c,18,FP,"No-pthread FP; single-threaded eloop CLI, cmdbuf_pos never touched by another thread.",hostap_full_audit_0.4.169,high
API02-C,hostap,src/utils/edit_simple.c,22,FP,"edit_cmd_cb's cmd is a NUL-terminated string callback param, not an unbounded array needing a size.",hostap_full_audit_0.4.169,high
CON07-C,hostap,src/utils/edit_simple.c,26,FP,No-pthread FP; no concurrent access to cmdbuf_pos/ps2 exists in this single-threaded program.,hostap_full_audit_0.4.169,high
DCL13-C,hostap,src/utils/edit_simple.c,26,FP,eloop_sock_handler dispatch-contract FP for eloop_ctx.,hostap_full_audit_0.4.169,high
DCL13-C,hostap,src/utils/edit_simple.c,26,FP,eloop_sock_handler dispatch-contract FP for sock_ctx.,hostap_full_audit_0.4.169,high
STR31-C,hostap,src/utils/edit_simple.c,29,FP,"buf[1] holds one raw byte from read(), never treated as a C string; STR31-C misapplied.",hostap_full_audit_0.4.169,high
DCL31-C,hostap,src/utils/edit_simple.c,36,FP,"edit_eof_cb is a declared file-scope function-pointer variable, not an undeclared function.",hostap_full_audit_0.4.169,high
EXP33-C,hostap,src/utils/edit_simple.c,36,FP,edit_cb_ctx is static (auto zero-initialized) and set by edit_init() before this call path runs.,hostap_full_audit_0.4.169,high
MSC13-C,hostap,src/utils/edit_simple.c,43,FP,cmdbuf_pos=0 persists across future eloop-driven invocations of edit_read_char and is read there; not dead.,hostap_full_audit_0.4.169,medium
DCL31-C,hostap,src/utils/edit_simple.c,44,FP,"edit_cmd_cb is a declared function-pointer variable, not an undeclared function.",hostap_full_audit_0.4.169,high
ERR33-C,hostap,src/utils/edit_simple.c,46,TP,"fflush(stdout) return value genuinely ignored, per rule text.",hostap_full_audit_0.4.169,low
API00-C,hostap,src/utils/edit_simple.c,64,FP,cmd_cb always supplied by fixed internal callers; internal-only-API FP.,hostap_full_audit_0.4.169,high
API00-C,hostap,src/utils/edit_simple.c,64,FP,eof_cb internal-only-API FP.,hostap_full_audit_0.4.169,high
API00-C,hostap,src/utils/edit_simple.c,64,FP,ps internal-only-API FP.,hostap_full_audit_0.4.169,high
DCL13-C,hostap,src/utils/edit_simple.c,66,TP,completion_cb param is unused entirely in this function body; genuinely never mutated.,hostap_full_audit_0.4.169,low
DCL13-C,hostap,src/utils/edit_simple.c,67,TP,"ctx is only read and stored, never mutated.",hostap_full_audit_0.4.169,low
ERR33-C,hostap,src/utils/edit_simple.c,76,TP,fflush(stdout) return value ignored again in edit_init.,hostap_full_audit_0.4.169,low
ARR30-C,hostap,src/utils/edit_simple.c,96,FP,"cmdbuf_pos is always kept within [0, CMD_BUF_LEN-1] by checked increment/decrement in edit_read_char; cross-function invariant not recognized.",hostap_full_audit_0.4.169,medium
FIO47-C,hostap,src/utils/edit_simple.c,97,FP,"cmdbuf is a char array decaying to char*, a valid %s argument; misclassified as Integer.",hostap_full_audit_0.4.169,high
API05-C,hostap,src/utils/wpa_debug.h,36,FP,Idiomatic buf+len companion-pair; conformant-array-syntax FP.,hostap_full_audit_0.4.169,high
API05-C,hostap,src/utils/wpa_debug.h,37,FP,Same ptr+size_t idiom FP.,hostap_full_audit_0.4.169,high
API05-C,hostap,src/utils/wpa_debug.h,46,FP,Same ptr+size_t idiom FP.,hostap_full_audit_0.4.169,high
API05-C,hostap,src/utils/wpa_debug.h,47,FP,Same ptr+size_t idiom FP.,hostap_full_audit_0.4.169,high
API05-C,hostap,src/utils/wpa_debug.h,56,FP,Same ptr+size_t idiom FP.,hostap_full_audit_0.4.169,high
API05-C,hostap,src/utils/wpa_debug.h,57,FP,Same ptr+size_t idiom FP.,hostap_full_audit_0.4.169,high
API05-C,hostap,src/utils/wpa_debug.h,61,FP,Same ptr+size_t idiom FP.,hostap_full_audit_0.4.169,high
API05-C,hostap,src/utils/wpa_debug.h,62,FP,Same ptr+size_t idiom FP.,hostap_full_audit_0.4.169,high
API05-C,hostap,src/utils/wpa_debug.h,113,FP,Same ptr+size_t idiom FP.,hostap_full_audit_0.4.169,high
API05-C,hostap,src/utils/wpa_debug.h,113,FP,Same ptr+size_t idiom FP.,hostap_full_audit_0.4.169,high
API05-C,hostap,src/utils/wpa_debug.h,135,FP,Same ptr+size_t idiom FP.,hostap_full_audit_0.4.169,high
API05-C,hostap,src/utils/wpa_debug.h,135,FP,Same ptr+size_t idiom FP.,hostap_full_audit_0.4.169,high
API05-C,hostap,src/utils/wpa_debug.h,157,FP,Same ptr+size_t idiom FP.,hostap_full_audit_0.4.169,high
API05-C,hostap,src/utils/wpa_debug.h,157,FP,Same ptr+size_t idiom FP.,hostap_full_audit_0.4.169,high
API05-C,hostap,src/utils/wpa_debug.h,174,FP,Same ptr+size_t idiom FP.,hostap_full_audit_0.4.169,high
API05-C,hostap,src/utils/wpa_debug.h,174,FP,Same ptr+size_t idiom FP.,hostap_full_audit_0.4.169,high
PRE00-C,hostap,src/utils/wpa_debug.h,380,FP,"WPA_ASSERT evaluates 'a' exactly once in 'if (!(a))'; #a is compile-time stringification, no double evaluation.",hostap_full_audit_0.4.169,high
PRE05-C,hostap,src/utils/wpa_debug.h,380,FP,"Stringifying the raw condition text is the intended assert-message idiom (matches standard assert()), not a defect.",hostap_full_audit_0.4.169,high
PRE12-C,hostap,src/utils/wpa_debug.h,380,FP,Same single-evaluation misclassification as PRE00-C/PRE05-C.,hostap_full_audit_0.4.169,high
EXP34-C,hostap,src/wps/upnp_xml.c,81,FP,"httpread_data_get always returns """" not NULL for empty body; 'in' traces to network XML data that is never NULL despite stale doc comment",hostap_full_audit_0.4.169,high
STR34-C,hostap,src/wps/upnp_xml.c,85,FP,"'*out' is const char** deref => type is 'const char *' (pointer), not char; category error, not a sign-extension case",hostap_full_audit_0.4.169,high
STR34-C,hostap,src/wps/upnp_xml.c,88,FP,same pointer-misclassified-as-char category error as line 85,hostap_full_audit_0.4.169,high
STR00-C,hostap,src/wps/upnp_xml.c,89,TP,*in can carry high-bit-set bytes per file's own UTF-8 doc comments; isalnum(*in) on a negative plain char is real UB,hostap_full_audit_0.4.169,med
STR37-C,hostap,src/wps/upnp_xml.c,89,TP,same real UB as STR00-C at this line: unguarded signed-char arg to isalnum() over UTF-8 data,hostap_full_audit_0.4.169,med
STR34-C,hostap,src/wps/upnp_xml.c,92,FP,"'*out_tagname = ++in;' assigns a pointer, not a char; same category error",hostap_full_audit_0.4.169,high
STR34-C,hostap,src/wps/upnp_xml.c,97,FP,"'*end = ++in;' assigns a pointer, not a char; same category error",hostap_full_audit_0.4.169,high
API00-C,hostap,src/wps/upnp_xml.c,121,FP,internal-only API; data traces to network XML body that is never NULL,hostap_full_audit_0.4.169,med
DCL00-C,hostap,src/wps/upnp_xml.c,125,TP,'u8 c' assigned once per loop iteration and never reassigned in that scope; trivial const opportunity,hostap_full_audit_0.4.169,low
EXP05-C,hostap,src/wps/upnp_xml.c,125,FP,"cast-away-const is read-only (only used to index for reading, never written through the cast pointer)",hostap_full_audit_0.4.169,med
EXP36-C,hostap,src/wps/upnp_xml.c,125,FP,"factually wrong: u8/unsigned char has alignment 1, not 4; no real alignment hazard",hostap_full_audit_0.4.169,high
API00-C,hostap,src/wps/upnp_xml.c,161,FP,"internal-only API; data immediately passed to os_strlen which would already crash on NULL, no caller passes NULL",hostap_full_audit_0.4.169,med
API00-C,hostap,src/wps/upnp_xml.c,190,FP,internal-only API; doc traces to network XML body that is never NULL,hostap_full_audit_0.4.169,med
STR34-C,hostap,src/wps/upnp_xml.c,193,FP,"'item' is 'const char *item' (pointer param), not a char; category error",hostap_full_audit_0.4.169,high
STR00-C,hostap,src/wps/upnp_xml.c,209,TP,"tagname[match_len] can carry high-bit-set bytes; isgraph on negative plain char is real UB, same class as line 89",hostap_full_audit_0.4.169,med
STR37-C,hostap,src/wps/upnp_xml.c,209,TP,same real UB as STR00-C at this line,hostap_full_audit_0.4.169,med
DCL30-C,hostap,src/wps/upnp_xml.c,220,FP,"'value' is a local pointer VARIABLE holding heap memory from os_zalloc(), not automatic storage",hostap_full_audit_0.4.169,high
API00-C,hostap,src/wps/upnp_xml.c,224,FP,internal-only API; data traces to network XML body that is never NULL,hostap_full_audit_0.4.169,med
DCL30-C,hostap,src/wps/upnp_xml.c,251,FP,"'buf' holds heap memory from wpabuf_alloc_ext_data(), not automatic storage; heap-vs-local-storage confusion",hostap_full_audit_0.4.169,high
DCL13-C,hostap,src/wps/wps_attr_process.c,16,TP,"'wps' only read (wps->last_msg, wps->authkey); genuine if low-value const opportunity",hostap_full_audit_0.4.169,low
MEM10-C,hostap,src/wps/wps_attr_process.c,23,FP,"ad-hoc-NULL-check stylistic pedantry, established categorical FP",hostap_full_audit_0.4.169,high
DCL13-C,hostap,src/wps/wps_attr_process.c,54,TP,'wps' only read (wps->authkey); genuine if low-value const opportunity,hostap_full_audit_0.4.169,low
MEM10-C,hostap,src/wps/wps_attr_process.c,61,FP,"ad-hoc-NULL-check stylistic pedantry, established categorical FP",hostap_full_audit_0.4.169,high
DCL13-C,hostap,src/wps/wps_attr_process.c,84,TP,'cred' entirely unused in wps_process_cred_network_idx body; trivially const-able,hostap_full_audit_0.4.169,low
MEM10-C,hostap,src/wps/wps_attr_process.c,87,FP,"ad-hoc-NULL-check stylistic pedantry, established categorical FP",hostap_full_audit_0.4.169,high
MEM10-C,hostap,src/wps/wps_attr_process.c,102,FP,"ad-hoc-NULL-check stylistic pedantry, established categorical FP",hostap_full_audit_0.4.169,high
ARR01-C,hostap,src/wps/wps_attr_process.c,113,FP,"sizeof(cred->ssid) is a fixed struct-member array, not sizeof of decayed pointer 'cred' itself",hostap_full_audit_0.4.169,high
MEM10-C,hostap,src/wps/wps_attr_process.c,125,FP,"ad-hoc-NULL-check stylistic pedantry, established categorical FP",hostap_full_audit_0.4.169,high
MEM10-C,hostap,src/wps/wps_attr_process.c,142,FP,"ad-hoc-NULL-check stylistic pedantry, established categorical FP",hostap_full_audit_0.4.169,high
MEM10-C,hostap,src/wps/wps_attr_process.c,159,FP,"ad-hoc-NULL-check stylistic pedantry, established categorical FP",hostap_full_audit_0.4.169,high
MEM10-C,hostap,src/wps/wps_attr_process.c,172,FP,"ad-hoc-NULL-check stylistic pedantry, established categorical FP",hostap_full_audit_0.4.169,high
ARR01-C,hostap,src/wps/wps_attr_process.c,186,FP,"sizeof(cred->key) is a fixed struct-member array, same correct-idiom FP as line 113",hostap_full_audit_0.4.169,high
DCL13-C,hostap,src/wps/wps_attr_process.c,195,FP,"misses real mutation: os_memcpy(cred->mac_addr, mac_addr, ETH_ALEN) writes through cred two lines later",hostap_full_audit_0.4.169,high
MEM10-C,hostap,src/wps/wps_attr_process.c,198,FP,"ad-hoc-NULL-check stylistic pedantry, established categorical FP",hostap_full_audit_0.4.169,high
INT14-C,hostap,src/wps/wps_attr_process.c,213,FP,"bitwise op is on cred->auth_type, arithmetic on cred->key_len/cred->key[]; container-vs-member misattribution, not 'cred' itself",hostap_full_audit_0.4.169,high
DCL13-C,hostap,src/wps/wps_attr_process.c,247,TP,"'attr' fields only read (network_idx/ssid/auth_type/etc forwarded by value), attr pointer itself never mutated",hostap_full_audit_0.4.169,low
DCL13-C,hostap,src/wps/wps_attr_process.c,267,TP,"same as line 247, plain read-only forwarding helper",hostap_full_audit_0.4.169,low
ARR01-C,hostap,src/wps/wps_attr_process.c,271,FP,"os_memset(cred, 0, sizeof(*cred)) is the correct sizeof(*ptr) idiom, not decayed-pointer misuse",hostap_full_audit_0.4.169,high
DCL13-C,hostap,wpa_supplicant/offchannel.c,22,FP,function returns 'wpa_s' itself on multiple paths; constifying the param would break the non-const return type contract,hostap_full_audit_0.4.169,med
DCL30-C,hostap,wpa_supplicant/offchannel.c,63,FP,"'iface' is a local pointer variable walking wpa_s->global->ifaces (heap-backed linked list) / wpa_s->parent, never stack storage",hostap_full_audit_0.4.169,high
DCL13-C,hostap,wpa_supplicant/offchannel.c,70,FP,fixed eloop_timeout_handler callback signature (registered via eloop_register_timeout); dispatch-contract FP,hostap_full_audit_0.4.169,high
EXP34-C,hostap,wpa_supplicant/offchannel.c,100,FP,"wpas_get_tx_interface() never returns NULL (always returns wpa_s, wpa_s->parent, or a found list entry)",hostap_full_audit_0.4.169,high
EXP30-C,hostap,wpa_supplicant/offchannel.c,145,FP,wpabuf_head()/wpabuf_len() are pure accessors as sibling args; established EXP30-C pure-accessor FP class,hostap_full_audit_0.4.169,high
EXP30-C,hostap,wpa_supplicant/offchannel.c,159,FP,same wpabuf_head/wpabuf_len pure-accessor FP,hostap_full_audit_0.4.169,high
API00-C,hostap,wpa_supplicant/offchannel.c,179,FP,"internal-only API; TX status data comes from own driver event, and the subtraction underflow (if any) only makes the guard fail-safe, no OOB",hostap_full_audit_0.4.169,med
EXP30-C,hostap,wpa_supplicant/offchannel.c,197,FP,wpabuf_head/wpabuf_len sibling-arg pure-accessor FP,hostap_full_audit_0.4.169,high
API00-C,hostap,wpa_supplicant/offchannel.c,259,FP,internal-only API; src always a caller-supplied MAC address buffer,hostap_full_audit_0.4.169,med
API00-C,hostap,wpa_supplicant/offchannel.c,259,FP,"tx_cb is an optional (NULL-allowed by design) function pointer per its own doc comment, not a missing-check bug",hostap_full_audit_0.4.169,med
EXP30-C,hostap,wpa_supplicant/offchannel.c,270,FP,MAC2STR() pure array-read macro misread as side-effecting; established FP class,hostap_full_audit_0.4.169,high
INT14-C,hostap,wpa_supplicant/offchannel.c,307,FP,"bitwise op is on wpa_s->drv_flags, not on 'wpa_s' itself; container-vs-member misattribution",hostap_full_audit_0.4.169,high
EXP30-C,hostap,wpa_supplicant/offchannel.c,316,FP,wpabuf_head/wpabuf_len sibling-arg pure-accessor FP,hostap_full_audit_0.4.169,high
EXP34-C,hostap,wpa_supplicant/offchannel.c,331,FP,"wpas_get_tx_interface() never returns NULL, same as line 100",hostap_full_audit_0.4.169,high
MSC01-C,hostap,wpa_supplicant/offchannel.c,363,FP,"deliberate fallback: leaves caller-supplied wait_time unchanged when within bounds, not an unhandled case",hostap_full_audit_0.4.169,low
MSC01-C,hostap,wpa_supplicant/offchannel.c,405,FP,deliberate no-op fallback when neither offchannel mechanism is pending; intended behavior,hostap_full_audit_0.4.169,low
API00-C,hostap,wpa_supplicant/offchannel.c,423,FP,internal-only driver-event callback; wpa_s always the registered context pointer,hostap_full_audit_0.4.169,med
API00-C,hostap,wpa_supplicant/offchannel.c,440,FP,internal-only driver-event callback; wpa_s always the registered context pointer,hostap_full_audit_0.4.169,med
DCL13-C,hostap,wpa_supplicant/offchannel.c,457,FP,forwards wpa_s to offchannel_clear_pending_action_tx() which mutates wpa_s->pending_action_tx; cannot be const,hostap_full_audit_0.4.169,high
DCL13-C,hostap,src/ap/hw_features.h,37,TP,"#ifdef NEED_AP_MLME .../#else no-op static-inline stub; param is 100% unused in this branch body, established TP-low-value pattern",hostap_full_audit_0.4.169,low
DCL13-C,hostap,src/ap/hw_features.h,42,TP,"#ifdef NEED_AP_MLME .../#else no-op static-inline stub; param is 100% unused in this branch body, established TP-low-value pattern",hostap_full_audit_0.4.169,low
DCL13-C,hostap,src/ap/hw_features.h,47,TP,"#ifdef NEED_AP_MLME .../#else no-op static-inline stub; param is 100% unused in this branch body, established TP-low-value pattern",hostap_full_audit_0.4.169,low
DCL13-C,hostap,src/ap/hw_features.h,52,TP,"#ifdef NEED_AP_MLME .../#else no-op static-inline stub; param is 100% unused in this branch body, established TP-low-value pattern",hostap_full_audit_0.4.169,low
DCL13-C,hostap,src/ap/hw_features.h,57,TP,"#ifdef NEED_AP_MLME .../#else no-op static-inline stub; param is 100% unused in this branch body, established TP-low-value pattern",hostap_full_audit_0.4.169,low
DCL13-C,hostap,src/ap/hw_features.h,67,TP,"#ifdef NEED_AP_MLME .../#else no-op static-inline stub; param is 100% unused in this branch body, established TP-low-value pattern",hostap_full_audit_0.4.169,low
DCL13-C,hostap,src/ap/hw_features.h,72,TP,"#ifdef NEED_AP_MLME .../#else no-op static-inline stub; param is 100% unused in this branch body, established TP-low-value pattern",hostap_full_audit_0.4.169,low
DCL13-C,hostap,src/ap/hw_features.h,77,TP,"#ifdef NEED_AP_MLME .../#else no-op static-inline stub; param is 100% unused in this branch body, established TP-low-value pattern",hostap_full_audit_0.4.169,low
DCL13-C,hostap,src/ap/hw_features.h,82,TP,"#ifdef NEED_AP_MLME .../#else no-op static-inline stub; param is 100% unused in this branch body, established TP-low-value pattern",hostap_full_audit_0.4.169,low
DCL13-C,hostap,src/ap/hw_features.h,83,TP,"#ifdef NEED_AP_MLME .../#else no-op static-inline stub; param is 100% unused in this branch body, established TP-low-value pattern",hostap_full_audit_0.4.169,low
DCL13-C,hostap,src/ap/hw_features.h,88,TP,"#ifdef NEED_AP_MLME .../#else no-op static-inline stub; param is 100% unused in this branch body, established TP-low-value pattern",hostap_full_audit_0.4.169,low
DCL13-C,hostap,src/ap/hw_features.h,92,TP,"#ifdef NEED_AP_MLME .../#else no-op static-inline stub; param is 100% unused in this branch body, established TP-low-value pattern",hostap_full_audit_0.4.169,low
DCL13-C,hostap,src/ap/hw_features.h,93,TP,"#ifdef NEED_AP_MLME .../#else no-op static-inline stub; param is 100% unused in this branch body, established TP-low-value pattern",hostap_full_audit_0.4.169,low
DCL13-C,hostap,src/ap/hw_features.h,98,TP,"#ifdef NEED_AP_MLME .../#else no-op static-inline stub; param is 100% unused in this branch body, established TP-low-value pattern",hostap_full_audit_0.4.169,low
DCL13-C,hostap,src/ap/hw_features.h,103,TP,"#ifdef NEED_AP_MLME .../#else no-op static-inline stub; param is 100% unused in this branch body, established TP-low-value pattern",hostap_full_audit_0.4.169,low
DCL13-C,hostap,src/ap/hw_features.h,109,TP,"#ifdef NEED_AP_MLME .../#else no-op static-inline stub; param is 100% unused in this branch body, established TP-low-value pattern",hostap_full_audit_0.4.169,low
DCL40-C,hostap,src/ap/hw_features.h,113,FP,"real signature (hw_features.c) and stub disagree (int vs u32 oper_freq), but the two declarations sit in mutually-exclusive #ifdef/#else branches and are never simultaneously visible to a single compile",hostap_full_audit_0.4.169,med
DCL13-C,hostap,src/ap/hw_features.h,113,TP,"stub param unused, same established pattern",hostap_full_audit_0.4.169,low
PRE08-C,hostap,src/ap/ieee802_11_auth.c,25,TP,genuinely shares first 8 chars ('ieee802_') with ieee802_1x.h; low-value 8.3-legacy-filesystem convention hit,hostap_full_audit_0.4.169,low
PRE08-C,hostap,src/ap/ieee802_11_auth.c,25,TP,genuinely shares first 8 chars with ieee802_11_auth.h,hostap_full_audit_0.4.169,low
PRE08-C,hostap,src/ap/ieee802_11_auth.c,26,TP,genuinely shares first 8 chars ('ieee802_') with ieee802_11_auth.h,hostap_full_audit_0.4.169,low
DCL13-C,hostap,src/ap/ieee802_11_auth.c,66,FP,"acl_cache is forwarded to hostapd_acl_cache_free_entry() (non-const, calls os_free) each iteration; cannot be const",hostap_full_audit_0.4.169,high
DCL13-C,hostap,src/ap/ieee802_11_auth.c,78,TP,hapd only read (hapd->acl_cache traversal) in hostapd_acl_cache_get,hostap_full_audit_0.4.169,low
MSC07-C,hostap,src/ap/ieee802_11_auth.c,197,FP,'fail:' is a real goto target reached from ~10 earlier goto statements in this function; not unreachable,hostap_full_audit_0.4.169,high
DCL13-C,hostap,src/ap/ieee802_11_auth.c,211,TP,hapd only read (hapd->conf->accept_mac/deny_mac/macaddr_acl) in hostapd_check_acl,hostap_full_audit_0.4.169,low
API00-C,hostap,src/ap/ieee802_11_auth.c,250,FP,internal-only API; hapd always valid in this call chain,hostap_full_audit_0.4.169,med
API00-C,hostap,src/ap/ieee802_11_auth.c,250,FP,internal-only API; addr always a caller-supplied MAC address buffer,hostap_full_audit_0.4.169,med
ARR01-C,hostap,src/ap/ieee802_11_auth.c,256,FP,"os_memset(out, 0, sizeof(*out)) is the correct sizeof(*ptr) idiom",hostap_full_audit_0.4.169,high
ARR01-C,hostap,src/ap/ieee802_11_auth.c,275,FP,"sizeof(out->vlan_id) is a fixed struct-member size, not decayed-pointer misuse",hostap_full_audit_0.4.169,high
API00-C,hostap,src/ap/ieee802_11_auth.c,399,FP,internal-only API; hapd always valid (eloop timeout callback context),hostap_full_audit_0.4.169,med
MEM03-C,hostap,src/ap/ieee802_11_auth.c,417,TP,RADIUS Tunnel-Password secret freed via plain os_free(passphrase) with no memset/bin_clear_free beforehand,hostap_full_audit_0.4.169,med
MSC01-C,hostap,src/ap/ieee802_11_auth.c,458,FP,two branches (hex-key-length vs normal-length) exhaustively partition the range already bounded by the earlier passphraselen guard,hostap_full_audit_0.4.169,low
API05-C,hostap,src/ap/ieee802_11_auth.c,488,FP,ptr+size_t idiom (shared_secret/shared_secret_len); established categorical FP regardless of parameter ordering,hostap_full_audit_0.4.169,med
EXP34-C,hostap,src/ap/ieee802_11_auth.c,499,FP,"radius_msg_get_hdr() always returns msg->hdr, which is unconditionally set in radius_msg_new()/radius_msg_parse(); never NULL",hostap_full_audit_0.4.169,high
EXP33-C,hostap,src/ap/ieee802_11_auth.c,528,FP,sizeof(*cache) on the still-unassigned pointer is not a dereference; established sizeof(*ptr)-not-a-deref FP,hostap_full_audit_0.4.169,high
EXP33-C,hostap,src/ap/ieee802_11_auth.c,727,FP,"sizeof(*query) on the still-unassigned pointer is not a dereference, same FP class as line 528",hostap_full_audit_0.4.169,high
STR31-C,hostap,src/ap/ndisc_snoop.c,33,FP,"'u8 opt_lladdr[0]' is a deliberate flexible/trailing array member idiom, not an undersized string buffer",hostap_full_audit_0.4.169,high
EXP33-C,hostap,src/ap/ndisc_snoop.c,45,FP,sizeof(*ip6addr) inside os_zalloc(sizeof(*ip6addr)) is not a dereference; established FP class,hostap_full_audit_0.4.169,high
ARR01-C,hostap,src/ap/ndisc_snoop.c,49,FP,"sizeof(*addr) is the correct dereferenced-type-size idiom for a fixed struct in6_addr, not decayed-pointer misuse",hostap_full_audit_0.4.169,high
API00-C,hostap,src/ap/ndisc_snoop.c,57,FP,internal-only API; hapd always valid in sta_ip6addr_del's call chain,hostap_full_audit_0.4.169,med
API00-C,hostap,src/ap/ndisc_snoop.c,57,FP,internal-only API; sta always valid in sta_ip6addr_del's call chain,hostap_full_audit_0.4.169,med
EXP43-C,hostap,src/ap/ndisc_snoop.c,61,FP,"ip6addr/prev are distinct loop variables, &sta->ip6addr a third distinct object; established dl_list_for_each_safe macro FP",hostap_full_audit_0.4.169,high
EXP33-C,hostap,src/ap/ndisc_snoop.c,61,FP,dl_list_for_each_safe's own internal iteration mechanics; established dl_list-macro EXP33-C FP class,hostap_full_audit_0.4.169,high
DCL13-C,hostap,src/ap/ndisc_snoop.c,70,TP,'addr' (struct in6_addr *) only read via addr->s6_addr32[...] in sta_has_ip6addr,hostap_full_audit_0.4.169,low
EXP43-C,hostap,src/ap/ndisc_snoop.c,74,FP,same dl_list_for_each macro FP as line 61,hostap_full_audit_0.4.169,high
EXP33-C,hostap,src/ap/ndisc_snoop.c,74,FP,same dl_list_for_each macro FP as line 61,hostap_full_audit_0.4.169,high
EXP05-C,hostap,src/ap/ndisc_snoop.c,93,TP,"cast-away-const on a const u8 *buf packet param, forwarded to x_snoop_mcast_to_ucast_convert_send() which actually os_memcpy()-overwrites the buffer's dest MAC in place",hostap_full_audit_0.4.169,med
API05-C,hostap,src/ap/ndisc_snoop.c,98,FP,ptr+size_t idiom (buf/len); established categorical FP,hostap_full_audit_0.4.169,med
MEM05-C,hostap,src/ap/ndisc_snoop.c,106,FP,"'char addrtxt[INET6_ADDRSTRLEN + 1]' is a fixed compile-time-constant size, not a runtime-sized VLA",hostap_full_audit_0.4.169,high
ARR39-C,hostap,src/ap/ndisc_snoop.c,108,FP,"pure integer-sum length comparison (ETH_HLEN + sizeof(...) + sizeof(...)), no pointer operand at all; established ARR39-C misfire class",hostap_full_audit_0.4.169,high
MSC17-C,hostap,src/ap/ndisc_snoop.c,112,FP,the NEIGHBOR_SOLICITATION case ends with an explicit break; no fallthrough occurs,hostap_full_audit_0.4.169,high
CON33-C,hostap,src/ap/ndisc_snoop.c,177,FP,file uses no pthreads; established strerror()-no-pthread FP class,hostap_full_audit_0.4.169,high
CON34-C,hostap,src/ap/ndisc_snoop.c,177,FP,same no-pthread FP class,hostap_full_audit_0.4.169,high
API00-C,hostap,src/ap/ndisc_snoop.c,185,FP,internal-only API; hapd always valid on the hostapd lifecycle deinit path,hostap_full_audit_0.4.169,med
API00-C,hostap,src/crypto/milenage.c,36,FP,internal-only-API pedantry; _rand/amf always struct-array-backed from closed caller set,hostap_full_audit_0.4.169,high
API00-C,hostap,src/crypto/milenage.c,36,FP,internal-only-API pedantry; amf always fixed 2-byte array from caller,hostap_full_audit_0.4.169,high
INT14-C,hostap,src/crypto/milenage.c,44,FP,"i is only ever an array index; bitwise use is on tmp2[i]/opc[i] elements, not i itself",hostap_full_audit_0.4.169,high
INT14-C,hostap,src/crypto/milenage.c,50,FP,"tmp2 has pointer arith (tmp2+6) elsewhere; bitwise use is on tmp2[i] elements, container-vs-element conflation",hostap_full_audit_0.4.169,high
EXP43-C,hostap,src/crypto/milenage.c,51,FP,"os_memcpy(tmp2+8,tmp2,8) copies disjoint ranges [0,8) and [8,16) of a 16-byte array; no actual overlap",hostap_full_audit_0.4.169,high
INT10-C,hostap,src/crypto/milenage.c,57,FP,"i is loop-bounded 0..15, i+8 always positive; % operand provably non-negative",hostap_full_audit_0.4.169,high
API00-C,hostap,src/crypto/milenage.c,88,FP,"internal-only-API pedantry, same class as line 36",hostap_full_audit_0.4.169,high
INT14-C,hostap,src/crypto/milenage.c,96,FP,"i only used as array index, same as line 44",hostap_full_audit_0.4.169,high
INT10-C,hostap,src/crypto/milenage.c,124,FP,"(i+12)%16 with i loop-bounded 0..15, provably non-negative",hostap_full_audit_0.4.169,high
INT10-C,hostap,src/crypto/milenage.c,136,FP,"(i+8)%16 with i loop-bounded 0..15, provably non-negative",hostap_full_audit_0.4.169,high
INT10-C,hostap,src/crypto/milenage.c,148,FP,"(i+4)%16 with i loop-bounded 0..15, provably non-negative",hostap_full_audit_0.4.169,high
API00-C,hostap,src/crypto/milenage.c,173,FP,internal-only-API pedantry; autn always fixed 16-byte caller buffer,hostap_full_audit_0.4.169,high
INT14-C,hostap,src/crypto/milenage.c,218,FP,auts[i] bitwise element use conflated with pointer arithmetic elsewhere on auts itself,hostap_full_audit_0.4.169,high
API00-C,hostap,src/crypto/milenage.c,235,FP,internal-only-API pedantry; sres fixed caller buffer,hostap_full_audit_0.4.169,high
API00-C,hostap,src/crypto/milenage.c,235,FP,internal-only-API pedantry; kc fixed caller buffer,hostap_full_audit_0.4.169,high
INT14-C,hostap,src/crypto/milenage.c,244,FP,"i only used as array index, same as line 44",hostap_full_audit_0.4.169,high
API00-C,hostap,src/crypto/milenage.c,270,FP,internal-only-API pedantry; auts fixed caller buffer,hostap_full_audit_0.4.169,high
INT14-C,hostap,src/crypto/milenage.c,292,FP,autn[i] bitwise element use conflated with pointer arithmetic (autn+6/autn+8) elsewhere on autn itself,hostap_full_audit_0.4.169,high
EXP30-C,hostap,src/eap_peer/eap_wsc.c,51,FP,"eap_wsc_state_txt() calls are pure reads (switch on int), no side effects to unsequence",hostap_full_audit_0.4.169,high
ARR01-C,hostap,src/eap_peer/eap_wsc.c,64,FP,"sizeof(*cred) sizes the pointed-to struct via a pointer param, not a decayed array",hostap_full_audit_0.4.169,high
INT14-C,hostap,src/eap_peer/eap_wsc.c,75,FP,"len&1 parity check followed by unrelated arithmetic (end-pos) on same variable, idiomatic hex-length validation",hostap_full_audit_0.4.169,high
ARR01-C,hostap,src/eap_peer/eap_wsc.c,75,FP,"sizeof(cred->ssid) is a fixed member array accessed via ->, not a decayed pointer",hostap_full_audit_0.4.169,high
ARR01-C,hostap,src/eap_peer/eap_wsc.c,127,FP,"sizeof(cred->key) fixed member array, same as line 75",hostap_full_audit_0.4.169,high
EXP34-C,hostap,src/eap_peer/eap_wsc.c,165,FP,os_memcmp guarded by short-circuit 'identity &&' in the same if condition,hostap_full_audit_0.4.169,high
EXP34-C,hostap,src/eap_peer/eap_wsc.c,169,FP,wpa_hexdump_ascii/_wpa_hexdump_ascii explicitly checks buf==NULL before any dereference (wpa_debug.c),hostap_full_audit_0.4.169,high
EXP33-C,hostap,src/eap_peer/eap_wsc.c,173,FP,"sizeof(*data) is a non-evaluating type-size context, not a dereference of the not-yet-assigned pointer",hostap_full_audit_0.4.169,high
ERR07-C,hostap,src/eap_peer/eap_wsc.c,213,TP,"atoi(pos+10) on dev_pw_id from phase1 config with no error checking, per literal-rule-text default",hostap_full_audit_0.4.169,low
ERR34-C,hostap,src/eap_peer/eap_wsc.c,213,TP,"same atoi() call, no strtol/range checking",hostap_full_audit_0.4.169,low
ERR07-C,hostap,src/eap_peer/eap_wsc.c,260,TP,"atoi(pos+9) on multi_ap id, no error checking, per literal-rule-text default",hostap_full_audit_0.4.169,low
ERR34-C,hostap,src/eap_peer/eap_wsc.c,260,TP,"same atoi() call, no strtol/range checking",hostap_full_audit_0.4.169,low
DCL30-C,hostap,src/eap_peer/eap_wsc.c,294,FP,"data is heap-allocated via os_zalloc, not automatic storage",hostap_full_audit_0.4.169,high
DCL13-C,hostap,src/eap_peer/eap_wsc.c,298,FP,"eap_wsc_deinit(sm,priv) matches struct eap_method's fixed deinit vtable signature; sm unused by contract, not a real opportunity",hostap_full_audit_0.4.169,high
DCL30-C,hostap,src/eap_peer/eap_wsc.c,373,FP,"resp comes from eap_msg_alloc(), heap storage not automatic",hostap_full_audit_0.4.169,high
MSC01-C,hostap,src/eap_peer/eap_wsc.c,517,FP,"deliberate guard-clause if/else-if chain (WAIT_START handling), no missing case",hostap_full_audit_0.4.169,high
DCL30-C,hostap,src/eap_peer/eap_wsc.c,584,FP,"r is the return value of eap_wsc_build_msg(), itself heap-backed (eap_msg_alloc), not automatic storage",hostap_full_audit_0.4.169,high
MEM31-C,hostap,src/eap_peer/eap_wsc.c,592,FP,eap_peer_method_register() takes ownership of eap and frees it on every failure branch (verified in eap_methods.c:318-343),hostap_full_audit_0.4.169,high
API01-C,hostap,src/l2_packet/l2_packet_none.c,19,FP,ifname[17] is always written via os_strlcpy bounded to sizeof(l2->ifname); no overflow path,hostap_full_audit_0.4.169,high
API00-C,hostap,src/l2_packet/l2_packet_none.c,30,FP,"internal-only-API pedantry, l2 always caller-allocated",hostap_full_audit_0.4.169,high
DCL13-C,hostap,src/l2_packet/l2_packet_none.c,30,TP,l2 genuinely never modified in l2_packet_get_own_addr; real if trivial const opportunity,hostap_full_audit_0.4.169,low
DCL13-C,hostap,src/l2_packet/l2_packet_none.c,37,TP,l2 genuinely never modified in l2_packet_send (only NULL-checked),hostap_full_audit_0.4.169,low
MEM10-C,hostap,src/l2_packet/l2_packet_none.c,40,FP,ad-hoc NULL check pedantry; direct pointer check is fine style,hostap_full_audit_0.4.169,high
DCL13-C,hostap,src/l2_packet/l2_packet_none.c,52,FP,"l2_packet_receive matches the fixed eloop_sock_handler typedef (int,void*,void*); eloop_ctx/sock_ctx pinned by dispatch contract",hostap_full_audit_0.4.169,high
DCL13-C,hostap,src/l2_packet/l2_packet_none.c,52,FP,"same eloop_sock_handler dispatch-contract FP, sock_ctx",hostap_full_audit_0.4.169,high
API00-C,hostap,src/l2_packet/l2_packet_none.c,67,FP,internal-only-API pedantry,hostap_full_audit_0.4.169,high
DCL30-C,hostap,src/l2_packet/l2_packet_none.c,90,FP,"l2 returned is heap-allocated via os_zalloc, not automatic storage",hostap_full_audit_0.4.169,high
API00-C,hostap,src/l2_packet/l2_packet_none.c,94,FP,"internal-only-API pedantry, br_ifname",hostap_full_audit_0.4.169,high
API00-C,hostap,src/l2_packet/l2_packet_none.c,94,FP,"internal-only-API pedantry, own_addr",hostap_full_audit_0.4.169,high
API00-C,hostap,src/l2_packet/l2_packet_none.c,94,FP,"internal-only-API pedantry, rx_callback",hostap_full_audit_0.4.169,high
MEM10-C,hostap,src/l2_packet/l2_packet_none.c,108,FP,"ad-hoc NULL check pedantry, same as line 40",hostap_full_audit_0.4.169,high
DCL13-C,hostap,src/l2_packet/l2_packet_none.c,120,TP,l2_packet_get_ip_addr is an unimplemented TODO stub; l2 genuinely unused,hostap_full_audit_0.4.169,low
API05-C,hostap,src/l2_packet/l2_packet_none.c,120,FP,"buf+len is the idiomatic ptr+size_t pair, not a conformant-array-syntax gap",hostap_full_audit_0.4.169,high
DCL13-C,hostap,src/l2_packet/l2_packet_none.c,120,TP,buf also genuinely unused in this unimplemented stub,hostap_full_audit_0.4.169,low
DCL13-C,hostap,src/l2_packet/l2_packet_none.c,127,TP,l2_packet_notify_auth_start body is empty; l2 genuinely unused,hostap_full_audit_0.4.169,low
DCL13-C,hostap,src/l2_packet/l2_packet_none.c,133,TP,l2_packet_set_packet_filter is an unimplemented stub (`return -1;`); l2 genuinely unused,hostap_full_audit_0.4.169,low
PRE08-C,hostap,src/wps/wps_er_ssdp.c,15,FP,"legacy 8.3-filesystem 8-char header collision, no real toolchain enforces this",hostap_full_audit_0.4.169,high
DCL13-C,hostap,src/wps/wps_er_ssdp.c,20,FP,wps_er_ssdp_rx matches the fixed eloop_sock_handler typedef; sock_ctx pinned by dispatch contract,hostap_full_audit_0.4.169,high
ENV01-C,hostap,src/wps/wps_er_ssdp.c,26,FP,zero getenv() calls anywhere in this function/file; buf is a plain recv buffer,hostap_full_audit_0.4.169,high
EXP33-C,hostap,src/wps/wps_er_ssdp.c,39,FP,addr is populated as recvfrom()'s output param immediately before use; tool misses write-through-pointer socket API,hostap_full_audit_0.4.169,high
CON34-C,hostap,src/wps/wps_er_ssdp.c,43,FP,no pthread usage anywhere in this file; single-threaded eloop context,hostap_full_audit_0.4.169,high
ARR00-C,hostap,src/wps/wps_er_ssdp.c,59,FP,start = buf is assigned in the same for-loop init clause before any use,hostap_full_audit_0.4.169,high
ARR00-C,hostap,src/wps/wps_er_ssdp.c,62,FP,"pos[-1] provably in-bounds: first iteration start!=buf guaranteed by the earlier >=7-byte HTTP/NOTIFY prefix match; later iterations start always follows a prior *pos++='\0' write, so pos-1>=buf",hostap_full_audit_0.4.169,high
ARR00-C,hostap,src/wps/wps_er_ssdp.c,63,FP,same pos[-1] bounded-by-invariant idiom as line 62,hostap_full_audit_0.4.169,high
STR34-C,hostap,src/wps/wps_er_ssdp.c,64,FP,*pos++ = '\0' assigns a plain char literal; no char-to-wider-type widening/read to sign-extend,hostap_full_audit_0.4.169,high
ERR07-C,hostap,src/wps/wps_er_ssdp.c,86,TP,"atoi(pos2) on max-age from an attacker-reachable multicast SSDP CACHE-CONTROL header, no strtol/range validation",hostap_full_audit_0.4.169,med
ERR34-C,hostap,src/wps/wps_er_ssdp.c,86,TP,same atoi() call on unauthenticated network wire data,hostap_full_audit_0.4.169,med
MSC01-C,hostap,src/wps/wps_er_ssdp.c,87,FP,"deliberate guard-clause chain over known SSDP header names, unknown headers intentionally ignored",hostap_full_audit_0.4.169,high
CON34-C,hostap,src/wps/wps_er_ssdp.c,121,FP,"no pthread usage, same as line 43",hostap_full_audit_0.4.169,high
DCL13-C,hostap,src/wps/wps_er_ssdp.c,127,TP,"wps_er_send_ssdp_msearch only reads er->multicast_sd, never modifies er",hostap_full_audit_0.4.169,low
EXP30-C,hostap,src/wps/wps_er_ssdp.c,150,FP,"errno and strerror(errno) are both pure reads, no side effects to unsequence",hostap_full_audit_0.4.169,high
CON33-C,hostap,src/wps/wps_er_ssdp.c,153,FP,no pthread usage anywhere in this file,hostap_full_audit_0.4.169,high
CON34-C,hostap,src/wps/wps_er_ssdp.c,153,FP,"no pthread usage, same as line 43",hostap_full_audit_0.4.169,high
DCL13-C,hostap,src/wps/wps_er_ssdp.c,195,TP,"wps_er_ssdp_deinit only reads er->multicast_sd/ssdp_sd, never modifies er",hostap_full_audit_0.4.169,low
API02-C,hostap,wpa_supplicant/ctrl_iface.h,35,FP,"buf is a NUL-terminated command string (self-describing length), doesn't need a separate size param",hostap_full_audit_0.4.169,high
API05-C,hostap,wpa_supplicant/ctrl_iface.h,36,FP,"buf/resp_len idiom is ordinary pointer usage, not a conformant-array-syntax gap",hostap_full_audit_0.4.169,high
API02-C,hostap,wpa_supplicant/ctrl_iface.h,52,FP,same NUL-terminated-string idiom as line 35,hostap_full_audit_0.4.169,high
API05-C,hostap,wpa_supplicant/ctrl_iface.h,53,FP,same ptr+size idiom as line 36,hostap_full_audit_0.4.169,high
DCL40-C,hostap,wpa_supplicant/ctrl_iface.h,108,FP,genuinely-exact 31-char collision but not practically actionable on any toolchain hostap targets (GCC/Clang/MSVC),hostap_full_audit_0.4.169,med
DCL40-C,hostap,wpa_supplicant/ctrl_iface.h,120,FP,same genuinely-exact-but-not-actionable 31-char collision as line 108,hostap_full_audit_0.4.169,med
DCL13-C,hostap,wpa_supplicant/ctrl_iface.h,130,TP,#ifdef CONFIG_CTRL_IFACE / #else no-op static-inline stub; wpa_s is 100% unused in this branch's empty body,hostap_full_audit_0.4.169,low
INT36-C,hostap,wpa_supplicant/ctrl_iface.h,132,TP,"(void*)-1 is a non-NULL error sentinel, never dereferenced, matching the established sentinel-idiom convention",hostap_full_audit_0.4.169,low
DCL13-C,hostap,wpa_supplicant/ctrl_iface.h,136,TP,"no-op stub branch, wpa_s/priv unused, same as line 130",hostap_full_audit_0.4.169,low
DCL13-C,hostap,wpa_supplicant/ctrl_iface.h,137,TP,"no-op stub branch, priv unused",hostap_full_audit_0.4.169,low
DCL13-C,hostap,wpa_supplicant/ctrl_iface.h,142,TP,"no-op stub branch, priv unused",hostap_full_audit_0.4.169,low
API05-C,hostap,wpa_supplicant/ctrl_iface.h,143,FP,buf+len ptr+size idiom,hostap_full_audit_0.4.169,high
DCL13-C,hostap,wpa_supplicant/ctrl_iface.h,143,TP,"no-op stub branch, buf unused",hostap_full_audit_0.4.169,low
DCL13-C,hostap,wpa_supplicant/ctrl_iface.h,148,TP,"no-op stub branch, priv unused",hostap_full_audit_0.4.169,low
DCL13-C,hostap,wpa_supplicant/ctrl_iface.h,153,TP,"no-op stub branch, global unused",hostap_full_audit_0.4.169,low
INT36-C,hostap,wpa_supplicant/ctrl_iface.h,155,TP,"(void*)1 non-NULL sentinel, same convention as line 132",hostap_full_audit_0.4.169,low
DCL13-C,hostap,wpa_supplicant/ctrl_iface.h,159,TP,"no-op stub branch, priv unused",hostap_full_audit_0.4.169,low
DCL13-C,hostap,wpa_supplicant/ctrl_iface.h,163,TP,"no-op stub branch, wpa_s unused",hostap_full_audit_0.4.169,low
API05-C,hostap,src/ap/ieee802_11.h,66,FP,buf/buflen ptr+size idiom (ieee802_11_get_mib real declaration),hostap_full_audit_0.4.169,high
API05-C,hostap,src/ap/ieee802_11.h,68,FP,"same ptr+size idiom, ieee802_11_get_mib_sta",hostap_full_audit_0.4.169,high
DCL13-C,hostap,src/ap/ieee802_11.h,70,TP,#ifdef NEED_AP_MLME / #else no-op stub `{return 0;}`; hapd unused in this branch,hostap_full_audit_0.4.169,low
API05-C,hostap,src/ap/ieee802_11.h,70,FP,"buf/buflen ptr+size idiom, stub branch declaration",hostap_full_audit_0.4.169,high
DCL13-C,hostap,src/ap/ieee802_11.h,70,TP,buf also unused in the no-op stub body,hostap_full_audit_0.4.169,low
DCL13-C,hostap,src/ap/ieee802_11.h,76,TP,ieee802_11_get_mib_sta no-op stub; hapd unused,hostap_full_audit_0.4.169,low
DCL13-C,hostap,src/ap/ieee802_11.h,77,TP,same stub; sta unused,hostap_full_audit_0.4.169,low
API05-C,hostap,src/ap/ieee802_11.h,78,FP,"buf/buflen ptr+size idiom, stub continuation",hostap_full_audit_0.4.169,high
DCL13-C,hostap,src/ap/ieee802_11.h,78,TP,buf unused in the no-op stub body,hostap_full_audit_0.4.169,low
DCL13-C,hostap,src/ap/ieee802_11.h,198,TP,#ifdef CONFIG_SAE / #else sae_clear_retransmit_timer no-op stub; hapd unused,hostap_full_audit_0.4.169,low
DCL13-C,hostap,src/ap/ieee802_11.h,199,TP,same stub; sta unused,hostap_full_audit_0.4.169,low
DCL13-C,hostap,src/ap/ieee802_11.h,215,TP,#ifdef CONFIG_MBO / #else hostapd_eid_mbo stub `{return eid;}`; hapd unused,hostap_full_audit_0.4.169,low
DCL13-C,hostap,src/ap/ieee802_11.h,215,TP,"eid is returned unchanged, never written, in this stub branch",hostap_full_audit_0.4.169,low
DCL13-C,hostap,src/ap/ieee802_11.h,221,TP,hostapd_mbo_ie_len stub `{return 0;}`; hapd unused,hostap_full_audit_0.4.169,low
API02-C,hostap,src/ap/ieee802_11.h,262,FP,"bandwidth/seg1_idx are plain scalar int* out-params, not arrays needing a size",hostap_full_audit_0.4.169,high
API02-C,hostap,src/ap/ieee802_11.h,284,FP,elem_count is a scalar u8* out-param; known_bss already has known_bss_len paired; rnr_len is itself the out-param,hostap_full_audit_0.4.169,high
DCL40-C,hostap,src/ap/ieee802_11.h,329,FP,genuinely-exact 31-char collision (hostapd_eid_eht_ml_tid_to_link_map vs _len) but not practically actionable on modern toolchains,hostap_full_audit_0.4.169,med
DCL13-C,hostap,src/ap/vlan_init.c,22,TP,"plain-internal-helper vlan param genuinely read-only, no dispatch contract",hostap_full_audit_0.4.169,low
API00-C,hostap,src/ap/vlan_init.c,70,FP,"internal-only API, hapd always caller-valid",hostap_full_audit_0.4.169,high
DCL13-C,hostap,src/ap/vlan_init.c,70,TP,vlan param genuinely read-only in this function,hostap_full_audit_0.4.169,low
CON33-C,hostap,src/ap/vlan_init.c,92,FP,no-pthread FP; strerror() non-issue single-threaded,hostap_full_audit_0.4.169,high
CON34-C,hostap,src/ap/vlan_init.c,92,FP,no-pthread FP; strerror() non-issue single-threaded,hostap_full_audit_0.4.169,high
CON33-C,hostap,src/ap/vlan_init.c,124,FP,no-pthread FP; strerror() non-issue single-threaded,hostap_full_audit_0.4.169,high
CON34-C,hostap,src/ap/vlan_init.c,124,FP,no-pthread FP; strerror() non-issue single-threaded,hostap_full_audit_0.4.169,high
EXP33-C,hostap,src/ap/vlan_init.c,146,FP,"sizeof(*vlan) is not a deref, no runtime access before assignment",hostap_full_audit_0.4.169,high
MSC01-C,hostap,src/ap/vlan_init.c,160,FP,"deliberate: remaining implicit case is normal success, no action needed",hostap_full_audit_0.4.169,high
API00-C,hostap,src/ap/vlan_init.c,175,FP,"internal-only API, hapd always caller-valid",hostap_full_audit_0.4.169,high
API00-C,hostap,src/ap/vlan_init.c,186,FP,"internal-only API, hapd always caller-valid",hostap_full_audit_0.4.169,high
DCL13-C,hostap,src/ap/vlan_init.c,187,TP,vlan param genuinely read-only in vlan_add_dynamic,hostap_full_audit_0.4.169,low
MEM05-C,hostap,src/ap/vlan_init.c,192,FP,"ifname[IFNAMSIZ+1] is fixed-macro-sized array, not a VLA",hostap_full_audit_0.4.169,high
STR34-C,hostap,src/ap/vlan_init.c,204,FP,"plain char-literal '\0' assignment to char*, no widening/sign-extension concern",hostap_full_audit_0.4.169,high
EXP33-C,hostap,src/ap/vlan_init.c,206,FP,sizeof(*n) is not a deref,hostap_full_audit_0.4.169,high
DCL30-C,hostap,src/ap/vlan_init.c,233,FP,"n is heap-allocated via os_zalloc, not automatic storage",hostap_full_audit_0.4.169,high
API00-C,hostap,src/ap/vlan_init.c,237,FP,"internal-only API, hapd always caller-valid",hostap_full_audit_0.4.169,high
ARR01-C,hostap,src/common/ptksa_cache.c,33,FP,"sizeof(*entry) is the correct idiom for free-sizing a pointer param, not a decayed-array mistake",hostap_full_audit_0.4.169,high
DCL13-C,hostap,src/common/ptksa_cache.c,37,FP,eloop_timeout_handler dispatch-contract FP (timeout_ctx),hostap_full_audit_0.4.169,high
DCL30-C,hostap,src/common/ptksa_cache.c,148,FP,"e points into heap-allocated (os_zalloc) cache entries, not automatic storage",hostap_full_audit_0.4.169,high
API00-C,hostap,src/common/ptksa_cache.c,165,FP,"internal-only API; len is a caller-supplied buffer size, not attacker-controlled",hostap_full_audit_0.4.169,med
API05-C,hostap,src/common/ptksa_cache.c,165,FP,"ptr+size_t idiom (buf, len)",hostap_full_audit_0.4.169,high
API00-C,hostap,src/common/ptksa_cache.c,276,FP,callback pointer is optional by design and already null-checked (e->cb && e->ctx) before use downstream,hostap_full_audit_0.4.169,high
EXP33-C,hostap,src/common/ptksa_cache.c,299,FP,sizeof(*entry) is not a deref,hostap_full_audit_0.4.169,high
MSC13-C,hostap,src/common/ptksa_cache.c,320,FP,tmp2 is read at line 332 (if (tmp2) dl_list_add(...)); analyzer missed the conditional read after the loop's break,hostap_full_audit_0.4.169,high
INT36-C,hostap,src/common/ptksa_cache.c,352,TP,"literal int-to-pointer conversion per rule text, though value is a never-dereferenced sentinel so harmless in practice",hostap_full_audit_0.4.169,low
DCL13-C,hostap,src/common/ptksa_cache.c,356,FP,"stub shares signature with primary #ifdef impl, which mutates ptksa->n_ptksa and os_free(ptksa)",hostap_full_audit_0.4.169,med
DCL13-C,hostap,src/common/ptksa_cache.c,362,TP,"primary ptksa_cache_get only reads ptksa, genuinely const-eligible across both impls",hostap_full_audit_0.4.169,low
DCL13-C,hostap,src/common/ptksa_cache.c,368,TP,"primary ptksa_cache_list only reads ptksa (dl_list_for_each), genuinely const-eligible; distinguish from 'buf' param below",hostap_full_audit_0.4.169,low
API05-C,hostap,src/common/ptksa_cache.c,368,FP,"ptr+size_t idiom (buf, len)",hostap_full_audit_0.4.169,high
DCL13-C,hostap,src/common/ptksa_cache.c,368,FP,"buf is written to via os_snprintf in the primary implementation, not read-only",hostap_full_audit_0.4.169,med
DCL13-C,hostap,src/common/ptksa_cache.c,375,FP,"primary ptksa_cache_add mutates ptksa (n_ptksa++, dl_list_add); stub shares signature",hostap_full_audit_0.4.169,high
DCL13-C,hostap,src/common/ptksa_cache.c,377,FP,"ctx is an opaque void* stored into entry->ctx (a non-const struct field) for later callback use, not provably read-only",hostap_full_audit_0.4.169,med
DCL13-C,hostap,src/common/ptksa_cache.c,383,FP,primary ptksa_cache_flush mutates ptksa via ptksa_cache_free_entry; stub shares signature,hostap_full_audit_0.4.169,high
PRE02-C,hostap,src/drivers/driver_nl80211.h,21,FP,macro body is already one atomic function-call expression; wrapping parens change nothing,hostap_full_audit_0.4.169,high
API01-C,hostap,src/drivers/driver_nl80211.h,96,FP,"buffer-before-pointer categorical FP; ifname written bounded via os_strlcpy(bss->ifname,...,sizeof(bss->ifname))",hostap_full_audit_0.4.169,high
API01-C,hostap,src/drivers/driver_nl80211.h,97,FP,"buffer-before-pointer categorical FP; brname written bounded via os_strlcpy(bss->brname,...,IFNAMSIZ)",hostap_full_audit_0.4.169,high
DCL12-C,hostap,src/drivers/driver_nl80211.h,129,FP,"internal driver-module header intentionally exposes fields to sibling .c files (nl80211_scan.c etc.), not a real public API boundary",hostap_full_audit_0.4.169,med
API01-C,hostap,src/drivers/driver_nl80211.h,133,FP,buffer-before-pointer categorical FP; phyname bounded via os_strlcpy elsewhere,hostap_full_audit_0.4.169,high
API02-C,hostap,src/drivers/driver_nl80211.h,302,FP,"delayed_handler is a callback function pointer, not an array",hostap_full_audit_0.4.169,high
API02-C,hostap,src/drivers/driver_nl80211.h,306,FP,"valid_handler is a callback function pointer, not an array",hostap_full_audit_0.4.169,high
API02-C,hostap,src/drivers/driver_nl80211.h,306,FP,"ack_handler_custom is a callback function pointer, not an array",hostap_full_audit_0.4.169,high
API02-C,hostap,src/drivers/driver_nl80211.h,347,FP,"handler is a callback function pointer, not an array",hostap_full_audit_0.4.169,high
API05-C,hostap,src/drivers/driver_nl80211.h,376,FP,ptr+size idiom categorical FP,hostap_full_audit_0.4.169,high
DCL13-C,hostap,src/drivers/driver_nl80211.h,410,TP,"nl80211_attr_supported only reads drv, genuine plain-helper const opportunity",hostap_full_audit_0.4.169,low
API02-C,hostap,src/drivers/driver_nl80211.h,420,FP,"cmd is a NUL-terminated ioctl command string, not a length-bounded array; buf_len already exists for buf",hostap_full_audit_0.4.169,high
API05-C,hostap,src/drivers/driver_nl80211.h,420,FP,ptr+size idiom categorical FP,hostap_full_audit_0.4.169,high
API05-C,hostap,src/drivers/driver_nl80211.h,420,FP,ptr+size idiom categorical FP,hostap_full_audit_0.4.169,high
API05-C,hostap,src/drivers/driver_nl80211.h,420,FP,ptr+size idiom categorical FP,hostap_full_audit_0.4.169,high
API05-C,hostap,src/drivers/driver_nl80211.h,429,FP,"ptr+size idiom categorical FP (buf, len)",hostap_full_audit_0.4.169,high
API05-C,hostap,src/drivers/driver_nl80211.h,452,FP,"ptr+size idiom categorical FP (ies, ies_len)",hostap_full_audit_0.4.169,high
DCL13-C,hostap,src/fst/fst_iface.h,34,TP,static-inline accessor only reads i->group,hostap_full_audit_0.4.169,low
DCL13-C,hostap,src/fst/fst_iface.h,39,TP,static-inline accessor only reads i->ifname,hostap_full_audit_0.4.169,low
DCL13-C,hostap,src/fst/fst_iface.h,44,TP,static-inline accessor only reads i->own_addr,hostap_full_audit_0.4.169,low
DCL13-C,hostap,src/fst/fst_iface.h,49,TP,static-inline accessor only reads i->cfg.group_id,hostap_full_audit_0.4.169,low
DCL13-C,hostap,src/fst/fst_iface.h,54,TP,static-inline accessor only reads i->cfg.priority,hostap_full_audit_0.4.169,low
DCL13-C,hostap,src/fst/fst_iface.h,59,TP,static-inline accessor only reads i->cfg.llt,hostap_full_audit_0.4.169,low
DCL13-C,hostap,src/fst/fst_iface.h,64,TP,static-inline accessor only reads i->mb_ie,hostap_full_audit_0.4.169,low
DCL13-C,hostap,src/fst/fst_iface.h,69,TP,"static-inline accessor only reads i->iface_obj (calls a vtable getter, no mutation of i)",hostap_full_audit_0.4.169,low
DCL13-C,hostap,src/fst/fst_iface.h,74,TP,"writes are to hw_mode/channel out-params, not to i",hostap_full_audit_0.4.169,low
DCL13-C,hostap,src/fst/fst_iface.h,81,TP,static-inline wrapper only reads i->iface_obj,hostap_full_audit_0.4.169,low
DCL13-C,hostap,src/fst/fst_iface.h,87,TP,static-inline wrapper only reads i->iface_obj,hostap_full_audit_0.4.169,low
DCL13-C,hostap,src/fst/fst_iface.h,93,TP,static-inline wrapper only reads i->iface_obj,hostap_full_audit_0.4.169,low
DCL13-C,hostap,src/fst/fst_iface.h,100,TP,static-inline wrapper only reads i->iface_obj,hostap_full_audit_0.4.169,low
DCL13-C,hostap,src/fst/fst_iface.h,105,TP,static-inline wrapper only reads i->iface_obj,hostap_full_audit_0.4.169,low
DCL13-C,hostap,src/fst/fst_iface.h,112,TP,static-inline wrapper only reads i->iface_obj,hostap_full_audit_0.4.169,low
DCL13-C,hostap,src/fst/fst_iface.h,119,TP,static-inline wrapper only reads i->iface_obj,hostap_full_audit_0.4.169,low
DCL13-C,hostap,src/fst/fst_iface.h,131,TP,static-inline accessor only reads i->iface_obj.ctx,hostap_full_audit_0.4.169,low
EXP33-C,hostap,src/utils/ext_password_file.c,41,FP,sizeof(*data) is not a deref,hostap_full_audit_0.4.169,high
DCL30-C,hostap,src/utils/ext_password_file.c,51,FP,"data is heap-allocated via os_zalloc, not automatic storage",hostap_full_audit_0.4.169,high
DCL13-C,hostap,src/utils/ext_password_file.c,81,FP,ctx matches the fixed ext_password_backend.deinit(void *ctx) vtable/dispatch contract,hostap_full_audit_0.4.169,high
MEM03-C,hostap,src/utils/ext_password_file.c,84,FP,password wpabuf ownership is transferred to caller on the return path; not a local buffer left uncleared,hostap_full_audit_0.4.169,high
FIO05-C,hostap,src/utils/ext_password_file.c,90,FP,"data->path is an admin-configured local password-file path, not attacker-controlled",hostap_full_audit_0.4.169,med
WIN03-C,hostap,src/utils/ext_password_file.c,90,TP,"fopen mode ""r"" lacks 'N'; no platform guard excludes Windows builds of this file",hostap_full_audit_0.4.169,low
CON33-C,hostap,src/utils/ext_password_file.c,94,FP,no-pthread FP; strerror() non-issue single-threaded,hostap_full_audit_0.4.169,high
CON34-C,hostap,src/utils/ext_password_file.c,94,FP,no-pthread FP; strerror() non-issue single-threaded,hostap_full_audit_0.4.169,high
ERR33-C,hostap,src/utils/ext_password_file.c,102,FP,"fgets() return IS checked, via the while ((pos = fgets(...))) loop condition",hostap_full_audit_0.4.169,high
ERR00-C,hostap,src/utils/ext_password_file.c,102,FP,fgets() return IS checked via the while-loop condition,hostap_full_audit_0.4.169,high
FIO20-C,hostap,src/utils/ext_password_file.c,102,TP,no explicit truncation check on the 512-byte line buffer; low real impact on an admin-controlled file,hostap_full_audit_0.4.169,low
EXP05-C,hostap,src/utils/ext_password_file.c,102,FP,no const-qualified value is cast away here; f is a plain FILE*,hostap_full_audit_0.4.169,high
EXP33-C,hostap,src/utils/ext_password_file.c,103,FP,"sep is unconditionally assigned (os_strchr) immediately after declaration, before any read",hostap_full_audit_0.4.169,high
EXP34-C,hostap,src/utils/ext_password_file.c,108,FP,pos is guaranteed non-NULL by the enclosing while ((pos = fgets(...))) loop condition,hostap_full_audit_0.4.169,high
ERR00-C,hostap,src/utils/ext_password_file.c,139,TP,"fclose() return value genuinely ignored, though low real impact on a read-only file",hostap_full_audit_0.4.169,low
DCL15-C,hostap,src/utils/ext_password_file.c,144,FP,ext_password_file is extern-declared in ext_password_i.h and used in ext_password.c; genuinely needs external linkage,hostap_full_audit_0.4.169,high
DCL19-C,hostap,src/utils/ext_password_file.c,144,FP,same reason: genuinely needs external linkage across files,hostap_full_audit_0.4.169,high
PRE08-C,hostap,src/ap/ap_list.c,15,TP,ieee802_11_defs.h and ieee802_11_common.h genuinely share 'ieee802_' as first 8 chars,hostap_full_audit_0.4.169,low
PRE08-C,hostap,src/ap/ap_list.c,15,TP,ieee802_11_defs.h and ieee802_11.h genuinely share 'ieee802_' as first 8 chars,hostap_full_audit_0.4.169,low
PRE08-C,hostap,src/ap/ap_list.c,16,TP,ieee802_11_common.h and ieee802_11.h genuinely share 'ieee802_' as first 8 chars,hostap_full_audit_0.4.169,low
DCL13-C,hostap,src/ap/ap_list.c,31,TP,iface genuinely read-only in ap_list_beacon_olbc,hostap_full_audit_0.4.169,low
DCL13-C,hostap,src/ap/ap_list.c,31,TP,ap genuinely read-only in ap_list_beacon_olbc,hostap_full_audit_0.4.169,low
INT14-C,hostap,src/ap/ap_list.c,44,FP,"container-vs-member conflation: bitwise op is on ap->supported_rates[i], not on i itself",hostap_full_audit_0.4.169,high
DCL13-C,hostap,src/ap/ap_list.c,53,TP,iface genuinely read-only in ap_get_ap,hostap_full_audit_0.4.169,low
DCL30-C,hostap,src/ap/ap_list.c,60,FP,"s walks heap-allocated (os_zalloc) ap_info entries, not automatic storage",hostap_full_audit_0.4.169,high
MSC01-C,hostap,src/ap/ap_list.c,85,FP,"deliberate: if both ap->next and iface->ap_list are NULL, the list is now empty and there is nothing to fix up",hostap_full_audit_0.4.169,high
DCL13-C,hostap,src/ap/ap_list.c,97,TP,ap genuinely read-only in ap_ap_hash_del,hostap_full_audit_0.4.169,low
DCL30-C,hostap,src/ap/ap_list.c,165,FP,"ap is heap-allocated via os_zalloc, not automatic storage",hostap_full_audit_0.4.169,high
API00-C,hostap,src/ap/ap_list.c,169,FP,internal-only API; mgmt always caller-valid beacon frame pointer,hostap_full_audit_0.4.169,high
API00-C,hostap,src/ap/ap_list.c,169,FP,internal-only API; elems always caller-valid parsed-IE struct,hostap_full_audit_0.4.169,high
MSC01-C,hostap,src/ap/ap_list.c,205,FP,"deliberate: if none of ds_params/ht_operation/fi apply, ap->channel simply keeps its prior/default value",hostap_full_audit_0.4.169,high
DCL13-C,hostap,src/ap/ap_list.c,299,TP,iface is entirely unused in ap_list_init's body (return 0;),hostap_full_audit_0.4.169,med
API00-C,hostap,src/ap/ap_list.c,305,FP,internal-only API; iface always caller-valid,hostap_full_audit_0.4.169,high
API05-C,hostap,src/ap/ctrl_iface_ap.h,13,FP,"ptr+size_t idiom (buf, buflen)",hostap_full_audit_0.4.169,high
API05-C,hostap,src/ap/ctrl_iface_ap.h,14,FP,"ptr+size_t idiom (buf, buflen)",hostap_full_audit_0.4.169,high
API05-C,hostap,src/ap/ctrl_iface_ap.h,15,FP,"ptr+size_t idiom (buf, buflen)",hostap_full_audit_0.4.169,high
API05-C,hostap,src/ap/ctrl_iface_ap.h,16,FP,"ptr+size_t idiom (buf, buflen)",hostap_full_audit_0.4.169,high
API05-C,hostap,src/ap/ctrl_iface_ap.h,17,FP,"ptr+size_t idiom (buf, buflen)",hostap_full_audit_0.4.169,high
API05-C,hostap,src/ap/ctrl_iface_ap.h,23,FP,"ptr+size_t idiom (buf, buflen)",hostap_full_audit_0.4.169,high
API05-C,hostap,src/ap/ctrl_iface_ap.h,24,FP,"ptr+size_t idiom (buf, buflen)",hostap_full_audit_0.4.169,high
API05-C,hostap,src/ap/ctrl_iface_ap.h,27,FP,"ptr+size_t idiom (buf, buflen)",hostap_full_audit_0.4.169,high
API05-C,hostap,src/ap/ctrl_iface_ap.h,36,FP,"ptr+size_t idiom (buf, len)",hostap_full_audit_0.4.169,high
API02-C,hostap,src/ap/ctrl_iface_ap.h,39,FP,"cmd is a NUL-terminated command string, not a length-bounded array",hostap_full_audit_0.4.169,high
API05-C,hostap,src/ap/ctrl_iface_ap.h,41,FP,"ptr+size_t idiom (buf, len)",hostap_full_audit_0.4.169,high
API02-C,hostap,src/ap/ctrl_iface_ap.h,42,FP,"cmd is a NUL-terminated command string, not a length-bounded array",hostap_full_audit_0.4.169,high
API02-C,hostap,src/ap/ctrl_iface_ap.h,50,FP,"num is a plain int* out-param, not an array",hostap_full_audit_0.4.169,high
API02-C,hostap,src/ap/ctrl_iface_ap.h,52,FP,"num is a plain int* out-param, not an array",hostap_full_audit_0.4.169,high
API02-C,hostap,src/ap/ctrl_iface_ap.h,54,FP,"num is a plain int* out-param, not an array",hostap_full_audit_0.4.169,high
API05-C,hostap,src/ap/ctrl_iface_ap.h,57,FP,"ptr+size_t idiom (buf, buflen)",hostap_full_audit_0.4.169,high
MSC01-C,hostap,src/common/ocv.c,48,FP,"No-final-else pedantry; sec_channel=0 preset at :43 before chain, default already correct.",hostap_full_audit_0.4.169,high
INT10-C,hostap,src/common/ocv.c,49,FP,channel already validated non-zero by chan_to_freq check at :26 before this line reached.,hostap_full_audit_0.4.169,med
DCL13-C,hostap,src/common/ocv.c,55,TP,ci genuinely read-only in ocv_insert_oci; low-value but factually correct const opportunity.,hostap_full_audit_0.4.169,low
ARR37-C,hostap,src/common/ocv.c,68,FP,pos walks a real caller-owned wire buffer via **argpos; standard 'legit array walk' ARR37-C FP class.,hostap_full_audit_0.4.169,high
ARR37-C,hostap,src/common/ocv.c,69,FP,Same pos buffer-walk FP as :68.,hostap_full_audit_0.4.169,high
ARR37-C,hostap,src/common/ocv.c,70,FP,Same pos buffer-walk FP as :68.,hostap_full_audit_0.4.169,high
DCL30-C,hostap,src/common/ocv.c,72,FP,"*argpos=pos stores a pointer VALUE through a T** out-param, not an address-of-local escape.",hostap_full_audit_0.4.169,high
API00-C,hostap,src/common/ocv.c,77,FP,"ci: internal-only helper, callers guarantee non-NULL; standard API00-C internal-API FP class.",hostap_full_audit_0.4.169,med
API00-C,hostap,src/common/ocv.c,77,FP,argpos: same internal-only-API FP class as ci at this line.,hostap_full_audit_0.4.169,med
ARR37-C,hostap,src/common/ocv.c,81,FP,pos walks real caller buffer; same FP class as :68.,hostap_full_audit_0.4.169,high
ARR37-C,hostap,src/common/ocv.c,82,FP,pos walks real caller buffer; same FP class as :68.,hostap_full_audit_0.4.169,high
ARR37-C,hostap,src/common/ocv.c,84,FP,pos+=RSN_SELECTOR_LEN into same real buffer; same FP class.,hostap_full_audit_0.4.169,high
DCL30-C,hostap,src/common/ocv.c,86,FP,"*argpos=pos value-store through out-param, same class as :72.",hostap_full_audit_0.4.169,high
API00-C,hostap,src/common/ocv.c,91,FP,"pos: internal-only-API FP class, caller always supplies valid pointer.",hostap_full_audit_0.4.169,med
DCL13-C,hostap,src/common/ocv.c,91,FP,Factually wrong: pos is written via *pos++ three times in this very function (:93-95).,hostap_full_audit_0.4.169,high
DCL13-C,hostap,src/common/ocv.c,102,TP,ci genuinely read-only throughout ocv_verify_tx_params; low-value but correct.,hostap_full_audit_0.4.169,low
MEM10-C,hostap,src/tls/rsa.c,36,FP,"Ad-hoc NULL-check stylistic pedantry, standard MEM10-C FP class.",hostap_full_audit_0.4.169,high
ARR36-C,hostap,src/tls/rsa.c,39,FP,"pos/end are a paired wire-buffer pair (end=pos+hdr.length at caller), same underlying array.",hostap_full_audit_0.4.169,high
EXP33-C,hostap,src/tls/rsa.c,67,FP,sizeof(*key) doesn't evaluate/dereference key; standard sizeof(*ptr)-not-a-deref FP class.,hostap_full_audit_0.4.169,high
DCL30-C,hostap,src/tls/rsa.c,106,FP,"key is os_zalloc'd heap memory, not automatic storage; heap-vs-stack confusion FP class.",hostap_full_audit_0.4.169,high
MSC07-C,hostap,src/tls/rsa.c,108,FP,"error: is a goto target reached from earlier failure branches, not dead code.",hostap_full_audit_0.4.169,high
EXP33-C,hostap,src/tls/rsa.c,120,FP,"sizeof(*key) not a deref, same FP class as :67.",hostap_full_audit_0.4.169,high
DCL30-C,hostap,src/tls/rsa.c,133,FP,key heap-allocated via os_zalloc; same heap-vs-stack FP class as :106.,hostap_full_audit_0.4.169,high
EXP33-C,hostap,src/tls/rsa.c,151,FP,"sizeof(*key) not a deref, same FP class as :67.",hostap_full_audit_0.4.169,high
DCL30-C,hostap,src/tls/rsa.c,227,FP,key heap-allocated; same heap-vs-stack FP class as :106.,hostap_full_audit_0.4.169,high
MSC07-C,hostap,src/tls/rsa.c,229,FP,"error: goto target reached from earlier branches, same class as :108.",hostap_full_audit_0.4.169,high
API00-C,hostap,src/tls/rsa.c,240,FP,"key: internal-only crypto API, callers always pass a validated key; API00-C internal-API FP class.",hostap_full_audit_0.4.169,med
DCL13-C,hostap,src/tls/rsa.c,240,TP,key genuinely only read (key->n) in crypto_rsa_get_modulus_len; real const opportunity.,hostap_full_audit_0.4.169,med
EXP43-C,hostap,src/tls/rsa.c,306,FP,bignum_mulmod's output param 'd' has no restrict qualifier at all (bignum.h:27); aliasing is not UB.,hostap_full_audit_0.4.169,high
EXP43-C,hostap,src/tls/rsa.c,310,FP,bignum_mul's output param has no restrict qualifier (bignum.h:25); same no-restrict-at-all FP class.,hostap_full_audit_0.4.169,high
EXP43-C,hostap,src/tls/rsa.c,311,FP,bignum_add's output param has no restrict qualifier (bignum.h:21); same FP class.,hostap_full_audit_0.4.169,high
EXP43-C,hostap,src/tls/rsa.c,316,FP,bignum_exptmod's output param has no restrict qualifier (bignum.h:29); same FP class.,hostap_full_audit_0.4.169,high
ARR02-C,hostap,src/utils/radiotap.c,19,FP,"Array sized by its own designated-initializer indices, used via sizeof()/sizeof(elem) at :48; standard array-sized-by-initializer FP.",hostap_full_audit_0.4.169,high
API00-C,hostap,src/utils/radiotap.c,90,FP,"iterator: internal-only-API FP class, caller contract guarantees non-NULL.",hostap_full_audit_0.4.169,med
API00-C,hostap,src/utils/radiotap.c,90,FP,vns: same internal-only-API FP class; vns is legitimately optional and NULL-checked internally at :173.,hostap_full_audit_0.4.169,med
ARR39-C,hostap,src/utils/radiotap.c,111,FP,"radiotap_header already cast to (uint8_t*) before + sizeof(*radiotap_header); simple byte-pointer offset, no double scaling.",hostap_full_audit_0.4.169,high
ARR01-C,hostap,src/utils/radiotap.c,111,FP,"sizeof(*radiotap_header) is the correct sizeof-pointee idiom, standard ARR01-C correct-idiom FP class.",hostap_full_audit_0.4.169,high
EXP08-C,hostap,src/utils/radiotap.c,114,FP,Code already casts to (u8*) before adding offsetof offset -- exactly what the suggestion asks for.,hostap_full_audit_0.4.169,high
INT14-C,hostap,src/utils/radiotap.c,126,FP,"Bitwise op is on iterator->_bitmap_shifter, not on iterator itself; base-identifier/member misattribution FP class.",hostap_full_audit_0.4.169,med
ARR39-C,hostap,src/utils/radiotap.c,127,FP,"All operands cast to unsigned long first; pure integer arithmetic, no pointer scaling occurs.",hostap_full_audit_0.4.169,high
ARR39-C,hostap,src/utils/radiotap.c,141,FP,Same all-cast-to-unsigned-long pure integer arithmetic FP as :127.,hostap_full_audit_0.4.169,high
DCL13-C,hostap,src/utils/radiotap.c,188,TP,iterator genuinely read-only in find_override; low-value but correct.,hostap_full_audit_0.4.169,low
API00-C,hostap,src/utils/radiotap.c,234,FP,"iterator: internal-only-API FP class, only called after successful _init on a valid struct.",hostap_full_audit_0.4.169,med
MSC37-C,hostap,src/utils/radiotap.c,234,FP,"Function body is while(1) with no break, all exits via return; cannot fall off the end. CFG-blindness FP class.",hostap_full_audit_0.4.169,high
INT14-C,hostap,src/utils/radiotap.c,243,FP,"Modulo at :243 is on _arg_index; the bitwise op is on a different field (_bitmap_shifter, :247); misattribution FP class.",hostap_full_audit_0.4.169,med
INT14-C,hostap,src/utils/radiotap.c,298,FP,"Standard power-of-two align-mask idiom (x & (align-1), align-pad); idiomatic, not a readability bug.",hostap_full_audit_0.4.169,low
EXP33-C,hostap,src/utils/radiotap.c,299,FP,"align is assigned on every switch/if branch before use at :298 (case1/2=1, VENDOR=2, default via find_override or namespace lookup, or align=0 which goto's past the use).",hostap_full_audit_0.4.169,high
EXP33-C,hostap,src/utils/radiotap.c,307,FP,size=6 is set by the VENDOR_NAMESPACE switch case (:259) which is the only way to reach this VENDOR_NAMESPACE-gated line.,hostap_full_audit_0.4.169,high
API05-C,hostap,wpa_supplicant/ap.h,24,FP,"bssid: fixed 6-byte MAC pointer, no size param needed; standard API05-C wholesale-misfire FP class.",hostap_full_audit_0.4.169,high
API05-C,hostap,wpa_supplicant/ap.h,24,FP,"pin: NUL-terminated string pointer, same wholesale-misfire FP class.",hostap_full_audit_0.4.169,high
API05-C,hostap,wpa_supplicant/ap.h,33,FP,buf paired with size_t buflen already; standard API05-C wholesale-misfire FP class.,hostap_full_audit_0.4.169,high
API05-C,hostap,wpa_supplicant/ap.h,34,FP,"Same buf/buflen paired-pointer idiom, same FP class.",hostap_full_audit_0.4.169,high
API05-C,hostap,wpa_supplicant/ap.h,35,FP,"Same buf/buflen paired-pointer idiom, same FP class.",hostap_full_audit_0.4.169,high
API05-C,hostap,wpa_supplicant/ap.h,36,FP,"txtaddr: NUL-terminated string pointer, same wholesale-misfire FP class.",hostap_full_audit_0.4.169,high
API05-C,hostap,wpa_supplicant/ap.h,37,FP,"txtaddr string pointer, same FP class as :36.",hostap_full_audit_0.4.169,high
API05-C,hostap,wpa_supplicant/ap.h,42,FP,"buf paired with buflen, same wholesale-misfire FP class.",hostap_full_audit_0.4.169,high
API05-C,hostap,wpa_supplicant/ap.h,53,FP,"buf: single string param, same wholesale-misfire FP class.",hostap_full_audit_0.4.169,high
API05-C,hostap,wpa_supplicant/ap.h,60,FP,"acl_type/buf param, same wholesale-misfire FP class.",hostap_full_audit_0.4.169,high
API05-C,hostap,wpa_supplicant/ap.h,62,FP,"buf paired with buflen, same wholesale-misfire FP class.",hostap_full_audit_0.4.169,high
API05-C,hostap,wpa_supplicant/ap.h,67,FP,"buf: NUL-terminated string param, same wholesale-misfire FP class.",hostap_full_audit_0.4.169,high
DCL13-C,hostap,wpa_supplicant/ap.h,85,TP,"Verified in ap.c:1462-1476, wpa_s only read (wpa_s->ap_iface); real const opportunity.",hostap_full_audit_0.4.169,low
API05-C,hostap,wpa_supplicant/ap.h,105,FP,"buf paired with len, same wholesale-misfire FP class.",hostap_full_audit_0.4.169,high
API05-C,hostap,wpa_supplicant/ap.h,109,FP,"buf paired with len, same wholesale-misfire FP class.",hostap_full_audit_0.4.169,high
API02-C,hostap,wpa_supplicant/ap.h,110,FP,"cmd is a NUL-terminated ctrl-iface command string (verified ap.c:2067), not a sized array; bare-string-param idiom FP.",hostap_full_audit_0.4.169,high
