rule,project,file,line,verdict,reason,provenance,confidence
API00-C,hostap,src/ap/wpa_auth.c,8089,FP,API00-C internal-only-API FP pattern; also factually wrong: while(vlan_gsm) loop already guards every deref of gsm/vlan_gsm.,41plus_b55,high
DCL13-C,hostap,src/ap/wpa_auth.c,8089,TP,"gsm is genuinely read-only (only vlan_gsm mutated); plain lookup helper, not a vtable/eloop callback slot. DCL13-C plain-helper TP pattern.",41plus_b55,high
DCL30-C,hostap,src/ap/wpa_auth.c,8105,FP,"confused local automatic-storage pointer variable with local storage; vlan_gsm always points to heap (os_zalloc'd) wpa_group nodes, matches comeback_token.c FP class.",41plus_b55,high
DCL13-C,hostap,src/ap/wpa_auth.c,8121,TP,wpa_auth_get_first_sta_seen only reads wpa_auth->group; matches b54's wpa_auth_get_*/sta_*/pmksa_* accessor TP pattern (not a registered callback).,41plus_b55,high
EXP34-C,hostap,src/ap/wpa_auth.c,8130,FP,"wpa_select_vlan_wpa_group non-null-by-construction pattern (b52/b53): wpa_init fails wpa_init() itself if wpa_group_init fails, so wpa_auth->group is always non-NULL once wpa_auth exists; gsm input here can't be NULL, so callee can't return NULL.",41plus_b55,high
PRE08-C,hostap,wpa_supplicant/p2p_supplicant.c,15,FP,"categorical: PRE08-C 8.3-legacy-filesystem collision confirmed FP for hostap (ieee802_11_* header family), not actionable on modern POSIX/embedded target",41plus_b56,high
DCL13-C,hostap,wpa_supplicant/p2p_supplicant.c,174,TP,"wpas_get_6ghz_he_chwidth_capab: plain internal helper, mode never modified; real but low-value const opportunity",41plus_b56,low
EXP34-C,hostap,wpa_supplicant/p2p_supplicant.c,295,FP,"scan_res_handler is only invoked from events.c after scan_res==NULL is checked and handled (return before dispatch); non-NULL guaranteed by call-chain, extends API00-C/EXP34-C invariant-by-ordering FP class",41plus_b56,high
API00-C,hostap,wpa_supplicant/p2p_supplicant.c,347,FP,"categorical: API00-C internal-API mostly FP; wpa_s always supplied by internal P2P call sites, never externally nullable",41plus_b56,high
DCL13-C,hostap,wpa_supplicant/p2p_supplicant.c,410,TP,"wpas_p2p_search_social_channel: plain internal helper, wpa_s never modified; real low-value const opportunity",41plus_b56,low
ARR02-C,hostap,wpa_supplicant/p2p_supplicant.c,435,FP,"categorical: ARR02-C local array sized exactly by initializer, consumed only via ARRAY_SIZE() in the same function (line 482) -- no real bound to specify",41plus_b56,high
MEM31-C,hostap,wpa_supplicant/p2p_supplicant.c,523,FP,"categorical: free/access tracking blind to mutually-exclusive if/goto branches -- the two wpabuf_free(wps_ie) calls sit in disjoint branches (if(ies==NULL){free;goto fail} vs the fallthrough path), never both execute",41plus_b56,high
EXP30-C,hostap,wpa_supplicant/p2p_supplicant.c,534,FP,"EXP30-C pure-accessor-args misfire: wpabuf_head(ies)/wpabuf_len(ies) are pure reads, no real unsequenced side effect",41plus_b56,high
MEM31-C,hostap,wpa_supplicant/p2p_supplicant.c,537,FP,same mutually-exclusive-branch double-free FP as wps_ie (index 6): wpabuf_free(ies) calls are in disjoint if(n==NULL)/fallthrough branches,41plus_b56,high
MEM12-C,hostap,wpa_supplicant/p2p_supplicant.c,543,FP,"NEW pattern: wpa_scan_free_params() (scan.c:3883) internally frees params->freqs/extra_ies/ssids[].ssid ('n') on the fail: goto path -- sqc doesn't track frees performed inside a called cleanup helper, so the 'Leaked: n, params->freqs' claim is false",41plus_b56,high
MSC07-C,hostap,wpa_supplicant/p2p_supplicant.c,545,FP,categorical: MSC07-C misfires on a fail: goto-target label immediately after a return; label is reachable via goto fail (lines 456/466/481/494/502/520/532/542),41plus_b56,high
MEM12-C,hostap,wpa_supplicant/p2p_supplicant.c,547,FP,same wpa_scan_free_params cross-function-free blindness as index 9,41plus_b56,high
DCL13-C,hostap,wpa_supplicant/p2p_supplicant.c,566,TP,"wpas_get_p2p_group: plain internal helper, wpa_s never modified; real low-value const opportunity",41plus_b56,low
API05-C,hostap,wpa_supplicant/p2p_supplicant.c,568,FP,categorical: API05-C conformant-array-syntax FP on the idiomatic T*+size_t pair,41plus_b56,high
DCL13-C,hostap,wpa_supplicant/p2p_supplicant.c,591,FP,"categorical: eloop_register_timeout callback (run_wpas_p2p_disconnect) is pinned to the eloop_timeout_handler typedef void(*)(void*,void*); const would break the dispatch contract",41plus_b56,high
MSC04-C,hostap,wpa_supplicant/p2p_supplicant.c,601,FP,"MSC04-C static call-graph cycle through the P2P disconnect/reconnect state machine; extends the single established guarded-cycle FP precedent (l2_ndisuio) -- wpa_s->current_ssid/removal-reason guards break the cycle in practice, though full 20-hop path was not exhaustively traced",41plus_b56,medium
DCL13-C,hostap,wpa_supplicant/p2p_supplicant.c,602,TP,"wpas_p2p_disconnect_safely: plain function, calling_wpa_s never modified; real low-value const opportunity",41plus_b56,low
DCL13-C,hostap,wpa_supplicant/p2p_supplicant.c,646,TP,"wpas_p2p_get_go_group: plain internal helper, wpa_s never modified; real low-value const opportunity",41plus_b56,low
DCL13-C,hostap,wpa_supplicant/p2p_supplicant.c,708,TP,"wpas_p2p_get_persistent_go: plain internal helper, wpa_s never modified; real low-value const opportunity",41plus_b56,low
DCL30-C,hostap,wpa_supplicant/p2p_supplicant.c,714,FP,"categorical: DCL30-C confuses local pointer VARIABLE 's' with local storage -- s walks wpa_s->conf->ssid, a long-lived config linked list, not a stack struct",41plus_b56,high
ENV01-C,hostap,wpa_supplicant/p2p_supplicant.c,732,FP,categorical: ENV01-C/MEM05-C wholesale misfire on ordinary fixed local buffers -- p2ps_group_capability's pref_freq_list[P2P_MAX_PREF_CHANNELS] has zero getenv() calls in the function,41plus_b56,high
MSC01-C,hostap,wpa_supplicant/p2p_supplicant.c,902,FP,"categorical: MSC01-C no-final-else guard-clause pedantry -- verified in source: doing nothing when neither branch condition holds is the correct, intended behavior",41plus_b56,high
MSC04-C,hostap,wpa_supplicant/p2p_supplicant.c,919,FP,"MSC04-C static call-graph cycle in group-delete/deauth state machine; extends the guarded-cycle FP precedent, not exhaustively traced end-to-end",41plus_b56,medium
EXP30-C,hostap,wpa_supplicant/p2p_supplicant.c,1176,FP,"EXP30-C pure MAC2STR logging-arg misfire, extends confirmed pure-accessor-args class",41plus_b56,high
MSC01-C,hostap,wpa_supplicant/p2p_supplicant.c,1209,FP,categorical: MSC01-C no-final-else guard-clause pedantry,41plus_b56,high
MSC01-C,hostap,wpa_supplicant/p2p_supplicant.c,1308,FP,categorical: MSC01-C no-final-else guard-clause pedantry,41plus_b56,high
EXP43-C,hostap,wpa_supplicant/p2p_supplicant.c,1312,FP,"EXP43-C misapplied to os_memmove: memmove is specifically designed to handle overlapping regions safely (that's why it's used instead of memcpy here); no restrict-qualified params, no UB",41plus_b56,high
DCL13-C,hostap,wpa_supplicant/p2p_supplicant.c,1319,TP,"wpas_p2p_add_persistent_group_client: plain internal helper, wpa_s never modified; real low-value const opportunity",41plus_b56,low
EXP43-C,hostap,wpa_supplicant/p2p_supplicant.c,1373,FP,"EXP43-C misapplied to os_realloc_array: single-pointer realloc-style call, no second buffer/restrict pair exists for 'overlapping regions' to even apply to",41plus_b56,high
MSC01-C,hostap,wpa_supplicant/p2p_supplicant.c,1383,FP,categorical: MSC01-C no-final-else guard-clause pedantry,41plus_b56,high
DCL13-C,hostap,wpa_supplicant/p2p_supplicant.c,1404,TP,"wpas_p2p_group_started: plain internal helper, wpa_s never modified; real low-value const opportunity",41plus_b56,low
DCL13-C,hostap,wpa_supplicant/p2p_supplicant.c,1405,TP,"wpas_p2p_group_started: plain internal helper, ssid never modified; real low-value const opportunity",41plus_b56,low
DCL13-C,hostap,wpa_supplicant/p2p_supplicant.c,1452,TP,"wpas_p2p_remove_all_identity: plain exported helper, wpa_s only read via wpa_s->conf; real low-value const opportunity",41plus_b56,low
DCL13-C,hostap,wpa_supplicant/p2p_supplicant.c,1468,TP,"wpas_p2p_store_identity: plain internal helper, wpa_s never modified; real low-value const opportunity",41plus_b56,low
MSC07-C,hostap,wpa_supplicant/p2p_supplicant.c,1509,FP,categorical: MSC07-C misfires on fail: goto-target label (reachable via goto fail at lines 1492/1495/1498),41plus_b56,high
DCL13-C,hostap,wpa_supplicant/p2p_supplicant.c,1515,TP,"wpas_p2p_store_go_identity: plain internal helper, wpa_s never modified; real low-value const opportunity",41plus_b56,low
MSC04-C,hostap,wpa_supplicant/p2p_supplicant.c,1555,FP,"MSC04-C static call-graph cycle through group-formation/WPS-enrollee state machine; extends guarded-cycle FP precedent, not exhaustively traced",41plus_b56,medium
MSC01-C,hostap,wpa_supplicant/p2p_supplicant.c,1574,FP,categorical: MSC01-C no-final-else guard-clause pedantry,41plus_b56,high
STR31-C,hostap,wpa_supplicant/p2p_supplicant.c,1665,FP,"STR31-C misapplied to a GNU flexible-array-member ('u8 buf[0]' in struct send_action_work) holding raw Action-frame bytes for wpa_hexdump, not a NUL-terminated string -- extends the existing flexible-array-member-of-non-char-type STR31-C FP class (here the member IS byte-typed but used as a raw buffer, not string data)",41plus_b56,high
EXP30-C,hostap,wpa_supplicant/p2p_supplicant.c,1673,FP,EXP30-C pure MAC2STR logging-arg misfire,41plus_b56,high
DCL13-C,hostap,wpa_supplicant/p2p_supplicant.c,1689,FP,categorical: eloop_register_timeout callback (wpas_p2p_send_action_work_timeout) pinned to eloop_timeout_handler typedef; const would break dispatch contract,41plus_b56,high
EXP33-C,hostap,wpa_supplicant/p2p_supplicant.c,1816,FP,categorical: EXP33-C sizeof(*ptr) misidentified as dereference -- 'awork = os_zalloc(sizeof(*awork) + len)' never evaluates *awork at runtime,41plus_b56,high
API05-C,hostap,wpa_supplicant/p2p_supplicant.c,1838,FP,categorical: API05-C conformant-array-syntax FP on idiomatic pointer+size_t pair,41plus_b56,high
API05-C,hostap,wpa_supplicant/p2p_supplicant.c,1840,FP,categorical: API05-C conformant-array-syntax FP on idiomatic pointer+size_t pair,41plus_b56,high
EXP30-C,hostap,wpa_supplicant/p2p_supplicant.c,1854,FP,EXP30-C pure MAC2STR logging-arg misfire,41plus_b56,high
MSC07-C,hostap,wpa_supplicant/p2p_supplicant.c,1972,FP,categorical: MSC07-C misfires on fail: goto-target label (reachable via goto fail from the PASN auth-start failure branch),41plus_b56,high
EXP33-C,hostap,wpa_supplicant/p2p_supplicant.c,1987,FP,categorical: EXP33-C sizeof(*ptr) misidentified as dereference -- 'awork = os_zalloc(sizeof(*awork))',41plus_b56,high
ARR01-C,hostap,wpa_supplicant/p2p_supplicant.c,2012,FP,"categorical: ARR01-C misapplied to sizeof(*params) -- this is the correct pointee-size idiom, not a decayed-pointer sizeof mistake",41plus_b56,high
ARR01-C,hostap,wpa_supplicant/p2p_supplicant.c,2016,FP,"categorical: ARR01-C misapplied to sizeof(*params) in os_memcpy(wpa_s->go_params, params, sizeof(*params)) -- correct pointee-size idiom",41plus_b56,high
MSC04-C,hostap,wpa_supplicant/p2p_supplicant.c,2021,FP,"MSC04-C static call-graph cycle through GC-connect/select-network state machine; extends guarded-cycle FP precedent, not exhaustively traced",41plus_b56,medium
EXP30-C,hostap,wpa_supplicant/p2p_supplicant.c,2034,FP,EXP30-C pure MAC2STR + p2p_wps_method_text() accessor logging-arg misfire,41plus_b56,high
EXP33-C,hostap,wpa_supplicant/p2p_supplicant.c,2068,FP,categorical: EXP33-C sizeof(*ptr) misidentified as dereference -- 'entry = os_zalloc(sizeof(*entry))',41plus_b56,high
MSC01-C,hostap,wpa_supplicant/p2p_supplicant.c,2089,FP,categorical: MSC01-C no-final-else guard-clause pedantry (verified: no special handling needed when none of the 3 akmp conditions match),41plus_b56,high
INT13-C,hostap,wpa_supplicant/p2p_supplicant.c,2089,FP,INT13-C misattributes the bitwise operand to the struct pointer 'res' itself (reported type 'int') when the real operand is the struct field 'res->akmp' -- extends the confirmed misattribution class,41plus_b56,high
MSC04-C,hostap,wpa_supplicant/p2p_supplicant.c,2124,FP,"MSC04-C static call-graph cycle through WPS-enrollee/PIN/reassoc state machine; extends guarded-cycle FP precedent, not exhaustively traced",41plus_b56,medium
EXP30-C,hostap,wpa_supplicant/p2p_supplicant.c,2128,FP,EXP30-C pure MAC2STR logging-arg misfire,41plus_b56,high
DCL13-C,hostap,wpa_supplicant/p2p_supplicant.c,2163,TP,"wpas_p2p_add_psk_list: plain internal helper, ssid never modified; real low-value const opportunity",41plus_b56,low
EXP33-C,hostap,wpa_supplicant/p2p_supplicant.c,2186,FP,categorical: EXP33-C sizeof(*ptr) misidentified as dereference -- 'hpsk = os_zalloc(sizeof(*hpsk))',41plus_b56,high
ENV01-C,hostap,wpa_supplicant/p2p_supplicant.c,2202,FP,categorical: ENV01-C wholesale misfire -- p2p_go_dump_common_freqs's buf[20+P2P_MAX_CHANNELS*6] has zero getenv() calls in the function,41plus_b56,high
MEM05-C,hostap,wpa_supplicant/p2p_supplicant.c,2202,FP,"categorical: MEM05-C misfire on a fixed macro-arithmetic-sized local array (20+P2P_MAX_CHANNELS*6 is a compile-time constant), not a VLA",41plus_b56,high
STR34-C,hostap,wpa_supplicant/p2p_supplicant.c,2216,FP,"categorical: STR34-C plain char-to-char assignment ('*pos = ' + chr(39) + chr(92) + '0' + chr(39) + ''), no widening conversion is happening",41plus_b56,high
DCL13-C,hostap,wpa_supplicant/p2p_supplicant.c,2223,TP,"p2p_go_save_group_common_freqs: plain internal helper (not a registered p2p_config callback), params never modified; real low-value const opportunity",41plus_b56,low
DCL13-C,hostap,wpa_supplicant/p2p_supplicant.c,2243,TP,"p2p_config_write: plain internal helper, wpa_s never modified; real low-value const opportunity",41plus_b56,low
EXP40-C,hostap,wpa_supplicant/p2p_supplicant.c,2256,FP,EXP40-C fires on 'struct p2p_go_neg_results *params = data;' where data is a plain 'void *' (not const-qualified) -- no const qualifier is present anywhere in this statement; sqc's const-tracking is wrong here,41plus_b56,high
MSC01-C,hostap,wpa_supplicant/p2p_supplicant.c,2379,FP,categorical: MSC01-C no-final-else guard-clause pedantry,41plus_b56,high
DCL13-C,hostap,wpa_supplicant/p2p_supplicant.c,2398,TP,"wpas_p2p_freq_to_edmg_channel: plain internal helper, wpa_s never modified; real low-value const opportunity",41plus_b56,low
ARR02-C,hostap,wpa_supplicant/p2p_supplicant.c,2405,FP,"categorical: ARR02-C local array (chanwidth[]) sized exactly by initializer, consumed only via ARRAY_SIZE() 2 lines later",41plus_b56,high
EXP33-C,hostap,wpa_supplicant/p2p_supplicant.c,2456,FP,"EXP33-C output-param-uninitialized misfire: op_channel is only read at line 2456 inside the branch where wpas_p2p_freq_to_edmg_channel() already returned 0, meaning it wrote *op_channel via the pointer first",41plus_b56,high
EXP33-C,hostap,wpa_supplicant/p2p_supplicant.c,2456,FP,"same output-param-write-then-read misfire as op_channel (index 67), for op_class",41plus_b56,high
EXP33-C,hostap,wpa_supplicant/p2p_supplicant.c,2504,FP,"categorical: EXP33-C 'passing pointer to uninitialized variable which reads the value' on a write-only output-param function -- wpas_p2p_freq_to_edmg_channel only writes *op_class/*op_edmg_channel, never reads them, exact match to the established p2p_channels_union/intersect FP class",41plus_b56,high
EXP33-C,hostap,wpa_supplicant/p2p_supplicant.c,2506,FP,same output-param-write-then-read misfire as index 67/68,41plus_b56,high
MSC01-C,hostap,wpa_supplicant/p2p_supplicant.c,2558,FP,categorical: MSC01-C no-final-else guard-clause pedantry,41plus_b56,high
DCL13-C,hostap,wpa_supplicant/p2p_supplicant.c,2594,FP,"DCL13-C misfire: wpas_p2p_clone_config writes through 'd = dst->conf' (d->n = os_strdup(...), d->wps_nfc_dh_privkey = ...), which transitively modifies memory reachable from dst -- making dst const would make d implicitly const-qualified and break these writes; not a valid const opportunity",41plus_b56,high
PRE00-C,hostap,wpa_supplicant/p2p_supplicant.c,2603,FP,"PRE00-C misfire on macro C(n): every call site (C(device_name), C(manufacturer), ...) passes a bare field-name identifier, never a side-effecting expression, so 'evaluates parameter multiple times' never causes duplicate side effects in practice",41plus_b56,high
PRE01-C,hostap,wpa_supplicant/p2p_supplicant.c,2603,FP,"PRE01-C misfire on macro C(n): n is always used as a '->n' member-access selector token, never combined with an operator where missing parens could change precedence",41plus_b56,high
PRE12-C,hostap,wpa_supplicant/p2p_supplicant.c,2603,FP,"PRE12-C misfire on macro C(n), same reasoning as PRE00-C (index 73) -- n is always a plain field-name token at every call site, never an expression with side effects",41plus_b56,high
MEM31-C,hostap,wpa_supplicant/p2p_supplicant.c,2643,FP,"MEM31-C flags the wpabuf_dup assignment itself as 'not freed', but d->wps_nfc_dh_privkey is a struct wpa_config field with a longer lifetime than this function -- it is freed at config teardown/next clone, not a leak local to wpas_p2p_clone_config; ownership-persists-elsewhere class",41plus_b56,medium
MEM31-C,hostap,wpa_supplicant/p2p_supplicant.c,2644,FP,"same ownership-persists-elsewhere reasoning as index 76, for d->wps_nfc_dh_pubkey",41plus_b56,medium
DCL13-C,hostap,wpa_supplicant/p2p_supplicant.c,2657,TP,"wpas_p2p_get_group_ifname: plain internal helper, wpa_s never modified; real low-value const opportunity",41plus_b56,low
API05-C,hostap,wpa_supplicant/p2p_supplicant.c,2658,FP,categorical: API05-C conformant-array-syntax FP on idiomatic pointer(ifname)+size_t(len) pair,41plus_b56,high
ARR01-C,hostap,wpa_supplicant/p2p_supplicant.c,2723,FP,"categorical: ARR01-C misapplied to sizeof(wpa_s->pending_interface_name) -- this is a real fixed-size struct array field accessed through the pointer, correctly sized, not a decayed parameter",41plus_b56,high
ARR01-C,hostap,wpa_supplicant/p2p_supplicant.c,2726,FP,same ARR01-C sizeof(ptr->member) misapplication as index 80,41plus_b56,high
MSC04-C,hostap,wpa_supplicant/p2p_supplicant.c,2752,FP,"MSC04-C static call-graph cycle through group-interface init/remove-iface state machine; extends guarded-cycle FP precedent, not exhaustively traced",41plus_b56,medium
DCL30-C,hostap,wpa_supplicant/p2p_supplicant.c,2822,FP,"categorical: DCL30-C confuses local pointer VARIABLE 'group_wpa_s' with local storage -- it is assigned from wpa_supplicant_add_iface(), a heap-allocated interface object, not stack storage",41plus_b56,high
DCL13-C,hostap,wpa_supplicant/p2p_supplicant.c,2827,FP,categorical: eloop_register_timeout callback (wpas_p2p_group_formation_timeout) pinned to eloop_timeout_handler typedef; const would break dispatch contract,41plus_b56,high
MSC04-C,hostap,wpa_supplicant/p2p_supplicant.c,2843,FP,"MSC04-C static call-graph cycle through group-formation-failed/completed state machine; extends guarded-cycle FP precedent, not exhaustively traced",41plus_b56,medium
DCL13-C,hostap,wpa_supplicant/p2p_supplicant.c,2872,TP,"wpas_p2p_ap_setup_failed: plain exported function (called directly, not via a function-pointer vtable), wpa_s never modified; real low-value const opportunity",41plus_b56,low
DCL13-C,hostap,wpa_supplicant/p2p_supplicant.c,2884,TP,"wpas_p2p_retry_limit_exceeded: plain exported function, wpa_s never modified; real low-value const opportunity",41plus_b56,low
DCL13-C,hostap,wpa_supplicant/p2p_supplicant.c,2900,FP,"wpas_set_go_security_config is registered as p2p.set_go_security_config (a struct p2p_config callback field, verified at p2p_supplicant.c:5868) -- fixed dispatch-contract signature, extends the confirmed eloop/EAP-method-table DCL13-C FP class",41plus_b56,high
MSC13-C,hostap,wpa_supplicant/p2p_supplicant.c,2923,FP,MSC13-C factually wrong: ifs's initial NULL value IS read via 'if (!ifs || !ifs->ap_iface) return;' on the path where the dl_list_for_each_safe loop never finds a match -- not a dead assignment,41plus_b56,high
EXP30-C,hostap,wpa_supplicant/p2p_supplicant.c,2996,FP,EXP30-C pure MAC2STR + p2p_wps_method_text() accessor logging-arg misfire,41plus_b56,high
ARR39-C,hostap,wpa_supplicant/p2p_supplicant.c,3108,FP,"categorical: ARR39-C double-scaling misfire on byte-pointer arithmetic -- 'buf' is a 'const u8 *', so buf += sizeof(u32) advances exactly 4 bytes (element size 1), not double-scaled",41plus_b56,high
ARR39-C,hostap,wpa_supplicant/p2p_supplicant.c,3110,FP,"same byte-pointer ARR39-C double-scaling misfire as index 91, for sizeof(u16)",41plus_b56,high
ARR30-C,hostap,wpa_supplicant/p2p_supplicant.c,3115,FP,"ARR30-C on str[str_len]: str_len is declared 'u8' (max value 255) and str[] is size 256 -- access is always in-bounds by the variable's type range, even though sqc can't statically prove it via value-range analysis",41plus_b56,medium
ARR39-C,hostap,wpa_supplicant/p2p_supplicant.c,3117,FP,"categorical: ARR39-C misfire on a pure integer sum with no pointer operand -- 'len' is a size_t scalar, 'len -= str_len + sizeof(u32) + sizeof(u16) + sizeof(u8)' is ordinary integer arithmetic, not pointer arithmetic",41plus_b56,high
ARR39-C,hostap,wpa_supplicant/p2p_supplicant.c,3117,FP,"same pure-integer-arithmetic ARR39-C misfire as index 94 (duplicate finding, second sizeof-subset variant of the same expression)",41plus_b56,high
EXP30-C,hostap,wpa_supplicant/p2p_supplicant.c,3119,FP,"EXP30-C misfire: MAC2STR args are pure reads; wps_dev_type_bin2str() writes only to 'devtype', which no other argument in the same call reads or writes -- no unsequenced conflict on a shared object",41plus_b56,high
EXP30-C,hostap,wpa_supplicant/p2p_supplicant.c,3141,FP,EXP30-C pure MAC2STR + accessor logging-arg misfire (second wpa_msg_global call in wpas_dev_found),41plus_b56,high
MEM10-C,hostap,wpa_supplicant/p2p_supplicant.c,3196,FP,"categorical: MEM10-C stylistic ad-hoc-NULL-check FP -- 'if (lwork == NULL) return;' is a normal, sufficient guard clause, not a real defect",41plus_b56,high
EXP33-C,hostap,wpa_supplicant/p2p_supplicant.c,3282,FP,categorical: EXP33-C sizeof(*ptr) misidentified as dereference -- 'lwork = os_zalloc(sizeof(*lwork))',41plus_b56,high
MEM31-C,hostap,wpa_supplicant/p2p_supplicant.c,3288,FP,"MEM31-C: lwork (including probe_resp_ie) is handed to radio_add_work() as the work's ctx and freed later via wpas_p2p_listen_work_free() when the work completes (wpas_p2p_listen_work_done) -- ownership transferred out of this function, not leaked here",41plus_b56,medium
MEM31-C,hostap,wpa_supplicant/p2p_supplicant.c,3301,FP,same ownership-transfer-to-radio-work reasoning as index 100 -- the 'return 0' success path has already handed lwork to radio_add_work,41plus_b56,medium
EXP30-C,hostap,wpa_supplicant/p2p_supplicant.c,3339,FP,EXP30-C pure accessor-args misfire: wpabuf_head(buf)/wpabuf_len(buf) are pure reads,41plus_b56,high
API05-C,hostap,wpa_supplicant/p2p_supplicant.c,3361,FP,categorical: API05-C conformant-array-syntax FP on idiomatic pointer+size_t pair,41plus_b56,high
API05-C,hostap,wpa_supplicant/p2p_supplicant.c,3363,FP,categorical: API05-C conformant-array-syntax FP on idiomatic pointer+size_t pair,41plus_b56,high
MEM10-C,hostap,wpa_supplicant/p2p_supplicant.c,3388,FP,categorical: MEM10-C stylistic ad-hoc-NULL-check FP,41plus_b56,high
EXP30-C,hostap,wpa_supplicant/p2p_supplicant.c,3392,FP,"EXP30-C misfire: MAC2STR(dev_addr) is a pure read; wps_dev_type_bin2str() writes only to 'devtype', no other arg touches devtype -- no real unsequenced conflict, same shape as index 96",41plus_b56,high
MSC01-C,hostap,wpa_supplicant/p2p_supplicant.c,3417,FP,categorical: MSC01-C no-final-else guard-clause pedantry,41plus_b56,high
ARR30-C,hostap,wpa_supplicant/p2p_supplicant.c,3450,FP,"ARR30-C internally inconsistent: the buffer it names is correctly identified as size 20 (real declaration at :3431, char params[20] in wpas_prov_disc_resp), yet it separately claims 'sizeof(params)-1' evaluates to 299 -- sizeof(char[20])-1 is 19, not 299; the actual write params[sizeof(params)-1]='\0' is params[19], safely in bounds. The 299 figure is a cross-scope size-evaluation error (matches the same-file 'freqs[c]' misattribution at line 3640)",41plus_b56,high
MSC01-C,hostap,wpa_supplicant/p2p_supplicant.c,3466,FP,categorical: MSC01-C no-final-else guard-clause pedantry,41plus_b56,high
DCL13-C,hostap,wpa_supplicant/p2p_supplicant.c,3582,FP,"wpas_sta_check_ecsa(struct hostapd_data *hapd, struct sta_info *sta, void *ctx) matches ap_for_each_sta's fixed callback typedef -- dispatch-contract signature, extends the confirmed eloop/EAP-method-table DCL13-C FP class",41plus_b56,high
DCL13-C,hostap,wpa_supplicant/p2p_supplicant.c,3583,FP,"same ap_for_each_sta callback dispatch-contract FP as index 110, for 'sta'",41plus_b56,high
DCL13-C,hostap,wpa_supplicant/p2p_supplicant.c,3594,TP,"wpas_p2p_go_clients_support_ecsa: plain internal helper, wpa_s never modified; real low-value const opportunity",41plus_b56,low
DCL13-C,hostap,wpa_supplicant/p2p_supplicant.c,3608,TP,"wpas_p2p_pick_best_used_freq: plain internal helper, wpa_s never modified; real low-value const opportunity",41plus_b56,low
DCL13-C,hostap,wpa_supplicant/p2p_supplicant.c,3609,TP,"wpas_p2p_pick_best_used_freq: plain internal helper, freqs (struct wpa_used_freq_data*) never modified; real low-value const opportunity",41plus_b56,low
ARR30-C,hostap,wpa_supplicant/p2p_supplicant.c,3640,FP,"ARR30-C cross-function name conflation: 'c' is provably < num here (guarded by 'if (c == num) return 0;' earlier in the same function), and the size-2 'freqs' buffer cited is an unrelated allocation at line 6623 in a different function entirely -- same-name variable misattributed across scopes",41plus_b56,high
API05-C,hostap,wpa_supplicant/p2p_supplicant.c,3706,FP,categorical: API05-C conformant-array-syntax FP on idiomatic pointer+size_t pair,41plus_b56,high
API05-C,hostap,wpa_supplicant/p2p_supplicant.c,3708,FP,categorical: API05-C conformant-array-syntax FP on idiomatic pointer+size_t pair,41plus_b56,high
API05-C,hostap,wpa_supplicant/p2p_supplicant.c,3709,FP,categorical: API05-C conformant-array-syntax FP on idiomatic pointer+size_t pair,41plus_b56,high
ENV01-C,hostap,wpa_supplicant/p2p_supplicant.c,3719,FP,categorical: ENV01-C wholesale misfire -- wpas_invitation_process's pref_freq_list[P2P_MAX_PREF_CHANNELS] has zero getenv() calls in the function,41plus_b56,high
EXP30-C,hostap,wpa_supplicant/p2p_supplicant.c,3725,FP,EXP30-C pure MAC2STR + wpa_ssid_txt() accessor logging-arg misfire,41plus_b56,high
MSC01-C,hostap,wpa_supplicant/p2p_supplicant.c,3771,FP,categorical: MSC01-C no-final-else guard-clause pedantry (verified: 'else if (!wpa_s->conf->persistent_reconnect) return ...' -- implicit fallthrough when neither preceding condition holds is intended),41plus_b56,high
ENV01-C,hostap,wpa_supplicant/p2p_supplicant.c,3784,FP,categorical: ENV01-C wholesale misfire -- 'u8 go_ssid[SSID_MAX_LEN]' in the p2p2 invitation-accept path has zero getenv() calls in the function,41plus_b56,high
MSC01-C,hostap,wpa_supplicant/p2p_supplicant.c,3816,FP,categorical: MSC01-C no-final-else guard-clause pedantry (verified: '} else if (!s) {...}'),41plus_b56,high
MSC01-C,hostap,wpa_supplicant/p2p_supplicant.c,3836,FP,categorical: MSC01-C no-final-else guard-clause pedantry (verified: '} else if (s->mode == WPAS_MODE_P2P_GO) {...}'),41plus_b56,high
DCL30-C,hostap,wpa_supplicant/p2p_supplicant.c,3861,FP,"DCL30-C is nonsensical here: P2P_MAX_PREF_CHANNELS is a #define macro constant (100), not a local variable, and num_pref_freq is a local automatic 'unsigned int', not global/static -- 'num_pref_freq = P2P_MAX_PREF_CHANNELS;' is a plain integer copy with no pointer/address involved at all; extends the confirmed macro-constant-confused-as-variable DCL30-C FP class",41plus_b56,high
MSC01-C,hostap,wpa_supplicant/p2p_supplicant.c,3887,FP,categorical: MSC01-C no-final-else guard-clause pedantry,41plus_b56,high
API05-C,hostap,wpa_supplicant/p2p_supplicant.c,3902,FP,categorical: API05-C conformant-array-syntax FP on idiomatic pointer+size_t pair,41plus_b56,high
EXP30-C,hostap,wpa_supplicant/p2p_supplicant.c,3919,FP,EXP30-C pure MAC2STR logging-arg misfire,41plus_b56,high
EXP30-C,hostap,wpa_supplicant/p2p_supplicant.c,3928,FP,EXP30-C pure MAC2STR logging-arg misfire,41plus_b56,high
EXP30-C,hostap,wpa_supplicant/p2p_supplicant.c,3936,FP,EXP30-C pure MAC2STR logging-arg misfire,41plus_b56,high
MSC01-C,hostap,wpa_supplicant/p2p_supplicant.c,3953,FP,categorical: MSC01-C no-final-else guard-clause pedantry,41plus_b56,high
EXP30-C,hostap,wpa_supplicant/p2p_supplicant.c,3955,FP,EXP30-C pure MAC2STR logging-arg misfire,41plus_b56,high
EXP30-C,hostap,wpa_supplicant/p2p_supplicant.c,3976,FP,EXP30-C pure MAC2STR logging-arg misfire,41plus_b56,high
EXP30-C,hostap,wpa_supplicant/p2p_supplicant.c,3983,FP,EXP30-C pure MAC2STR logging-arg misfire,41plus_b56,high
MEM10-C,hostap,wpa_supplicant/p2p_supplicant.c,4015,FP,categorical: MEM10-C stylistic ad-hoc-NULL-check FP -- 'if (ssid == NULL) return;',41plus_b56,high
MEM10-C,hostap,wpa_supplicant/p2p_supplicant.c,4055,FP,categorical: MEM10-C stylistic ad-hoc-NULL-check FP -- 'if (wpa_s == NULL) return;',41plus_b56,high
EXP33-C,hostap,wpa_supplicant/p2p_supplicant.c,4078,FP,"categorical: EXP33-C misfire on 'end = buf + sizeof(buf)'/'pos = buf' -- array-to-pointer decay for boundary computation is not a read of buf's contents, and buf is written via os_snprintf(pos,...) before any real use, exact match to the established wpa_cli.c precedent",41plus_b56,high
MSC01-C,hostap,wpa_supplicant/p2p_supplicant.c,4082,FP,categorical: MSC01-C no-final-else guard-clause pedantry,41plus_b56,high
MSC13-C,hostap,wpa_supplicant/p2p_supplicant.c,4115,TP,"MSC13-C correctly caught a genuine (harmless) dead store: 'pos += res;' inside the final 'if (go_dev_addr)' block is never read afterward -- the function immediately calls wpa_msg_global(..., buf) and returns",41plus_b56,low
MSC07-C,hostap,wpa_supplicant/p2p_supplicant.c,4121,FP,categorical: MSC07-C misfires on fail: goto-target label (reachable via goto fail at lines 4093/4099/4106/4113),41plus_b56,high
API05-C,hostap,wpa_supplicant/p2p_supplicant.c,4127,FP,categorical: API05-C conformant-array-syntax FP on idiomatic pointer+size_t pair,41plus_b56,high
ARR01-C,hostap,wpa_supplicant/p2p_supplicant.c,4285,FP,"categorical: ARR01-C misapplied to sizeof(*cli_chan) in os_memset(cli_chan, 0, sizeof(*cli_chan)) -- correct pointee-size idiom, not a decayed-pointer mistake",41plus_b56,high
DCL13-C,hostap,wpa_supplicant/p2p_supplicant.c,4340,TP,"has_channel: plain internal helper, mode never modified; real low-value const opportunity",41plus_b56,low
EXP34-C,hostap,wpa_supplicant/p2p_supplicant.c,4350,TP,has_channel dereferences mode->num_channels at line 4350 with no NULL check on 'mode' anywhere in the function; genuine defensive-programming gap (caller-guarantee not verified across the whole call graph),41plus_b56,medium
DCL13-C,hostap,wpa_supplicant/p2p_supplicant.c,4368,TP,"wpas_p2p_get_center_80mhz: plain internal helper, wpa_s never modified; real low-value const opportunity",41plus_b56,low
DCL13-C,hostap,wpa_supplicant/p2p_supplicant.c,4369,TP,"wpas_p2p_get_center_80mhz: plain internal helper, mode never modified; real low-value const opportunity",41plus_b56,low
EXP34-C,hostap,wpa_supplicant/p2p_supplicant.c,4375,TP,wpas_p2p_get_center_80mhz dereferences mode->mode at line 4375 with no NULL check on 'mode' anywhere in the function; genuine defensive-programming gap,41plus_b56,medium
ARR02-C,hostap,wpa_supplicant/p2p_supplicant.c,4391,FP,categorical: ARR02-C file-scope initializer array (center_channels_5ghz_80mhz[]) consumed only via ARRAY_SIZE() at its two use sites,41plus_b56,high
ARR02-C,hostap,wpa_supplicant/p2p_supplicant.c,4393,FP,categorical: ARR02-C file-scope initializer array (center_channels_6ghz_80mhz[]) consumed only via ARRAY_SIZE() at its two use sites,41plus_b56,high
MSC01-C,hostap,wpa_supplicant/p2p_supplicant.c,4438,FP,"if/else-if guard-clause pedantry, no final else needed (confirmed pattern)",41plus_b57,high
DCL13-C,hostap,wpa_supplicant/p2p_supplicant.c,4449,TP,wpa_s param genuinely unused in this helper; real (trivial) const opportunity,41plus_b57,low
DCL13-C,hostap,wpa_supplicant/p2p_supplicant.c,4450,TP,"mode only read (mode->mode), never written; real (trivial) const opportunity",41plus_b57,low
EXP34-C,hostap,wpa_supplicant/p2p_supplicant.c,4456,FP,mode already validated non-NULL by caller (get_mode() NULL-checked before wpas_p2p_verify_channel forwards it),41plus_b57,high
ARR02-C,hostap,wpa_supplicant/p2p_supplicant.c,4472,FP,const array with full brace-initializer sized via ARRAY_SIZE; explicit bound adds nothing (extends param-array ARR02-C FP pattern),41plus_b57,high
ARR02-C,hostap,wpa_supplicant/p2p_supplicant.c,4473,FP,const array with full brace-initializer sized via ARRAY_SIZE; explicit bound adds nothing (extends param-array ARR02-C FP pattern),41plus_b57,high
MSC01-C,hostap,wpa_supplicant/p2p_supplicant.c,4518,FP,"if/else-if guard-clause pedantry, no final else needed (confirmed pattern)",41plus_b57,high
DCL13-C,hostap,wpa_supplicant/p2p_supplicant.c,4529,TP,wpa_s param unused in wpas_p2p_verify_edmg; real (trivial) const opportunity,41plus_b57,low
DCL13-C,hostap,wpa_supplicant/p2p_supplicant.c,4530,TP,"mode only read (mode->edmg), never written; real (trivial) const opportunity",41plus_b57,low
EXP34-C,hostap,wpa_supplicant/p2p_supplicant.c,4536,FP,mode already validated non-NULL by caller before reaching this helper (internal-invariant pattern),41plus_b57,high
INT13-C,hostap,wpa_supplicant/p2p_supplicant.c,4556,TP,'flag' is genuinely declared `int`; bitwise & on a signed int is a real (low-severity) CERT INT13-C hit,41plus_b57,low
INT13-C,hostap,wpa_supplicant/p2p_supplicant.c,4561,TP,'flag' is genuinely declared `int`; bitwise & on a signed int is a real (low-severity) CERT INT13-C hit,41plus_b57,low
EXP34-C,hostap,wpa_supplicant/p2p_supplicant.c,4566,FP,mode already validated non-NULL by caller before reaching this helper (internal-invariant pattern),41plus_b57,high
MSC01-C,hostap,wpa_supplicant/p2p_supplicant.c,4580,FP,"if/else-if guard-clause pedantry, no final else needed (confirmed pattern)",41plus_b57,high
DCL13-C,hostap,wpa_supplicant/p2p_supplicant.c,4594,TP,"wpa_s only read, never written, in is_dfs_chan_supported; real (trivial) const opportunity",41plus_b57,low
ARR00-C,hostap,wpa_supplicant/p2p_supplicant.c,4645,FP,'ch' is initialized in the very same for-loop's init clause (`for (ch = o->min_chan; ...)`); not actually uninitialized,41plus_b57,high
MSC01-C,hostap,wpa_supplicant/p2p_supplicant.c,4673,FP,"if/else-if guard-clause pedantry, no final else needed (confirmed pattern)",41plus_b57,high
API00-C,hostap,wpa_supplicant/p2p_supplicant.c,4708,FP,internal helper; wpa_s/mode already validated by all internal callers,41plus_b57,med
API00-C,hostap,wpa_supplicant/p2p_supplicant.c,4708,FP,internal helper; wpa_s/mode already validated by all internal callers,41plus_b57,med
API00-C,hostap,wpa_supplicant/p2p_supplicant.c,4766,FP,internal helper; mode already validated by all internal callers,41plus_b57,med
API00-C,hostap,wpa_supplicant/p2p_supplicant.c,4792,FP,internal helper; wpa_s/mode already validated by all internal callers,41plus_b57,med
API00-C,hostap,wpa_supplicant/p2p_supplicant.c,4792,FP,internal helper; wpa_s/mode already validated by all internal callers,41plus_b57,med
MSC01-C,hostap,wpa_supplicant/p2p_supplicant.c,4817,FP,"if/else-if guard-clause pedantry, no final else needed (confirmed pattern)",41plus_b57,high
API05-C,hostap,wpa_supplicant/p2p_supplicant.c,4833,FP,"T*ptr,size_t len idiom misfired as non-conformant array syntax (confirmed pattern)",41plus_b57,high
API00-C,hostap,wpa_supplicant/p2p_supplicant.c,4849,FP,internal helper; wpa_s always a valid interface pointer from internal callers,41plus_b57,med
DCL13-C,hostap,wpa_supplicant/p2p_supplicant.c,4849,TP,wpa_s pointee never written (only reassigned as loop iterator); real (trivial) const opportunity,41plus_b57,low
DCL13-C,hostap,wpa_supplicant/p2p_supplicant.c,4871,TP,wpa_s pointee never written (only reassigned as loop iterator); real (trivial) const opportunity,41plus_b57,low
DCL13-C,hostap,wpa_supplicant/p2p_supplicant.c,4894,FP,void*ctx cast to wpa_s inside p2p_config callback (eloop/dispatch-contract FP pattern),41plus_b57,high
MSC04-C,hostap,wpa_supplicant/p2p_supplicant.c,4916,FP,"structural call-graph cycle through wpa_supplicant_event dispatch, gated by interface-status conditions; not unbounded runtime recursion",41plus_b57,med
ARR01-C,hostap,wpa_supplicant/p2p_supplicant.c,4948,FP,"sizeof(wpa_s->pending_interface_name), a genuine struct-member array; member arrays don't decay (confirmed pattern)",41plus_b57,high
API05-C,hostap,wpa_supplicant/p2p_supplicant.c,4980,FP,"T*ptr,size_t len idiom misfired as non-conformant array syntax (confirmed pattern)",41plus_b57,high
DCL13-C,hostap,wpa_supplicant/p2p_supplicant.c,4980,FP,void*ctx p2p_config callback param (dispatch-contract FP pattern),41plus_b57,high
API05-C,hostap,wpa_supplicant/p2p_supplicant.c,5002,FP,"T*ptr,size_t len idiom misfired as non-conformant array syntax (confirmed pattern)",41plus_b57,high
API05-C,hostap,wpa_supplicant/p2p_supplicant.c,5035,FP,"T*ptr,size_t len idiom misfired as non-conformant array syntax (confirmed pattern)",41plus_b57,high
API05-C,hostap,wpa_supplicant/p2p_supplicant.c,5036,FP,"T*ptr,size_t len idiom misfired as non-conformant array syntax (confirmed pattern)",41plus_b57,high
API05-C,hostap,wpa_supplicant/p2p_supplicant.c,5037,FP,"T*ptr,size_t len idiom misfired as non-conformant array syntax (confirmed pattern)",41plus_b57,high
API05-C,hostap,wpa_supplicant/p2p_supplicant.c,5077,FP,"T*ptr,size_t len idiom misfired as non-conformant array syntax (confirmed pattern)",41plus_b57,high
EXP34-C,hostap,wpa_supplicant/p2p_supplicant.c,5088,FP,"'s' just assigned by the enclosing while((s=...)) condition, which already excludes NULL",41plus_b57,high
API05-C,hostap,wpa_supplicant/p2p_supplicant.c,5126,FP,"T*ptr,size_t len idiom misfired as non-conformant array syntax (confirmed pattern)",41plus_b57,high
ARR39-C,hostap,wpa_supplicant/p2p_supplicant.c,5146,FP,"buf_len and sizeof(pref) are plain size_t integers (length arithmetic for wpa_snprintf_hex), not pointer arithmetic at all -- no scaling involved",41plus_b57,high
MEM05-C,hostap,wpa_supplicant/p2p_supplicant.c,5154,FP,"recursive call is depth-bounded (recurses once with a failure status that short-circuits before any further recursive call), not unbounded stack growth",41plus_b57,med
API05-C,hostap,wpa_supplicant/p2p_supplicant.c,5154,FP,"T*ptr,size_t len idiom misfired as non-conformant array syntax (confirmed pattern)",41plus_b57,high
API05-C,hostap,wpa_supplicant/p2p_supplicant.c,5161,FP,"T*ptr,size_t len idiom misfired as non-conformant array syntax (confirmed pattern)",41plus_b57,high
MEM10-C,hostap,wpa_supplicant/p2p_supplicant.c,5188,FP,plain 'if (ptr == NULL)' ad-hoc check flagged as stylistic gap (confirmed pattern),41plus_b57,high
EXP30-C,hostap,wpa_supplicant/p2p_supplicant.c,5189,FP,"wpa_msg_global/wpa_printf args use pure MAC2STR/accessor macros, no side effects (confirmed pattern)",41plus_b57,high
EXP30-C,hostap,wpa_supplicant/p2p_supplicant.c,5200,FP,"wpa_msg_global/wpa_printf args use pure MAC2STR/accessor macros, no side effects (confirmed pattern)",41plus_b57,high
EXP30-C,hostap,wpa_supplicant/p2p_supplicant.c,5232,FP,"wpa_msg_global/wpa_printf args use pure MAC2STR/accessor macros, no side effects (confirmed pattern)",41plus_b57,high
EXP30-C,hostap,wpa_supplicant/p2p_supplicant.c,5313,FP,"wpa_msg_global/wpa_printf args use pure MAC2STR/accessor macros, no side effects (confirmed pattern)",41plus_b57,high
MSC01-C,hostap,wpa_supplicant/p2p_supplicant.c,5346,FP,"if/else-if guard-clause pedantry, no final else needed (confirmed pattern)",41plus_b57,high
MSC01-C,hostap,wpa_supplicant/p2p_supplicant.c,5371,FP,"if/else-if guard-clause pedantry, no final else needed (confirmed pattern)",41plus_b57,high
MSC01-C,hostap,wpa_supplicant/p2p_supplicant.c,5383,FP,"if/else-if guard-clause pedantry, no final else needed (confirmed pattern)",41plus_b57,high
EXP30-C,hostap,wpa_supplicant/p2p_supplicant.c,5406,FP,"wpa_msg_global/wpa_printf args use pure MAC2STR/accessor macros, no side effects (confirmed pattern)",41plus_b57,high
MEM05-C,hostap,wpa_supplicant/p2p_supplicant.c,5432,FP,"`char ssid_hex[32*2+1]` is a fixed compile-time-constant-size array, not a VLA (confirmed wholesale MEM05-C misfire pattern)",41plus_b57,high
EXP30-C,hostap,wpa_supplicant/p2p_supplicant.c,5439,FP,"wpa_msg_global/wpa_printf args use pure MAC2STR/accessor macros, no side effects (confirmed pattern)",41plus_b57,high
EXP30-C,hostap,wpa_supplicant/p2p_supplicant.c,5451,FP,"wpa_msg_global/wpa_printf args use pure MAC2STR/accessor macros, no side effects (confirmed pattern)",41plus_b57,high
DCL13-C,hostap,wpa_supplicant/p2p_supplicant.c,5518,FP,eloop_timeout_handler fixed-signature timeout_ctx (confirmed eloop dispatch FP pattern),41plus_b57,high
DCL13-C,hostap,wpa_supplicant/p2p_supplicant.c,5600,FP,void*ctx p2p_config callback (dispatch-contract FP pattern),41plus_b57,high
EXP30-C,hostap,wpa_supplicant/p2p_supplicant.c,5612,FP,"wpa_msg_global/wpa_printf args use pure MAC2STR/accessor macros, no side effects (confirmed pattern)",41plus_b57,high
DCL13-C,hostap,wpa_supplicant/p2p_supplicant.c,5621,FP,void*ctx p2p_config callback (dispatch-contract FP pattern),41plus_b57,high
ENV01-C,hostap,wpa_supplicant/p2p_supplicant.c,5626,FP,fixed local buffer with no getenv()/environment-variable code anywhere in function (confirmed wholesale-misfire pattern),41plus_b57,high
EXP33-C,hostap,wpa_supplicant/p2p_supplicant.c,5687,FP,"`awork = os_zalloc(sizeof(*awork))` -- sizeof(*ptr) is not evaluated, not a dereference (confirmed idiom)",41plus_b57,high
API05-C,hostap,wpa_supplicant/p2p_supplicant.c,5722,FP,"T*ptr,size_t len idiom misfired as non-conformant array syntax (confirmed pattern)",41plus_b57,high
DCL13-C,hostap,wpa_supplicant/p2p_supplicant.c,5732,FP,void*ctx PASN callback (dispatch-contract FP pattern),41plus_b57,high
API05-C,hostap,wpa_supplicant/p2p_supplicant.c,5741,FP,"T*ptr,size_t len idiom misfired as non-conformant array syntax (confirmed pattern)",41plus_b57,high
DCL13-C,hostap,wpa_supplicant/p2p_supplicant.c,5741,FP,void*ctx PASN callback (dispatch-contract FP pattern),41plus_b57,high
DCL13-C,hostap,wpa_supplicant/p2p_supplicant.c,5750,FP,void*ctx PASN callback (dispatch-contract FP pattern),41plus_b57,high
DCL13-C,hostap,wpa_supplicant/p2p_supplicant.c,5820,FP,void*ctx p2p_config is_p2p_dfs_chan callback (dispatch-contract FP pattern),41plus_b57,high
API00-C,hostap,wpa_supplicant/p2p_supplicant.c,6097,FP,internal deinit path; wpa_s always valid at call sites,41plus_b57,med
MSC04-C,hostap,wpa_supplicant/p2p_supplicant.c,6147,FP,"structural cycle through group teardown dispatch; gated, not unbounded runtime recursion",41plus_b57,med
DCL13-C,hostap,wpa_supplicant/p2p_supplicant.c,6186,TP,wpa_s only read in wpas_p2p_create_iface; real (trivial) const opportunity,41plus_b57,low
DCL13-C,hostap,wpa_supplicant/p2p_supplicant.c,6206,TP,wpa_s only read in wpas_p2p_config_sae_password; real (trivial) const opportunity,41plus_b57,low
DCL13-C,hostap,wpa_supplicant/p2p_supplicant.c,6207,TP,ssid only read (ssid->sae_password); real (trivial) const opportunity,41plus_b57,low
EXP34-C,hostap,wpa_supplicant/p2p_supplicant.c,6211,FP,ssid assigned from ifs->current_ssid which was NULL-checked (`!ifs->current_ssid` continue) just above,41plus_b57,high
DCL13-C,hostap,wpa_supplicant/p2p_supplicant.c,6219,TP,wpa_s only read in wpas_p2p_start_go_neg; real (trivial) const opportunity,41plus_b57,low
DCL13-C,hostap,wpa_supplicant/p2p_supplicant.c,6224,TP,"ssid only read, forwarded as-is; real (trivial) const opportunity",41plus_b57,low
DCL13-C,hostap,wpa_supplicant/p2p_supplicant.c,6252,TP,ssid only read in wpas_p2p_auth_go_neg; real (trivial) const opportunity,41plus_b57,low
MSC04-C,hostap,wpa_supplicant/p2p_supplicant.c,6276,FP,gated by wpa_s->p2p_join_scan_count > P2P_MAX_JOIN_SCAN_ATTEMPTS before falling back (guarded-cycle FP pattern),41plus_b57,med
MSC04-C,hostap,wpa_supplicant/p2p_supplicant.c,6373,FP,part of the same join-scan cycle gated by p2p_join_scan_count/p2p_fallback_to_go_neg,41plus_b57,med
EXP30-C,hostap,wpa_supplicant/p2p_supplicant.c,6489,FP,"wpa_msg_global/wpa_printf args use pure MAC2STR/accessor macros, no side effects (confirmed pattern)",41plus_b57,high
EXP30-C,hostap,wpa_supplicant/p2p_supplicant.c,6505,FP,"wpa_msg_global/wpa_printf args use pure MAC2STR/accessor macros, no side effects (confirmed pattern)",41plus_b57,high
MSC01-C,hostap,wpa_supplicant/p2p_supplicant.c,6513,FP,"if/else-if guard-clause pedantry, no final else needed (confirmed pattern)",41plus_b57,high
EXP30-C,hostap,wpa_supplicant/p2p_supplicant.c,6531,FP,"wpa_msg_global/wpa_printf args use pure MAC2STR/accessor macros, no side effects (confirmed pattern)",41plus_b57,high
MSC07-C,hostap,wpa_supplicant/p2p_supplicant.c,6609,FP,"'start:' is a goto target reached from two earlier `goto start;` sites, not fallthrough after the preceding return (confirmed goto-label FP pattern)",41plus_b57,high
MSC04-C,hostap,wpa_supplicant/p2p_supplicant.c,6616,FP,part of the same join-scan cycle gated by p2p_join_scan_count/p2p_fallback_to_go_neg,41plus_b57,med
DCL13-C,hostap,wpa_supplicant/p2p_supplicant.c,6727,FP,eloop_timeout_handler fixed-signature timeout_ctx (confirmed eloop dispatch FP pattern),41plus_b57,high
MSC04-C,hostap,wpa_supplicant/p2p_supplicant.c,6734,FP,part of the same join-scan cycle gated by p2p_join_scan_count/p2p_fallback_to_go_neg,41plus_b57,med
EXP30-C,hostap,wpa_supplicant/p2p_supplicant.c,6739,FP,"wpa_msg_global/wpa_printf args use pure MAC2STR/accessor macros, no side effects (confirmed pattern)",41plus_b57,high
MSC04-C,hostap,wpa_supplicant/p2p_supplicant.c,6763,FP,part of the same join-scan cycle gated by p2p_join_scan_count/p2p_fallback_to_go_neg,41plus_b57,med
EXP33-C,hostap,wpa_supplicant/p2p_supplicant.c,6771,FP,"`wpas_p2p_get_group_iface` is a function call, not a static variable; tool misattributes the callee name as an uninitialized static",41plus_b57,high
ARR01-C,hostap,wpa_supplicant/p2p_supplicant.c,6808,FP,"sizeof(wpa_s->pending_join_password), a genuine struct-member array; member arrays don't decay (confirmed pattern)",41plus_b57,high
MSC01-C,hostap,wpa_supplicant/p2p_supplicant.c,6834,FP,"if/else-if guard-clause pedantry, no final else needed (confirmed pattern)",41plus_b57,high
DCL13-C,hostap,wpa_supplicant/p2p_supplicant.c,6987,TP,wpa_s only read in is_p2p_6ghz_supported; real (trivial) const opportunity,41plus_b57,low
MSC04-C,hostap,wpa_supplicant/p2p_supplicant.c,7058,FP,part of the same join-scan cycle gated by p2p_join_scan_count/p2p_fallback_to_go_neg,41plus_b57,med
API05-C,hostap,wpa_supplicant/p2p_supplicant.c,7059,FP,"T*ptr,size_t len idiom misfired as non-conformant array syntax (confirmed pattern)",41plus_b57,high
API05-C,hostap,wpa_supplicant/p2p_supplicant.c,7066,FP,"T*ptr,size_t len idiom misfired as non-conformant array syntax (confirmed pattern)",41plus_b57,high
ENV01-C,hostap,wpa_supplicant/p2p_supplicant.c,7073,FP,fixed local buffer with no getenv()/environment-variable code anywhere in function (confirmed wholesale-misfire pattern),41plus_b57,high
EXP34-C,hostap,wpa_supplicant/p2p_supplicant.c,7082,FP,short-circuit-safe `ssid == NULL || ssid->...` idiom; ssid checked before the member access,41plus_b57,high
ARR01-C,hostap,wpa_supplicant/p2p_supplicant.c,7123,FP,"sizeof(wpa_s->p2p_pin), a genuine struct-member array; member arrays don't decay (confirmed pattern)",41plus_b57,high
ARR01-C,hostap,wpa_supplicant/p2p_supplicant.c,7127,FP,"sizeof(wpa_s->p2p_pin), a genuine struct-member array; member arrays don't decay (confirmed pattern)",41plus_b57,high
ARR01-C,hostap,wpa_supplicant/p2p_supplicant.c,7129,FP,"sizeof(wpa_s->p2p_pin), a genuine struct-member array; member arrays don't decay (confirmed pattern)",41plus_b57,high
ARR01-C,hostap,wpa_supplicant/p2p_supplicant.c,7130,FP,"sizeof(wpa_s->p2p_pin), a genuine struct-member array; member arrays don't decay (confirmed pattern)",41plus_b57,high
ARR01-C,hostap,wpa_supplicant/p2p_supplicant.c,7135,FP,"sizeof(wpa_s->p2p_pin), a genuine struct-member array; member arrays don't decay (confirmed pattern)",41plus_b57,high
ARR01-C,hostap,wpa_supplicant/p2p_supplicant.c,7141,FP,"sizeof(wpa_s->pending_join_password), a genuine struct-member array; member arrays don't decay (confirmed pattern)",41plus_b57,high
MSC13-C,hostap,wpa_supplicant/p2p_supplicant.c,7185,FP,ssid=NULL is read by the very next loop iteration's overwrite or by `if (ssid)` after the loop; not dead (loop-scope MSC13-C misfire),41plus_b57,high
MSC13-C,hostap,wpa_supplicant/p2p_supplicant.c,7189,FP,force_freq is read a few lines later as an argument to wpas_p2p_auth_go_neg(); not dead,41plus_b57,high
ARR01-C,hostap,wpa_supplicant/p2p_supplicant.c,7232,FP,"sizeof(wpa_s->pending_join_password), a genuine struct-member array; member arrays don't decay (confirmed pattern)",41plus_b57,high
DCL13-C,hostap,wpa_supplicant/p2p_supplicant.c,7344,TP,wpa_s only read in wpas_p2p_listen_start; real (trivial) const opportunity,41plus_b57,low
API00-C,hostap,wpa_supplicant/p2p_supplicant.c,7405,FP,internal helper; wpa_s always valid at call sites,41plus_b57,med
MSC04-C,hostap,wpa_supplicant/p2p_supplicant.c,7405,FP,"structural cycle through group teardown dispatch; gated, not unbounded runtime recursion",41plus_b57,med
EXP43-C,hostap,wpa_supplicant/p2p_supplicant.c,7434,FP,"wpa_s/calling_wpa_s are not restrict-qualified, and the callee explicitly handles wpa_s==calling_wpa_s as an intentional case (`if (calling_wpa_s == wpa_s && ...)`)",41plus_b57,med
ENV01-C,hostap,wpa_supplicant/p2p_supplicant.c,7453,FP,fixed local buffer with no getenv()/environment-variable code anywhere in function (confirmed wholesale-misfire pattern),41plus_b57,high
INT32-C,hostap,wpa_supplicant/p2p_supplicant.c,7533,FP,"2412+(r%3)*25 is bounded to [2412,2462] since r%3 in [0,2]; nowhere near INT_MAX (rule doesn't see the modulo-bounded range)",41plus_b57,med
INT32-C,hostap,wpa_supplicant/p2p_supplicant.c,7533,FP,"2412+(r%3)*25 is bounded to [2412,2462] since r%3 in [0,2]; nowhere near INT_MAX (rule doesn't see the modulo-bounded range)",41plus_b57,med
EXP33-C,hostap,wpa_supplicant/p2p_supplicant.c,7533,FP,"'r' is set via os_get_random(&r,sizeof(r)) two lines earlier; tool doesn't track pointer-output initialization",41plus_b57,high
INT10-C,hostap,wpa_supplicant/p2p_supplicant.c,7533,FP,'r' is declared `unsigned int`; % on an unsigned operand can never produce an implementation-defined negative result (rule's signedness detection is wrong),41plus_b57,high
ARR02-C,hostap,wpa_supplicant/p2p_supplicant.c,7570,FP,const array with full brace-initializer sized via ARRAY_SIZE; explicit bound adds nothing (extends param-array ARR02-C FP pattern),41plus_b57,high
INT33-C,hostap,wpa_supplicant/p2p_supplicant.c,7589,FP,"num_freqs = ARRAY_SIZE(freqs) on a fixed 8-element array; compile-time-constant, provably non-zero",41plus_b57,high
INT32-C,hostap,wpa_supplicant/p2p_supplicant.c,7711,FP,"2412+((r+i)%3)*25 is bounded to [2412,2462] since the %3 term in [0,2]; nowhere near INT_MAX (rule doesn't see the modulo-bounded range)",41plus_b57,med
EXP33-C,hostap,wpa_supplicant/p2p_supplicant.c,7711,FP,"'r' is set via os_get_random(&r,sizeof(r)) a few lines earlier; tool doesn't track pointer-output initialization",41plus_b57,high
INT10-C,hostap,wpa_supplicant/p2p_supplicant.c,7711,FP,'r' is declared `unsigned int`; % on an unsigned operand can never produce an implementation-defined negative result (rule's signedness detection is wrong),41plus_b57,high
MSC07-C,hostap,wpa_supplicant/p2p_supplicant.c,7733,FP,"'out:' is a goto target reached from multiple earlier `goto out;` sites, not fallthrough after the preceding return (confirmed goto-label FP pattern)",41plus_b57,high
ARR01-C,hostap,wpa_supplicant/p2p_supplicant.c,7765,FP,"`sizeof(*params)` sizes the pointee struct via explicit dereference -- not a decayed array/pointer param at all, different mistake than the member-array shape",41plus_b57,high
INT14-C,hostap,wpa_supplicant/p2p_supplicant.c,7822,FP,"rule matches the base identifier 'wpa_s'; the bitwise and arithmetic operations are on different unrelated struct member fields, not the same value (confirmed pattern)",41plus_b57,high
MSC07-C,hostap,wpa_supplicant/p2p_supplicant.c,8089,FP,"'fail:' is a goto target reached via `goto fail;`, not fallthrough after the preceding return (confirmed goto-label FP pattern)",41plus_b57,high
MEM30-C,hostap,wpa_supplicant/p2p_supplicant.c,8090,FP,'success:' and 'fail:' are mutually-exclusive branches (one goto's past the other's free+return); freqs is freed exactly once on any given path (confirmed mutually-exclusive-branch FP pattern),41plus_b57,high
MEM31-C,hostap,wpa_supplicant/p2p_supplicant.c,8090,FP,same mutually-exclusive success:/fail: branches as the MEM30-C finding at this line,41plus_b57,high
MSC04-C,hostap,wpa_supplicant/p2p_supplicant.c,8095,FP,part of the same join-scan cycle gated by p2p_join_scan_count/p2p_fallback_to_go_neg,41plus_b57,med
DCL30-C,hostap,wpa_supplicant/p2p_supplicant.c,8147,FP,"group_wpa_s points to a heap-allocated interface from wpas_p2p_init_group_interface, not to automatic/stack storage (confirmed DCL30-C local-variable-vs-local-storage FP pattern)",41plus_b57,high
EXP33-C,hostap,wpa_supplicant/p2p_supplicant.c,8205,FP,"`wpas_p2p_get_group_iface` is a function call, not a static variable; same tool misattribution as :6771",41plus_b57,high
MEM10-C,hostap,wpa_supplicant/p2p_supplicant.c,8206,FP,plain 'if (ptr == NULL)' ad-hoc check flagged as stylistic gap (confirmed pattern),41plus_b57,high
EXP33-C,hostap,wpa_supplicant/p2p_supplicant.c,8229,FP,"`wpas_p2p_get_group_iface` is a function call, not a static variable; same tool misattribution as :6771",41plus_b57,high
MEM10-C,hostap,wpa_supplicant/p2p_supplicant.c,8230,FP,plain 'if (ptr == NULL)' ad-hoc check flagged as stylistic gap (confirmed pattern),41plus_b57,high
EXP33-C,hostap,wpa_supplicant/p2p_supplicant.c,8289,FP,"`entry = os_zalloc(sizeof(*entry))` -- sizeof(*ptr) is not evaluated, not a dereference (confirmed idiom)",41plus_b57,high
MSC13-C,hostap,wpa_supplicant/p2p_supplicant.c,8335,FP,other_iface_found is read on the next loop iteration's condition (`!other_iface_found || ...`); not dead (loop-scope MSC13-C misfire),41plus_b57,high
ARR01-C,hostap,wpa_supplicant/p2p_supplicant.c,8422,FP,"sizeof(wpa_s->pending_join_password), a genuine struct-member array; member arrays don't decay (confirmed pattern)",41plus_b57,high
EXP33-C,hostap,wpa_supplicant/p2p_supplicant.c,8479,FP,"`wpas_p2p_get_group_iface` is a function call, not a static variable; same tool misattribution as :6771",41plus_b57,high
MEM10-C,hostap,wpa_supplicant/p2p_supplicant.c,8480,FP,plain 'if (ptr == NULL)' ad-hoc check flagged as stylistic gap (confirmed pattern),41plus_b57,high
EXP34-C,hostap,wpa_supplicant/p2p_supplicant.c,8549,FP,ssid has a single internal call site (ap.c) that always supplies the active config's ssid; internal-invariant FP pattern,41plus_b57,med
EXP33-C,hostap,wpa_supplicant/p2p_supplicant.c,8552,FP,"`cfg = os_zalloc(sizeof(*cfg))` -- sizeof(*ptr) is not evaluated, not a dereference (confirmed idiom)",41plus_b57,high
MSC01-C,hostap,wpa_supplicant/p2p_supplicant.c,8558,FP,"if/else-if guard-clause pedantry, no final else needed (confirmed pattern)",41plus_b57,high
DCL30-C,hostap,wpa_supplicant/p2p_supplicant.c,8582,FP,"group points to the heap object returned by p2p_group_init, not automatic/stack storage (confirmed DCL30-C local-variable-vs-local-storage FP pattern)",41plus_b57,high
MSC04-C,hostap,wpa_supplicant/p2p_supplicant.c,8586,FP,"structural cycle through WPS success dispatch; gated by provisioning-state flags, not unbounded runtime recursion",41plus_b57,med
MSC01-C,hostap,wpa_supplicant/p2p_supplicant.c,8624,FP,"if/else-if guard-clause pedantry, no final else needed (confirmed pattern)",41plus_b57,high
API00-C,hostap,wpa_supplicant/p2p_supplicant.c,8647,FP,internal event callback; fail always populated by the WPS event layer,41plus_b57,med
EXP34-C,hostap,wpa_supplicant/p2p_supplicant.c,8729,FP,os_free() explicitly NULL-checks internally (src/utils/os_unix.c:770); confirmed os_free(NULL)-is-safe FP class,41plus_b57,high
MEM30-C,hostap,wpa_supplicant/p2p_supplicant.c,8751,FP,"this free is in a separate, mutually-exclusive early-return branch from the :8729 free; each returns immediately (confirmed mutually-exclusive-branch FP pattern)",41plus_b57,high
MEM30-C,hostap,wpa_supplicant/p2p_supplicant.c,8755,FP,reached only when neither earlier os_free(p2ps_prov)+return branch executed; p2ps_prov is not freed on this path (confirmed mutually-exclusive-branch FP pattern),41plus_b57,high
API00-C,hostap,wpa_supplicant/p2p_supplicant.c,8761,FP,"thin forwarding wrapper to p2p_scan_result_text; no direct dereference here, internal-only API",41plus_b57,med
API00-C,hostap,wpa_supplicant/p2p_supplicant.c,8761,FP,"thin forwarding wrapper to p2p_scan_result_text; no direct dereference here, internal-only API",41plus_b57,med
API00-C,hostap,wpa_supplicant/p2p_supplicant.c,8761,FP,"thin forwarding wrapper to p2p_scan_result_text; no direct dereference here, internal-only API",41plus_b57,med
API05-C,hostap,wpa_supplicant/p2p_supplicant.c,8761,FP,"API05-C confirmed FP: idiomatic buf/end pointer-pair convention conveys bound via subtraction, not a real conformant-array gap",41plus_b58,high
API05-C,hostap,wpa_supplicant/p2p_supplicant.c,8762,FP,"Same buf/end pair idiom, companion to prior finding",41plus_b58,high
MEM30-C,hostap,wpa_supplicant/p2p_supplicant.c,8776,FP,MEM30-C conflates 'wpas_p2p_free_send_action_work' freeing a nested awork/work struct with freeing wpa_s itself (verified: function only os_free()s awork and NULLs wpa_s->p2p_send_action_work); matches confirmed 'helper frees sub-fields of *ptr' MEM30-C pattern,41plus_b58,high
MEM30-C,hostap,wpa_supplicant/p2p_supplicant.c,8778,FP,eloop_cancel_timeout(...) does not free wpa_s; same name-heuristic conflation as prior,41plus_b58,high
MEM30-C,hostap,wpa_supplicant/p2p_supplicant.c,8781,FP,offchannel_send_action_done(wpa_s) does not free wpa_s; same conflation,41plus_b58,high
MEM30-C,hostap,wpa_supplicant/p2p_supplicant.c,8785,FP,offchannel_clear_pending_action_tx(wpa_s) does not free wpa_s; same conflation,41plus_b58,high
API00-C,hostap,wpa_supplicant/p2p_supplicant.c,8789,FP,"API00-C mostly-FP-on-internal-API pattern: dev_id only used internally, never NULL at real call sites",41plus_b58,med
DCL13-C,hostap,wpa_supplicant/p2p_supplicant.c,8819,FP,"DCL13-C dispatch-contract FP: wpas_p2p_scan_res_ignore_search is assigned to wpa_s->scan_res_handler (line 8853), pinned by that vtable typedef",41plus_b58,high
DCL13-C,hostap,wpa_supplicant/p2p_supplicant.c,8866,FP,DCL13-C eloop_timeout_handler dispatch-contract FP: timeout_ctx is the fixed void* param of the eloop callback typedef,41plus_b58,high
INT18-C,hostap,wpa_supplicant/p2p_supplicant.c,8910,FP,"INT18-C claims smaller-type-before-larger-type overflow, but timeout and wpa_s->max_remain_on_chan are both unsigned int - no type-width mismatch exists as the message describes",41plus_b58,med
API00-C,hostap,wpa_supplicant/p2p_supplicant.c,8920,FP,"API00-C internal-API pattern: buf always supplied by internal callers building association req IEs, never NULL in practice",41plus_b58,med
DCL13-C,hostap,wpa_supplicant/p2p_supplicant.c,8920,TP,"wpa_s is read-only throughout wpas_p2p_assoc_req_ie (only field reads, no field writes, not forwarded to any vtable slot) - genuine low-severity const opportunity",41plus_b58,med
MEM10-C,hostap,wpa_supplicant/p2p_supplicant.c,8936,FP,MEM10-C stylistic pattern: fires on any plain if(ptr==NULL) guard,41plus_b58,high
API00-C,hostap,wpa_supplicant/p2p_supplicant.c,8948,FP,"API00-C internal-API pattern: wpas_p2p_probe_req_rx params always supplied by driver RX dispatch, not NULL-checked anywhere in codebase",41plus_b58,med
API00-C,hostap,wpa_supplicant/p2p_supplicant.c,8948,FP,"API00-C internal-API pattern: wpas_p2p_probe_req_rx params always supplied by driver RX dispatch, not NULL-checked anywhere in codebase",41plus_b58,med
API00-C,hostap,wpa_supplicant/p2p_supplicant.c,8948,FP,"API00-C internal-API pattern: wpas_p2p_probe_req_rx params always supplied by driver RX dispatch, not NULL-checked anywhere in codebase",41plus_b58,med
API00-C,hostap,wpa_supplicant/p2p_supplicant.c,8948,FP,"API00-C internal-API pattern: wpas_p2p_probe_req_rx params always supplied by driver RX dispatch, not NULL-checked anywhere in codebase",41plus_b58,med
API00-C,hostap,wpa_supplicant/p2p_supplicant.c,8975,FP,API00-C internal-API pattern: wpas_p2p_rx_action params supplied by driver RX dispatch,41plus_b58,med
API00-C,hostap,wpa_supplicant/p2p_supplicant.c,8975,FP,API00-C internal-API pattern: wpas_p2p_rx_action params supplied by driver RX dispatch,41plus_b58,med
API00-C,hostap,wpa_supplicant/p2p_supplicant.c,8975,FP,API00-C internal-API pattern: wpas_p2p_rx_action params supplied by driver RX dispatch,41plus_b58,med
DCL13-C,hostap,wpa_supplicant/p2p_supplicant.c,8975,TP,"wpa_s only read in wpas_p2p_rx_action (wpa_s->global->p2p_disabled/p2p checks); wpa_s itself never forwarded to p2p_rx_action, genuine const opportunity",41plus_b58,med
API00-C,hostap,wpa_supplicant/p2p_supplicant.c,8989,FP,API00-C internal-API pattern: ies param of wpas_p2p_scan_ie always internally supplied,41plus_b58,med
API00-C,hostap,wpa_supplicant/p2p_supplicant.c,9027,FP,"API00-C internal-API pattern: go_dev_addr optional/internal, not checked anywhere else in this call family either",41plus_b58,med
ENV01-C,hostap,wpa_supplicant/p2p_supplicant.c,9037,FP,"ENV01-C wholesale misfire: pref_freq_list is 'struct weighted_pcl pref_freq_list[P2P_MAX_PREF_CHANNELS]', a fixed macro-sized array; no getenv() anywhere in file - matches confirmed ENV01-C fixed-array misfire class",41plus_b58,high
MEM10-C,hostap,wpa_supplicant/p2p_supplicant.c,9075,FP,MEM10-C stylistic pattern,41plus_b58,high
API00-C,hostap,wpa_supplicant/p2p_supplicant.c,9149,FP,API00-C internal-API pattern: go_dev_addr optional param,41plus_b58,med
MSC13-C,hostap,wpa_supplicant/p2p_supplicant.c,9155,TP,MSC13-C genuine dead default: bssid=NULL is unconditionally overwritten on both if/else branches (lines 9193/9204) before any use - matches confirmed 'dead NULL/default init always reassigned' TP class,41plus_b58,med
MSC13-C,hostap,wpa_supplicant/p2p_supplicant.c,9158,TP,Same shape: freq=0 unconditionally overwritten on both branches before use,41plus_b58,med
ENV01-C,hostap,wpa_supplicant/p2p_supplicant.c,9160,FP,"ENV01-C wholesale misfire on fixed macro-sized pref_freq_list array, same as finding 23",41plus_b58,high
MEM10-C,hostap,wpa_supplicant/p2p_supplicant.c,9174,FP,MEM10-C stylistic pattern,41plus_b58,high
MEM10-C,hostap,wpa_supplicant/p2p_supplicant.c,9194,FP,MEM10-C stylistic pattern,41plus_b58,high
MEM05-C,hostap,wpa_supplicant/p2p_supplicant.c,9239,FP,"MEM05-C misfire: 'u8 ip[3*4]' is a fixed compile-time-constant-sized array, not a VLA - matches confirmed ENV01-C/MEM05-C fixed-array misfire class",41plus_b58,high
DCL13-C,hostap,wpa_supplicant/p2p_supplicant.c,9334,TP,"wpa_s read-only in wpas_p2p_ext_listen (only field reads, forwards wpa_s->global->p2p not wpa_s itself)",41plus_b58,med
DCL13-C,hostap,wpa_supplicant/p2p_supplicant.c,9344,TP,wpa_s read-only in wpas_p2p_is_client,41plus_b58,med
DCL13-C,hostap,wpa_supplicant/p2p_supplicant.c,9359,FP,DCL13-C eloop_timeout_handler dispatch-contract FP: timeout_ctx of wpas_p2p_group_idle_timeout,41plus_b58,high
MSC04-C,hostap,wpa_supplicant/p2p_supplicant.c,9432,TP,"MSC04-C: genuine deep indirect-recursion cycle exists in the call graph (wpas_p2p_deauth_notif -> ... -> wpas_p2p_disconnect_safely, which has a direct non-deferred call path back into wpas_p2p_disconnect at p2p_supplicant.c:618); real structural complexity risk even though per-hop guard conditions make an actual stack blowup unlikely in practice",41plus_b58,low
DCL13-C,hostap,wpa_supplicant/p2p_supplicant.c,9459,TP,wpa_s read-only in wpas_p2p_disassoc_notif,41plus_b58,med
INT32-C,hostap,wpa_supplicant/p2p_supplicant.c,9557,FP,"INT32-C signed-overflow claim is wrong: 'r' is declared 'unsigned int r' (line 9540), and (r%3)*5+1 is bounded to [1,11] regardless - matches the confirmed 'rule mis-detects declared-unsigned variable as signed' type-detection-bug class",41plus_b58,high
INT32-C,hostap,wpa_supplicant/p2p_supplicant.c,9557,FP,"Same: r is unsigned int, (r%3)*5 bounded to [0,10], no overflow possible",41plus_b58,high
EXP33-C,hostap,wpa_supplicant/p2p_supplicant.c,9557,FP,"EXP33-C false uninitialized-use: 'r' is written through the pointer by os_get_random((u8*)&r, sizeof(r)) on the preceding line, and channel=1+(r%3)*5 only executes in the else-branch taken when that call succeeded - rule doesn't track writes-through-address-of-pointer-arg as initializing r, same class as the wps_parse_msg/os_get_random output-param family",41plus_b58,high
INT10-C,hostap,wpa_supplicant/p2p_supplicant.c,9557,FP,"INT10-C modulo-signed-operand claim is wrong: r is unsigned int, % on unsigned is fully defined, no negative-remainder concern",41plus_b58,high
MSC13-C,hostap,wpa_supplicant/p2p_supplicant.c,9568,TP,MSC13-C genuine dead default: int ret=0 (line 9568) is unconditionally overwritten by ret=p2p_set_oper_channel(...) before any read - matches confirmed dead-init TP class,41plus_b58,med
INT32-C,hostap,wpa_supplicant/p2p_supplicant.c,9584,FP,"Same r-is-unsigned INT32-C false-overflow class as finding 37/38, 2nd instance (op_channel branch)",41plus_b58,high
INT32-C,hostap,wpa_supplicant/p2p_supplicant.c,9584,FP,Same,41plus_b58,high
INT10-C,hostap,wpa_supplicant/p2p_supplicant.c,9584,FP,"Same r-is-unsigned INT10-C false-signed-modulo class as finding 40, 2nd instance",41plus_b58,high
DCL13-C,hostap,wpa_supplicant/p2p_supplicant.c,9612,TP,wpa_s read-only in wpas_p2p_set_noa (only wpa_s->ap_iface read),41plus_b58,med
DCL13-C,hostap,wpa_supplicant/p2p_supplicant.c,9651,TP,"uplink read-only in wpas_p2p_enable_cross_connect (only uplink->global/->ifname read; mutations are on the iterated 'iface' variable, not uplink)",41plus_b58,med
DCL13-C,hostap,wpa_supplicant/p2p_supplicant.c,9677,TP,"uplink read-only in wpas_p2p_disable_cross_connect, same shape",41plus_b58,med
API00-C,hostap,wpa_supplicant/p2p_supplicant.c,9698,FP,API00-C internal-API pattern: wpas_p2p_notif_connected always called with a valid wpa_s from the supplicant core event path,41plus_b58,med
API00-C,hostap,wpa_supplicant/p2p_supplicant.c,9712,FP,API00-C internal-API pattern: wpas_p2p_notif_disconnected same shape,41plus_b58,med
ARR01-C,hostap,wpa_supplicant/p2p_supplicant.c,9741,FP,"ARR01-C misclassification: sizeof(wpa_s->cross_connect_uplink) is sizeof of a genuine fixed-size struct MEMBER array reached via '->' - member arrays retain full array type through pointer-member access, nothing decayed; matches confirmed ARR01-C member-array misclassification family",41plus_b58,high
DCL13-C,hostap,wpa_supplicant/p2p_supplicant.c,9776,FP,DCL13-C eloop_timeout_handler dispatch-contract FP: timeout_ctx of wpas_p2p_pbc_overlap_cb,41plus_b58,high
MSC13-C,hostap,wpa_supplicant/p2p_supplicant.c,9787,TP,MSC13-C genuine dead default: 'freqs = NULL' (line 9787) is unconditionally overwritten by os_calloc() on the very next executed statement with no intervening read,41plus_b58,med
DCL13-C,hostap,wpa_supplicant/p2p_supplicant.c,9824,FP,"DCL13-C dispatch-contract FP: wpas_p2p_scan_res_ignore is assigned to wpa_s->scan_res_handler (line 9856), pinned by the scan_res_handler vtable typedef",41plus_b58,high
DCL13-C,hostap,wpa_supplicant/p2p_supplicant.c,9825,FP,"Same dispatch-contract FP, scan_res param of the same vtable-pinned function",41plus_b58,high
API00-C,hostap,wpa_supplicant/p2p_supplicant.c,9831,FP,API00-C internal-API pattern: wpas_p2p_cancel always called with the owning wpa_s,41plus_b58,med
MSC01-C,hostap,wpa_supplicant/p2p_supplicant.c,9887,FP,MSC01-C deliberate guard-clause FP: if/else-if inside the for-loop body correctly does nothing (continues loop) when neither branch's condition holds - matches confirmed no-final-else stylistic-pedantry class,41plus_b58,high
MSC04-C,hostap,wpa_supplicant/p2p_supplicant.c,9905,TP,"MSC04-C structural indirect recursion, same call-graph family as finding 35",41plus_b58,low
API00-C,hostap,wpa_supplicant/p2p_supplicant.c,9916,FP,API00-C internal-API pattern,41plus_b58,med
DCL13-C,hostap,wpa_supplicant/p2p_supplicant.c,9916,TP,wpa_s read-only in wpas_p2p_update_best_channels (only wpa_s->global->p2p read),41plus_b58,med
API00-C,hostap,wpa_supplicant/p2p_supplicant.c,9926,FP,API00-C internal-API pattern,41plus_b58,med
DCL13-C,hostap,wpa_supplicant/p2p_supplicant.c,9926,TP,wpa_s read-only in wpas_p2p_unauthorize (only wpa_s->global->p2p read),41plus_b58,med
MSC04-C,hostap,wpa_supplicant/p2p_supplicant.c,9952,TP,"MSC04-C structural indirect recursion; wpas_p2p_disconnect is itself the re-entry point of the cycle documented at finding 35/57, and wpas_p2p_disconnect_safely (p2p_supplicant.c:601-619) has a genuine direct (non-deferred) call path back into it",41plus_b58,low
MEM10-C,hostap,wpa_supplicant/p2p_supplicant.c,9955,FP,MEM10-C stylistic pattern,41plus_b58,high
MSC01-C,hostap,wpa_supplicant/p2p_supplicant.c,9984,FP,MSC01-C deliberate guard-clause FP: if/else-if leaves 'ret' at its already-correct default (from p2p_in_progress()) when neither condition holds,41plus_b58,high
API00-C,hostap,wpa_supplicant/p2p_supplicant.c,10008,FP,API00-C internal-API pattern,41plus_b58,med
API00-C,hostap,wpa_supplicant/p2p_supplicant.c,10008,FP,API00-C internal-API pattern: ssid always supplied by the config-removal callsite,41plus_b58,med
DCL13-C,hostap,wpa_supplicant/p2p_supplicant.c,10008,TP,wpa_s read-only in wpas_p2p_network_removed,41plus_b58,med
DCL13-C,hostap,wpa_supplicant/p2p_supplicant.c,10009,TP,ssid read-only in wpas_p2p_network_removed (only ssid->p2p_group read),41plus_b58,med
API00-C,hostap,wpa_supplicant/p2p_supplicant.c,10030,FP,API00-C internal-API pattern,41plus_b58,med
DCL13-C,hostap,wpa_supplicant/p2p_supplicant.c,10030,TP,wpa_s read-only in wpas_p2p_get_persistent (only wpa_s->conf->ssid read),41plus_b58,med
MEM10-C,hostap,wpa_supplicant/p2p_supplicant.c,10044,FP,MEM10-C stylistic pattern,41plus_b58,high
DCL30-C,hostap,wpa_supplicant/p2p_supplicant.c,10046,FP,"DCL30-C confuses local pointer *variable* 's' with local *storage*: 's' walks wpa_s->conf->ssid, a persistent config linked list, not stack/automatic storage - matches confirmed DCL30-C variable-vs-storage-duration confusion class",41plus_b58,high
DCL30-C,hostap,wpa_supplicant/p2p_supplicant.c,10050,FP,"Same DCL30-C confusion, 2nd return of the same 's'",41plus_b58,high
DCL30-C,hostap,wpa_supplicant/p2p_supplicant.c,10056,FP,"Same DCL30-C confusion, 3rd return of the same 's'",41plus_b58,high
DCL13-C,hostap,wpa_supplicant/p2p_supplicant.c,10065,TP,"wpa_s read-only in wpas_p2p_store_client_identity (only field reads, e.g. wpa_s->ap_iface, wpa_s->p2p2)",41plus_b58,med
API00-C,hostap,wpa_supplicant/p2p_supplicant.c,10111,FP,API00-C internal-API pattern,41plus_b58,med
MEM10-C,hostap,wpa_supplicant/p2p_supplicant.c,10152,FP,MEM10-C stylistic pattern,41plus_b58,high
MSC04-C,hostap,wpa_supplicant/p2p_supplicant.c,10160,TP,"MSC04-C structural indirect recursion, same call-graph family as findings 35/57/62",41plus_b58,low
MSC04-C,hostap,wpa_supplicant/p2p_supplicant.c,10190,TP,"MSC04-C structural indirect recursion, same call-graph family",41plus_b58,low
API00-C,hostap,wpa_supplicant/p2p_supplicant.c,10265,FP,API00-C internal-API pattern,41plus_b58,med
API00-C,hostap,wpa_supplicant/p2p_supplicant.c,10265,FP,API00-C internal-API pattern: mac_addr always supplied by the driver new-PSK callback,41plus_b58,med
EXP33-C,hostap,wpa_supplicant/p2p_supplicant.c,10273,FP,"EXP33-C non-evaluated-context misfire: 'psk_len != sizeof(p->psk)' only computes sizeof of p's pointee type, never evaluates/dereferences the still-uninitialized pointer p - matches the confirmed sizeof(*ptr)/sizeof(ptr->member) non-evaluated-context FP class",41plus_b58,high
EXP30-C,hostap,wpa_supplicant/p2p_supplicant.c,10277,FP,EXP30-C side-effect-free macro-arg misfire: MAC2STR(mac_addr)/MAC2STR(p2p_dev_addr) are pure array-index reads with no side effects to unsequence - matches confirmed EXP30-C logging-macro-arg FP class,41plus_b58,high
EXP45-C,hostap,wpa_supplicant/p2p_supplicant.c,10332,FP,"EXP45-C misfire despite the code already applying the standard double-parenthesization mitigation: '(last = dl_list_last(...))' is wrapped in its own parens inside the && chain, the literal CERT-recommended signal that the assignment is deliberate - matches confirmed EXP45-C already-parenthesized FP class",41plus_b58,high
EXP34-C,hostap,wpa_supplicant/p2p_supplicant.c,10336,FP,EXP34-C misfire: 'last' is only dereferenced inside the if-block whose && condition already proved '(last = dl_list_last(...))' truthy (non-NULL) via short-circuit evaluation before entering the block,41plus_b58,high
API00-C,hostap,wpa_supplicant/p2p_supplicant.c,10424,FP,API00-C internal-API pattern,41plus_b58,med
DCL13-C,hostap,wpa_supplicant/p2p_supplicant.c,10448,FP,DCL13-C eloop_timeout_handler dispatch-contract FP: timeout_ctx of wpas_p2p_psk_failure_removal,41plus_b58,high
DCL13-C,hostap,wpa_supplicant/p2p_supplicant.c,10455,FP,DCL13-C eloop_timeout_handler dispatch-contract FP: timeout_ctx of wpas_p2p_group_freq_conflict,41plus_b58,high
API00-C,hostap,wpa_supplicant/p2p_supplicant.c,10464,FP,API00-C internal-API pattern,41plus_b58,med
DCL13-C,hostap,wpa_supplicant/p2p_supplicant.c,10464,TP,"wpa_s read-only in wpas_p2p_handle_frequency_conflicts (only compared via == with iface, never assigned)",41plus_b58,med
MEM10-C,hostap,wpa_supplicant/p2p_supplicant.c,10568,FP,MEM10-C stylistic pattern,41plus_b58,high
DCL30-C,hostap,wpa_supplicant/p2p_supplicant.c,10604,FP,"DCL30-C confuses local pointer variable 'ret' (struct wpabuf *) with local storage: ret is heap-allocated via wpabuf_alloc()/returned from wps_build_nfc_handover_req_p2p, not stack storage - same confirmed DCL30-C class as findings 72-74",41plus_b58,high
DCL13-C,hostap,wpa_supplicant/p2p_supplicant.c,10608,TP,wpa_s read-only in wpas_p2p_cli_freq (only wpa_s->global->ifaces read),41plus_b58,med
EXP33-C,hostap,wpa_supplicant/p2p_supplicant.c,10661,FP,"EXP33-C false uninitialized-use: 'ssid' is passed as '&ssid' to wpas_p2p_cli_freq, which unconditionally writes through it (either *ssid=NULL default, or *ssid=iface->current_ssid on match) before this use - rule doesn't track writes-through-pointer-out-param as initializing the caller's local",41plus_b58,high
EXP33-C,hostap,wpa_supplicant/p2p_supplicant.c,10696,FP,"Same output-param write-through-pointer FP, wpas_p2p_nfc_handover_sel",41plus_b58,high
DCL13-C,hostap,wpa_supplicant/p2p_supplicant.c,10704,TP,params read-only in wpas_p2p_nfc_join_group (only params->go_freq/go_ssid* read),41plus_b58,med
DCL13-C,hostap,wpa_supplicant/p2p_supplicant.c,10733,TP,params read-only in wpas_p2p_nfc_auth_join (only params->peer fields read),41plus_b58,med
MEM10-C,hostap,wpa_supplicant/p2p_supplicant.c,10750,FP,MEM10-C stylistic pattern,41plus_b58,high
EXP33-C,hostap,wpa_supplicant/p2p_supplicant.c,10782,FP,"EXP33-C 'may be used uninitialized' misfire: the post-loop use of ssid at line 10782 is only reached when the preceding for-loop exited via 'break' (guarded by 'if (wpa_s==NULL) return -1;'), and ssid is always assigned in the very same iteration that breaks - rule doesn't correlate the break-exit path with the loop-body assignment that always precedes it",41plus_b58,high
DCL13-C,hostap,wpa_supplicant/p2p_supplicant.c,10797,TP,params read-only in wpas_p2p_nfc_init_go_neg,41plus_b58,med
DCL13-C,hostap,wpa_supplicant/p2p_supplicant.c,10813,TP,params read-only in wpas_p2p_nfc_resp_go_neg,41plus_b58,med
EXP30-C,hostap,wpa_supplicant/p2p_supplicant.c,10914,FP,EXP30-C side-effect-free-args misfire: two MAC2STR() pure-read macro expansions plus one wpa_ssid_txt() pure accessor call as sibling wpa_msg() arguments - no shared-state side effects to unsequence,41plus_b58,high
API00-C,hostap,wpa_supplicant/p2p_supplicant.c,11007,FP,API00-C internal-API pattern,41plus_b58,med
EXP30-C,hostap,wpa_supplicant/p2p_supplicant.c,11029,FP,EXP30-C pure-accessor-args misfire: wpabuf_head(req)/wpabuf_len(req) are read-only accessors with zero side effects - matches confirmed EXP30-C pure-accessor FP class,41plus_b58,high
EXP30-C,hostap,wpa_supplicant/p2p_supplicant.c,11031,FP,"Same pure-accessor-args misfire, wpabuf_head(sel)/wpabuf_len(sel)",41plus_b58,high
MEM30-C,hostap,wpa_supplicant/p2p_supplicant.c,11091,FP,MEM30-C reassign-then-check misfire: wpa_s->p2p_oob_dev_pw is freed at line 11089 then unconditionally REASSIGNED via wpabuf_dup() at line 11090 before the NULL-check at 11091 reads it - matches confirmed MEM30-C reassign-doesn't-clear-freed-state class,41plus_b58,high
EXP33-C,hostap,wpa_supplicant/p2p_supplicant.c,11127,FP,"EXP33-C misfire: 'hapd' (declared line 11127) is unconditionally assigned at line 11130 as the very next statement after the loop's only guard, with no read in between - not actually reachable uninitialized on any path",41plus_b58,high
MEM31-C,hostap,wpa_supplicant/p2p_supplicant.c,11133,FP,"MEM31-C false leak on a struct-field allocation whose lifetime is tied to hapd->conf (freed by the wpabuf_free() immediately preceding the reassignment on the next NFC-enable call, or by hapd->conf's own destructor) - matches confirmed 'struct-field allocation lifetime tied to enclosing heap object' MEM31-C FP sub-pattern",41plus_b58,high
MEM31-C,hostap,wpa_supplicant/p2p_supplicant.c,11136,FP,"Same struct-field long-lived-storage FP, hapd->conf->wps_nfc_dh_privkey",41plus_b58,high
MEM31-C,hostap,wpa_supplicant/p2p_supplicant.c,11139,FP,"Same struct-field long-lived-storage FP, hapd->conf->wps_nfc_dev_pw",41plus_b58,high
MEM31-C,hostap,wpa_supplicant/p2p_supplicant.c,11151,FP,Same: 'not freed before return' at the loop's end is not a leak - ownership was transferred into the persistent hapd->conf struct field,41plus_b58,high
MEM31-C,hostap,wpa_supplicant/p2p_supplicant.c,11151,FP,"Same reasoning, dh_pubkey field",41plus_b58,high
MEM31-C,hostap,wpa_supplicant/p2p_supplicant.c,11151,FP,"Same reasoning, dev_pw field",41plus_b58,high
DCL13-C,hostap,wpa_supplicant/p2p_supplicant.c,11158,TP,freqs read-only param in wpas_p2p_optimize_listen_channel (only freqs[i] indexed/read),41plus_b58,med
DCL13-C,hostap,wpa_supplicant/p2p_supplicant.c,11375,FP,DCL13-C eloop_timeout_handler dispatch-contract FP: timeout_ctx of wpas_p2p_move_go,41plus_b58,high
DCL13-C,hostap,wpa_supplicant/p2p_supplicant.c,11400,FP,DCL13-C eloop_timeout_handler dispatch-contract FP: timeout_ctx of wpas_p2p_reconsider_moving_go,41plus_b58,high
MSC13-C,hostap,wpa_supplicant/p2p_supplicant.c,11403,TP,MSC13-C genuine dead default: 'freqs = NULL' (line 11403) unconditionally overwritten by os_calloc() on the next statement before any read,41plus_b58,med
DCL13-C,hostap,wpa_supplicant/p2p_supplicant.c,11432,TP,freqs read-only param in wpas_p2p_consider_moving_one_go,41plus_b58,med
MSC13-C,hostap,wpa_supplicant/p2p_supplicant.c,11435,TP,MSC13-C genuine dead default: 'invalid_freq = 0' at declaration (line 11435) is immediately re-initialized to 0 again at the for-loop header (line 11445) with no intervening read,41plus_b58,med
MSC01-C,hostap,wpa_supplicant/p2p_supplicant.c,11471,FP,MSC01-C deliberate guard-clause FP: leaves policy_move at its already-correct default of 0 when neither condition holds,41plus_b58,high
MSC01-C,hostap,wpa_supplicant/p2p_supplicant.c,11476,FP,"MSC01-C deliberate guard-clause FP: same inner if/else-if, no-op default is correct",41plus_b58,high
MSC04-C,hostap,wpa_supplicant/p2p_supplicant.c,11597,TP,"MSC04-C structural indirect recursion, same call-graph family as findings 35/57/62/78/79",41plus_b58,low
API00-C,hostap,wpa_supplicant/p2p_supplicant.c,11607,FP,API00-C internal-API pattern,41plus_b58,med
INT14-C,hostap,wpa_supplicant/p2p_supplicant.c,11632,FP,INT14-C conflates the base identifier 'wpa_s' with a bitwise op on the derived field wpa_s->drv_flags and an unrelated arithmetic op elsewhere in the function (e.g. wpa_s->conf->num_sec_device_types+1) - matches confirmed INT14-C struct-pointer/field conflation class,41plus_b58,high
EXP30-C,hostap,wpa_supplicant/p2p_supplicant.c,11660,FP,"EXP30-C pure-accessor-args misfire: wpabuf_mhead_u8(buf)/wpabuf_len(buf) are read-only accessors, matches confirmed pure-accessor FP class",41plus_b58,high
DCL13-C,hostap,wpa_supplicant/p2p_supplicant.c,11698,TP,wpa_s read-only in wpas_p2p_usd_elems (only wpa_s->global->p2p read),41plus_b58,med
API00-C,hostap,wpa_supplicant/p2p_supplicant.c,11710,FP,API00-C internal-API pattern,41plus_b58,med
API00-C,hostap,wpa_supplicant/p2p_supplicant.c,11710,FP,API00-C internal-API pattern,41plus_b58,med
DCL13-C,hostap,wpa_supplicant/p2p_supplicant.c,11710,TP,wpa_s read-only in wpas_p2p_process_usd_elems,41plus_b58,med
API00-C,hostap,wpa_supplicant/p2p_supplicant.c,11724,FP,API00-C internal-API pattern,41plus_b58,med
API00-C,hostap,wpa_supplicant/p2p_supplicant.c,11740,FP,API00-C internal-API pattern,41plus_b58,med
DCL13-C,hostap,wpa_supplicant/p2p_supplicant.c,11740,TP,wpa_s read-only in wpas_p2p_pasn_auth_tx_status,41plus_b58,med
API00-C,hostap,wpa_supplicant/p2p_supplicant.c,11756,FP,API00-C internal-API pattern: ptk is an out-param always supplied by the caller,41plus_b58,med
API00-C,hostap,wpa_supplicant/p2p_supplicant.c,11756,FP,API00-C internal-API pattern: ptk_len likewise,41plus_b58,med
DCL13-C,hostap,wpa_supplicant/p2p_supplicant.c,11756,TP,wpa_s read-only in wpas_p2p_get_pasn_ptk,41plus_b58,med
API00-C,hostap,wpa_supplicant/p2p_supplicant.c,11770,FP,API00-C internal-API pattern,41plus_b58,med
DCL13-C,hostap,wpa_supplicant/p2p_supplicant.c,11770,TP,wpa_s read-only in wpas_p2p_get_dira,41plus_b58,med
API05-C,hostap,wpa_supplicant/p2p_supplicant.c,11770,FP,"API05-C misfire on the standard pointer+size idiom: 'char *buf, size_t buf_len' - matches confirmed API05-C companion-size-param FP class",41plus_b58,high
API00-C,hostap,wpa_supplicant/p2p_supplicant.c,11780,FP,API00-C internal-API pattern,41plus_b58,med
API00-C,hostap,wpa_supplicant/p2p_supplicant.c,11793,FP,API00-C internal-API pattern,41plus_b58,med
DCL13-C,hostap,wpa_supplicant/p2p_supplicant.c,11793,TP,"DCL13-C real opportunity: wpa_s's own fields are never assigned; writes go through wpa_s->global->p2p_dev_addr, a non-const pointer field reachable even from a const wpa_s",41plus_b58,med
DCL13-C,hostap,wpa_supplicant/p2p_supplicant.c,11800,TP,"wpa_s read-only in wpas_p2p_set_disabled (only field reads plus wpa_s->global forwarded, wpa_s's own fields never written)",41plus_b58,med
API00-C,hostap,wpa_supplicant/p2p_supplicant.c,11844,FP,API00-C internal-API pattern,41plus_b58,med
API00-C,hostap,wpa_supplicant/wpa_supplicant.c,143,FP,"wpa_s param: internal-only-API FP class, never externally nullable.",41plus_b59,high
API00-C,hostap,wpa_supplicant/wpa_supplicant.c,143,FP,"ssid param: internal-only-API FP class, always caller-supplied configured ssid.",41plus_b59,high
DCL13-C,hostap,wpa_supplicant/wpa_supplicant.c,143,TP,"ssid only read (wep_key/wep_tx_keyidx), never modified; genuine const opportunity.",41plus_b59,med
API00-C,hostap,wpa_supplicant/wpa_supplicant.c,165,FP,internal-only-API FP class.,41plus_b59,high
DCL13-C,hostap,wpa_supplicant/wpa_supplicant.c,166,TP,"ssid only read (mode, psk_set, psk), never modified.",41plus_b59,med
DCL13-C,hostap,wpa_supplicant/wpa_supplicant.c,223,FP,eloop callback const-param FP class: signature matches eloop_timeout_handler typedef.,41plus_b59,high
API00-C,hostap,wpa_supplicant/wpa_supplicant.c,275,FP,wpa_s: internal-only-API FP class.,41plus_b59,high
API00-C,hostap,wpa_supplicant/wpa_supplicant.c,275,FP,"sec_diff overflow variant: internal-only-API, no realistic overflow path for a small seconds delta.",41plus_b59,high
API00-C,hostap,wpa_supplicant/wpa_supplicant.c,406,FP,internal-only-API FP class.,41plus_b59,high
DCL13-C,hostap,wpa_supplicant/wpa_supplicant.c,407,TP,"ssid only read (key_mgmt, wep_key_len), never modified.",41plus_b59,med
MSC01-C,hostap,wpa_supplicant/wpa_supplicant.c,441,FP,"guard-clause no-final-else FP class: no WEP key set means loop simply continues, no action needed.",41plus_b59,high
EXP33-C,hostap,wpa_supplicant/wpa_supplicant.c,494,FP,"dl_list_for_each_safe's 'prev' is only an lvalue assignment target in the macro, never read uninitialized; classic list.h macro FP.",41plus_b59,high
EXP34-C,hostap,wpa_supplicant/wpa_supplicant.c,506,FP,while ((req = dl_list_first(...)) != NULL) guards req itself before the member access; established while-cond-guard FP class.,41plus_b59,high
DCL13-C,hostap,wpa_supplicant/wpa_supplicant.c,513,TP,"wpa_s only read (conf, hw_capab) in this static helper, not a callback/vtable slot.",41plus_b59,med
STR31-C,hostap,wpa_supplicant/wpa_supplicant.c,518,FP,"supp_buf is a u8 bitmask byte buffer, not a string/char array; established STR31-C misapplied-to-non-char-array class.",41plus_b59,high
DCL30-C,hostap,wpa_supplicant/wpa_supplicant.c,552,FP,"attr points to wpabuf_alloc() heap memory, not automatic storage; established local-variable-vs-heap-storage DCL30-C FP class.",41plus_b59,high
DCL13-C,hostap,wpa_supplicant/wpa_supplicant.c,557,FP,"eloop timeout callback signature (void*,void*); dispatch-contract FP class.",41plus_b59,high
EXP30-C,hostap,wpa_supplicant/wpa_supplicant.c,586,FP,wpabuf_head/wpabuf_len are pure accessors; established EXP30-C pure-accessor-args FP class.,41plus_b59,high
DCL13-C,hostap,wpa_supplicant/wpa_supplicant.c,596,FP,eloop timeout callback signature; dispatch-contract FP class.,41plus_b59,high
EXP34-C,hostap,wpa_supplicant/wpa_supplicant.c,614,FP,while ((dso = dl_list_first(...))) already guards dso before the member access.,41plus_b59,high
MEM30-C,hostap,wpa_supplicant/wpa_supplicant.c,691,FP,"No prior free of wpa_s->wpa in this function; line 691 IS the deinit call, immediately followed by NULLing at 692. Finding is factually wrong.",41plus_b59,high
MEM31-C,hostap,wpa_supplicant/wpa_supplicant.c,824,FP,wpa_s itself is never freed in this function and free_bss_tmp_disallowed() is called exactly once here; message is factually wrong.,41plus_b59,high
EXP34-C,hostap,wpa_supplicant/wpa_supplicant.c,840,FP,while ((entry = dl_list_last(...)) != NULL) already guards entry before the member access.,41plus_b59,high
MSC04-C,hostap,wpa_supplicant/wpa_supplicant.c,1016,FP,"Structural cycle exists but wpa_supplicant_start_autoscan always calls autoscan_init(wpa_s, 0) with req_scan=0, so autoscan_init's request_scan() (the recursive leg) never actually executes from this call site; guarded-cycle MSC04-C FP class.",41plus_b59,high
API00-C,hostap,wpa_supplicant/wpa_supplicant.c,1029,FP,internal-only-API FP class.,41plus_b59,high
DCL13-C,hostap,wpa_supplicant/wpa_supplicant.c,1039,FP,eloop timeout callback signature; dispatch-contract FP class.,41plus_b59,high
MSC04-C,hostap,wpa_supplicant/wpa_supplicant.c,1139,FP,"Same guarded cycle as line 1016: the only call path into wpa_supplicant_start_autoscan from set_state passes through autoscan_init(wpa_s,0), which never recurses.",41plus_b59,high
EXP30-C,hostap,wpa_supplicant/wpa_supplicant.c,1147,FP,wpa_supplicant_state_txt() is a pure switch/string-literal accessor with no side effects; pure-accessor-args FP class.,41plus_b59,high
MSC01-C,hostap,wpa_supplicant/wpa_supplicant.c,1159,FP,guard-clause no-final-else FP class: other states need no roam-time handling.,41plus_b59,high
MSC01-C,hostap,wpa_supplicant/wpa_supplicant.c,1194,FP,guard-clause no-final-else FP class inside CONFIG_P2P block.,41plus_b59,high
MSC01-C,hostap,wpa_supplicant/wpa_supplicant.c,1261,FP,guard-clause no-final-else FP class: other states need no new_connection bookkeeping.,41plus_b59,high
MSC01-C,hostap,wpa_supplicant/wpa_supplicant.c,1281,FP,guard-clause no-final-else FP class (CONFIG_BGSCAN block).,41plus_b59,high
API00-C,hostap,wpa_supplicant/wpa_supplicant.c,1330,FP,internal-only-API FP class.,41plus_b59,high
DCL13-C,hostap,wpa_supplicant/wpa_supplicant.c,1330,TP,"global only read (global->ifaces), never modified.",41plus_b59,med
EXP20-C,hostap,wpa_supplicant/wpa_supplicant.c,1337,FP,wpas_wps_terminate_pending() genuinely only ever returns 0 or 1 (verified definition); exact-1/0-contract EXP20-C FP class.,41plus_b59,high
DCL13-C,hostap,wpa_supplicant/wpa_supplicant.c,1544,TP,"ssid only read (group_cipher, pairwise_cipher) in matching_ciphers, never modified.",41plus_b59,med
API00-C,hostap,wpa_supplicant/wpa_supplicant.c,1556,FP,wpa_s: internal-only-API FP class.,41plus_b59,high
API00-C,hostap,wpa_supplicant/wpa_supplicant.c,1556,FP,ssid: internal-only-API FP class.,41plus_b59,high
API00-C,hostap,wpa_supplicant/wpa_supplicant.c,1556,FP,ie: internal-only-API FP class.,41plus_b59,high
DCL13-C,hostap,wpa_supplicant/wpa_supplicant.c,1557,TP,"ie only read (mgmt_group_cipher, capabilities), never modified.",41plus_b59,med
INT13-C,hostap,wpa_supplicant/wpa_supplicant.c,1570,TP,"sel is genuinely declared plain 'int'; bitwise & on it is a literal INT13-C match, though idiomatic/low-severity bitmask code.",41plus_b59,low
INT13-C,hostap,wpa_supplicant/wpa_supplicant.c,1574,TP,same sel int-bitmask idiom as line 1570.,41plus_b59,low
INT13-C,hostap,wpa_supplicant/wpa_supplicant.c,1578,TP,same sel int-bitmask idiom as line 1570.,41plus_b59,low
INT13-C,hostap,wpa_supplicant/wpa_supplicant.c,1582,TP,same sel int-bitmask idiom as line 1570.,41plus_b59,low
DCL13-C,hostap,wpa_supplicant/wpa_supplicant.c,1608,TP,"bss only read (ssid, ssid_len) in wpa_supplicant_get_psk, never modified.",41plus_b59,med
DCL13-C,hostap,wpa_supplicant/wpa_supplicant.c,1608,TP,"ssid only read (psk_set, psk, bssid_set, passphrase, ext_psk), never modified.",41plus_b59,med
MSC41-C,hostap,wpa_supplicant/wpa_supplicant.c,1612,FP,"""PSK (set in config)"" is a wpa_hexdump_key title/label string, not the secret itself; established MSC41-C hexdump-title FP class.",41plus_b59,high
MSC41-C,hostap,wpa_supplicant/wpa_supplicant.c,1625,FP,hexdump-title FP class.,41plus_b59,high
MEM05-C,hostap,wpa_supplicant/wpa_supplicant.c,1635,FP,"pw_str is a fixed-size 'char[64+1]' local array, not a VLA; fixed-size-array MEM05-C misfire class.",41plus_b59,high
EXP30-C,hostap,wpa_supplicant/wpa_supplicant.c,1651,FP,wpabuf_head/wpabuf_len are pure accessors; pure-accessor-args FP class.,41plus_b59,high
ARR30-C,hostap,wpa_supplicant/wpa_supplicant.c,1652,FP,"wpabuf_len(pw) is bounded <=64 by the explicit guard at line 1643 (len<8||len>64 returns -1), so index into pw_str[65] is always in range; rule misses the earlier same-function guard.",41plus_b59,high
MSC41-C,hostap,wpa_supplicant/wpa_supplicant.c,1666,FP,hexdump-title FP class.,41plus_b59,high
MSC41-C,hostap,wpa_supplicant/wpa_supplicant.c,1678,FP,hexdump-title FP class.,41plus_b59,high
MEM30-C,hostap,wpa_supplicant/wpa_supplicant.c,1689,FP,Each earlier ext_password_free(pw) call sits on its own immediately-returning branch of a mutually-exclusive if/else-if/else chain; only success paths (which don't free early) reach this line. Mutually-exclusive-branch FP class.,41plus_b59,high
EXP30-C,hostap,wpa_supplicant/wpa_supplicant.c,1867,FP,MAC2STR/wpa_ssid_txt are side-effect-free formatting accessors; pure-accessor-args FP class.,41plus_b59,high
INT32-C,hostap,wpa_supplicant/wpa_supplicant.c,1873,FP,"bss_rsn[1] is an 802.11 IE length byte, max 255; '2 + bss_rsn[1]' cannot realistically overflow int. Protocol-bounded INT32-C FP class.",41plus_b59,high
INT32-C,hostap,wpa_supplicant/wpa_supplicant.c,1874,FP,same protocol-bounded IE-length-byte class as line 1873.,41plus_b59,high
INT32-C,hostap,wpa_supplicant/wpa_supplicant.c,1885,FP,same protocol-bounded IE-length-byte class (bss_wpa[1]).,41plus_b59,high
INT32-C,hostap,wpa_supplicant/wpa_supplicant.c,1886,FP,same protocol-bounded IE-length-byte class.,41plus_b59,high
INT32-C,hostap,wpa_supplicant/wpa_supplicant.c,1969,FP,same protocol-bounded IE-length-byte class.,41plus_b59,high
INT32-C,hostap,wpa_supplicant/wpa_supplicant.c,1971,FP,same protocol-bounded IE-length-byte class.,41plus_b59,high
INT32-C,hostap,wpa_supplicant/wpa_supplicant.c,1973,FP,same protocol-bounded IE-length-byte class.,41plus_b59,high
INT32-C,hostap,wpa_supplicant/wpa_supplicant.c,1975,FP,same protocol-bounded IE-length-byte class.,41plus_b59,high
INT32-C,hostap,wpa_supplicant/wpa_supplicant.c,1977,FP,same protocol-bounded IE-length-byte class.,41plus_b59,high
INT32-C,hostap,wpa_supplicant/wpa_supplicant.c,1979,FP,same protocol-bounded IE-length-byte class.,41plus_b59,high
INT13-C,hostap,wpa_supplicant/wpa_supplicant.c,2033,TP,sel is genuinely plain int; bitwise & on it matches INT13-C literally though idiomatic.,41plus_b59,low
INT13-C,hostap,wpa_supplicant/wpa_supplicant.c,2049,TP,same sel int-bitmask idiom.,41plus_b59,low
INT13-C,hostap,wpa_supplicant/wpa_supplicant.c,2055,TP,same sel int-bitmask idiom.,41plus_b59,low
INT13-C,hostap,wpa_supplicant/wpa_supplicant.c,2061,TP,same sel int-bitmask idiom.,41plus_b59,low
INT13-C,hostap,wpa_supplicant/wpa_supplicant.c,2068,TP,same sel int-bitmask idiom.,41plus_b59,low
INT13-C,hostap,wpa_supplicant/wpa_supplicant.c,2072,TP,same sel int-bitmask idiom.,41plus_b59,low
INT13-C,hostap,wpa_supplicant/wpa_supplicant.c,2076,TP,same sel int-bitmask idiom.,41plus_b59,low
INT13-C,hostap,wpa_supplicant/wpa_supplicant.c,2080,TP,same sel int-bitmask idiom.,41plus_b59,low
INT13-C,hostap,wpa_supplicant/wpa_supplicant.c,2085,TP,same sel int-bitmask idiom.,41plus_b59,low
INT13-C,hostap,wpa_supplicant/wpa_supplicant.c,2099,TP,same sel int-bitmask idiom.,41plus_b59,low
INT13-C,hostap,wpa_supplicant/wpa_supplicant.c,2104,TP,same sel int-bitmask idiom.,41plus_b59,low
INT13-C,hostap,wpa_supplicant/wpa_supplicant.c,2108,TP,same sel int-bitmask idiom.,41plus_b59,low
INT13-C,hostap,wpa_supplicant/wpa_supplicant.c,2111,TP,same sel int-bitmask idiom.,41plus_b59,low
INT13-C,hostap,wpa_supplicant/wpa_supplicant.c,2114,TP,same sel int-bitmask idiom.,41plus_b59,low
INT13-C,hostap,wpa_supplicant/wpa_supplicant.c,2119,TP,same sel int-bitmask idiom.,41plus_b59,low
INT13-C,hostap,wpa_supplicant/wpa_supplicant.c,2123,TP,same sel int-bitmask idiom.,41plus_b59,low
INT13-C,hostap,wpa_supplicant/wpa_supplicant.c,2127,TP,same sel int-bitmask idiom.,41plus_b59,low
INT13-C,hostap,wpa_supplicant/wpa_supplicant.c,2131,TP,same sel int-bitmask idiom.,41plus_b59,low
INT13-C,hostap,wpa_supplicant/wpa_supplicant.c,2134,TP,same sel int-bitmask idiom.,41plus_b59,low
INT13-C,hostap,wpa_supplicant/wpa_supplicant.c,2137,TP,same sel int-bitmask idiom.,41plus_b59,low
INT13-C,hostap,wpa_supplicant/wpa_supplicant.c,2141,TP,same sel int-bitmask idiom.,41plus_b59,low
MSC41-C,hostap,wpa_supplicant/wpa_supplicant.c,2377,FP,"""NO_PSK_AVAILABLE"" is an error-reason code string, not a secret; MSC41-C control-flag-string misfire class.",41plus_b59,high
MSC01-C,hostap,wpa_supplicant/wpa_supplicant.c,2420,FP,switch covers idx 0-10 explicitly with *pos pre-zeroed at top; default no-op is intentional and safe. Guard-clause pedantry FP class.,41plus_b59,high
MSC07-C,hostap,wpa_supplicant/wpa_supplicant.c,2438,FP,"line 2438 is a 'case 3:' switch label, reachable when idx==3; switch-case-label-blindness variant of the goto-blindness MSC07-C FP class.",41plus_b59,high
API00-C,hostap,wpa_supplicant/wpa_supplicant.c,2516,FP,bss is already treated as nullable by the callee (wpas_ext_capab_byte checks 'if (bss && ...)'); internal-only-API class.,41plus_b59,high
EXP40-C,hostap,wpa_supplicant/wpa_supplicant.c,2519,FP,buf is a plain non-const 'u8 *buf' parameter; no const to remove. Fabricated-const EXP40-C bug class.,41plus_b59,high
DCL13-C,hostap,wpa_supplicant/wpa_supplicant.c,2553,TP,"test_bss only compared by pointer equality, never modified.",41plus_b59,med
DCL13-C,hostap,wpa_supplicant/wpa_supplicant.c,2566,TP,"wpa_s only read (wpa_s->bss list), never modified.",41plus_b59,med
DCL13-C,hostap,wpa_supplicant/wpa_supplicant.c,2567,TP,"test_ssid only compared by pointer equality, never modified.",41plus_b59,med
MEM10-C,hostap,wpa_supplicant/wpa_supplicant.c,2592,FP,stylistic ad-hoc-NULL-check FP class; the guard is present and correct.,41plus_b59,high
API00-C,hostap,wpa_supplicant/wpa_supplicant.c,2614,FP,"ssid is checked ('if (ssid &&' at 2628, 'if (!ssid)' at 2654) at every point it is dereferenced; validated-internally FP class.",41plus_b59,high
DCL13-C,hostap,wpa_supplicant/wpa_supplicant.c,2616,TP,"ssid only read (mac_value), never modified.",41plus_b59,med
MSC01-C,hostap,wpa_supplicant/wpa_supplicant.c,2631,FP,guard-clause no-final-else FP class: other cases fall through to continue normal processing.,41plus_b59,high
ARR02-C,hostap,wpa_supplicant/wpa_supplicant.c,2708,FP,default_groups[] size is exactly its 4-element initializer count; established ARR02-C exact-initializer-count FP class.,41plus_b59,high
MEM03-C,hostap,wpa_supplicant/wpa_supplicant.c,2709,FP,"password is 'const char *' aliasing ssid->sae_password/passphrase, not a local buffer owned by this function; borrowed-pointer MEM03-C FP class.",41plus_b59,high
MEM03-C,hostap,wpa_supplicant/wpa_supplicant.c,2711,FP,"password_id is a borrowed pointer alias into ssid's own field, not an owned local buffer.",41plus_b59,high
EXP34-C,hostap,wpa_supplicant/wpa_supplicant.c,2711,FP,"ssid is an internal-invariant parameter, always non-null at every call site (wpa_supplicant_associate); API00-extended-to-EXP34 FP class.",41plus_b59,high
INT33-C,hostap,wpa_supplicant/wpa_supplicant.c,2740,FP,ids->num is guarded non-zero by 'if (ids && ids->num)' on the immediately preceding line 2739; rule misses the same-block guard.,41plus_b59,high
ARR30-C,hostap,wpa_supplicant/wpa_supplicant.c,2741,FP,"'buf' here is ids->buf (struct wpabuf_array's dynamically-sized array member), conflated by sqc with an unrelated local 'buf' variable declared at line 9713 in a different function; idx is provably < ids->num from the guard above. Cross-function variable-name conflation.",41plus_b59,high
EXP34-C,hostap,wpa_supplicant/wpa_supplicant.c,2842,FP,"ssid is an internal-invariant parameter of wpa_supplicant_associate, used unconditionally throughout with no caller ever passing NULL.",41plus_b59,high
MSC01-C,hostap,wpa_supplicant/wpa_supplicant.c,2871,FP,guard-clause no-final-else FP class: no action needed when current_bss is NULL/doesn't match.,41plus_b59,high
MSC01-C,hostap,wpa_supplicant/wpa_supplicant.c,2891,FP,guard-clause no-final-else FP class: no MAC-address change needed by default.,41plus_b59,high
EXP33-C,hostap,wpa_supplicant/wpa_supplicant.c,3002,FP,sizeof(*cwork) never evaluates its operand; classic sizeof-misidentified-as-dereference FP class.,41plus_b59,high
DCL13-C,hostap,wpa_supplicant/wpa_supplicant.c,3016,TP,"bss only read (caps) in bss_is_ibss, never modified.",41plus_b59,med
DCL13-C,hostap,wpa_supplicant/wpa_supplicant.c,3023,TP,"wpa_s only read (hw.modes, hw.num_modes) in drv_supports_vht, never modified.",41plus_b59,med
DCL13-C,hostap,wpa_supplicant/wpa_supplicant.c,3065,TP,"wpa_s only read (last_scan_res, last_scan_res_used) in ibss_find_existing_bss, never modified.",41plus_b59,med
DCL13-C,hostap,wpa_supplicant/wpa_supplicant.c,3084,TP,"wpa_s only read (drv_flags, group_cipher, pairwise_cipher) in ibss_mesh_can_use_ht, never modified.",41plus_b59,med
DCL13-C,hostap,wpa_supplicant/wpa_supplicant.c,3140,TP,"wpa_s param unused/only forwarded in ibss_mesh_can_use_he, never modified.",41plus_b59,med
ARR00-C,hostap,wpa_supplicant/wpa_supplicant.c,3154,FP,"ieee80211_mode is always wpas_mode_to_ieee80211_mode(ssid->mode), a switch with a default case guaranteed to return a value within IEEE80211_MODE_NUM range; index is bounded by construction, not attacker-controlled.",41plus_b59,high
ARR30-C,hostap,wpa_supplicant/wpa_supplicant.c,3154,FP,same provably-bounded ieee80211_mode index as the ARR00-C finding on this line.,41plus_b59,high
DCL13-C,hostap,wpa_supplicant/wpa_supplicant.c,3161,TP,wpa_s param never modified in ibss_mesh_can_use_eht.,41plus_b59,med
ARR00-C,hostap,wpa_supplicant/wpa_supplicant.c,3173,FP,same provably-bounded ieee80211_mode index class.,41plus_b59,high
ARR30-C,hostap,wpa_supplicant/wpa_supplicant.c,3173,FP,same provably-bounded ieee80211_mode index class.,41plus_b59,high
ARR02-C,hostap,wpa_supplicant/wpa_supplicant.c,3190,FP,ht40plus_5ghz[] size is exactly its 16-element initializer count; exact-initializer-count ARR02-C FP class.,41plus_b59,high
ARR02-C,hostap,wpa_supplicant/wpa_supplicant.c,3194,FP,ht40plus_6ghz[] size is exactly its 29-element initializer count.,41plus_b59,high
ARR00-C,hostap,wpa_supplicant/wpa_supplicant.c,3205,FP,chan_idx is initialized to 0 in the for-loop's own init clause ('for (chan_idx = 0; ...'); not actually uninitialized. Factually wrong finding.,41plus_b59,high
CON07-C,hostap,wpa_supplicant/wpa_supplicant.c,3326,FP,"bw80/bw160/bw320 are 'static const int' arrays, read-only and never mutated anywhere; not a compound-operation-on-shared-static concern at all.",41plus_b59,high
DCL13-C,hostap,wpa_supplicant/wpa_supplicant.c,3326,TP,"wpa_s only forwarded/read (e.g. to wpa_supplicant_get_scan_results) in ibss_mesh_select_80_160mhz, never modified.",41plus_b59,low
ARR02-C,hostap,wpa_supplicant/wpa_supplicant.c,3331,FP,bw80[] size is exactly its 21-element initializer count.,41plus_b59,high
ARR02-C,hostap,wpa_supplicant/wpa_supplicant.c,3336,FP,bw160[] size is exactly its 10-element initializer count.,41plus_b59,high
ARR02-C,hostap,wpa_supplicant/wpa_supplicant.c,3340,FP,bw320[] size is exactly its 12-element initializer count.,41plus_b59,high
ARR00-C,hostap,wpa_supplicant/wpa_supplicant.c,3420,FP,same provably-bounded ieee80211_mode index class (mode->he_capab).,41plus_b59,high
ARR00-C,hostap,wpa_supplicant/wpa_supplicant.c,3443,FP,same provably-bounded ieee80211_mode index class (mode->eht_capab).,41plus_b59,high
MSC01-C,hostap,wpa_supplicant/wpa_supplicant.c,3497,FP,guard-clause no-final-else FP class: chwidth/vht_caps keep their prior values by design when freq doesn't match.,41plus_b59,high
MSC01-C,hostap,wpa_supplicant/wpa_supplicant.c,3502,FP,same guard-clause no-final-else FP class as line 3497.,41plus_b59,high
ARR00-C,hostap,wpa_supplicant/wpa_supplicant.c,3517,FP,same provably-bounded ieee80211_mode index class.,41plus_b59,high
ARR00-C,hostap,wpa_supplicant/wpa_supplicant.c,3518,FP,same provably-bounded ieee80211_mode index class.,41plus_b59,high
API00-C,hostap,wpa_supplicant/wpa_supplicant.c,3529,FP,internal-only-API FP class.,41plus_b59,high
INT00-C,hostap,wpa_supplicant/wpa_supplicant.c,3605,FP,"ie_len only grows by amounts already checked to fit within rem_len at line 3610 in the prior iteration, so 'ie_buf_len - ie_len' is a maintained loop invariant that never goes negative; rule misses the earlier same-loop guard.",41plus_b59,high
MSC09-C,hostap,wpa_supplicant/wpa_supplicant.c,3632,FP,"""\xaa\xaa\x03\x00\x00\x00"" is a raw LLC/SNAP header byte pattern, not human text; established raw-byte-pattern MSC09-C FP class.",41plus_b59,high
API00-C,hostap,wpa_supplicant/wpa_supplicant.c,3663,FP,internal-only-API FP class.,41plus_b59,high
DCL13-C,hostap,wpa_supplicant/wpa_supplicant.c,3663,TP,"wpa_s only read (drv_flags) in wpa_is_fils_supported, never modified.",41plus_b59,med
API00-C,hostap,wpa_supplicant/wpa_supplicant.c,3672,FP,internal-only-API FP class.,41plus_b59,high
MSC37-C,hostap,wpa_supplicant/wpa_supplicant.c,3672,FP,Both the #ifdef CONFIG_FILS_SK_PFS and #else branches end in an explicit return; preprocessor-branch-blind MSC37-C FP class.,41plus_b59,high
DCL13-C,hostap,wpa_supplicant/wpa_supplicant.c,3672,TP,"wpa_s only read (drv_flags) in wpa_is_fils_sk_pfs_supported, never modified.",41plus_b59,med
ARR30-C,hostap,wpa_supplicant/wpa_supplicant.c,3698,FP,"'wfa_capa' here is 'const u8 *wfa_capa' from wpa_bss_get_vendor_ie() in wpa_is_non_eht_scs_traffic_desc_supported, conflated by sqc with an unrelated local 'u8 wfa_capa[1]' array declared at line 3712 in a different function (wpas_populate_wfa_capa). Cross-function variable-name conflation.",41plus_b59,high
ARR30-C,hostap,wpa_supplicant/wpa_supplicant.c,3698,FP,same cross-function wfa_capa conflation as the other finding on this line.,41plus_b59,high
ARR30-C,hostap,wpa_supplicant/wpa_supplicant.c,3699,FP,same cross-function wfa_capa conflation.,41plus_b59,high
API00-C,hostap,wpa_supplicant/wpa_supplicant.c,3708,FP,"wpa_ie_len overflow variant: internal-only-API, bounded by a fixed max_wpa_ie_len (500) buffer contract, not attacker-controlled unbounded input.",41plus_b59,high
DCL13-C,hostap,wpa_supplicant/wpa_supplicant.c,3709,FP,"wpa_ie is written through via os_memcpy(wpa_ie + wpa_ie_len, ...) at line 3762; rule misses this write-through-pointer mutation.",41plus_b59,high
STR31-C,hostap,wpa_supplicant/wpa_supplicant.c,3712,FP,"wfa_capa[1] is a u8 bitmask byte buffer, not a string/char array; STR31-C misapplied-to-non-char-array class.",41plus_b59,high
INT30-C,hostap,wpa_supplicant/wpa_supplicant.c,3796,FP,max_wpa_ie_len starts at 500 and the added terms are small protocol-bounded constants/lengths; no realistic wraparound of a size_t. Small-bound INT30-C FP family.,41plus_b59,med
MSC01-C,hostap,wpa_supplicant/wpa_supplicant.c,3925,FP,guard-clause no-final-else FP class: algs keeps its WPA_AUTH_ALG_OPEN default when neither FILS branch applies.,41plus_b59,high
INT30-C,hostap,wpa_supplicant/wpa_supplicant.c,3958,FP,"wpa_ie_len is maintained <= max_wpa_ie_len throughout this function by construction (every append is bound-checked), so the subtraction cannot underflow.",41plus_b59,med
INT30-C,hostap,wpa_supplicant/wpa_supplicant.c,3962,FP,"res is bounded by 'len' (= max_wpa_ie_len - wpa_ie_len, already non-negative) written by wpas_p2p_assoc_req_ie, so wpa_ie_len+=res cannot exceed max_wpa_ie_len.",41plus_b59,med
INT30-C,hostap,wpa_supplicant/wpa_supplicant.c,3985,FP,"Guarded IE-builder pattern: callee writes only into remaining capacity, invariant wpa_ie_len<=max_wpa_ie_len holds.",41plus_b60,high
INT30-C,hostap,wpa_supplicant/wpa_supplicant.c,3987,FP,wpa_ie_len<=max_wpa_ie_len invariant maintained throughout builder; subtraction can't underflow.,41plus_b60,high
INT30-C,hostap,wpa_supplicant/wpa_supplicant.c,4011,FP,"This addition IS the overflow guard check itself, not an unguarded overflow site.",41plus_b60,high
INT32-C,hostap,wpa_supplicant/wpa_supplicant.c,4014,FP,pos[1] is u8 (0-255); 2+pos[1] cannot overflow int.,41plus_b60,high
INT30-C,hostap,wpa_supplicant/wpa_supplicant.c,4016,FP,"pos always within [wpa_ie, wpa_ie+wpa_ie_len]; subtraction can't underflow.",41plus_b60,high
INT30-C,hostap,wpa_supplicant/wpa_supplicant.c,4017,FP,Guarded by size check at line 4011 before this += executes.,41plus_b60,high
INT30-C,hostap,wpa_supplicant/wpa_supplicant.c,4022,FP,This addition is the guard check itself (wpa_ie_len+5<=max_wpa_ie_len).,41plus_b60,high
INT30-C,hostap,wpa_supplicant/wpa_supplicant.c,4030,FP,Guarded by size check at line 4022.,41plus_b60,high
INT30-C,hostap,wpa_supplicant/wpa_supplicant.c,4045,FP,wpa_ie_len<=max_wpa_ie_len invariant; subtraction can't underflow.,41plus_b60,high
EXP30-C,hostap,wpa_supplicant/wpa_supplicant.c,4047,FP,wpabuf_head/wpabuf_len are pure accessors; established pure-accessor-args EXP30-C FP class.,41plus_b60,high
INT30-C,hostap,wpa_supplicant/wpa_supplicant.c,4049,FP,Guarded by wpabuf_len(hs20)<=len check at line 4046.,41plus_b60,high
INT30-C,hostap,wpa_supplicant/wpa_supplicant.c,4062,FP,wpa_ie_len<=max_wpa_ie_len invariant; subtraction can't underflow.,41plus_b60,high
EXP30-C,hostap,wpa_supplicant/wpa_supplicant.c,4064,FP,Pure-accessor-args EXP30-C FP class (wpabuf_head/len).,41plus_b60,high
INT30-C,hostap,wpa_supplicant/wpa_supplicant.c,4066,FP,Guarded by wpabuf_len(buf)<=len check at line 4063.,41plus_b60,high
INT30-C,hostap,wpa_supplicant/wpa_supplicant.c,4074,FP,This addition is the guard check itself.,41plus_b60,high
INT30-C,hostap,wpa_supplicant/wpa_supplicant.c,4077,FP,Guarded by size check at line 4074.,41plus_b60,high
INT30-C,hostap,wpa_supplicant/wpa_supplicant.c,4088,FP,Invariant holds; subtraction can't underflow.,41plus_b60,high
INT30-C,hostap,wpa_supplicant/wpa_supplicant.c,4092,FP,Bounded-callee-return: wpas_mbo_ie writes only into remaining capacity.,41plus_b60,high
INT30-C,hostap,wpa_supplicant/wpa_supplicant.c,4101,FP,Invariant holds; subtraction can't underflow.,41plus_b60,high
INT30-C,hostap,wpa_supplicant/wpa_supplicant.c,4102,FP,Bounded-callee-return: wpas_add_fils_hlp_req bounds its own write.,41plus_b60,high
INT30-C,hostap,wpa_supplicant/wpa_supplicant.c,4136,FP,Invariant holds; subtraction can't underflow.,41plus_b60,high
EXP30-C,hostap,wpa_supplicant/wpa_supplicant.c,4137,FP,Pure-accessor-args EXP30-C FP class.,41plus_b60,high
INT30-C,hostap,wpa_supplicant/wpa_supplicant.c,4139,FP,Guarded by wpabuf_len(owe_ie)<=max-wpa_ie_len check at line 4135-4136.,41plus_b60,high
INT30-C,hostap,wpa_supplicant/wpa_supplicant.c,4165,FP,Invariant holds; subtraction can't underflow.,41plus_b60,high
EXP30-C,hostap,wpa_supplicant/wpa_supplicant.c,4166,FP,Pure-accessor-args EXP30-C FP class.,41plus_b60,high
INT30-C,hostap,wpa_supplicant/wpa_supplicant.c,4169,FP,Guarded by size check at line 4164.,41plus_b60,high
INT32-C,hostap,wpa_supplicant/wpa_supplicant.c,4185,FP,mdie is a pointer; pointer+2 mislabeled as signed int addition.,41plus_b60,high
INT30-C,hostap,wpa_supplicant/wpa_supplicant.c,4193,FP,Invariant holds; subtraction can't underflow.,41plus_b60,high
INT30-C,hostap,wpa_supplicant/wpa_supplicant.c,4194,FP,len bounded by wpa_ft_add_mdie writing into remaining capacity.,41plus_b60,high
INT30-C,hostap,wpa_supplicant/wpa_supplicant.c,4211,FP,Invariant holds; subtraction can't underflow.,41plus_b60,high
EXP30-C,hostap,wpa_supplicant/wpa_supplicant.c,4213,FP,Pure-accessor-args EXP30-C FP class.,41plus_b60,high
INT30-C,hostap,wpa_supplicant/wpa_supplicant.c,4216,FP,Guarded by size check at lines 4209-4211.,41plus_b60,high
INT30-C,hostap,wpa_supplicant/wpa_supplicant.c,4220,FP,Invariant holds; subtraction can't underflow.,41plus_b60,high
INT30-C,hostap,wpa_supplicant/wpa_supplicant.c,4222,FP,Guarded by size check at lines 4219-4220.,41plus_b60,high
INT30-C,hostap,wpa_supplicant/wpa_supplicant.c,4249,FP,This addition is the guard check itself.,41plus_b60,high
INT30-C,hostap,wpa_supplicant/wpa_supplicant.c,4254,FP,Guarded by size check at line 4249.,41plus_b60,high
INT30-C,hostap,wpa_supplicant/wpa_supplicant.c,4273,FP,Invariant holds; subtraction can't underflow.,41plus_b60,high
INT30-C,hostap,wpa_supplicant/wpa_supplicant.c,4281,FP,Bounded-callee-return with explicit ==0 error-check before use.,41plus_b60,high
INT30-C,hostap,wpa_supplicant/wpa_supplicant.c,4290,FP,This addition is the guard check itself.,41plus_b60,high
EXP40-C,hostap,wpa_supplicant/wpa_supplicant.c,4291,FP,Both pos and start are plain non-const u8*; no const removal occurs at all.,41plus_b60,high
MSC01-C,hostap,wpa_supplicant/wpa_supplicant.c,4307,FP,Guard-clause-default class: variant already initialized to RSN_SELECTION_RSNE before the chain.,41plus_b60,high
INT30-C,hostap,wpa_supplicant/wpa_supplicant.c,4322,FP,Guarded by outer size check at lines 4288-4290.,41plus_b60,high
INT14-C,hostap,wpa_supplicant/wpa_supplicant.c,4419,FP,Established INT14-C stylistic-pedantry FP class; BIT() macro + arithmetic on a channel index is idiomatic.,41plus_b60,high
MSC07-C,hostap,wpa_supplicant/wpa_supplicant.c,4455,FP,"fail: goto-label class - reachable via goto, not unreachable.",41plus_b60,high
DCL13-C,hostap,wpa_supplicant/wpa_supplicant.c,4463,TP,"wpa_s genuinely read-only in get_supported_edmg; plain static function, not a callback. Low-severity real opportunity.",41plus_b60,med
DCL13-C,hostap,wpa_supplicant/wpa_supplicant.c,4464,TP,freq genuinely read-only in get_supported_edmg; low-severity real opportunity.,41plus_b60,med
MSC07-C,hostap,wpa_supplicant/wpa_supplicant.c,4484,FP,fail: goto-label class - reachable via goto.,41plus_b60,high
DCL31-C,hostap,wpa_supplicant/wpa_supplicant.c,4598,FP,"wpas_populate_assoc_ies is statically defined at line 3772, well before this call; finding is factually wrong.",41plus_b60,high
EXP30-C,hostap,wpa_supplicant/wpa_supplicant.c,4609,FP,MAC2STR/wpa_ssid_txt are side-effect-free logging accessors; established EXP30-C FP class.,41plus_b60,high
INT32-C,hostap,wpa_supplicant/wpa_supplicant.c,4621,FP,ie[1] is u8; 2+ie[1] cannot overflow int.,41plus_b60,high
MSC01-C,hostap,wpa_supplicant/wpa_supplicant.c,4877,FP,Guard-clause-default class: deliberate no-op if neither sae_password nor passphrase set.,41plus_b60,high
MSC01-C,hostap,wpa_supplicant/wpa_supplicant.c,4897,FP,Guard-clause-default class: deliberate no-op if MFP-required condition doesn't hold.,41plus_b60,high
MSC01-C,hostap,wpa_supplicant/wpa_supplicant.c,5009,FP,Guard-clause-default class: timeout already defaulted to 60 before the chain.,41plus_b60,high
MSC04-C,hostap,wpa_supplicant/wpa_supplicant.c,5095,TP,"Cycle is reachable synchronously (sme_sa_query_timer called directly at sme.c:3566, not only via eloop) - real recursion risk, unlike the async-only depth-capped FP precedent.",41plus_b60,med
EXP30-C,hostap,wpa_supplicant/wpa_supplicant.c,5102,FP,MAC2STR pure-accessor logging args; established EXP30-C FP class.,41plus_b60,high
MSC01-C,hostap,wpa_supplicant/wpa_supplicant.c,5118,FP,Guard-clause-default class: addr already initialized to NULL before the chain.,41plus_b60,high
API00-C,hostap,wpa_supplicant/wpa_supplicant.c,5163,FP,"Internal-only API, wpa_s never externally-nullable; established API00-C FP class.",41plus_b60,high
EXP34-C,hostap,wpa_supplicant/wpa_supplicant.c,5174,FP,Short-circuit misfire: !ssid check on same line/condition guards the ssid->disabled access.,41plus_b60,high
API00-C,hostap,wpa_supplicant/wpa_supplicant.c,5202,FP,Internal-only API FP class.,41plus_b60,high
DCL30-C,hostap,wpa_supplicant/wpa_supplicant.c,5213,FP,"ssid comes from wpa_config_add_network (heap), not automatic storage; confused local variable with local storage.",41plus_b60,high
API00-C,hostap,wpa_supplicant/wpa_supplicant.c,5230,FP,Internal-only API FP class; overflow-check suggestion for a plain int id param is nonsensical.,41plus_b60,high
API00-C,hostap,wpa_supplicant/wpa_supplicant.c,5289,FP,Internal-only API FP class.,41plus_b60,high
EXP40-C,hostap,wpa_supplicant/wpa_supplicant.c,5315,FP,"Actual code is a declaration-with-initializer (pointer copy), not a dereference-assignment; misattribution.",41plus_b60,high
API00-C,hostap,wpa_supplicant/wpa_supplicant.c,5334,FP,Internal-only API FP class.,41plus_b60,high
MEM10-C,hostap,wpa_supplicant/wpa_supplicant.c,5337,FP,Established MEM10-C ad-hoc-NULL-check stylistic FP class.,41plus_b60,high
API00-C,hostap,wpa_supplicant/wpa_supplicant.c,5368,FP,Internal-only API FP class.,41plus_b60,high
MEM10-C,hostap,wpa_supplicant/wpa_supplicant.c,5374,FP,Established MEM10-C stylistic FP class.,41plus_b60,high
MSC01-C,hostap,wpa_supplicant/wpa_supplicant.c,5397,FP,Guard-clause-default class: persistent P2P group data deliberately skipped when ssid->disabled==2.,41plus_b60,high
DCL13-C,hostap,wpa_supplicant/wpa_supplicant.c,5422,TP,wpa_s genuinely read-only in ssid_in_last_scan; plain static helper. Low-severity real opportunity.,41plus_b60,med
DCL13-C,hostap,wpa_supplicant/wpa_supplicant.c,5423,TP,ssid genuinely read-only in ssid_in_last_scan; low-severity real opportunity.,41plus_b60,med
EXP34-C,hostap,wpa_supplicant/wpa_supplicant.c,5429,FP,Internal-only helper always called with a caller-guaranteed non-null ssid (guarded by if(ssid) at call site).,41plus_b60,high
DCL13-C,hostap,wpa_supplicant/wpa_supplicant.c,5449,TP,wpa_s genuinely read-only in ssid_in_last_scan_res; low-severity real opportunity.,41plus_b60,med
DCL13-C,hostap,wpa_supplicant/wpa_supplicant.c,5450,TP,ssid genuinely read-only; low-severity real opportunity.,41plus_b60,med
EXP34-C,hostap,wpa_supplicant/wpa_supplicant.c,5454,FP,Same internal-invariant class as line 5429.,41plus_b60,high
MSC04-C,hostap,wpa_supplicant/wpa_supplicant.c,5472,TP,"Real complex call-graph cycle through P2P group-join flow, reachable via synchronous calls, not merely async-capped.",41plus_b60,med
DCL13-C,hostap,wpa_supplicant/wpa_supplicant.c,5583,TP,cred genuinely read-only in wpas_remove_cred; low-severity real opportunity.,41plus_b60,med
API00-C,hostap,wpa_supplicant/wpa_supplicant.c,5630,FP,Internal-only API FP class.,41plus_b60,high
MEM05-C,hostap,wpa_supplicant/wpa_supplicant.c,5663,FP,wpas_set_pkcs11_engine_and_module_path contains no self-call or recursion at all; finding is factually wrong.,41plus_b60,high
MEM10-C,hostap,wpa_supplicant/wpa_supplicant.c,5670,FP,Established MEM10-C stylistic FP class.,41plus_b60,high
MEM10-C,hostap,wpa_supplicant/wpa_supplicant.c,5675,FP,Established MEM10-C stylistic FP class.,41plus_b60,high
API00-C,hostap,wpa_supplicant/wpa_supplicant.c,5756,FP,Internal-only API FP class.,41plus_b60,high
API00-C,hostap,wpa_supplicant/wpa_supplicant.c,5779,FP,Internal-only API FP class.,41plus_b60,high
API00-C,hostap,wpa_supplicant/wpa_supplicant.c,5802,FP,Internal-only API FP class.,41plus_b60,high
ENV01-C,hostap,wpa_supplicant/wpa_supplicant.c,5897,FP,wpa_supplicant_get_ssid has no getenv()/environment-variable code at all; established ENV01-C wholesale-misfire FP class.,41plus_b60,high
DCL30-C,hostap,wpa_supplicant/wpa_supplicant.c,5929,FP,"entry is a traversal pointer into wpa_s->conf->ssid (config-owned list), not automatic storage.",41plus_b60,high
DCL30-C,hostap,wpa_supplicant/wpa_supplicant.c,5936,FP,"Same config-list traversal pointer, not automatic storage.",41plus_b60,high
DCL30-C,hostap,wpa_supplicant/wpa_supplicant.c,5946,FP,"Same config-list traversal pointer, not automatic storage.",41plus_b60,high
DCL30-C,hostap,wpa_supplicant/wpa_supplicant.c,5952,FP,"Same config-list traversal pointer, not automatic storage.",41plus_b60,high
MEM10-C,hostap,wpa_supplicant/wpa_supplicant.c,5988,FP,Established MEM10-C ad-hoc-NULL-check stylistic FP class.,41plus_b60,med
MEM10-C,hostap,wpa_supplicant/wpa_supplicant.c,5997,FP,"This NULL check is normal branch-selection control flow (pick default driver), not a defensive validation pattern.",41plus_b60,high
API05-C,hostap,wpa_supplicant/wpa_supplicant.c,6047,FP,"Established API05-C ptr+size-idiom FP class (buf,len companion params).",41plus_b60,high
EXP30-C,hostap,wpa_supplicant/wpa_supplicant.c,6093,FP,MAC2STR pure-accessor logging args; established EXP30-C FP class.,41plus_b60,high
PRE32-C,hostap,wpa_supplicant/wpa_supplicant.c,6199,FP,"No macro named BSSID is invoked here; #ifdef spans a multi-line if-condition, not a macro argument list - misattribution.",41plus_b60,high
EXP30-C,hostap,wpa_supplicant/wpa_supplicant.c,6205,FP,MAC2STR pure-accessor logging args; established EXP30-C FP class.,41plus_b60,high
MSC01-C,hostap,wpa_supplicant/wpa_supplicant.c,6212,FP,Guard-clause-default class: no action needed if neither branch matches.,41plus_b60,high
API05-C,hostap,wpa_supplicant/wpa_supplicant.c,6224,FP,Established API05-C ptr+size-idiom FP class.,41plus_b60,high
DCL13-C,hostap,wpa_supplicant/wpa_supplicant.c,6232,FP,"wpa_s is genuinely modified (wpa_s->l2 assignment, memcpy into wpa_s->own_addr); finding is factually wrong.",41plus_b60,high
API05-C,hostap,wpa_supplicant/wpa_supplicant.c,6295,FP,Established API05-C ptr+size-idiom FP class.,41plus_b60,high
EXP33-C,hostap,wpa_supplicant/wpa_supplicant.c,6301,FP,"sizeof(*eth) is a compile-time size computation, not a runtime dereference; established EXP33-C sizeof(*ptr) FP class.",41plus_b60,high
INT14-C,hostap,wpa_supplicant/wpa_supplicant.c,6306,FP,Conflates pointer variable eth with bitwise op on its dereferenced member eth->h_dest[0]; established INT14-C FP class.,41plus_b60,high
EXP30-C,hostap,wpa_supplicant/wpa_supplicant.c,6307,FP,MAC2STR pure-accessor logging args; established EXP30-C FP class.,41plus_b60,high
EXP30-C,hostap,wpa_supplicant/wpa_supplicant.c,6313,FP,MAC2STR pure-accessor logging args; established EXP30-C FP class.,41plus_b60,high
ARR39-C,hostap,wpa_supplicant/wpa_supplicant.c,6315,FP,buf is a byte pointer (const u8*); sizeof(*eth) offset added to it is not double scaling; established ARR39-C byte-pointer FP class.,41plus_b60,high
ARR01-C,hostap,wpa_supplicant/wpa_supplicant.c,6327,FP,"sizeof(wpa_s->bridge_ifname) targets a fixed-size array struct member, not the decayed wpa_s pointer; established misattribution FP class.",41plus_b60,high
ARR01-C,hostap,wpa_supplicant/wpa_supplicant.c,6342,FP,Same array-member misattribution FP class.,41plus_b60,high
MSC07-C,hostap,wpa_supplicant/wpa_supplicant.c,6365,FP,fail: goto-label class - reachable via goto.,41plus_b60,high
CON03-C,hostap,wpa_supplicant/wpa_supplicant.c,6390,FP,No pthread usage anywhere in this codebase; established no-pthread CON03-C FP class (single-threaded eloop model).,41plus_b60,high
INT10-C,hostap,wpa_supplicant/wpa_supplicant.c,6440,FP,interface_count is a static counter only ever incremented from 0; established non-negative-counter INT10-C FP class.,41plus_b60,high
INT10-C,hostap,wpa_supplicant/wpa_supplicant.c,6442,FP,Same non-negative-counter FP class.,41plus_b60,high
EXP33-C,hostap,wpa_supplicant/wpa_supplicant.c,6465,FP,"sizeof(*wpa_s) is a compile-time size computation for os_zalloc, not a runtime dereference; established EXP33-C sizeof(*ptr) FP class.",41plus_b60,high
DCL30-C,hostap,wpa_supplicant/wpa_supplicant.c,6497,FP,"wpa_s comes from os_zalloc (heap), not automatic storage.",41plus_b60,high
EXP34-C,hostap,wpa_supplicant/wpa_supplicant.c,6531,FP,"end is unconditionally set by the preceding strtol() call before this line, and is only used as a %p debug-log argument where NULL would be harmless anyway.",41plus_b60,high
CON33-C,hostap,wpa_supplicant/wpa_supplicant.c,6540,FP,No pthread usage; established no-pthread CON33-C/CON34-C strerror() FP class.,41plus_b60,high
CON34-C,hostap,wpa_supplicant/wpa_supplicant.c,6540,FP,No pthread usage; established no-pthread CON33-C/CON34-C strerror() FP class.,41plus_b60,high
INT14-C,hostap,wpa_supplicant/wpa_supplicant.c,6626,FP,density is range-validated 0-7; shift-for-bitfield-packing is idiomatic; established INT14-C stylistic FP class.,41plus_b60,high
INT14-C,hostap,wpa_supplicant/wpa_supplicant.c,6712,FP,tx_stbc is range-validated 0-1; idiomatic bitfield packing; established INT14-C FP class.,41plus_b60,high
INT14-C,hostap,wpa_supplicant/wpa_supplicant.c,6738,FP,rx_stbc is range-validated 0-3; idiomatic bitfield packing; established INT14-C FP class.,41plus_b60,high
API00-C,hostap,wpa_supplicant/wpa_supplicant.c,6744,FP,"Function validates ssid (internal, always caller-guaranteed), not wpa_s; internal-only API FP class.",41plus_b60,high
API00-C,hostap,wpa_supplicant/wpa_supplicant.c,6782,FP,Internal-only API FP class; params always valid at internal call sites.,41plus_b60,high
PRE00-C,hostap,wpa_supplicant/wpa_supplicant.c,6832,FP,"OVERRIDE_MCS is only ever called with literal integer args (1-8); multiple-evaluation is harmless with no side effects, matching the established X-macro bundle FP class.",41plus_b60,high
PRE01-C,hostap,wpa_supplicant/wpa_supplicant.c,6832,FP,"##i is a token-paste operand, not a runtime expression that needs parenthesizing; category error, matches established bundle class.",41plus_b60,high
PRE02-C,hostap,wpa_supplicant/wpa_supplicant.c,6832,FP,"Macro body is two if-statements; wrapping the whole replacement in parens would be invalid C, matches established bundle class.",41plus_b60,high
PRE05-C,hostap,wpa_supplicant/wpa_supplicant.c,6832,FP,"i is always a plain literal digit at every call site, not a macro needing pre-expansion before ##; matches established bundle class.",41plus_b60,high
PRE10-C,hostap,wpa_supplicant/wpa_supplicant.c,6832,FP,"Macro is only ever invoked as a bare top-level statement (OVERRIDE_MCS(1); ... OVERRIDE_MCS(8);), never inside an if without braces, so the do-while(0) hazard doesn't manifest.",41plus_b60,med
PRE12-C,hostap,wpa_supplicant/wpa_supplicant.c,6832,FP,Call sites always pass literal integers; multiple evaluation has no side effects; matches established bundle class.,41plus_b60,high
API00-C,hostap,wpa_supplicant/wpa_supplicant.c,6861,FP,Internal-only API FP class.,41plus_b60,high
DCL13-C,hostap,wpa_supplicant/wpa_supplicant.c,6862,TP,"wpa_s is entirely unused in wpa_supplicant_apply_he_overrides's body; genuine, obvious const opportunity.",41plus_b60,high
API00-C,hostap,wpa_supplicant/wpa_supplicant.c,6873,FP,Internal-only API FP class.,41plus_b60,high
DCL13-C,hostap,wpa_supplicant/wpa_supplicant.c,6874,TP,wpa_s is entirely unused in wpa_supplicant_apply_eht_overrides's body; genuine const opportunity.,41plus_b60,high
ARR01-C,hostap,wpa_supplicant/wpa_supplicant.c,6904,FP,"sizeof(wpa_s->imsi) targets a fixed-size array struct member, not the decayed wpa_s pointer; established misattribution FP class.",41plus_b60,high
STR34-C,hostap,wpa_supplicant/wpa_supplicant.c,6942,FP,Assigning the literal '\0' to a char through a pointer has no widening/sign-extension issue; established plain-char-assignment FP class.,41plus_b60,high
DCL13-C,hostap,wpa_supplicant/wpa_supplicant.c,6960,FP,ctx matches the fixed struct fst_wpa_obj vtable callback contract; FST-vtable extension of the eloop/EAP dispatch-table FP class.,41plus_b60,high
DCL13-C,hostap,wpa_supplicant/wpa_supplicant.c,6969,FP,FST vtable callback contract; same class.,41plus_b60,high
DCL13-C,hostap,wpa_supplicant/wpa_supplicant.c,6987,FP,FST vtable callback contract; same class.,41plus_b60,high
EXP30-C,hostap,wpa_supplicant/wpa_supplicant.c,7010,FP,MAC2STR pure-accessor logging args; established EXP30-C FP class.,41plus_b60,high
EXP30-C,hostap,wpa_supplicant/wpa_supplicant.c,7014,FP,wpabuf_head/wpabuf_len are pure accessors; established EXP30-C FP class.,41plus_b60,high
DCL13-C,hostap,wpa_supplicant/wpa_supplicant.c,7021,FP,FST vtable callback contract; same class.,41plus_b60,high
API05-C,hostap,wpa_supplicant/wpa_supplicant.c,7030,FP,Established API05-C ptr+size-idiom FP class.,41plus_b60,high
DCL13-C,hostap,wpa_supplicant/wpa_supplicant.c,7045,FP,FST vtable callback contract; same class.,41plus_b60,high
DCL13-C,hostap,wpa_supplicant/wpa_supplicant.c,7059,FP,FST vtable callback contract; same class.,41plus_b60,high
DCL13-C,hostap,wpa_supplicant/wpa_supplicant.c,7060,FP,get_ctx matches the fixed FST vtable callback contract; same class.,41plus_b60,high
ARR01-C,hostap,wpa_supplicant/wpa_supplicant.c,7069,FP,"iface_obj is a genuine (never-array) pointer parameter; sizeof(*iface_obj) is the correct os_memset idiom, not a decay bug.",41plus_b60,high
API00-C,hostap,wpa_supplicant/wpa_supplicant.c,7111,FP,Internal-only API FP class.,41plus_b60,high
DCL13-C,hostap,wpa_supplicant/wpa_supplicant.c,7111,TP,wpa_s genuinely read-only in wpas_get_bands; low-severity real opportunity.,41plus_b60,med
ARR30-C,hostap,wpa_supplicant/wpa_supplicant.c,7118,FP,"freqs is a generic 0-terminated pointer parameter here, not the unrelated fixed-size-15 array allocated at a different call site (line 9590); cross-function misattribution.",41plus_b60,high
ARR30-C,hostap,wpa_supplicant/wpa_supplicant.c,7119,FP,Same cross-function misattribution.,41plus_b60,high
MSC01-C,hostap,wpa_supplicant/wpa_supplicant.c,7138,FP,Guard-clause-default class: band already defaulted to 0 before the mode-check chain.,41plus_b60,high
DCL30-C,hostap,wpa_supplicant/wpa_supplicant.c,7162,FP,"radio here is an existing heap-owned radio found via list traversal, not automatic storage.",41plus_b60,high
EXP33-C,hostap,wpa_supplicant/wpa_supplicant.c,7170,FP,"sizeof(*radio) is a compile-time size computation for os_zalloc, not a runtime dereference; established EXP33-C sizeof(*ptr) FP class.",41plus_b60,high
DCL30-C,hostap,wpa_supplicant/wpa_supplicant.c,7180,FP,"radio comes from os_zalloc (heap), not automatic storage.",41plus_b60,high
DCL13-C,hostap,wpa_supplicant/wpa_supplicant.c,7215,TP,"Param genuinely never written in this function body (verified by read); real but low-value const opportunity, not a dispatch-contract callback",41plus_b61,low
DCL13-C,hostap,wpa_supplicant/wpa_supplicant.c,7222,TP,"Param genuinely never written in this function body (verified by read); real but low-value const opportunity, not a dispatch-contract callback",41plus_b61,low
DCL30-C,hostap,wpa_supplicant/wpa_supplicant.c,7253,FP,"'tmp' is a local pointer variable pointing to heap/dl_list-linked storage, not an automatic-storage object; matches confirmed DCL30-C local-pointer-vs-storage-confusion FP class",41plus_b61,high
DCL30-C,hostap,wpa_supplicant/wpa_supplicant.c,7313,FP,"'tmp' is a local pointer variable pointing to heap/dl_list-linked storage, not an automatic-storage object; matches confirmed DCL30-C local-pointer-vs-storage-confusion FP class",41plus_b61,high
DCL13-C,hostap,wpa_supplicant/wpa_supplicant.c,7322,FP,"eloop_timeout_handler dispatch-contract callback signature, matches confirmed eloop const-param FP class",41plus_b61,high
EXP33-C,hostap,wpa_supplicant/wpa_supplicant.c,7392,FP,'tmp' is initialized by dl_list_for_each_safe's own for-loop init clause (list.h macro); confirmed dl_list macro lvalue-init FP class,41plus_b61,high
EXP34-C,hostap,wpa_supplicant/wpa_supplicant.c,7392,TP,'radio = wpa_s->radio' is dereferenced via &radio->work with no NULL guard in radio_remove_works (unlike sibling radio_remove_interface which does check); plausible if called before radio assigned,41plus_b61,low
API00-C,hostap,wpa_supplicant/wpa_supplicant.c,7412,FP,"Internal-only API pattern (established): param is always a valid struct pointer from a small internal call-graph, never externally nullable; matches confirmed API00-C internal-invariant FP class",41plus_b61,med
DCL13-C,hostap,wpa_supplicant/wpa_supplicant.c,7412,TP,"Param genuinely never written in this function body (verified by read); real but low-value const opportunity, not a dispatch-contract callback",41plus_b61,low
DCL13-C,hostap,wpa_supplicant/wpa_supplicant.c,7428,TP,"Param genuinely never written in this function body (verified by read); real but low-value const opportunity, not a dispatch-contract callback",41plus_b61,low
EXP33-C,hostap,wpa_supplicant/wpa_supplicant.c,7435,FP,'tmp' is initialized by dl_list_for_each_safe's own for-loop init clause; confirmed dl_list macro lvalue-init FP class,41plus_b61,high
EXP34-C,hostap,wpa_supplicant/wpa_supplicant.c,7441,FP,"'cwork = work->ctx' is dereferenced but work is a connect-type radio work whose ctx is always a struct wpa_connect_work* by construction (radio_work_is_connect guard); internal-invariant, not externally nullable",41plus_b61,med
DCL13-C,hostap,wpa_supplicant/wpa_supplicant.c,7478,TP,"Param genuinely never written in this function body (verified by read); real but low-value const opportunity, not a dispatch-contract callback",41plus_b61,low
API00-C,hostap,wpa_supplicant/wpa_supplicant.c,7519,FP,"Internal-only API pattern (established): param is always a valid struct pointer from a small internal call-graph, never externally nullable; matches confirmed API00-C internal-invariant FP class",41plus_b61,med
API00-C,hostap,wpa_supplicant/wpa_supplicant.c,7519,FP,"Internal-only API pattern (established): param is always a valid struct pointer from a small internal call-graph, never externally nullable; matches confirmed API00-C internal-invariant FP class",41plus_b61,med
EXP33-C,hostap,wpa_supplicant/wpa_supplicant.c,7528,FP,sizeof(*work) never evaluates its operand; classic confirmed sizeof-is-compile-time-only FP class,41plus_b61,high
MSC01-C,hostap,wpa_supplicant/wpa_supplicant.c,7557,FP,"Independent if/else-if guard-clause chain where absence of a matching branch is an intentional fallthrough/no-op, not a missing case; matches confirmed MSC01-C stylistic-pedantry FP class",41plus_b61,med
API00-C,hostap,wpa_supplicant/wpa_supplicant.c,7593,FP,"Internal-only API pattern (established): param is always a valid struct pointer from a small internal call-graph, never externally nullable; matches confirmed API00-C internal-invariant FP class",41plus_b61,med
DCL13-C,hostap,wpa_supplicant/wpa_supplicant.c,7594,TP,"Param genuinely never written in this function body (verified by read); real but low-value const opportunity, not a dispatch-contract callback",41plus_b61,low
DCL30-C,hostap,wpa_supplicant/wpa_supplicant.c,7601,FP,"'work' is a local pointer variable pointing to heap/dl_list-linked storage, not an automatic-storage object; matches confirmed DCL30-C local-pointer-vs-storage-confusion FP class",41plus_b61,high
ARR01-C,hostap,wpa_supplicant/wpa_supplicant.c,7648,FP,sizeof(wpa_s->ifname)/sizeof(wpa_s->bridge_ifname) -- member arrays retain full array type through -> access; nothing decayed. Matches confirmed ARR01-C member-array FP class,41plus_b61,high
EXP34-C,hostap,wpa_supplicant/wpa_supplicant.c,7655,FP,radio_add_interface() explicitly guards every use of 'rn' with 'while (rn && ...)' / 'if (rn)'; claim that callee 'does not check for NULL' is factually wrong,41plus_b61,high
DCL13-C,hostap,wpa_supplicant/wpa_supplicant.c,7665,FP,"offchannel_send_action tx_cb dispatch-contract callback (offchannel.h), non-const wpa_s fixed by typedef, extends eloop/vtable FP class",41plus_b61,high
EXP30-C,hostap,wpa_supplicant/wpa_supplicant.c,7691,FP,wpabuf_head(buf)/wpabuf_len(buf) are pure read-only accessors with no side effects to unsequence; matches confirmed EXP30-C pure-accessor-args FP class,41plus_b61,high
ARR01-C,hostap,wpa_supplicant/wpa_supplicant.c,7789,FP,sizeof(wpa_s->ifname)/sizeof(wpa_s->bridge_ifname) -- member arrays retain full array type through -> access; nothing decayed. Matches confirmed ARR01-C member-array FP class,41plus_b61,high
ARR01-C,hostap,wpa_supplicant/wpa_supplicant.c,7794,FP,sizeof(wpa_s->ifname)/sizeof(wpa_s->bridge_ifname) -- member arrays retain full array type through -> access; nothing decayed. Matches confirmed ARR01-C member-array FP class,41plus_b61,high
ARR01-C,hostap,wpa_supplicant/wpa_supplicant.c,7801,FP,sizeof(wpa_s->ifname)/sizeof(wpa_s->bridge_ifname) -- member arrays retain full array type through -> access; nothing decayed. Matches confirmed ARR01-C member-array FP class,41plus_b61,high
ARR01-C,hostap,wpa_supplicant/wpa_supplicant.c,7807,FP,sizeof(wpa_s->ifname)/sizeof(wpa_s->bridge_ifname) -- member arrays retain full array type through -> access; nothing decayed. Matches confirmed ARR01-C member-array FP class,41plus_b61,high
EXP33-C,hostap,wpa_supplicant/wpa_supplicant.c,7980,FP,'cfg' has all 3 fields (group_id/priority/llt) explicitly written before fst_attach() use; not a read-of-uninitialized,41plus_b61,high
MSC04-C,hostap,wpa_supplicant/wpa_supplicant.c,8125,TP,"Genuine call-graph cycle (wpa_supplicant_deinit_iface -> wpa_supplicant_remove_iface -> wpa_supplicant_deinit_iface) though runtime-bounded by finite child-interface tree, not infinite",41plus_b61,med
MEM31-C,hostap,wpa_supplicant/wpa_supplicant.c,8215,FP,"Only os_free(wpa_s) call in this function; recursion in wpa_supplicant_deinit_iface always operates on distinct child wpa_s pointers, never re-frees the same object -- looks like sqc conflating recursive-call frames",41plus_b61,high
DCL13-C,hostap,wpa_supplicant/wpa_supplicant.c,8227,TP,"Param genuinely never written in this function body (verified by read); real but low-value const opportunity, not a dispatch-contract callback",41plus_b61,low
EXP33-C,hostap,wpa_supplicant/wpa_supplicant.c,8237,FP,sizeof(*iface) never evaluates its operand; classic confirmed sizeof-is-compile-time-only FP class,41plus_b61,high
MEM33-C,hostap,wpa_supplicant/wpa_supplicant.c,8240,FP,struct wpa_interface has no flexible array member at all (checked wpa_supplicant_i.h); rule misapplied to a plain whole-struct assignment,41plus_b61,high
DCL30-C,hostap,wpa_supplicant/wpa_supplicant.c,8246,FP,"'iface' is a local pointer variable pointing to heap/dl_list-linked storage, not an automatic-storage object; matches confirmed DCL30-C local-pointer-vs-storage-confusion FP class",41plus_b61,high
CON33-C,hostap,wpa_supplicant/wpa_supplicant.c,8267,FP,wpa_supplicant core is single-threaded eloop-based (no pthread_create anywhere); matches confirmed CON33-C/CON34-C no-pthread strerror FP class,41plus_b61,high
CON34-C,hostap,wpa_supplicant/wpa_supplicant.c,8267,FP,wpa_supplicant core is single-threaded eloop-based (no pthread_create anywhere); matches confirmed CON33-C/CON34-C no-pthread strerror FP class,41plus_b61,high
API00-C,hostap,wpa_supplicant/wpa_supplicant.c,8302,FP,'parent' is an optional caller-supplied pointer explicitly allowed to be NULL per the function's own doc comment ('%NULL to assign new interface as parent'); not a validation gap,41plus_b61,med
MSC04-C,hostap,wpa_supplicant/wpa_supplicant.c,8302,TP,"Genuine call-graph cycle via wpas_p2p_add_p2pdev_interface, runtime-bounded by design (single P2P device interface), real structural recursion",41plus_b61,med
DCL13-C,hostap,wpa_supplicant/wpa_supplicant.c,8303,TP,"Param genuinely never written in this function body (verified by read); real but low-value const opportunity, not a dispatch-contract callback",41plus_b61,low
DCL30-C,hostap,wpa_supplicant/wpa_supplicant.c,8370,FP,"'wpa_s' is a local pointer variable pointing to heap/dl_list-linked storage, not an automatic-storage object; matches confirmed DCL30-C local-pointer-vs-storage-confusion FP class",41plus_b61,high
MSC04-C,hostap,wpa_supplicant/wpa_supplicant.c,8385,TP,"Genuine long call-graph cycle through the disconnect/event chain back to wpa_supplicant_remove_iface; real structural recursion, runtime-bounded",41plus_b61,med
DCL13-C,hostap,wpa_supplicant/wpa_supplicant.c,8443,TP,"Param genuinely never written in this function body (verified by read); real but low-value const opportunity, not a dispatch-contract callback",41plus_b61,low
DCL30-C,hostap,wpa_supplicant/wpa_supplicant.c,8456,FP,"'eapol_method' is a local pointer variable pointing to heap/dl_list-linked storage, not an automatic-storage object; matches confirmed DCL30-C local-pointer-vs-storage-confusion FP class",41plus_b61,high
DCL13-C,hostap,wpa_supplicant/wpa_supplicant.c,8466,TP,"Param genuinely never written in this function body (verified by read); real but low-value const opportunity, not a dispatch-contract callback",41plus_b61,low
DCL30-C,hostap,wpa_supplicant/wpa_supplicant.c,8473,FP,"'wpa_s' is a local pointer variable pointing to heap/dl_list-linked storage, not an automatic-storage object; matches confirmed DCL30-C local-pointer-vs-storage-confusion FP class",41plus_b61,high
DCL13-C,hostap,wpa_supplicant/wpa_supplicant.c,8480,FP,"wpa_msg_get_ifname_func dispatch-contract callback signature, extends eloop/vtable FP class",41plus_b61,high
DCL13-C,hostap,wpa_supplicant/wpa_supplicant.c,8495,FP,"eloop_timeout_handler dispatch-contract callback (wpas_periodic), matches confirmed eloop const-param FP class",41plus_b61,high
MEM10-C,hostap,wpa_supplicant/wpa_supplicant.c,8531,FP,Plain 'if (ptr == NULL)' ad-hoc guard IS present; matches confirmed MEM10-C stylistic-pedantry FP class,41plus_b61,high
EXP33-C,hostap,wpa_supplicant/wpa_supplicant.c,8569,FP,'global' is assigned from os_zalloc()'s own return a few lines above in this same init routine (verified in wpa_supplicant_init); rule lookahead/scope issue,41plus_b61,med
MEM12-C,hostap,wpa_supplicant/wpa_supplicant.c,8700,FP,"Every failure branch calls wpa_supplicant_deinit(global) before returning, which os_free()s both match_ifaces and drv_priv (verified in deinit body); not a real leak",41plus_b61,high
MEM12-C,hostap,wpa_supplicant/wpa_supplicant.c,8707,FP,"Failure branch calls wpa_supplicant_deinit(global) before returning, which frees both cited fields; not a real leak",41plus_b61,high
DCL30-C,hostap,wpa_supplicant/wpa_supplicant.c,8714,FP,"'global' is a local pointer variable pointing to heap/dl_list-linked storage, not an automatic-storage object; matches confirmed DCL30-C local-pointer-vs-storage-confusion FP class",41plus_b61,high
MEM12-C,hostap,wpa_supplicant/wpa_supplicant.c,8714,FP,"This is the successful 'return global;' path -- ownership transfer to caller, not a leak",41plus_b61,high
MEM10-C,hostap,wpa_supplicant/wpa_supplicant.c,8768,FP,Plain 'if (ptr == NULL)' ad-hoc guard IS present; matches confirmed MEM10-C stylistic-pedantry FP class,41plus_b61,high
API00-C,hostap,wpa_supplicant/wpa_supplicant.c,8831,FP,"Internal-only API pattern (established): param is always a valid struct pointer from a small internal call-graph, never externally nullable; matches confirmed API00-C internal-invariant FP class",41plus_b61,med
API00-C,hostap,wpa_supplicant/wpa_supplicant.c,8849,FP,"Internal-only API pattern (established): param is always a valid struct pointer from a small internal call-graph, never externally nullable; matches confirmed API00-C internal-invariant FP class",41plus_b61,med
API00-C,hostap,wpa_supplicant/wpa_supplicant.c,8911,FP,Internal-only API pattern: 'bssid' always a valid MAC-address pointer from internal event/sme callers; matches confirmed API00-C internal-invariant FP class,41plus_b61,med
API00-C,hostap,wpa_supplicant/wpa_supplicant.c,8911,FP,'link_bssids' IS checked before use ('while (link_bssids && *link_bssids)') a few lines later in this same function; claim it is unvalidated is factually wrong,41plus_b61,high
MSC04-C,hostap,wpa_supplicant/wpa_supplicant.c,8911,TP,Genuine call-graph cycle through wpa_supplicant_fast_associate -> ... -> wpas_connection_failed; real structural recursion,41plus_b61,med
ARR30-C,hostap,wpa_supplicant/wpa_supplicant.c,8942,FP,"link_bssids is a fixed-size NULL-terminated array (sme.c/events.c: const u8 *link_bssids[MAX_NUM_MLD_LINKS+1], zeroed then filled), safely bounded by the sentinel; matches 'rule doesn't see bounded protocol array' family",41plus_b61,high
EXP20-C,hostap,wpa_supplicant/wpa_supplicant.c,8959,TP,"wpa_supplicant_fast_associate's return contract is not locally provably restricted to {0,1} the way the established OpenSSL-1/0-contract class requires; literal ==1 test is fragile style, plausible low-severity TP",41plus_b61,low
MSC41-C,hostap,wpa_supplicant/wpa_supplicant.c,8967,FP,"""CONN_FAILED"" is a ctrl_iface status/reason-code string, not password/key/token material; matches confirmed MSC41-C security-substring-pattern-match FP class",41plus_b61,high
INT10-C,hostap,wpa_supplicant/wpa_supplicant.c,8999,FP,"os_random() returns unsigned long and ssid->auth_failures is unsigned int -- both operands unsigned, no signed-modulo issue; rule type-detection wrong",41plus_b61,high
DCL13-C,hostap,wpa_supplicant/wpa_supplicant.c,9072,TP,"Param genuinely never written in this function body (verified by read); real but low-value const opportunity, not a dispatch-contract callback",41plus_b61,low
DCL13-C,hostap,wpa_supplicant/wpa_supplicant.c,9079,TP,"Param genuinely never written in this function body (verified by read); real but low-value const opportunity, not a dispatch-contract callback",41plus_b61,low
DCL13-C,hostap,wpa_supplicant/wpa_supplicant.c,9085,TP,"Param genuinely never written in this function body (verified by read); real but low-value const opportunity, not a dispatch-contract callback",41plus_b61,low
API00-C,hostap,wpa_supplicant/wpa_supplicant.c,9109,FP,"Internal ctrl_iface handler; wpa_s/ssid/field/value are all populated by the ctrl_iface dispatcher from an already-validated pending request, matches confirmed API00-C internal-invariant FP class",41plus_b61,med
API00-C,hostap,wpa_supplicant/wpa_supplicant.c,9109,FP,"Internal ctrl_iface handler; wpa_s/ssid/field/value are all populated by the ctrl_iface dispatcher from an already-validated pending request, matches confirmed API00-C internal-invariant FP class",41plus_b61,med
API00-C,hostap,wpa_supplicant/wpa_supplicant.c,9109,FP,"Internal ctrl_iface handler; wpa_s/ssid/field/value are all populated by the ctrl_iface dispatcher from an already-validated pending request, matches confirmed API00-C internal-invariant FP class",41plus_b61,med
API00-C,hostap,wpa_supplicant/wpa_supplicant.c,9109,FP,"Internal ctrl_iface handler; wpa_s/ssid/field/value are all populated by the ctrl_iface dispatcher from an already-validated pending request, matches confirmed API00-C internal-invariant FP class",41plus_b61,med
MSC37-C,hostap,wpa_supplicant/wpa_supplicant.c,9109,FP,"Every switch case break;s to an explicit 'return 0;' at the end of the #ifdef branch, and the #else branch returns -1; all paths return. Matches confirmed MSC37-C preprocessor-branch-blind class",41plus_b61,high
STR30-C,hostap,wpa_supplicant/wpa_supplicant.c,9188,FP,wpa_config_set()'s 'var' param is declared const char* (config.h); cannot modify the literal. Matches confirmed STR30-C const-param-callee FP class,41plus_b61,high
DCL13-C,hostap,wpa_supplicant/wpa_supplicant.c,9220,TP,"Param genuinely never written in this function body (verified by read); real but low-value const opportunity, not a dispatch-contract callback",41plus_b61,low
DCL13-C,hostap,wpa_supplicant/wpa_supplicant.c,9220,TP,"Param genuinely never written in this function body (verified by read); real but low-value const opportunity, not a dispatch-contract callback",41plus_b61,low
MEM10-C,hostap,wpa_supplicant/wpa_supplicant.c,9230,FP,Plain 'if (ptr == NULL)' ad-hoc guard IS present; matches confirmed MEM10-C stylistic-pedantry FP class,41plus_b61,high
API00-C,hostap,wpa_supplicant/wpa_supplicant.c,9287,FP,"Internal-only API pattern (established): param is always a valid struct pointer from a small internal call-graph, never externally nullable; matches confirmed API00-C internal-invariant FP class",41plus_b61,med
DCL13-C,hostap,wpa_supplicant/wpa_supplicant.c,9287,TP,"Param genuinely never written in this function body (verified by read); real but low-value const opportunity, not a dispatch-contract callback",41plus_b61,low
DCL13-C,hostap,wpa_supplicant/wpa_supplicant.c,9287,TP,"Param genuinely never written in this function body (verified by read); real but low-value const opportunity, not a dispatch-contract callback",41plus_b61,low
DCL13-C,hostap,wpa_supplicant/wpa_supplicant.c,9329,TP,"Param genuinely never written in this function body (verified by read); real but low-value const opportunity, not a dispatch-contract callback",41plus_b61,low
DCL13-C,hostap,wpa_supplicant/wpa_supplicant.c,9330,TP,"Param genuinely never written in this function body (verified by read); real but low-value const opportunity, not a dispatch-contract callback",41plus_b61,low
API00-C,hostap,wpa_supplicant/wpa_supplicant.c,9338,FP,Internal-only API pattern: wpa_s/ie always non-null from the single internal SAE call path; matches confirmed API00-C internal-invariant FP class,41plus_b61,med
API00-C,hostap,wpa_supplicant/wpa_supplicant.c,9338,FP,Internal-only API pattern: wpa_s/ie always non-null from the single internal SAE call path; matches confirmed API00-C internal-invariant FP class,41plus_b61,med
DCL13-C,hostap,wpa_supplicant/wpa_supplicant.c,9368,TP,"Param genuinely never written in this function body (verified by read); real but low-value const opportunity, not a dispatch-contract callback",41plus_b61,low
INT33-C,hostap,wpa_supplicant/wpa_supplicant.c,9424,FP,"Reached only when 'ssid->auth_failures > 1' (line 9422 guard), so (auth_failures*10) is always >= 20, never zero; matches confirmed 'earlier same-function guard' FP family",41plus_b61,high
INT10-C,hostap,wpa_supplicant/wpa_supplicant.c,9424,FP,"os_random() returns unsigned long, ssid->auth_failures is unsigned int -- both operands unsigned, no signed-modulo issue",41plus_b61,high
MEM10-C,hostap,wpa_supplicant/wpa_supplicant.c,9445,FP,Plain 'if (ptr == NULL)' ad-hoc guard IS present; matches confirmed MEM10-C stylistic-pedantry FP class,41plus_b61,high
MSC01-C,hostap,wpa_supplicant/wpa_supplicant.c,9457,FP,"Independent if/else-if guard-clause chain where absence of a matching branch is an intentional fallthrough/no-op, not a missing case; matches confirmed MSC01-C stylistic-pedantry FP class",41plus_b61,med
DCL13-C,hostap,wpa_supplicant/wpa_supplicant.c,9467,TP,"Param genuinely never written in this function body (verified by read); real but low-value const opportunity, not a dispatch-contract callback",41plus_b61,low
DCL13-C,hostap,wpa_supplicant/wpa_supplicant.c,9484,TP,"Param genuinely never written in this function body (verified by read); real but low-value const opportunity, not a dispatch-contract callback",41plus_b61,low
API00-C,hostap,wpa_supplicant/wpa_supplicant.c,9511,FP,"Internal-only API pattern (established): param is always a valid struct pointer from a small internal call-graph, never externally nullable; matches confirmed API00-C internal-invariant FP class",41plus_b61,med
API00-C,hostap,wpa_supplicant/wpa_supplicant.c,9534,FP,"Internal-only API pattern (established): param is always a valid struct pointer from a small internal call-graph, never externally nullable; matches confirmed API00-C internal-invariant FP class",41plus_b61,med
DCL13-C,hostap,wpa_supplicant/wpa_supplicant.c,9556,TP,"Param genuinely never written in this function body (verified by read); real but low-value const opportunity, not a dispatch-contract callback",41plus_b61,low
API00-C,hostap,wpa_supplicant/wpa_supplicant.c,9576,FP,"'len' is an internal array-size parameter from a small set of internal callers, not attacker-controlled wire data; overflow-check pedantry on an internal API",41plus_b61,low
ENV01-C,hostap,wpa_supplicant/wpa_supplicant.c,9590,FP,'char buf[30]' in wpas_vendor_elem_update has no getenv/putenv anywhere in the function; matches confirmed ENV01-C no-real-envvar FP class,41plus_b61,high
EXP33-C,hostap,wpa_supplicant/wpa_supplicant.c,9621,FP,'j' is initialized by the for_each_link macro's own for-loop init clause (common.h); extends confirmed macro lvalue-init FP class,41plus_b61,high
API00-C,hostap,wpa_supplicant/wpa_supplicant.c,9660,FP,"'len' is an internal array-size parameter from a small set of internal callers, not attacker-controlled wire data; overflow-check pedantry on an internal API",41plus_b61,low
API00-C,hostap,wpa_supplicant/wpa_supplicant.c,9684,FP,"Internal-only API pattern (established): param is always a valid struct pointer from a small internal call-graph, never externally nullable; matches confirmed API00-C internal-invariant FP class",41plus_b61,med
DCL13-C,hostap,wpa_supplicant/wpa_supplicant.c,9685,TP,"Param genuinely never written in this function body (verified by read); real but low-value const opportunity, not a dispatch-contract callback",41plus_b61,low
API00-C,hostap,wpa_supplicant/wpa_supplicant.c,9710,FP,"Internal-only API pattern (established): param is always a valid struct pointer from a small internal call-graph, never externally nullable; matches confirmed API00-C internal-invariant FP class",41plus_b61,med
DCL13-C,hostap,wpa_supplicant/wpa_supplicant.c,9710,TP,"Param genuinely never written in this function body (verified by read); real but low-value const opportunity, not a dispatch-contract callback",41plus_b61,low
API00-C,hostap,wpa_supplicant/wpa_supplicant.c,9738,FP,"Internal-only API pattern (established): param is always a valid struct pointer from a small internal call-graph, never externally nullable; matches confirmed API00-C internal-invariant FP class",41plus_b61,med
ARR00-C,hostap,wpa_supplicant/wpa_supplicant.c,9743,FP,"'frame' is bounds-checked (0 <= frame < NUM_VENDOR_ELEM_FRAMES) at the single call site in ctrl_iface.c before wpas_vendor_elem_remove is invoked; internal-API defense-in-depth gap, not a reachable OOB",41plus_b61,med
ARR00-C,hostap,wpa_supplicant/wpa_supplicant.c,9744,FP,"'frame' is bounds-checked (0 <= frame < NUM_VENDOR_ELEM_FRAMES) at the single call site in ctrl_iface.c before wpas_vendor_elem_remove is invoked; internal-API defense-in-depth gap, not a reachable OOB",41plus_b61,med
ARR00-C,hostap,wpa_supplicant/wpa_supplicant.c,9752,FP,"'frame' is bounds-checked (0 <= frame < NUM_VENDOR_ELEM_FRAMES) at the single call site in ctrl_iface.c before wpas_vendor_elem_remove is invoked; internal-API defense-in-depth gap, not a reachable OOB",41plus_b61,med
ARR00-C,hostap,wpa_supplicant/wpa_supplicant.c,9753,FP,"'frame' is bounds-checked (0 <= frame < NUM_VENDOR_ELEM_FRAMES) at the single call site in ctrl_iface.c before wpas_vendor_elem_remove is invoked; internal-API defense-in-depth gap, not a reachable OOB",41plus_b61,med
ARR00-C,hostap,wpa_supplicant/wpa_supplicant.c,9754,FP,"'frame' is bounds-checked (0 <= frame < NUM_VENDOR_ELEM_FRAMES) at the single call site in ctrl_iface.c before wpas_vendor_elem_remove is invoked; internal-API defense-in-depth gap, not a reachable OOB",41plus_b61,med
ARR00-C,hostap,wpa_supplicant/wpa_supplicant.c,9757,FP,"'frame' is bounds-checked (0 <= frame < NUM_VENDOR_ELEM_FRAMES) at the single call site in ctrl_iface.c before wpas_vendor_elem_remove is invoked; internal-API defense-in-depth gap, not a reachable OOB",41plus_b61,med
DCL13-C,hostap,wpa_supplicant/wpa_supplicant.c,9767,TP,"Param genuinely never written in this function body (verified by read); real but low-value const opportunity, not a dispatch-contract callback",41plus_b61,low
API00-C,hostap,wpa_supplicant/wpa_supplicant.c,9788,FP,"'modes' is used only after num_modes>0, and hostap's invariant throughout is num_modes==0 whenever modes==NULL (unlike sibling get_mode() which does check, this one relies on the same caller-guaranteed invariant); internal-API pattern",41plus_b61,med
DCL13-C,hostap,wpa_supplicant/wpa_supplicant.c,9788,TP,"Param genuinely never written in this function body (verified by read); real but low-value const opportunity, not a dispatch-contract callback",41plus_b61,low
ARR00-C,hostap,wpa_supplicant/wpa_supplicant.c,9793,FP,"'num_modes' is a function PARAMETER (u16 num_modes), always initialized by the caller -- not an uninitialized local; matches confirmed ARR00-C parameter-confused-with-local FP class",41plus_b61,high
DCL30-C,hostap,wpa_supplicant/wpa_supplicant.c,9813,FP,"'bss' is a local pointer variable pointing to heap/dl_list-linked storage, not an automatic-storage object; matches confirmed DCL30-C local-pointer-vs-storage-confusion FP class",41plus_b61,high
EXP33-C,hostap,wpa_supplicant/wpa_supplicant.c,9832,FP,"'bssids' is the os_memcpy *destination* being written, not read, at this line; output-param write-blindness FP shape",41plus_b61,high
DCL13-C,hostap,wpa_supplicant/wpa_supplicant.c,9842,FP,"eloop_timeout_handler dispatch-contract callback (wpa_bss_tmp_disallow_timeout), matches confirmed eloop const-param FP class",41plus_b61,high
API00-C,hostap,wpa_supplicant/wpa_supplicant.c,9859,FP,Internal-only API pattern: wpa_s/bssid always non-null from the single internal call path; matches confirmed API00-C internal-invariant FP class,41plus_b61,med
API00-C,hostap,wpa_supplicant/wpa_supplicant.c,9859,FP,Internal-only API pattern: wpa_s/bssid always non-null from the single internal call path; matches confirmed API00-C internal-invariant FP class,41plus_b61,med
API00-C,hostap,wpa_supplicant/wpa_supplicant.c,9888,FP,"Internal-only API pattern (established): param is always a valid struct pointer from a small internal call-graph, never externally nullable; matches confirmed API00-C internal-invariant FP class",41plus_b61,med
DCL13-C,hostap,wpa_supplicant/wpa_supplicant.c,9889,TP,"Param genuinely never written in this function body (verified by read); real but low-value const opportunity, not a dispatch-contract callback",41plus_b61,low
EXP33-C,hostap,wpa_supplicant/wpa_supplicant.c,9893,FP,'prev' is initialized by dl_list_for_each_safe's own for-loop init clause; confirmed dl_list macro lvalue-init FP class,41plus_b61,high
EXP34-C,hostap,wpa_supplicant/wpa_supplicant.c,9895,FP,"'bss' is a function parameter already dereferenced multiple times earlier in the same function (bss->last_update etc.) with no prior check; established non-null by design, not a real gap",41plus_b61,high
API00-C,hostap,wpa_supplicant/wpa_supplicant.c,9914,FP,"Internal-only API pattern (established): param is always a valid struct pointer from a small internal call-graph, never externally nullable; matches confirmed API00-C internal-invariant FP class",41plus_b61,med
EXP34-C,hostap,wpa_supplicant/wpa_supplicant.c,9932,FP,wpas_mac_addr_rand_scan_set() (scan.c) explicitly checks 'if (addr)' before any deref of addr or mask; claim callee lacks a NULL check is factually wrong,41plus_b61,high
EXP34-C,hostap,wpa_supplicant/wpa_supplicant.c,9932,FP,wpas_mac_addr_rand_scan_set() (scan.c) only dereferences 'mask' inside the same 'if (addr)' guard; factually wrong claim that callee lacks a NULL check,41plus_b61,high
EXP34-C,hostap,wpa_supplicant/wpa_supplicant.c,9938,FP,wpas_mac_addr_rand_scan_set() (scan.c) explicitly checks 'if (addr)' before any deref of addr or mask; claim callee lacks a NULL check is factually wrong,41plus_b61,high
EXP34-C,hostap,wpa_supplicant/wpa_supplicant.c,9938,FP,wpas_mac_addr_rand_scan_set() (scan.c) only dereferences 'mask' inside the same 'if (addr)' guard; factually wrong claim that callee lacks a NULL check,41plus_b61,high
EXP34-C,hostap,wpa_supplicant/wpa_supplicant.c,9947,FP,wpas_mac_addr_rand_scan_set() (scan.c) explicitly checks 'if (addr)' before any deref of addr or mask; claim callee lacks a NULL check is factually wrong,41plus_b61,high
EXP34-C,hostap,wpa_supplicant/wpa_supplicant.c,9947,FP,wpas_mac_addr_rand_scan_set() (scan.c) only dereferences 'mask' inside the same 'if (addr)' guard; factually wrong claim that callee lacks a NULL check,41plus_b61,high
API00-C,hostap,wpa_supplicant/wpa_supplicant.c,9960,FP,"Internal-only API pattern (established): param is always a valid struct pointer from a small internal call-graph, never externally nullable; matches confirmed API00-C internal-invariant FP class",41plus_b61,med
MSC01-C,hostap,wpa_supplicant/wpa_supplicant.c,9969,FP,"Independent if/else-if guard-clause chain where absence of a matching branch is an intentional fallthrough/no-op, not a missing case; matches confirmed MSC01-C stylistic-pedantry FP class",41plus_b61,med
API00-C,hostap,wpa_supplicant/wpa_supplicant.c,10018,FP,"Internal-only API pattern (established): param is always a valid struct pointer from a small internal call-graph, never externally nullable; matches confirmed API00-C internal-invariant FP class",41plus_b61,med
DCL30-C,hostap,wpa_supplicant/wpa_supplicant.c,10060,FP,"'scan_res' is a local pointer variable pointing to heap/dl_list-linked storage, not an automatic-storage object; matches confirmed DCL30-C local-pointer-vs-storage-confusion FP class",41plus_b61,high
DCL13-C,hostap,wpa_supplicant/wpa_supplicant.c,10064,TP,"Param genuinely never written in this function body (verified by read); real but low-value const opportunity, not a dispatch-contract callback",41plus_b61,low
EXP33-C,hostap,wpa_supplicant/wpa_supplicant.c,10071,FP,'i' is initialized by the for_each_link macro's own for-loop init clause; extends confirmed macro lvalue-init FP class,41plus_b61,high
API00-C,hostap,wpa_supplicant/wpa_supplicant.c,10080,FP,dst/src/bssid are MAC-address pointers always supplied by internal callers; matches confirmed API00-C internal-invariant FP class,41plus_b61,med
API00-C,hostap,wpa_supplicant/wpa_supplicant.c,10080,FP,dst/src/bssid are MAC-address pointers always supplied by internal callers; matches confirmed API00-C internal-invariant FP class,41plus_b61,med
API00-C,hostap,wpa_supplicant/wpa_supplicant.c,10080,FP,dst/src/bssid are MAC-address pointers always supplied by internal callers; matches confirmed API00-C internal-invariant FP class,41plus_b61,med
DCL13-C,hostap,wpa_supplicant/wpa_supplicant.c,10101,TP,"Param genuinely never written in this function body (verified by read); real but low-value const opportunity, not a dispatch-contract callback",41plus_b61,low
DCL13-C,hostap,wpa_supplicant/wpa_supplicant.c,10123,TP,"Param genuinely never written in this function body (verified by read); real but low-value const opportunity, not a dispatch-contract callback",41plus_b61,low
DCL13-C,hostap,wpa_supplicant/wpa_supplicant.c,10152,TP,"Param genuinely never written in this function body (verified by read); real but low-value const opportunity, not a dispatch-contract callback",41plus_b61,low
MSC37-C,hostap,wpa_supplicant/wpa_supplicant.c,10178,FP,Both the #ifdef CONFIG_OWE and #else branches return a value on every path; matches confirmed MSC37-C preprocessor-branch-blind class,41plus_b61,high
API00-C,hostap,wpa_supplicant/wpa_supplicant.c,10209,FP,"Internal-only API pattern (established): param is always a valid struct pointer from a small internal call-graph, never externally nullable; matches confirmed API00-C internal-invariant FP class",41plus_b61,med
PRE08-C,hostap,src/ap/ieee802_11.c,23,FP,"PRE08-C 8.3-legacy-filesystem header-name-collision, confirmed categorical FP for hostap (not actionable on modern POSIX build)",41plus_b62,high
PRE08-C,hostap,src/ap/ieee802_11.c,23,FP,"PRE08-C 8.3-legacy-filesystem header-name-collision, confirmed categorical FP for hostap (not actionable on modern POSIX build)",41plus_b62,high
PRE08-C,hostap,src/ap/ieee802_11.c,23,FP,"PRE08-C 8.3-legacy-filesystem header-name-collision, confirmed categorical FP for hostap (not actionable on modern POSIX build)",41plus_b62,high
PRE08-C,hostap,src/ap/ieee802_11.c,23,FP,"PRE08-C 8.3-legacy-filesystem header-name-collision, confirmed categorical FP for hostap (not actionable on modern POSIX build)",41plus_b62,high
PRE08-C,hostap,src/ap/ieee802_11.c,24,FP,"PRE08-C 8.3-legacy-filesystem header-name-collision, confirmed categorical FP for hostap (not actionable on modern POSIX build)",41plus_b62,high
PRE08-C,hostap,src/ap/ieee802_11.c,24,FP,"PRE08-C 8.3-legacy-filesystem header-name-collision, confirmed categorical FP for hostap (not actionable on modern POSIX build)",41plus_b62,high
PRE08-C,hostap,src/ap/ieee802_11.c,24,FP,"PRE08-C 8.3-legacy-filesystem header-name-collision, confirmed categorical FP for hostap (not actionable on modern POSIX build)",41plus_b62,high
PRE08-C,hostap,src/ap/ieee802_11.c,40,FP,"PRE08-C 8.3-legacy-filesystem header-name-collision, confirmed categorical FP for hostap (not actionable on modern POSIX build)",41plus_b62,high
PRE08-C,hostap,src/ap/ieee802_11.c,40,FP,"PRE08-C 8.3-legacy-filesystem header-name-collision, confirmed categorical FP for hostap (not actionable on modern POSIX build)",41plus_b62,high
PRE08-C,hostap,src/ap/ieee802_11.c,42,FP,"PRE08-C 8.3-legacy-filesystem header-name-collision, confirmed categorical FP for hostap (not actionable on modern POSIX build)",41plus_b62,high
API02-C,hostap,src/ap/ieee802_11.c,68,FP,"API02-C misfires on forward decl with paired msk/msk_len size arg elsewhere in sig and a scalar int* out-param (is_pub), confirmed API02-C last-pointer-only misfire class",41plus_b62,med
API05-C,hostap,src/ap/ieee802_11.c,74,FP,"API05-C confirmed categorical FP: idiomatic ptr+size-param pairing (or fixed-size/scalar out-param), not a real conformant-array-syntax gap",41plus_b62,high
DCL13-C,hostap,src/ap/ieee802_11.c,123,TP,"Param is genuinely read-only in this static/internal helper (no vtable/eloop dispatch contract, no field write through the pointer); real if low-severity const opportunity",41plus_b62,low
EXP40-C,hostap,src/ap/ieee802_11.c,125,FP,Rule misfires: 'buf' param is plain u8* (not const-qualified) so 'pos = buf' involves no const-to-non-const assignment at all,41plus_b62,high
FLP03-C,hostap,src/ap/ieee802_11.c,132,FP,"hostapd_rate_data.rate is declared int; 'rate / 5' is integer division, not floating point -- FLP03-C misidentifies the operand type",41plus_b62,high
INT14-C,hostap,src/ap/ieee802_11.c,132,FP,"Base-identifier-only matching bug: bitwise/arithmetic ops are on different struct MEMBER fields of this variable, not on the pointer/int variable itself; extends the confirmed INT14-C member-conflation FP class",41plus_b62,high
INT14-C,hostap,src/ap/ieee802_11.c,132,FP,"Base-identifier-only matching bug: bitwise/arithmetic ops are on different struct MEMBER fields of this variable, not on the pointer/int variable itself; extends the confirmed INT14-C member-conflation FP class",41plus_b62,high
DCL30-C,hostap,src/ap/ieee802_11.c,169,FP,"'eid'/'pos'/'buf' is a local alias into the caller-supplied EID buffer passed in as a parameter, not automatic-storage-duration memory; confirmed DCL30-C local-variable-vs-local-storage FP class",41plus_b62,high
DCL30-C,hostap,src/ap/ieee802_11.c,179,FP,"'eid'/'pos'/'buf' is a local alias into the caller-supplied EID buffer passed in as a parameter, not automatic-storage-duration memory; confirmed DCL30-C local-variable-vs-local-storage FP class",41plus_b62,high
API00-C,hostap,src/ap/ieee802_11.c,183,FP,"Internal-only hostapd API, always called with valid caller-controlled pointers from a small internal call set; confirmed API00-C internal-API FP class",41plus_b62,med
DCL30-C,hostap,src/ap/ieee802_11.c,192,FP,"'eid'/'pos'/'buf' is a local alias into the caller-supplied EID buffer passed in as a parameter, not automatic-storage-duration memory; confirmed DCL30-C local-variable-vs-local-storage FP class",41plus_b62,high
DCL30-C,hostap,src/ap/ieee802_11.c,199,FP,"'eid'/'pos'/'buf' is a local alias into the caller-supplied EID buffer passed in as a parameter, not automatic-storage-duration memory; confirmed DCL30-C local-variable-vs-local-storage FP class",41plus_b62,high
API00-C,hostap,src/ap/ieee802_11.c,203,FP,"Internal-only hostapd API, always called with valid caller-controlled pointers from a small internal call set; confirmed API00-C internal-API FP class",41plus_b62,med
API00-C,hostap,src/ap/ieee802_11.c,203,FP,"Internal-only hostapd API, always called with valid caller-controlled pointers from a small internal call set; confirmed API00-C internal-API FP class",41plus_b62,med
DCL13-C,hostap,src/ap/ieee802_11.c,203,TP,"Param is genuinely read-only in this static/internal helper (no vtable/eloop dispatch contract, no field write through the pointer); real if low-severity const opportunity",41plus_b62,low
API00-C,hostap,src/ap/ieee802_11.c,224,FP,"Internal-only hostapd API, always called with valid caller-controlled pointers from a small internal call set; confirmed API00-C internal-API FP class",41plus_b62,med
DCL13-C,hostap,src/ap/ieee802_11.c,224,TP,"Param is genuinely read-only in this static/internal helper (no vtable/eloop dispatch contract, no field write through the pointer); real if low-severity const opportunity",41plus_b62,low
API05-C,hostap,src/ap/ieee802_11.c,348,FP,"API05-C confirmed categorical FP: idiomatic ptr+size-param pairing (or fixed-size/scalar out-param), not a real conformant-array-syntax gap",41plus_b62,high
EXP33-C,hostap,src/ap/ieee802_11.c,365,FP,'sizeof(reply->u.auth)' never evaluates its operand (non-VLA type) so accessing reply->u.auth inside sizeof is not a dereference; confirmed EXP33-C sizeof(*ptr)/sizeof(ptr->member) idiom FP class,41plus_b62,high
EXP30-C,hostap,src/ap/ieee802_11.c,390,FP,"All flagged 'multiple function calls' are pure accessor/getter calls (wpabuf_head/len, MAC2STR, WPA_GET_LE16/BE32, sae_state_txt, pasn_get_*, wpa_auth_sta_key_mgmt, ap_sta_is_mld) with no side effects; confirmed EXP30-C pure-accessor-args FP class",41plus_b62,high
API05-C,hostap,src/ap/ieee802_11.c,444,FP,"API05-C confirmed categorical FP: idiomatic ptr+size-param pairing (or fixed-size/scalar out-param), not a real conformant-array-syntax gap",41plus_b62,high
MSC41-C,hostap,src/ap/ieee802_11.c,454,FP,"The flagged string is a debug-log dbg/state-label tag passed to send_auth_reply/sae_set_state (e.g. ""auth-ft-finish"", ""sae-send-commit""), not actual secret material; extends confirmed MSC41-C debug-label FP class",41plus_b62,high
EXP30-C,hostap,src/ap/ieee802_11.c,483,FP,"All flagged 'multiple function calls' are pure accessor/getter calls (wpabuf_head/len, MAC2STR, WPA_GET_LE16/BE32, sae_state_txt, pasn_get_*, wpa_auth_sta_key_mgmt, ap_sta_is_mld) with no side effects; confirmed EXP30-C pure-accessor-args FP class",41plus_b62,high
DCL13-C,hostap,src/ap/ieee802_11.c,504,TP,"Param is genuinely read-only in this static/internal helper (no vtable/eloop dispatch contract, no field write through the pointer); real if low-severity const opportunity",41plus_b62,low
DCL13-C,hostap,src/ap/ieee802_11.c,504,TP,"Param is genuinely read-only in this static/internal helper (no vtable/eloop dispatch contract, no field write through the pointer); real if low-severity const opportunity",41plus_b62,low
MSC13-C,hostap,src/ap/ieee802_11.c,506,TP,Genuine (harmless) dead-NULL-init: variable is always reassigned before any read on every path; matches confirmed MSC13-C dead-default-init correct-detection precedent,41plus_b62,low
DCL30-C,hostap,src/ap/ieee802_11.c,514,FP,"'pw' is a local pointer variable but points into hapd->conf->sae_passwords (config-owned list), not local automatic storage; confirmed DCL30-C FP class",41plus_b62,high
DCL13-C,hostap,src/ap/ieee802_11.c,521,TP,"Param is genuinely read-only in this static/internal helper (no vtable/eloop dispatch contract, no field write through the pointer); real if low-severity const opportunity",41plus_b62,low
DCL13-C,hostap,src/ap/ieee802_11.c,522,TP,"Param is genuinely read-only in this static/internal helper (no vtable/eloop dispatch contract, no field write through the pointer); real if low-severity const opportunity",41plus_b62,low
DCL13-C,hostap,src/ap/ieee802_11.c,523,TP,"Param is genuinely read-only in this static/internal helper (no vtable/eloop dispatch contract, no field write through the pointer); real if low-severity const opportunity",41plus_b62,low
DCL13-C,hostap,src/ap/ieee802_11.c,547,TP,"Param is genuinely read-only in this static/internal helper (no vtable/eloop dispatch contract, no field write through the pointer); real if low-severity const opportunity",41plus_b62,low
DCL13-C,hostap,src/ap/ieee802_11.c,548,TP,"Param is genuinely read-only in this static/internal helper (no vtable/eloop dispatch contract, no field write through the pointer); real if low-severity const opportunity",41plus_b62,low
INT33-C,hostap,src/ap/ieee802_11.c,584,FP,"pw->num_success_mac is guaranteed non-zero: both callers (sae_password_track_success, sae_password_bind) check hapd->conf->sae_track_password!=0 before reaching this code, and num_success_mac is set from that same value; rule doesn't see the caller-side guard",41plus_b62,high
INT33-C,hostap,src/ap/ieee802_11.c,632,FP,pw->num_fail_mac is guaranteed non-zero: this same function checks hapd->conf->sae_track_password!=0 at its own top (line 610) before reaching this modulo; rule misses the in-function guard,41plus_b62,high
API00-C,hostap,src/ap/ieee802_11.c,638,FP,"Internal-only hostapd API, always called with valid caller-controlled pointers from a small internal call set; confirmed API00-C internal-API FP class",41plus_b62,med
API00-C,hostap,src/ap/ieee802_11.c,659,FP,sae_get_password is internal-only; pw_entry is an optional out-param checked at point of use (if (pw_entry) *pw_entry = pw;) -- confirmed API00-C internal-API FP class,41plus_b62,med
API00-C,hostap,src/ap/ieee802_11.c,659,FP,"Tool miss: sae_get_password explicitly NULL-checks 'sta' before every dereference (lines 678,713-714,733,789) -- the validation IS present",41plus_b62,high
API00-C,hostap,src/ap/ieee802_11.c,659,FP,sae_get_password is internal-only; pw_entry is an optional out-param checked at point of use (if (pw_entry) *pw_entry = pw;) -- confirmed API00-C internal-API FP class,41plus_b62,med
DCL13-C,hostap,src/ap/ieee802_11.c,659,TP,"Param is genuinely read-only in this static/internal helper (no vtable/eloop dispatch contract, no field write through the pointer); real if low-severity const opportunity",41plus_b62,low
MEM03-C,hostap,src/ap/ieee802_11.c,666,FP,"'password' is a borrowed const pointer into externally-owned storage (sae_passwords list / ssid.wpa_passphrase / psk->passphrase), not a local buffer this function allocated/owns; confirmed MEM03-C borrowed-secret-pointer FP class",41plus_b62,high
MSC13-C,hostap,src/ap/ieee802_11.c,670,TP,Genuine (harmless) dead-NULL-init: variable is always reassigned before any read on every path; matches confirmed MSC13-C dead-default-init correct-detection precedent,41plus_b62,low
EXP30-C,hostap,src/ap/ieee802_11.c,754,FP,"All flagged 'multiple function calls' are pure accessor/getter calls (wpabuf_head/len, MAC2STR, WPA_GET_LE16/BE32, sae_state_txt, pasn_get_*, wpa_auth_sta_key_mgmt, ap_sta_is_mld) with no side effects; confirmed EXP30-C pure-accessor-args FP class",41plus_b62,high
EXP30-C,hostap,src/ap/ieee802_11.c,765,FP,"All flagged 'multiple function calls' are pure accessor/getter calls (wpabuf_head/len, MAC2STR, WPA_GET_LE16/BE32, sae_state_txt, pasn_get_*, wpa_auth_sta_key_mgmt, ap_sta_is_mld) with no side effects; confirmed EXP30-C pure-accessor-args FP class",41plus_b62,high
EXP34-C,hostap,src/ap/ieee802_11.c,769,FP,"'pos' derives via pointer arithmetic from 'plain', which was NULL-checked ~15 lines earlier (line 752) before any of this code runs; rule doesn't see the earlier same-function guard",41plus_b62,med
ARR00-C,hostap,src/ap/ieee802_11.c,773,FP,"'id' and 'pos' are both offsets into the SAME allocated buffer 'plain' (id = pos = plain + 4, pos advanced in-place); not a cross-array subtraction, matches confirmed same-buffer-offset ARR00-C FP class",41plus_b62,high
DCL30-C,hostap,src/ap/ieee802_11.c,811,FP,"pw/pt/pk are local pointer variables aliasing config-owned or transferred-ownership objects (sae_passwords list / sae_pt / sae_pk), not addresses of local stack objects; confirmed DCL30-C FP class extended to out-param writes",41plus_b62,high
DCL30-C,hostap,src/ap/ieee802_11.c,813,FP,"pw/pt/pk are local pointer variables aliasing config-owned or transferred-ownership objects (sae_passwords list / sae_pt / sae_pk), not addresses of local stack objects; confirmed DCL30-C FP class extended to out-param writes",41plus_b62,high
DCL30-C,hostap,src/ap/ieee802_11.c,815,FP,"pw/pt/pk are local pointer variables aliasing config-owned or transferred-ownership objects (sae_passwords list / sae_pt / sae_pk), not addresses of local stack objects; confirmed DCL30-C FP class extended to out-param writes",41plus_b62,high
MSC13-C,hostap,src/ap/ieee802_11.c,826,TP,Genuine (harmless) dead-NULL-init: variable is always reassigned before any read on every path; matches confirmed MSC13-C dead-default-init correct-detection precedent,41plus_b62,low
MEM03-C,hostap,src/ap/ieee802_11.c,826,FP,"'password' is a borrowed const pointer into externally-owned storage (sae_passwords list / ssid.wpa_passphrase / psk->passphrase), not a local buffer this function allocated/owns; confirmed MEM03-C borrowed-secret-pointer FP class",41plus_b62,high
MSC01-C,hostap,src/ap/ieee802_11.c,857,FP,Missing final else is a deliberate no-op/guard-clause: the variable already holds its correct default value (set at declaration or by an earlier statement) when no arm matches; confirmed MSC01-C guard-clause/default-value FP class,41plus_b62,high
EXP05-C,hostap,src/ap/ieee802_11.c,907,FP,"sae_prepare_commit's 'password' parameter is itself declared const u8 * -- the (u8*) cast is a pointless no-op, not a real const-removal-then-mutate hazard; no write follows",41plus_b62,high
DCL30-C,hostap,src/ap/ieee802_11.c,935,FP,"'eid'/'pos'/'buf' is a local alias into the caller-supplied EID buffer passed in as a parameter, not automatic-storage-duration memory; confirmed DCL30-C local-variable-vs-local-storage FP class",41plus_b62,high
DCL30-C,hostap,src/ap/ieee802_11.c,960,FP,"'eid'/'pos'/'buf' is a local alias into the caller-supplied EID buffer passed in as a parameter, not automatic-storage-duration memory; confirmed DCL30-C local-variable-vs-local-storage FP class",41plus_b62,high
EXP30-C,hostap,src/ap/ieee802_11.c,994,FP,"All flagged 'multiple function calls' are pure accessor/getter calls (wpabuf_head/len, MAC2STR, WPA_GET_LE16/BE32, sae_state_txt, pasn_get_*, wpa_auth_sta_key_mgmt, ap_sta_is_mld) with no side effects; confirmed EXP30-C pure-accessor-args FP class",41plus_b62,high
MSC41-C,hostap,src/ap/ieee802_11.c,997,FP,"The flagged string is a debug-log dbg/state-label tag passed to send_auth_reply/sae_set_state (e.g. ""auth-ft-finish"", ""sae-send-commit""), not actual secret material; extends confirmed MSC41-C debug-label FP class",41plus_b62,high
EXP30-C,hostap,src/ap/ieee802_11.c,1015,FP,"All flagged 'multiple function calls' are pure accessor/getter calls (wpabuf_head/len, MAC2STR, WPA_GET_LE16/BE32, sae_state_txt, pasn_get_*, wpa_auth_sta_key_mgmt, ap_sta_is_mld) with no side effects; confirmed EXP30-C pure-accessor-args FP class",41plus_b62,high
MSC41-C,hostap,src/ap/ieee802_11.c,1018,FP,"The flagged string is a debug-log dbg/state-label tag passed to send_auth_reply/sae_set_state (e.g. ""auth-ft-finish"", ""sae-send-commit""), not actual secret material; extends confirmed MSC41-C debug-label FP class",41plus_b62,high
DCL13-C,hostap,src/ap/ieee802_11.c,1070,TP,"Param is genuinely read-only in this static/internal helper (no vtable/eloop dispatch contract, no field write through the pointer); real if low-severity const opportunity",41plus_b62,low
STR30-C,hostap,src/ap/ieee802_11.c,1073,FP,"sae_set_state's 'reason' parameter is declared const char *, and the function only reads it (wpa_printf %s) -- confirmed STR30-C rule-logic-bug FP class (const-qualified callee param disproves the finding)",41plus_b62,high
DCL13-C,hostap,src/ap/ieee802_11.c,1088,TP,"Param is genuinely read-only in this static/internal helper (no vtable/eloop dispatch contract, no field write through the pointer); real if low-severity const opportunity",41plus_b62,low
EXP30-C,hostap,src/ap/ieee802_11.c,1119,FP,"All flagged 'multiple function calls' are pure accessor/getter calls (wpabuf_head/len, MAC2STR, WPA_GET_LE16/BE32, sae_state_txt, pasn_get_*, wpa_auth_sta_key_mgmt, ap_sta_is_mld) with no side effects; confirmed EXP30-C pure-accessor-args FP class",41plus_b62,high
API00-C,hostap,src/ap/ieee802_11.c,1147,FP,"Internal-only hostapd API, always called with valid caller-controlled pointers from a small internal call set; confirmed API00-C internal-API FP class",41plus_b62,med
API00-C,hostap,src/ap/ieee802_11.c,1147,FP,"Internal-only hostapd API, always called with valid caller-controlled pointers from a small internal call set; confirmed API00-C internal-API FP class",41plus_b62,med
INT14-C,hostap,src/ap/ieee802_11.c,1156,FP,"Base-identifier-only matching bug: bitwise/arithmetic ops are on different struct MEMBER fields of this variable, not on the pointer/int variable itself; extends the confirmed INT14-C member-conflation FP class",41plus_b62,high
STR30-C,hostap,src/ap/ieee802_11.c,1239,FP,"sae_set_state's 'reason' parameter is declared const char *, and the function only reads it (wpa_printf %s) -- confirmed STR30-C rule-logic-bug FP class (const-qualified callee param disproves the finding)",41plus_b62,high
MSC01-C,hostap,src/ap/ieee802_11.c,1257,FP,Missing final else is a deliberate no-op/guard-clause: the variable already holds its correct default value (set at declaration or by an earlier statement) when no arm matches; confirmed MSC01-C guard-clause/default-value FP class,41plus_b62,high
MEM05-C,hostap,src/ap/ieee802_11.c,1265,TP,"sae_sm_step does self-recurse once (line ~1424) on a specific SAE state transition; genuine recursion, though depth is provably bounded to one extra level by the state machine, so practical stack risk is minimal",41plus_b62,low
EXP30-C,hostap,src/ap/ieee802_11.c,1277,FP,"All flagged 'multiple function calls' are pure accessor/getter calls (wpabuf_head/len, MAC2STR, WPA_GET_LE16/BE32, sae_state_txt, pasn_get_*, wpa_auth_sta_key_mgmt, ap_sta_is_mld) with no side effects; confirmed EXP30-C pure-accessor-args FP class",41plus_b62,high
STR30-C,hostap,src/ap/ieee802_11.c,1321,FP,"sae_set_state's 'reason' parameter is declared const char *, and the function only reads it (wpa_printf %s) -- confirmed STR30-C rule-logic-bug FP class (const-qualified callee param disproves the finding)",41plus_b62,high
STR30-C,hostap,src/ap/ieee802_11.c,1360,FP,"sae_set_state's 'reason' parameter is declared const char *, and the function only reads it (wpa_printf %s) -- confirmed STR30-C rule-logic-bug FP class (const-qualified callee param disproves the finding)",41plus_b62,high
STR30-C,hostap,src/ap/ieee802_11.c,1390,FP,"sae_set_state's 'reason' parameter is declared const char *, and the function only reads it (wpa_printf %s) -- confirmed STR30-C rule-logic-bug FP class (const-qualified callee param disproves the finding)",41plus_b62,high
STR30-C,hostap,src/ap/ieee802_11.c,1417,FP,"sae_set_state's 'reason' parameter is declared const char *, and the function only reads it (wpa_printf %s) -- confirmed STR30-C rule-logic-bug FP class (const-qualified callee param disproves the finding)",41plus_b62,high
STR30-C,hostap,src/ap/ieee802_11.c,1466,FP,"sae_set_state's 'reason' parameter is declared const char *, and the function only reads it (wpa_printf %s) -- confirmed STR30-C rule-logic-bug FP class (const-qualified callee param disproves the finding)",41plus_b62,high
DCL13-C,hostap,src/ap/ieee802_11.c,1492,TP,"Param is genuinely read-only in this static/internal helper (no vtable/eloop dispatch contract, no field write through the pointer); real if low-severity const opportunity",41plus_b62,low
DCL13-C,hostap,src/ap/ieee802_11.c,1492,TP,"Param is genuinely read-only in this static/internal helper (no vtable/eloop dispatch contract, no field write through the pointer); real if low-severity const opportunity",41plus_b62,low
ARR02-C,hostap,src/ap/ieee802_11.c,1497,FP,"'default_groups[]' is a local array consumed via sentinel-terminated traversal (groups[i] > 0), sized exactly to its initializer; confirmed ARR02-C implicit-bounds-on-initialized-local FP class",41plus_b62,high
ARR30-C,hostap,src/ap/ieee802_11.c,1512,FP,Cross-function variable-name conflation bug: sqc attributes this 'groups' pointer's bound to the unrelated 2-element 'int groups[2]' local declared at line 872 inside a completely different function (auth_build_sae_commit); this function's 'groups' is conf->sae_groups or the 3-element default_groups[],41plus_b62,high
ARR30-C,hostap,src/ap/ieee802_11.c,1513,FP,Cross-function variable-name conflation bug: sqc attributes this 'groups' pointer's bound to the unrelated 2-element 'int groups[2]' local declared at line 872 inside a completely different function (auth_build_sae_commit); this function's 'groups' is conf->sae_groups or the 3-element default_groups[],41plus_b62,high
DCL13-C,hostap,src/ap/ieee802_11.c,1540,TP,"Param is genuinely read-only in this static/internal helper (no vtable/eloop dispatch contract, no field write through the pointer); real if low-severity const opportunity",41plus_b62,low
MSC01-C,hostap,src/ap/ieee802_11.c,1549,FP,Missing final else is a deliberate no-op/guard-clause: the variable already holds its correct default value (set at declaration or by an earlier statement) when no arm matches; confirmed MSC01-C guard-clause/default-value FP class,41plus_b62,high
DCL13-C,hostap,src/ap/ieee802_11.c,1574,TP,"Param is genuinely read-only in this static/internal helper (no vtable/eloop dispatch contract, no field write through the pointer); real if low-severity const opportunity",41plus_b62,low
ARR02-C,hostap,src/ap/ieee802_11.c,1578,FP,"'default_groups[]' is a local array consumed via sentinel-terminated traversal (groups[i] > 0), sized exactly to its initializer; confirmed ARR02-C implicit-bounds-on-initialized-local FP class",41plus_b62,high
ARR30-C,hostap,src/ap/ieee802_11.c,1589,FP,Cross-function variable-name conflation bug: sqc attributes this 'groups' pointer's bound to the unrelated 2-element 'int groups[2]' local declared at line 872 inside a completely different function (auth_build_sae_commit); this function's 'groups' is conf->sae_groups or the 3-element default_groups[],41plus_b62,high
ARR30-C,hostap,src/ap/ieee802_11.c,1590,FP,Cross-function variable-name conflation bug: sqc attributes this 'groups' pointer's bound to the unrelated 2-element 'int groups[2]' local declared at line 872 inside a completely different function (auth_build_sae_commit); this function's 'groups' is conf->sae_groups or the 3-element default_groups[],41plus_b62,high
DCL13-C,hostap,src/ap/ieee802_11.c,1599,TP,"Param is genuinely read-only in this static/internal helper (no vtable/eloop dispatch contract, no field write through the pointer); real if low-severity const opportunity",41plus_b62,low
INT14-C,hostap,src/ap/ieee802_11.c,1613,TP,'len' is used with real bitwise '&' (len & 1) and real arithmetic '/' (len / 2) in the same function on the same variable -- genuine (low-severity) hit,41plus_b62,low
ARR30-C,hostap,src/ap/ieee802_11.c,1626,FP,"Cross-function variable-name conflation bug: the cited 'allocated at line 4118' is 'const u8 *addr[2];' in an unrelated OWE-key-derivation function, not this function's 'pos' (which walks a dynamically-sized wpabuf bounded by a correctly-computed loop count)",41plus_b62,high
ARR02-C,hostap,src/ap/ieee802_11.c,1646,FP,"'default_groups[]' is a local array consumed via sentinel-terminated traversal (groups[i] > 0), sized exactly to its initializer; confirmed ARR02-C implicit-bounds-on-initialized-local FP class",41plus_b62,high
MSC41-C,hostap,src/ap/ieee802_11.c,1669,FP,"The flagged string is a debug-log dbg/state-label tag passed to send_auth_reply/sae_set_state (e.g. ""auth-ft-finish"", ""sae-send-commit""), not actual secret material; extends confirmed MSC41-C debug-label FP class",41plus_b62,high
EXP30-C,hostap,src/ap/ieee802_11.c,1676,FP,"All flagged 'multiple function calls' are pure accessor/getter calls (wpabuf_head/len, MAC2STR, WPA_GET_LE16/BE32, sae_state_txt, pasn_get_*, wpa_auth_sta_key_mgmt, ap_sta_is_mld) with no side effects; confirmed EXP30-C pure-accessor-args FP class",41plus_b62,high
MSC41-C,hostap,src/ap/ieee802_11.c,1681,FP,"The flagged string is a debug-log dbg/state-label tag passed to send_auth_reply/sae_set_state (e.g. ""auth-ft-finish"", ""sae-send-commit""), not actual secret material; extends confirmed MSC41-C debug-label FP class",41plus_b62,high
ARR01-C,hostap,src/ap/ieee802_11.c,1693,FP,"'sizeof(*sta->sae)' dereferences a struct pointer FIELD (sae), not a decayed array parameter; 'sta' itself was never an array -- rule's own premise doesn't apply",41plus_b62,high
STR30-C,hostap,src/ap/ieee802_11.c,1700,FP,"sae_set_state's 'reason' parameter is declared const char *, and the function only reads it (wpa_printf %s) -- confirmed STR30-C rule-logic-bug FP class (const-qualified callee param disproves the finding)",41plus_b62,high
STR30-C,hostap,src/ap/ieee802_11.c,1764,FP,"sae_set_state's 'reason' parameter is declared const char *, and the function only reads it (wpa_printf %s) -- confirmed STR30-C rule-logic-bug FP class (const-qualified callee param disproves the finding)",41plus_b62,high
STR30-C,hostap,src/ap/ieee802_11.c,1809,FP,"sae_set_state's 'reason' parameter is declared const char *, and the function only reads it (wpa_printf %s) -- confirmed STR30-C rule-logic-bug FP class (const-qualified callee param disproves the finding)",41plus_b62,high
STR30-C,hostap,src/ap/ieee802_11.c,1813,FP,"sae_set_state's 'reason' parameter is declared const char *, and the function only reads it (wpa_printf %s) -- confirmed STR30-C rule-logic-bug FP class (const-qualified callee param disproves the finding)",41plus_b62,high
STR30-C,hostap,src/ap/ieee802_11.c,1838,FP,"sae_set_state's 'reason' parameter is declared const char *, and the function only reads it (wpa_printf %s) -- confirmed STR30-C rule-logic-bug FP class (const-qualified callee param disproves the finding)",41plus_b62,high
EXP34-C,hostap,src/ap/ieee802_11.c,1848,FP,check_comeback_token() is only called inside 'if (token && ... < 0)' -- short-circuit '&&' already guards against token==NULL; extends confirmed short-circuit-blindness EXP34-C FP class,41plus_b62,high
ARR01-C,hostap,src/ap/ieee802_11.c,1881,FP,"hapd->comeback_pending_idx is a genuine fixed-size array FIELD (u16 comeback_pending_idx[COMEBACK_PENDING_IDX_SIZE]); member arrays retain full array type through '->' access, nothing decayed",41plus_b62,high
STR30-C,hostap,src/ap/ieee802_11.c,1886,FP,"sae_set_state's 'reason' parameter is declared const char *, and the function only reads it (wpa_printf %s) -- confirmed STR30-C rule-logic-bug FP class (const-qualified callee param disproves the finding)",41plus_b62,high
EXP05-C,hostap,src/ap/ieee802_11.c,1907,FP,"'(u8 *) mgmt' is used purely for read-only pointer-arithmetic bounds computation (((u8*)mgmt)+len), never written through; confirmed EXP05-C read-only-traversal-pointer FP class",41plus_b62,high
MSC41-C,hostap,src/ap/ieee802_11.c,1974,FP,"The flagged string is a debug-log dbg/state-label tag passed to send_auth_reply/sae_set_state (e.g. ""auth-ft-finish"", ""sae-send-commit""), not actual secret material; extends confirmed MSC41-C debug-label FP class",41plus_b62,high
API00-C,hostap,src/ap/ieee802_11.c,2002,FP,"Internal-only hostapd API, always called with valid caller-controlled pointers from a small internal call set; confirmed API00-C internal-API FP class",41plus_b62,med
STR30-C,hostap,src/ap/ieee802_11.c,2016,FP,"sae_set_state's 'reason' parameter is declared const char *, and the function only reads it (wpa_printf %s) -- confirmed STR30-C rule-logic-bug FP class (const-qualified callee param disproves the finding)",41plus_b62,high
DCL13-C,hostap,src/ap/ieee802_11.c,2024,FP,"eloop_register_timeout callback matches fixed void(*)(void*,void*) eloop_timeout_handler contract; confirmed eloop-callback DCL13-C FP class",41plus_b62,high
EXP33-C,hostap,src/ap/ieee802_11.c,2068,FP,'sizeof(*q)' never evaluates/dereferences q; confirmed EXP33-C sizeof(*ptr) FP class,41plus_b62,high
API00-C,hostap,src/ap/ieee802_11.c,2165,FP,"handle_auth_fils is internal-only, invoked solely from hostapd's own auth dispatcher with always-valid hapd/pos; confirmed API00-C internal-API FP class",41plus_b62,med
API00-C,hostap,src/ap/ieee802_11.c,2165,FP,"handle_auth_fils is internal-only, invoked solely from hostapd's own auth dispatcher with always-valid hapd/pos; confirmed API00-C internal-API FP class",41plus_b62,med
API00-C,hostap,src/ap/ieee802_11.c,2165,FP,handle_auth_fils is an internal dispatch-only function; len/pos are already sanity-checked by the frame-parsing caller before this handler runs -- internal-API-invariant FP class,41plus_b62,med
MSC13-C,hostap,src/ap/ieee802_11.c,2172,FP,"Factually wrong: 'resp' keeps its initial WLAN_STATUS_SUCCESS value on the success path (no goto fail hit) and that value IS read via cb(hapd,sta,resp,data,pub) -- not dead",41plus_b62,high
ARR30-C,hostap,src/ap/ieee802_11.c,2205,FP,"Cross-function variable-name conflation bug: the cited 'allocated at line 4118' is 'const u8 *addr[2];' in an unrelated OWE-key-derivation function, not this function's 'pos' (which walks a dynamically-sized wpabuf bounded by a correctly-computed loop count)",41plus_b62,high
MEM30-C,hostap,src/ap/ieee802_11.c,2246,FP,"'sta->fils_dh_ss' is freed then immediately REASSIGNED via crypto_ecdh_set_peerkey() on the very next line (2244); lines 2246/2251 read the fresh reassigned pointer, not the freed one -- extends the mem30-reassign-and-fresh-binding fix class to wpabuf_clear_free(), which the existing fix apparently doesn't cover",41plus_b62,high
MEM30-C,hostap,src/ap/ieee802_11.c,2251,FP,"'sta->fils_dh_ss' is freed then immediately REASSIGNED via crypto_ecdh_set_peerkey() on the very next line (2244); lines 2246/2251 read the fresh reassigned pointer, not the freed one -- extends the mem30-reassign-and-fresh-binding fix class to wpabuf_clear_free(), which the existing fix apparently doesn't cover",41plus_b62,high
EXP33-C,hostap,src/ap/ieee802_11.c,2270,FP,"'elems' is fully populated by ieee802_11_parse_elems(pos, len, &elems, 1) a few lines earlier (address-of output-param call, ParseFailed already handled/returned); the read is after initialization, not before -- confirmed EXP33-C write-only-output-param FP class",41plus_b62,high
DCL13-C,hostap,src/ap/ieee802_11.c,2411,TP,"Param is genuinely read-only in this static/internal helper (no vtable/eloop dispatch contract, no field write through the pointer); real if low-severity const opportunity",41plus_b62,low
API05-C,hostap,src/ap/ieee802_11.c,2414,FP,"API05-C confirmed categorical FP: idiomatic ptr+size-param pairing (or fixed-size/scalar out-param), not a real conformant-array-syntax gap",41plus_b62,high
ENV01-C,hostap,src/ap/ieee802_11.c,2423,FP,No getenv()/environment-variable code anywhere in this function; fires on a plain fixed-size local buffer alone -- confirmed ENV01-C wholesale misfire class,41plus_b62,high
EXP30-C,hostap,src/ap/ieee802_11.c,2495,FP,"All flagged 'multiple function calls' are pure accessor/getter calls (wpabuf_head/len, MAC2STR, WPA_GET_LE16/BE32, sae_state_txt, pasn_get_*, wpa_auth_sta_key_mgmt, ap_sta_is_mld) with no side effects; confirmed EXP30-C pure-accessor-args FP class",41plus_b62,high
EXP30-C,hostap,src/ap/ieee802_11.c,2567,FP,"All flagged 'multiple function calls' are pure accessor/getter calls (wpabuf_head/len, MAC2STR, WPA_GET_LE16/BE32, sae_state_txt, pasn_get_*, wpa_auth_sta_key_mgmt, ap_sta_is_mld) with no side effects; confirmed EXP30-C pure-accessor-args FP class",41plus_b62,high
MSC01-C,hostap,src/ap/ieee802_11.c,2578,FP,Missing final else is a deliberate no-op/guard-clause: the variable already holds its correct default value (set at declaration or by an earlier statement) when no arm matches; confirmed MSC01-C guard-clause/default-value FP class,41plus_b62,high
MEM31-C,hostap,src/ap/ieee802_11.c,2586,FP,Each wpabuf_free(data)+goto fail is on its own mutually-exclusive error branch (each sets data=NULL and jumps straight past the other); confirmed MEM31-C mutually-exclusive-branch double-free FP class,41plus_b62,high
MEM31-C,hostap,src/ap/ieee802_11.c,2599,FP,Each wpabuf_free(data)+goto fail is on its own mutually-exclusive error branch (each sets data=NULL and jumps straight past the other); confirmed MEM31-C mutually-exclusive-branch double-free FP class,41plus_b62,high
MSC41-C,hostap,src/ap/ieee802_11.c,2630,FP,"The flagged string is a debug-log dbg/state-label tag passed to send_auth_reply/sae_set_state (e.g. ""auth-ft-finish"", ""sae-send-commit""), not actual secret material; extends confirmed MSC41-C debug-label FP class",41plus_b62,high
API00-C,hostap,src/ap/ieee802_11.c,2645,FP,"Internal-only hostapd API, always called with valid caller-controlled pointers from a small internal call set; confirmed API00-C internal-API FP class",41plus_b62,med
MSC01-C,hostap,src/ap/ieee802_11.c,2674,FP,Missing final else is a deliberate no-op/guard-clause: the variable already holds its correct default value (set at declaration or by an earlier statement) when no arm matches; confirmed MSC01-C guard-clause/default-value FP class,41plus_b62,high
DCL13-C,hostap,src/ap/ieee802_11.c,2714,TP,"Param is genuinely read-only in this static/internal helper (no vtable/eloop dispatch contract, no field write through the pointer); real if low-severity const opportunity",41plus_b62,low
MEM30-C,hostap,src/ap/ieee802_11.c,2740,FP,"'&sta->psk' is address-of, passed as an OUT-param destination for hostapd_copy_psk_list() to write a fresh value into -- not a read of the just-freed list content; extends the confirmed MEM30-C address-of-freed-field misfire family",41plus_b62,high
ENV01-C,hostap,src/ap/ieee802_11.c,2782,FP,No getenv()/environment-variable code anywhere in this function; fires on a plain fixed-size local buffer alone -- confirmed ENV01-C wholesale misfire class,41plus_b62,high
EXP30-C,hostap,src/ap/ieee802_11.c,2812,FP,"All flagged 'multiple function calls' are pure accessor/getter calls (wpabuf_head/len, MAC2STR, WPA_GET_LE16/BE32, sae_state_txt, pasn_get_*, wpa_auth_sta_key_mgmt, ap_sta_is_mld) with no side effects; confirmed EXP30-C pure-accessor-args FP class",41plus_b62,high
EXP30-C,hostap,src/ap/ieee802_11.c,2825,FP,"All flagged 'multiple function calls' are pure accessor/getter calls (wpabuf_head/len, MAC2STR, WPA_GET_LE16/BE32, sae_state_txt, pasn_get_*, wpa_auth_sta_key_mgmt, ap_sta_is_mld) with no side effects; confirmed EXP30-C pure-accessor-args FP class",41plus_b62,high
MSC07-C,hostap,src/ap/ieee802_11.c,2853,FP,'fail:' is a real goto target reached from 5 earlier 'goto fail;' statements in the same function; not unreachable -- confirmed MSC07-C goto-target-after-return FP class,41plus_b62,high
MSC37-C,hostap,src/ap/ieee802_11.c,2858,FP,"Function body is #ifdef CONFIG_NO_RADIUS / #else two mutually-exclusive branches, each ending in its own return; only one is ever compiled, so every compiled version returns on every path -- confirmed MSC37-C #ifdef-branch-blind FP class",41plus_b62,high
EXP33-C,hostap,src/ap/ieee802_11.c,2916,FP,"'elems' is fully populated by ieee802_11_parse_elems(pos, len, &elems, 1) a few lines earlier (address-of output-param call, ParseFailed already handled/returned); the read is after initialization, not before -- confirmed EXP33-C write-only-output-param FP class",41plus_b62,high
EXP30-C,hostap,src/ap/ieee802_11.c,2962,FP,"All flagged 'multiple function calls' are pure accessor/getter calls (wpabuf_head/len, MAC2STR, WPA_GET_LE16/BE32, sae_state_txt, pasn_get_*, wpa_auth_sta_key_mgmt, ap_sta_is_mld) with no side effects; confirmed EXP30-C pure-accessor-args FP class",41plus_b62,high
EXP30-C,hostap,src/ap/ieee802_11.c,2973,FP,"All flagged 'multiple function calls' are pure accessor/getter calls (wpabuf_head/len, MAC2STR, WPA_GET_LE16/BE32, sae_state_txt, pasn_get_*, wpa_auth_sta_key_mgmt, ap_sta_is_mld) with no side effects; confirmed EXP30-C pure-accessor-args FP class",41plus_b62,high
API05-C,hostap,src/ap/ieee802_11.c,2985,FP,"API05-C confirmed categorical FP: idiomatic ptr+size-param pairing (or fixed-size/scalar out-param), not a real conformant-array-syntax gap",41plus_b62,high
API05-C,hostap,src/ap/ieee802_11.c,2995,FP,"API05-C confirmed categorical FP: idiomatic ptr+size-param pairing (or fixed-size/scalar out-param), not a real conformant-array-syntax gap",41plus_b62,high
MEM31-C,hostap,src/ap/ieee802_11.c,3032,FP,pasn->pasn_groups ownership is transferred into the long-lived 'pasn' struct and freed later by its own deinit (src/pasn/pasn_common.c:37 os_free(pasn->pasn_groups)); intraprocedural leak-tracking can't see the cross-function free -- confirmed struct-field-ownership-transfer MEM31-C FP class,41plus_b62,high
EXP30-C,hostap,src/ap/ieee802_11.c,3078,FP,"All flagged 'multiple function calls' are pure accessor/getter calls (wpabuf_head/len, MAC2STR, WPA_GET_LE16/BE32, sae_state_txt, pasn_get_*, wpa_auth_sta_key_mgmt, ap_sta_is_mld) with no side effects; confirmed EXP30-C pure-accessor-args FP class",41plus_b62,high
EXP08-C,hostap,src/ap/ieee802_11.c,3111,FP,"EXP08-C misfires: 'len - offsetof(...)' is size_t arithmetic (offsetof used to compute a length), no pointer arithmetic exists in this expression at all",41plus_b63,high
EXP33-C,hostap,src/ap/ieee802_11.c,3119,FP,"EXP33-C output-param-uninitialized misfire: ieee802_11_parse_elems() os_memset(elems,...) unconditionally as its first statement before parsing (ieee802_11_common.c:738), classic parse-output-param pattern",41plus_b63,high
EXP08-C,hostap,src/ap/ieee802_11.c,3207,FP,"Same EXP08-C misfire on offsetof-derived length arithmetic, no pointer arithmetic",41plus_b63,high
EXP33-C,hostap,src/ap/ieee802_11.c,3217,FP,Same ieee802_11_parse_elems output-param-uninitialized misfire,41plus_b63,high
EXP30-C,hostap,src/ap/ieee802_11.c,3288,FP,EXP30-C pure-accessor-args misfire: ptksa_cache_add args are pasn_get_cipher/pasn_get_ptk/pasn_get_akmp getters with no side effects,41plus_b63,high
EXP30-C,hostap,src/ap/ieee802_11.c,3305,FP,"EXP30-C pure-accessor misfire: wpa_cipher_to_alg(sta->pasn->cipher) is a pure converter, other args are plain field reads",41plus_b63,high
MEM05-C,hostap,src/ap/ieee802_11.c,3335,FP,"MEM05-C/ENV01-C wholesale misfire: resp_ies[2+WLAN_AUTH_CHALLENGE_LEN] is a fixed compile-time-sized array (macro constant), not a VLA",41plus_b63,high
ARR01-C,hostap,src/ap/ieee802_11.c,3342,FP,"ARR01-C sizeof(mgmt->u.auth) is sizeof of a real fixed-size struct member reached via the pointer param, not a decayed array",41plus_b63,high
ARR01-C,hostap,src/ap/ieee802_11.c,3378,FP,Same ARR01-C sizeof-struct-member misfire,41plus_b63,high
EXP33-C,hostap,src/ap/ieee802_11.c,3492,FP,"'pos = &resp_ies[0];' takes the address of resp_ies, it is not a read of its contents; EXP33-C mischaracterizes address-of as a read",41plus_b63,med
ARR37-C,hostap,src/ap/ieee802_11.c,3493,FP,"ARR37-C misfires: pos is assigned from &resp_ies[0], a real local array; rule loses that array-provenance through the intervening pointer variable (confirmed cross-function/array-provenance-loss ARR37-C class)",41plus_b63,high
ARR37-C,hostap,src/ap/ieee802_11.c,3494,FP,Same ARR37-C provenance-loss misfire on pos++,41plus_b63,high
ARR37-C,hostap,src/ap/ieee802_11.c,3496,FP,Same ARR37-C provenance-loss misfire on pos += ETH_ALEN,41plus_b63,high
ARR30-C,hostap,src/ap/ieee802_11.c,3499,FP,"ARR30-C cross-function buffer-size identifier conflation: 'allocated at line 4118' is size_t len[2] inside the unrelated owe_process_assoc_req function, not this pos/resp_ies",41plus_b63,high
ARR37-C,hostap,src/ap/ieee802_11.c,3499,FP,ARR37-C provenance-loss misfire on pos += 4 (same resp_ies-backed pointer),41plus_b63,high
ARR37-C,hostap,src/ap/ieee802_11.c,3523,FP,ARR37-C provenance-loss misfire on pos++ (resp_ies-backed pointer),41plus_b63,high
ARR37-C,hostap,src/ap/ieee802_11.c,3524,FP,ARR37-C provenance-loss misfire on pos++ (resp_ies-backed pointer),41plus_b63,high
ARR37-C,hostap,src/ap/ieee802_11.c,3525,FP,ARR37-C provenance-loss misfire on pos++ (resp_ies-backed pointer),41plus_b63,high
ARR39-C,hostap,src/ap/ieee802_11.c,3767,FP,ARR39-C double-scaling misfire on pure integer/size_t arithmetic (len - IEEE80211_HDRLEN - sizeof(...)); no pointer operand present at all,41plus_b63,high
ARR01-C,hostap,src/ap/ieee802_11.c,3768,FP,"ARR01-C sizeof(mgmt->u.auth) on a real struct member, not decay",41plus_b63,high
ARR39-C,hostap,src/ap/ieee802_11.c,3798,FP,Same ARR39-C pure-integer-arithmetic misfire,41plus_b63,high
ARR01-C,hostap,src/ap/ieee802_11.c,3798,FP,Same ARR01-C sizeof-struct-member misfire,41plus_b63,high
MSC41-C,hostap,src/ap/ieee802_11.c,3826,FP,"MSC41-C hard-coded-sensitive-info misfire: ""handle-auth"" is a plain debug/context-tag string literal passed to send_auth_reply, not a secret/password/key/token",41plus_b63,high
DCL13-C,hostap,src/ap/ieee802_11.c,3836,TP,"hapd is only read (hapd->iconf/hapd->iface->...) in hostapd_max_bssid_indicator, never modified or forwarded to a non-const consumer; genuinely const-qualifiable",41plus_b63,low
DCL13-C,hostap,src/ap/ieee802_11.c,3857,TP,"sta is only read (sta->mld_info...) in hostapd_get_aid_word, never modified; genuinely const-qualifiable",41plus_b63,low
EXP33-C,hostap,src/ap/ieee802_11.c,3868,FP,"link_bss is unconditionally assigned (line 3873) immediately after declaration, before any use at line 3881; EXP33-C flags the declaration line itself despite no use-before-assignment",41plus_b63,med
API00-C,hostap,src/ap/ieee802_11.c,3892,FP,"API00-C internal-API-no-NULL-check FP class: hostapd_get_aid is called only internally with a valid hapd, never externally nullable",41plus_b63,high
INT14-C,hostap,src/ap/ieee802_11.c,3916,FP,"INT14-C loop-counter-with-parity/bit-test FP class: 'j' is a plain for-loop counter used with BIT(j) test and ordinary arithmetic (j<32, i*32+j) -- stylistic pedantry, not a real defect",41plus_b63,high
INT14-C,hostap,src/ap/ieee802_11.c,3924,FP,INT14-C misattributes a function name (hostapd_max_bssid_indicator) as if it were a variable used bitwise+arithmetically -- member/identifier-conflation family,41plus_b63,high
INT14-C,hostap,src/ap/ieee802_11.c,3924,FP,INT14-C misattributes hostapd_max_bssid_indicator's internal bitwise shift (on its own local num_bss_nontx) to the caller's 'hapd' argument -- cross-function identifier conflation,41plus_b63,high
INT34-C,hostap,src/ap/ieee802_11.c,3924,FP,"INT34-C shift-amount misfire: hostapd_max_bssid_indicator() is bounded (loop halves num_bss_nontx, AID_WORDS*32=2048 domain, result capped by 'aid > 2007' check below) -- rule doesn't see the callee's bounded return range",41plus_b63,med
EXP34-C,hostap,src/ap/ieee802_11.c,3929,FP,EXP34-C null-deref on 'hapd': hostapd_get_aid is an internal-only API always called with a valid hapd (API00-C internal-API pattern extended to EXP34-C),41plus_b63,high
DCL13-C,hostap,src/ap/ieee802_11.c,3935,TP,"sta is only read (sta->addr) in check_ssid, never modified; genuinely const-qualifiable",41plus_b63,low
MEM10-C,hostap,src/ap/ieee802_11.c,3938,FP,"MEM10-C stylistic 'use a validation function' FP class: plain 'if (ssid_ie == NULL)' guard, not a real defect",41plus_b63,high
EXP05-C,hostap,src/ap/ieee802_11.c,3972,TP,"EXP05-C cast-away-const on wmm_ie is real (const u8* cast to non-const struct*), but only ever read afterward (wmm->qos_info) -- established read-only-cast-away-const disposition (genuine, low-severity TP)",41plus_b63,low
DCL13-C,hostap,src/ap/ieee802_11.c,4054,TP,"elems is only read in copy_supp_rates, never modified or forwarded to a non-const consumer; genuinely const-qualifiable",41plus_b63,low
ARR01-C,hostap,src/ap/ieee802_11.c,4069,FP,"ARR01-C sizeof(sta->supported_rates) is sizeof of a real fixed-size struct member, not decay",41plus_b63,high
ARR01-C,hostap,src/ap/ieee802_11.c,4079,FP,Same ARR01-C sizeof-struct-member misfire,41plus_b63,high
DCL13-C,hostap,src/ap/ieee802_11.c,4089,TP,"hapd is only read (hapd->conf->owe_groups) in owe_group_supported, never modified; genuinely const-qualifiable",41plus_b63,low
ARR30-C,hostap,src/ap/ieee802_11.c,4100,FP,ARR30-C cross-function buffer-size conflation: 'groups' with 'size 2 allocated at line 872' is an unrelated int groups[2] local in a different function (SAE PT derivation); owe_group_supported's own 'groups' is int* from hapd->conf->owe_groups walked via a 0-terminated sentinel scan,41plus_b63,high
ARR30-C,hostap,src/ap/ieee802_11.c,4101,FP,Same ARR30-C cross-function buffer-size conflation,41plus_b63,high
MEM03-C,hostap,src/ap/ieee802_11.c,4113,TP,"MEM03-C: 'secret' (DH shared secret wpabuf) is cleared via wpabuf_clear_free at every return path in owe_process_assoc_req, so this specific finding's literal premise doesn't hold at the flagged point, but see FN note on the file for genuine sensitive-buffer handling elsewhere",41plus_b63,med
MEM30-C,hostap,src/ap/ieee802_11.c,4199,FP,"MEM30-C/MEM31-C double-free misfire: 'secret' is freed via wpabuf_clear_free() in mutually-exclusive if/return branches (4173, 4193, 4199, 4206, 4224) -- only one path executes per call, not a real double-free",41plus_b63,high
MEM30-C,hostap,src/ap/ieee802_11.c,4206,FP,Same mutually-exclusive-branch double-free misfire,41plus_b63,high
EXP30-C,hostap,src/ap/ieee802_11.c,4215,FP,"EXP30-C pure-accessor misfire: hmac_sha256(wpabuf_head(hkey), wpabuf_len(hkey), wpabuf_head(secret), wpabuf_len(secret), prk) args are all side-effect-free getters",41plus_b63,high
MEM30-C,hostap,src/ap/ieee802_11.c,4216,FP,MEM30-C use-after-free misfire: line 4216 (reading secret via wpabuf_head/len) executes strictly BEFORE the real free at line 4224; the 'free' sqc associates with this UAF is in a mutually-exclusive early-return branch that never co-executes with this line,41plus_b63,high
MEM30-C,hostap,src/ap/ieee802_11.c,4216,FP,Same mutually-exclusive-branch UAF misfire (duplicate finding on same line/call),41plus_b63,high
EXP30-C,hostap,src/ap/ieee802_11.c,4218,FP,EXP30-C pure-accessor misfire on hmac_sha384 wpabuf_head/len args,41plus_b63,high
MEM30-C,hostap,src/ap/ieee802_11.c,4219,FP,"Same mutually-exclusive-branch UAF misfire as #45, for the sha384 branch",41plus_b63,high
MEM30-C,hostap,src/ap/ieee802_11.c,4219,FP,Same mutually-exclusive-branch UAF misfire (duplicate),41plus_b63,high
MSC01-C,hostap,src/ap/ieee802_11.c,4220,FP,"MSC01-C guard-clause misfire: group is already validated to be 19/20/21 earlier (lines 4132-4139), so the if/else-if chain on group is provably exhaustive; no final else needed",41plus_b63,high
EXP30-C,hostap,src/ap/ieee802_11.c,4221,FP,EXP30-C pure-accessor misfire on hmac_sha512 wpabuf_head/len args,41plus_b63,high
MEM30-C,hostap,src/ap/ieee802_11.c,4222,FP,"Same mutually-exclusive-branch UAF misfire as #45, for the sha512 branch",41plus_b63,high
MEM30-C,hostap,src/ap/ieee802_11.c,4222,FP,Same mutually-exclusive-branch UAF misfire (duplicate),41plus_b63,high
MEM30-C,hostap,src/ap/ieee802_11.c,4224,FP,MEM30-C double-free misfire: this IS the single real free of 'secret' (only reached if none of the earlier early-return branches fired); sqc's other 'double-free' findings against this line are the actual bug in sqc's mutually-exclusive-branch tracking,41plus_b63,high
MSC01-C,hostap,src/ap/ieee802_11.c,4245,FP,"MSC01-C guard-clause misfire: same provably-exhaustive group==19/20/21 chain (hmac_shaXXX_kdf), guarded by the earlier group validation",41plus_b63,high
DCL13-C,hostap,src/ap/ieee802_11.c,4266,TP,hapd parameter is entirely unused in owe_validate_request's body; trivially const-qualifiable,41plus_b63,low
API00-C,hostap,src/ap/ieee802_11.c,4305,FP,API00-C internal-API-no-NULL-check FP class: owe_process_rsn_ie is called only internally from OWE association handling with always-valid params,41plus_b63,high
API00-C,hostap,src/ap/ieee802_11.c,4305,FP,Same API00-C internal-API FP class,41plus_b63,high
API00-C,hostap,src/ap/ieee802_11.c,4305,FP,Same API00-C internal-API FP class,41plus_b63,high
API00-C,hostap,src/ap/ieee802_11.c,4305,FP,Same API00-C internal-API FP class,41plus_b63,high
API00-C,hostap,src/ap/ieee802_11.c,4305,FP,Same API00-C internal-API FP class,41plus_b63,high
MEM05-C,hostap,src/ap/ieee802_11.c,4312,FP,"MEM05-C misfire: 'ie[256 * 2]' is a fixed compile-time-constant-sized array, not a VLA",41plus_b63,high
EXP30-C,hostap,src/ap/ieee802_11.c,4370,FP,"EXP30-C pure-accessor misfire: os_memcpy(owe_buf, wpabuf_head(pub), wpabuf_len(pub)) args are side-effect-free getters",41plus_b63,high
EXP33-C,hostap,src/ap/ieee802_11.c,4383,FP,"EXP33-C misfire: 'ie' is a fixed array (u8 ie[256*2]); its address is always valid regardless of contents, and the ternary yields NULL whenever status!=SUCCESS (the only case ie_len could be 0/unwritten), so no uninitialized read occurs downstream",41plus_b63,high
DCL13-C,hostap,src/ap/ieee802_11.c,4392,TP,"hapd is only read (hapd->conf->known_sta_identification) in hapd_is_known_sta, never modified; genuinely const-qualifiable",41plus_b63,low
ARR30-C,hostap,src/ap/ieee802_11.c,4412,FP,"ARR30-C cross-function buffer-size conflation: 'pos' (walking a parsed IE, bounds-checked via 'end - pos' comparisons) misattributed to the unrelated size_t len[2] local at line 4118 in a different function",41plus_b63,high
DCL37-C,hostap,src/ap/ieee802_11.c,4473,TP,"DCL37-C genuine violation: '__check_assoc_ies' begins with a double underscore, which is always reserved per C 7.1.3 regardless of scope",41plus_b63,high
MEM30-C,hostap,src/ap/ieee802_11.c,4607,FP,"MEM30-C reassign-then-check misfire: wpabuf_free(sta->p2p_ie) at 4604 is immediately followed by reassignment at 4605; the read at 4607/4608 reads the NEW value, not the freed one -- confirmed reassign-then-check FP class",41plus_b63,high
MEM30-C,hostap,src/ap/ieee802_11.c,4608,FP,Same reassign-then-check misfire,41plus_b63,high
MEM30-C,hostap,src/ap/ieee802_11.c,4645,FP,"Same reassign-then-check misfire for sta->wps_ie (freed at 4642, reassigned at 4643, read-back at 4645 reads the new value)",41plus_b63,high
MEM30-C,hostap,src/ap/ieee802_11.c,4645,FP,Same reassign-then-check misfire,41plus_b63,high
MEM30-C,hostap,src/ap/ieee802_11.c,4651,FP,Same reassign-then-check misfire (read at 4651 reads the reassigned value),41plus_b63,high
MEM30-C,hostap,src/ap/ieee802_11.c,4651,FP,Same reassign-then-check misfire,41plus_b63,high
MSC01-C,hostap,src/ap/ieee802_11.c,4657,FP,"MSC01-C guard-clause misfire: the WPS if/else-if/else chain (4638-4663) already has an else at 4661; the flagged 'if (hapd->conf->wpa && wpa_ie==NULL)' at 4663 is an independent, deliberate guard clause with fallthrough-is-fine semantics",41plus_b63,high
INT14-C,hostap,src/ap/ieee802_11.c,4724,FP,"INT14-C member-conflation misfire: the bitwise op is '(hapd->conf->wpa & WPA_PROTO_RSN)' on a *different* base identifier, while 'elems->rsnxe - 2'/'+2' (arithmetic) is on elems -- misattributed to elems alone",41plus_b63,high
MSC01-C,hostap,src/ap/ieee802_11.c,4798,FP,MSC01-C guard-clause misfire: independent OCV if/else-if handling; falling through when neither condition applies is the intended 'no special handling needed' path,41plus_b63,high
EXP30-C,hostap,src/ap/ieee802_11.c,4846,FP,"EXP30-C pure-accessor misfire: dpp_pfs_init(wpabuf_head(...), wpabuf_len(...)) args are side-effect-free getters",41plus_b63,high
EXP43-C,hostap,src/ap/ieee802_11.c,4902,FP,"EXP43-C category error: wpabuf_alloc_copy(const void *data, size_t len) has exactly one pointer parameter, there is no second pointer to overlap with",41plus_b63,high
EXP43-C,hostap,src/ap/ieee802_11.c,4919,FP,"Same EXP43-C category-error misfire (wpabuf_alloc_copy, single-pointer-param function)",41plus_b63,high
MSC01-C,hostap,src/ap/ieee802_11.c,4981,FP,"MSC01-C guard-clause misfire: the OCV if/else-if handles the two failure shapes; falling through means OCV succeeded, no further action required",41plus_b63,high
ARR01-C,hostap,src/ap/ieee802_11.c,4998,FP,"ARR01-C sizeof(sta->rrm_enabled_capa) on a real fixed-size struct member, not decay",41plus_b63,high
ARR01-C,hostap,src/ap/ieee802_11.c,5000,FP,Same ARR01-C sizeof-struct-member misfire,41plus_b63,high
MSC01-C,hostap,src/ap/ieee802_11.c,5017,FP,"MSC01-C guard-clause misfire: 'req <= max' / 'else if max > ap_max_inactivity' with no final else is a deliberate 'otherwise leave default idle period unchanged' guard, not a missing case",41plus_b63,high
EXP33-C,hostap,src/ap/ieee802_11.c,5065,FP,EXP33-C output-param-uninitialized misfire: ieee802_11_parse_elems memsets elems unconditionally before use (ieee802_11_common.c:738),41plus_b63,high
API00-C,hostap,src/ap/ieee802_11.c,5078,FP,API00-C internal-API FP class: ieee80211_ml_build_assoc_resp is called only internally from ML link-response building with an always-valid hapd,41plus_b63,high
ENV01-C,hostap,src/ap/ieee802_11.c,5081,FP,ENV01-C wholesale misfire: 'u8 buf[EHT_ML_MAX_STA_PROF_LEN]' is a fixed macro-sized local array; no getenv()/environment-variable usage anywhere in the function,41plus_b63,high
EXP40-C,hostap,src/ap/ieee802_11.c,5082,FP,"EXP40-C fabricated-const misfire: 'buf' is 'u8 buf[EHT_ML_MAX_STA_PROF_LEN]', a plain non-const array; there is no const object being assigned to p at all",41plus_b63,high
EXP34-C,hostap,src/ap/ieee802_11.c,5124,FP,"EXP34-C null-deref misfire: hapd is an internal-only API parameter, always valid in this call chain (same API00-C-adjacent 'internal API, never externally nullable' class)",41plus_b63,high
EXP30-C,hostap,src/ap/ieee802_11.c,5127,FP,"EXP30-C pure-accessor misfire: os_memcpy(p, wpabuf_head(...), wpabuf_len(...)) args are side-effect-free getters",41plus_b63,high
API00-C,hostap,src/ap/ieee802_11.c,5139,FP,"API00-C factually wrong: set_beacon IS null-checked before dereference, at line 5233 ('... && set_beacon) *set_beacon = true;'), just not at function entry",41plus_b63,high
EXP33-C,hostap,src/ap/ieee802_11.c,5177,FP,EXP33-C output-param-uninitialized misfire: ieee802_11_parse_elems memsets elems unconditionally before parsing,41plus_b63,high
CON33-C,hostap,src/ap/ieee802_11.c,5380,FP,"CON33-C strerror() thread-safety FP class: no pthread_create/pthread_mutex anywhere in ieee802_11.c (grep confirms), single-threaded eloop model",41plus_b63,high
CON34-C,hostap,src/ap/ieee802_11.c,5380,FP,Same CON34-C strerror() no-pthread FP class,41plus_b63,high
EXP30-C,hostap,src/ap/ieee802_11.c,5432,FP,"EXP30-C pure-accessor/macro-arg misfire: MACSTR/MAC2STR expand to array-index reads, wpa_auth_sta_ft_tk_already_set/_fils_tk_already_set are pure getters, no side effects",41plus_b63,high
EXP33-C,hostap,src/ap/ieee802_11.c,5463,FP,"EXP33-C misfire, factually backwards: hostapd_get_he_capab() only WRITES to its neg_he_cap out-param (os_memcpy dest), it never reads it -- the finding's own premise ('which reads the value') is false",41plus_b63,high
EXP33-C,hostap,src/ap/ieee802_11.c,5469,FP,"Same misfire for hostapd_get_eht_capab, which additionally os_memset()s dest to 0 before the memcpy, so eht_cap ends up fully initialized regardless",41plus_b63,high
INT14-C,hostap,src/ap/ieee802_11.c,5531,FP,INT14-C member-conflation misfire: no bitwise use of 'hapd' itself appears in add_associated_sta; likely misattributed from an unrelated bitwise expression on a different identifier in a nearby line,41plus_b63,high
INT14-C,hostap,src/ap/ieee802_11.c,5536,FP,"INT14-C member-conflation misfire: 'sta->flags & WLAN_STA_HT' (bitwise, on the flags field) vs other arithmetic on sta-derived values are different operations on different fields, merged into one finding against 'sta'",41plus_b63,high
ARR39-C,hostap,src/ap/ieee802_11.c,5541,FP,"ARR39-C misfire on pure size_t arithmetic: 'buflen += 3 + sizeof(struct ieee80211_eht_operation)' has no pointer operand at all, buflen is size_t",41plus_b63,high
ARR39-C,hostap,src/ap/ieee802_11.c,5543,FP,Same ARR39-C pure-integer-arithmetic misfire (buflen += EHT_OPER_DISABLED_SUBCHAN_BITMAP_SIZE),41plus_b63,high
ARR39-C,hostap,src/ap/ieee802_11.c,5565,FP,"Same ARR39-C pure-integer-arithmetic misfire (send_len is int, send_len += sizeof(...))",41plus_b63,high
EXP30-C,hostap,src/ap/ieee802_11.c,5675,FP,EXP30-C pure-accessor misfire: os_memcpy args use wpabuf_head/wpabuf_len getters,41plus_b63,high
EXP30-C,hostap,src/ap/ieee802_11.c,5687,FP,Same EXP30-C pure-accessor misfire,41plus_b63,high
EXP30-C,hostap,src/ap/ieee802_11.c,5729,FP,Same EXP30-C pure-accessor misfire,41plus_b63,high
EXP30-C,hostap,src/ap/ieee802_11.c,5749,FP,Same EXP30-C pure-accessor misfire,41plus_b63,high
EXP30-C,hostap,src/ap/ieee802_11.c,5769,FP,Same EXP30-C pure-accessor misfire,41plus_b63,high
EXP30-C,hostap,src/ap/ieee802_11.c,5796,FP,Same EXP30-C pure-accessor misfire,41plus_b63,high
EXP30-C,hostap,src/ap/ieee802_11.c,5814,FP,Same EXP30-C pure-accessor misfire,41plus_b63,high
EXP33-C,hostap,src/ap/ieee802_11.c,5830,FP,EXP33-C output-param-uninitialized misfire: ieee802_11_parse_elems memsets elems before use,41plus_b63,high
CON33-C,hostap,src/ap/ieee802_11.c,5853,FP,"CON33-C strerror() no-pthread FP class, reconfirmed",41plus_b63,high
CON34-C,hostap,src/ap/ieee802_11.c,5853,FP,"CON34-C strerror() no-pthread FP class, reconfirmed",41plus_b63,high
API00-C,hostap,src/ap/ieee802_11.c,5864,FP,API00-C internal-API FP class: owe_assoc_req_process is called only internally during OWE association response building,41plus_b63,high
API00-C,hostap,src/ap/ieee802_11.c,5864,FP,Same API00-C internal-API FP class,41plus_b63,high
EXP30-C,hostap,src/ap/ieee802_11.c,5914,FP,"EXP30-C pure-accessor misfire: os_memcpy(owe_buf, wpabuf_head(pub), wpabuf_len(pub)) getters",41plus_b63,high
API00-C,hostap,src/ap/ieee802_11.c,5926,FP,API00-C internal-API FP class: fils_hlp_finish_assoc called only internally from the FILS HLP completion path,41plus_b63,high
ARR01-C,hostap,src/ap/ieee802_11.c,5988,FP,"ARR01-C sizeof(mgmt->u.reassoc_req) on a real struct member, not decay",41plus_b63,high
ARR01-C,hostap,src/ap/ieee802_11.c,5991,FP,Same ARR01-C sizeof-struct-member misfire,41plus_b63,high
EXP33-C,hostap,src/ap/ieee802_11.c,5998,FP,EXP33-C output-param-uninitialized misfire: ieee802_11_parse_elems memsets elems before parsing,41plus_b63,high
EXP30-C,hostap,src/ap/ieee802_11.c,6007,FP,EXP30-C pure-accessor/macro-arg misfire: MACSTR args are array-index reads with no side effects,41plus_b63,high
ARR01-C,hostap,src/ap/ieee802_11.c,6033,FP,ARR01-C sizeof(mgmt->u.reassoc_req) struct-member misfire,41plus_b63,high
ARR01-C,hostap,src/ap/ieee802_11.c,6034,FP,ARR01-C sizeof(mgmt->u.assoc_req) struct-member misfire,41plus_b63,high
EXP30-C,hostap,src/ap/ieee802_11.c,6067,FP,"EXP30-C pure-accessor/macro-arg misfire: MACSTR args in wpa_printf, no side effects",41plus_b63,high
ARR01-C,hostap,src/ap/ieee802_11.c,6073,FP,ARR01-C sizeof(mgmt->u.reassoc_req) struct-member misfire,41plus_b63,high
ARR01-C,hostap,src/ap/ieee802_11.c,6084,FP,ARR01-C sizeof(mgmt->u.assoc_req) struct-member misfire,41plus_b63,high
DCL37-C,hostap,src/ap/ieee802_11.c,6113,FP,"DCL37-C misapplied: '_link' is a block-scope local declared inside a nested if-block (line 6113), not a file-scope identifier -- confirmed block-scope-mistaken-for-file-scope FP class",41plus_b63,high
EXP34-C,hostap,src/ap/ieee802_11.c,6113,FP,"EXP34-C null-deref misfire: whenever 'sta' is non-NULL from handle_mlo_translate/hostapd_ml_get_assoc_sta, *assoc_hapd (hence 'hapd' after reassignment) is provably set to a non-NULL value in every return path of hostapd_ml_get_assoc_sta -- callee-guarantees-non-null class",41plus_b63,high
EXP30-C,hostap,src/ap/ieee802_11.c,6482,FP,"EXP30-C pure-accessor/macro-arg misfire: MACSTR(mgmt->sa) array-index reads, no side effects",41plus_b63,high
EXP30-C,hostap,src/ap/ieee802_11.c,6506,FP,Same EXP30-C macro-arg misfire,41plus_b63,high
MEM30-C,hostap,src/ap/ieee802_11.c,6523,FP,"MEM30-C conflates 'helper frees a sub-field of *ptr' with '*ptr itself is freed': ieee802_1x_free_station() only frees sta->eapol_sm/sta->pending_eapol_rx, never sta itself (verified in ieee802_1x.c:1495-1520); sta remains valid and is legitimately used for the rest of hostapd_disassoc_sta",41plus_b63,high
MEM30-C,hostap,src/ap/ieee802_11.c,6524,FP,Same sub-field-vs-whole-object free conflation,41plus_b63,high
MEM30-C,hostap,src/ap/ieee802_11.c,6524,FP,Same sub-field-vs-whole-object free conflation,41plus_b63,high
MEM30-C,hostap,src/ap/ieee802_11.c,6524,FP,Same sub-field-vs-whole-object free conflation,41plus_b63,high
MEM30-C,hostap,src/ap/ieee802_11.c,6525,FP,Same sub-field-vs-whole-object free conflation,41plus_b63,high
MEM30-C,hostap,src/ap/ieee802_11.c,6526,FP,Same sub-field-vs-whole-object free conflation,41plus_b63,high
MEM30-C,hostap,src/ap/ieee802_11.c,6526,FP,Same sub-field-vs-whole-object free conflation,41plus_b63,high
MSC37-C,hostap,src/ap/ieee802_11.c,6553,FP,MSC37-C preprocessor-branch-blind misfire: hostapd_ml_handle_disconnect has an explicit '#else return false; #endif' branch (line 6603-6605); every preprocessor branch returns,41plus_b63,high
ARR01-C,hostap,src/ap/ieee802_11.c,6614,FP,ARR01-C sizeof(mgmt->u.disassoc) struct-member misfire,41plus_b63,high
ARR01-C,hostap,src/ap/ieee802_11.c,6641,FP,ARR01-C sizeof(mgmt->u.deauth) struct-member misfire,41plus_b63,high
DCL13-C,hostap,src/ap/ieee802_11.c,6666,TP,"hapd is only read (hapd->iface) in handle_beacon and forwarded as hapd->iface (a pointer value, not hapd itself) to ap_list_process_beacon; genuinely const-qualifiable",41plus_b63,low
ARR01-C,hostap,src/ap/ieee802_11.c,6672,FP,ARR01-C sizeof(mgmt->u.beacon) struct-member misfire,41plus_b63,high
EXP33-C,hostap,src/ap/ieee802_11.c,6678,FP,EXP33-C output-param-uninitialized misfire: this IS the call that memsets+parses elems; the callee never reads the incoming value,41plus_b63,high
ARR01-C,hostap,src/ap/ieee802_11.c,6680,FP,ARR01-C sizeof(mgmt->u.beacon) struct-member misfire,41plus_b63,high
ARR37-C,hostap,src/ap/ieee802_11.c,6700,FP,"ARR37-C misfire: pos is a plain local 'const u8*' assigned from &mgmt->u.action; subsequent pos++ is ordinary pointer arithmetic on a local variable, not arithmetic 'across struct members'; also cross-function buffer-size conflation (see #144)",41plus_b63,high
ARR30-C,hostap,src/ap/ieee802_11.c,6703,FP,ARR30-C cross-function buffer-size conflation: 'size 2 allocated at line 4118' is the unrelated size_t len[2] in owe_process_assoc_req; hostapd_action_vs's pos is explicitly bounds-checked ('end - pos < 1+4') before every advance,41plus_b63,high
ARR37-C,hostap,src/ap/ieee802_11.c,6703,FP,"Same ARR37-C struct-member-arithmetic misfire on pos += 4, same bounds-checked local pointer",41plus_b63,high
EXP30-C,hostap,src/ap/ieee802_11.c,6751,FP,"EXP30-C pure-accessor/macro-arg misfire: MACSTR(mgmt->sa)/MACSTR(mgmt->da) array-index reads, no side effects",41plus_b63,high
INT14-C,hostap,src/ap/ieee802_11.c,6767,FP,"INT14-C member-conflation misfire: 'mgmt->frame_control & host_to_le16(...)' (bitwise, on frame_control field) vs other mgmt-> field/pointer uses elsewhere in the function are different operations on different fields, merged against the base identifier 'mgmt'",41plus_b63,high
MSC17-C,hostap,src/ap/ieee802_11.c,6808,FP,"MSC17-C factually wrong: 'case WLAN_ACTION_SA_QUERY:' at line 6808 has an explicit 'return 1;' at line 6810, no fallthrough exists",41plus_b63,high
EXP05-C,hostap,src/ap/ieee802_11.c,6885,TP,"EXP05-C cast-away-const on mgmt is real ('(u8*) mgmt' passed to hapd->public_action_cb), but the callback processes a received frame and there's no evidence it writes back through the pointer -- established read-only-cast-away-const disposition (genuine, low-severity TP)",41plus_b63,low
EXP05-C,hostap,src/ap/ieee802_11.c,6889,FP,Cast away const purely to forward mgmt read-only to callback; no write follows (EXP05-C read-only-cast pattern).,41plus_b64,high
MSC07-C,hostap,src/ap/ieee802_11.c,6894,FP,"Flags a `case` label after `break` as unreachable; case labels are switch jump targets, always reachable.",41plus_b64,high
EXP05-C,hostap,src/ap/ieee802_11.c,6897,FP,Same read-only cast-away-const forward to vendor_action_cb; no write through pointer.,41plus_b64,high
DCL13-C,hostap,src/ap/ieee802_11.c,6940,TP,"hapd only read (hapd->msg_ctx); genuine const opportunity, not a callback/vtable contract.",41plus_b64,high
CON02-C,hostap,src/ap/ieee802_11.c,6976,FP,"ssi_signal is a plain local int (`int ssi_signal = ...`), not a global flag variable at all.",41plus_b64,high
PRE32-C,hostap,src/ap/ieee802_11.c,7014,FP,"#ifdef here is an unrelated && chain condition in an if-statement, not inside WLAN_FC_GET_STYPE's single call at :6994.",41plus_b64,high
PRE32-C,hostap,src/ap/ieee802_11.c,7018,FP,"Same misattribution of unrelated #ifdef to WLAN_FC_GET_STYPE, which is called cleanly once elsewhere.",41plus_b64,high
PRE32-C,hostap,src/ap/ieee802_11.c,7023,FP,"Same misattribution; #ifdef is part of an && chain, unrelated to the macro call.",41plus_b64,high
EXP30-C,hostap,src/ap/ieee802_11.c,7037,FP,MAC2STR(mgmt->bssid) is a pure array-read macro; no actual side effects to unsequence (EXP30-C pure-macro-arg pattern).,41plus_b64,high
PRE32-C,hostap,src/ap/ieee802_11.c,7049,FP,Same misattributed #ifdef pattern as :7014/:7018/:7023.,41plus_b64,high
PRE32-C,hostap,src/ap/ieee802_11.c,7053,FP,Same misattributed #ifdef pattern.,41plus_b64,high
ARR01-C,hostap,src/ap/ieee802_11.c,7128,FP,"sizeof(mgmt->u.auth) applied to a struct member, not a decayed pointer/array parameter.",41plus_b64,high
DCL13-C,hostap,src/ap/ieee802_11.c,7174,TP,sta parameter is entirely unused in hostapd_set_wds_encryption's body; trivially constifiable.,41plus_b64,high
ARR30-C,hostap,src/ap/ieee802_11.c,7188,FP,"Cites unrelated `size_t len[2]` local from a different, distant function (:4118); real array is ssid->wep.len[NUM_WEP_KEYS==4], matching the loop bound.",41plus_b64,high
DCL13-C,hostap,src/ap/ieee802_11.c,7205,TP,"link only read (peer_addr, status); not a dispatch/vtable callback, genuine const opportunity.",41plus_b64,high
DCL13-C,hostap,src/ap/ieee802_11.c,7248,TP,sta only compared/read in this function's own scope; forwarded tmp_sta (not sta) to the mutator call.,41plus_b64,med
ARR01-C,hostap,src/ap/ieee802_11.c,7310,FP,"sizeof(mgmt->u.reassoc_resp) on a struct member, not a decayed array/pointer parameter.",41plus_b64,high
ARR01-C,hostap,src/ap/ieee802_11.c,7311,FP,"sizeof(mgmt->u.assoc_resp) on a struct member, same category error.",41plus_b64,high
MSC01-C,hostap,src/ap/ieee802_11.c,7380,FP,"Deliberate guard-clause else-if; omitting a final else means ""no VLAN rebinding needed"", not an unhandled case.",41plus_b64,high
MEM05-C,hostap,src/ap/ieee802_11.c,7403,FP,"char ifname_wds[IFNAMSIZ+1] is a fixed-size array of constant-folded macros, not a VLA.",41plus_b64,high
EXP30-C,hostap,src/ap/ieee802_11.c,7442,FP,wpabuf_head()/wpabuf_len() are pure accessors on the same buffer; no real unsequenced side effects.,41plus_b64,high
ARR39-C,hostap,src/ap/ieee802_11.c,7581,FP,`24+5+sizeof(*report)` is a plain integer bounds check; no pointer arithmetic/scaling is involved at all.,41plus_b64,high
EXP33-C,hostap,src/ap/ieee802_11.c,7581,FP,sizeof(*report) never evaluates report; not a dereference of the uninitialized pointer (confirmed sizeof(*ptr) pattern).,41plus_b64,high
API00-C,hostap,src/ap/ieee802_11.c,7604,FP,"buf is an internal driver-callback parameter, always supplied by the mgmt-frame TX-status path (API00-C internal-API pattern).",41plus_b64,med
API00-C,hostap,src/ap/ieee802_11.c,7604,FP,len likewise internally supplied by the driver callback path; not externally-nullable/overflow-prone here.,41plus_b64,med
DCL13-C,hostap,src/ap/ieee802_11.c,7661,TP,hapd unused; function body is `/* TODO */ return 0;`.,41plus_b64,high
API05-C,hostap,src/ap/ieee802_11.c,7661,FP,"Plain `char *buf, size_t buflen` idiom; API05-C categorical FP on pointer+size pairs.",41plus_b64,high
DCL13-C,hostap,src/ap/ieee802_11.c,7661,TP,buf also unused in the TODO stub; trivially constifiable.,41plus_b64,high
API00-C,hostap,src/ap/ieee802_11.c,7668,FP,"hapd is internal-only, always supplied by caller (API00-C internal-API pattern).",41plus_b64,med
API00-C,hostap,src/ap/ieee802_11.c,7668,FP,buflen used only via os_snprintf's own bounds-checked size_t arithmetic; not a real overflow risk.,41plus_b64,med
DCL13-C,hostap,src/ap/ieee802_11.c,7668,TP,hapd never referenced in ieee802_11_get_mib_sta's body; genuine const/unused opportunity.,41plus_b64,high
DCL13-C,hostap,src/ap/ieee802_11.c,7668,TP,sta only read via sta->auth_alg; genuine const opportunity.,41plus_b64,high
API05-C,hostap,src/ap/ieee802_11.c,7669,FP,buf/buflen companion pair; API05-C categorical FP idiom.,41plus_b64,high
DCL13-C,hostap,src/ap/ieee802_11.c,7669,FP,"buf IS modified: os_snprintf(buf+len, ...) writes into it; DCL13-C misses writes-through-pointer (new eid/buf-write-miss pattern).",41plus_b64,high
API00-C,hostap,src/ap/ieee802_11.c,7684,FP,"hapd internal-only API param, always valid at hostapd_tx_status's call sites.",41plus_b64,med
API00-C,hostap,src/ap/ieee802_11.c,7684,FP,"addr likewise internal, always a valid STA MAC from the driver layer.",41plus_b64,med
API00-C,hostap,src/ap/ieee802_11.c,7684,FP,"buf likewise internal-only, forwarded from a driver TX-status callback.",41plus_b64,med
API00-C,hostap,src/ap/ieee802_11.c,7714,FP,hapd internal-only API param in hostapd_client_poll_ok.,41plus_b64,med
API00-C,hostap,src/ap/ieee802_11.c,7714,FP,addr likewise internal-only from the driver layer.,41plus_b64,med
MEM05-C,hostap,src/ap/ieee802_11.c,7766,FP,Same fixed-size char[IFNAMSIZ+1] shape as :7403; not a VLA.,41plus_b64,high
DCL13-C,hostap,src/ap/ieee802_11.c,7809,FP,eid IS modified via `*eid++ = ...` writes throughout the function; DCL13-C misses writes-through-pointer.,41plus_b64,high
INT14-C,hostap,src/ap/ieee802_11.c,7816,TP,tx_pwr_count genuinely used with both `+`/`<=` arithmetic and `|` bitwise packing in the same encoding logic.,41plus_b64,med
API00-C,hostap,src/ap/ieee802_11.c,7841,FP,"hapd internal-only API param, always valid in hostapd_eid_txpower_envelope's callers.",41plus_b64,med
DCL13-C,hostap,src/ap/ieee802_11.c,7841,TP,hapd only read (iface/iconf/mode fields); genuine const opportunity.,41plus_b64,high
DCL13-C,hostap,src/ap/ieee802_11.c,7995,TP,hapd only read (cs_freq_params fields) in hostapd_eid_wb_channel_switch.,41plus_b64,high
DCL13-C,hostap,src/ap/ieee802_11.c,7995,FP,eid IS modified via `*eid++ = ...` writes; same write-miss as :7809.,41plus_b64,high
DCL13-C,hostap,src/ap/ieee802_11.c,8063,TP,hapd only read (cs_freq_params) in hostapd_eid_bw_indication.,41plus_b64,high
DCL13-C,hostap,src/ap/ieee802_11.c,8063,FP,eid IS modified via `*eid++ = ...` / bw_ind_elem writes; same write-miss pattern.,41plus_b64,high
API00-C,hostap,src/ap/ieee802_11.c,8131,FP,"eid internal-only IE-builder buffer, always supplied by the beacon/mgmt build path.",41plus_b64,med
ARR00-C,hostap,src/ap/ieee802_11.c,8227,FP,bss_idx is initialized by the for-loop's own `bss_idx = 0` init clause immediately before use.,41plus_b64,high
DCL13-C,hostap,src/ap/ieee802_11.c,8250,TP,skip_profiles only read (->start/->end); genuine const opportunity.,41plus_b64,high
DCL13-C,hostap,src/ap/ieee802_11.c,8303,TP,hapd only read (iface->num_bss/bss[]) in hostapd_eid_rnr_iface_len.,41plus_b64,high
DCL13-C,hostap,src/ap/ieee802_11.c,8413,TP,hapd only read in get_colocation_mode.,41plus_b64,high
API00-C,hostap,src/ap/ieee802_11.c,8505,FP,"hapd internal-only API param, always valid in hostapd_eid_rnr_len's callers.",41plus_b64,med
EXP43-C,hostap,src/ap/ieee802_11.c,8524,FP,"hapd/reporting_hapd are plain (non-restrict) pointers; passing the same value for both is legal, no aliasing UB (EXP43-C no-restrict pattern).",41plus_b64,high
EXP43-C,hostap,src/ap/ieee802_11.c,8530,FP,Same no-restrict EXP43-C FP as :8524.,41plus_b64,high
ARR36-C,hostap,src/ap/ieee802_11.c,8553,FP,"`(eid - len) + 1` is pointer-minus-integer offset arithmetic, not a pointer-pointer subtraction between different arrays.",41plus_b64,high
DCL30-C,hostap,src/ap/ieee802_11.c,8599,FP,"eid returned here is hostapd_eid_nr_db's own parameter (caller-owned buffer position), not an automatic-storage local.",41plus_b64,high
DCL22-C,hostap,src/ap/ieee802_11.c,8614,FP,Ordinary local pointer `eid`; no setjmp/longjmp or signal-handler context anywhere in this function (batch-local DCL22-C pattern).,41plus_b64,med
EXP40-C,hostap,src/ap/ieee802_11.c,8614,FP,"Neither eid nor *pos is const-qualified; the rule's own ""pointer to const"" premise doesn't apply (matches wmm.c:104 precedent).",41plus_b64,high
ARR37-C,hostap,src/ap/ieee802_11.c,8639,FP,"eid is a caller-buffer-backed write pointer in hostapd_eid_rnr_bss's IE-builder idiom, not a single-object pointer.",41plus_b64,high
ARR37-C,hostap,src/ap/ieee802_11.c,8640,FP,Same array-backed eid++ pattern.,41plus_b64,high
ARR37-C,hostap,src/ap/ieee802_11.c,8641,FP,Same array-backed eid++ pattern.,41plus_b64,high
ARR37-C,hostap,src/ap/ieee802_11.c,8642,FP,Same array-backed eid++ pattern.,41plus_b64,high
ARR37-C,hostap,src/ap/ieee802_11.c,8646,FP,Same array-backed eid++ pattern.,41plus_b64,high
ARR37-C,hostap,src/ap/ieee802_11.c,8648,FP,`eid += ETH_ALEN` on the same array-backed IE-builder pointer.,41plus_b64,high
ARR37-C,hostap,src/ap/ieee802_11.c,8650,FP,`eid += 4` on the same array-backed IE-builder pointer.,41plus_b64,high
ARR37-C,hostap,src/ap/ieee802_11.c,8666,FP,Same array-backed eid++ pattern.,41plus_b64,high
ARR37-C,hostap,src/ap/ieee802_11.c,8667,FP,Same array-backed eid++ pattern.,41plus_b64,high
ARR37-C,hostap,src/ap/ieee802_11.c,8680,FP,Same array-backed eid++ pattern.,41plus_b64,high
ARR37-C,hostap,src/ap/ieee802_11.c,8683,FP,Same array-backed eid++ pattern.,41plus_b64,high
ARR37-C,hostap,src/ap/ieee802_11.c,8692,FP,Same array-backed eid++ pattern.,41plus_b64,high
DCL30-C,hostap,src/ap/ieee802_11.c,8698,FP,`*pos = eid` writes eid's current *value* (an offset into a caller buffer) through an out-param; no address-of a local occurs.,41plus_b64,high
DCL13-C,hostap,src/ap/ieee802_11.c,8706,FP,eid IS modified via `*eid++ = ...` throughout hostapd_eid_rnr_iface; same write-miss pattern.,41plus_b64,high
ARR36-C,hostap,src/ap/ieee802_11.c,8713,FP,"`(eid - len) + 1` pointer-minus-integer offset arithmetic, same category error as :8553.",41plus_b64,high
DCL30-C,hostap,src/ap/ieee802_11.c,8721,FP,"`return eid;` returns the function's own parameter directly, not a local automatic-storage object.",41plus_b64,high
DCL30-C,hostap,src/ap/ieee802_11.c,8728,FP,Same as :8721 — returning the eid parameter on an early-return guard.,41plus_b64,high
DCL30-C,hostap,src/ap/ieee802_11.c,8777,FP,"eid_start is a local alias initialized from the eid parameter; returning it returns caller-owned buffer position, not stack storage.",41plus_b64,high
DCL30-C,hostap,src/ap/ieee802_11.c,8780,FP,"`return eid;` returns the parameter-derived pointer, not a local.",41plus_b64,high
API00-C,hostap,src/ap/ieee802_11.c,8841,FP,"hapd internal-only API param, always valid in hostapd_eid_rnr's callers.",41plus_b64,med
EXP43-C,hostap,src/ap/ieee802_11.c,8860,FP,Same no-restrict EXP43-C FP as :8524/:8530 (hapd passed as both hapd/reporting_hapd).,41plus_b64,high
EXP43-C,hostap,src/ap/ieee802_11.c,8865,FP,Same no-restrict EXP43-C FP.,41plus_b64,high
DCL30-C,hostap,src/ap/ieee802_11.c,8869,FP,"`return eid_start;` returns a parameter-derived alias, not automatic storage.",41plus_b64,high
DCL30-C,hostap,src/ap/ieee802_11.c,8880,FP,Same eid_start parameter-alias return.,41plus_b64,high
DCL30-C,hostap,src/ap/ieee802_11.c,8882,FP,`return eid;` returns the parameter-derived pointer.,41plus_b64,high
INT14-C,hostap,src/ap/ieee802_11.c,8889,FP,"i is only used arithmetically (`i/8`, `i%8`); the bitwise `|`/BIT() applies to a macro-shifted literal, not to i itself.",41plus_b64,med
ARR37-C,hostap,src/ap/ieee802_11.c,8891,FP,"known_bss[i/8] is the standard buf+known_bss_len companion subscript idiom, not a single-object pointer.",41plus_b64,high
EXP33-C,hostap,src/ap/ieee802_11.c,8937,FP,"buf is a write-target passed to hostapd_eid_ext_supp_rates(); only its address is used (`-buf` length calc), never its uninitialized contents read.",41plus_b64,high
ARR37-C,hostap,src/ap/ieee802_11.c,8939,FP,"i is a plain `size_t` loop counter, not a pointer at all (ARR37-C plain-integer-counter pattern).",41plus_b64,high
EXP33-C,hostap,src/ap/ieee802_11.c,8941,FP,auth is unconditionally assigned (wpa_auth_get_wpa_ie) before its first read at `if (auth)`; no read-before-write path exists.,41plus_b64,high
MSC01-C,hostap,src/ap/ieee802_11.c,8985,FP,Deliberate guard-clause else-if; no rate-length adjustment needed when neither branch applies.,41plus_b64,high
API00-C,hostap,src/ap/ieee802_11.c,9013,FP,"hapd_probed internal-only API param, always valid at hostapd_eid_mbssid_len's callers.",41plus_b64,med
API00-C,hostap,src/ap/ieee802_11.c,9013,FP,"elem_count IS explicitly null-checked at :9026 before any dereference, contradicting the finding.",41plus_b64,high
API00-C,hostap,src/ap/ieee802_11.c,9013,FP,known_bss is intentionally optional-by-design; guarded via `!known_bss` inside mbssid_known_bss().,41plus_b64,high
API00-C,hostap,src/ap/ieee802_11.c,9013,FP,"rnr_len IS explicitly null-checked (`&& rnr_len`) at :9043 before dereference, contradicting the finding.",41plus_b64,high
EXP34-C,hostap,src/ap/ieee802_11.c,9020,FP,hapd = hostapd_mbssid_get_tx_bss(...) structurally never returns NULL (hostapd.c:96 returns bss[0] or hapd itself).,41plus_b64,high
DCL13-C,hostap,src/ap/ieee802_11.c,9066,TP,end is entirely unused anywhere in hostapd_eid_mbssid_elem's body.,41plus_b64,high
EXP33-C,hostap,src/ap/ieee802_11.c,9080,FP,buf is a write-target for hostapd_eid_ext_supp_rates(); same pattern as :8937.,41plus_b64,high
ARR37-C,hostap,src/ap/ieee802_11.c,9082,FP,"i is a plain size_t loop counter, not a pointer, same as :8939.",41plus_b64,high
EXP33-C,hostap,src/ap/ieee802_11.c,9084,FP,"conf is unconditionally assigned (`conf = bss->conf`) immediately after the continue-guard, before any read.",41plus_b64,high
EXP34-C,hostap,src/ap/ieee802_11.c,9085,FP,"tx_bss = hostapd_mbssid_get_tx_bss(hapd) never returns NULL, same helper-invariant blindness as :9020.",41plus_b64,high
EXP33-C,hostap,src/ap/ieee802_11.c,9086,FP,eid_len_pos is unconditionally assigned (`eid_len_pos = eid++`) before its only later read at :9182; no read-before-write path.,41plus_b64,high
EXP33-C,hostap,src/ap/ieee802_11.c,9087,FP,"auth unconditionally assigned before its first read, same shape as :8941 in the sibling function.",41plus_b64,high
EXP33-C,hostap,src/ap/ieee802_11.c,9088,FP,"non_inherit_ie[] elements are only ever read up to ie_count, which is incremented exactly once per element written (bounded write/read idiom).",41plus_b64,high
EXP34-C,hostap,src/ap/ieee802_11.c,9113,FP,"tx_conf = tx_bss->conf; every initialized hapd structurally has a non-null conf, an invariant sqc can't see across the helper call.",41plus_b64,med
INT33-C,hostap,src/ap/ieee802_11.c,9121,FP,elem_count is structurally >=1 here: the mirrored counting pass (hostapd_eid_mbssid_len) increments *elem_count on every loop iteration this code also executes.,41plus_b64,med
API00-C,hostap,src/ap/ieee802_11.c,9199,FP,"hapd_probed internal-only API param, always valid at hostapd_eid_mbssid's callers.",41plus_b64,med
API00-C,hostap,src/ap/ieee802_11.c,9199,FP,end is never dereferenced anywhere in the function body; unused param.,41plus_b64,high
API00-C,hostap,src/ap/ieee802_11.c,9199,FP,known_bss is intentionally optional-by-design (same as hostapd_eid_mbssid_len).,41plus_b64,high
API00-C,hostap,src/ap/ieee802_11.c,9199,FP,rnr_eid IS folded into the `add_rnr = ... && rnr_eid && ...` guard at :9221-9223 before any use.,41plus_b64,high
API00-C,hostap,src/ap/ieee802_11.c,9199,FP,rnr_count IS covered by the same add_rnr guard before dereference.,41plus_b64,high
API00-C,hostap,src/ap/ieee802_11.c,9199,FP,rnr_offset IS covered by the same add_rnr guard before dereference.,41plus_b64,high
MSC13-C,hostap,src/ap/ieee802_11.c,9206,TP,cur_len's initial `=0` is always overwritten by a later `cur_len=0` (in-loop or post-loop) before ever being read via &cur_len; harmless but genuinely dead.,41plus_b64,low
EXP34-C,hostap,src/ap/ieee802_11.c,9210,FP,"hapd = hostapd_mbssid_get_tx_bss(...) never returns NULL, same as :9020/:9085.",41plus_b64,high
EXP34-C,hostap,src/ap/ieee802_11.c,9249,FP,"rnr_offset is guarded by the same-function `add_rnr` check (:9221-9223) before this array access, an earlier-guard the rule misses.",41plus_b64,high
EXP34-C,hostap,src/ap/ieee802_11.c,9249,FP,rnr_count likewise guarded by add_rnr before this dereference.,41plus_b64,high
MSC13-C,hostap,src/ap/ieee802_11.c,9269,TP,"Final `rnr_eid = hostapd_eid_rnr_colocation(...)` is never read again; the function returns `eid`, a different variable, so this assignment is genuinely dead.",41plus_b64,med
