rule,project,file,line,verdict,reason,provenance,confidence
API05-C,hostap,src/eapol_supp/eapol_supp_sm.h,333,FP,"Established ptr+size_t idiom (buf,buflen); not a real conformant-array-syntax gap",hostap_full_audit_0.4.169,high
API05-C,hostap,src/eapol_supp/eapol_supp_sm.h,335,FP,"Same ptr+size_t idiom FP (buf,buflen)",hostap_full_audit_0.4.169,high
API02-C,hostap,src/eapol_supp/eapol_supp_sm.h,349,FP,size_t *len already is the size out-param; scalar out-param misfire,hostap_full_audit_0.4.169,high
API02-C,hostap,src/eapol_supp/eapol_supp_sm.h,368,FP,size_t *len already pairs with imsi as capacity/length out-param,hostap_full_audit_0.4.169,high
API05-C,hostap,src/eapol_supp/eapol_supp_sm.h,368,FP,"ptr+size_t* idiom FP (imsi,len)",hostap_full_audit_0.4.169,high
API05-C,hostap,src/eapol_supp/eapol_supp_sm.h,368,FP,"ptr+size_t* idiom FP (imsi,len)",hostap_full_audit_0.4.169,high
API02-C,hostap,src/eapol_supp/eapol_supp_sm.h,371,FP,username_len already the size out-param; scalar misfire,hostap_full_audit_0.4.169,high
API02-C,hostap,src/eapol_supp/eapol_supp_sm.h,371,FP,realm_len already the size out-param; scalar misfire,hostap_full_audit_0.4.169,high
API02-C,hostap,src/eapol_supp/eapol_supp_sm.h,371,FP,rrk_len already the size out-param; scalar misfire,hostap_full_audit_0.4.169,high
MSC13-C,hostap,src/eapol_supp/eapol_supp_sm.h,380,FP,ctx IS read via free(ctx); dead-store claim factually wrong,hostap_full_audit_0.4.169,high
INT36-C,hostap,src/eapol_supp/eapol_supp_sm.h,381,TP,"Genuine int-to-pointer sentinel cast (struct eapol_sm*)1, though never dereferenced by any caller",hostap_full_audit_0.4.169,low
DCL13-C,hostap,src/eapol_supp/eapol_supp_sm.h,383,TP,sm 100% unused in #else static-inline no-op stub body; established stub-DCL13 TP(low) class,hostap_full_audit_0.4.169,low
DCL13-C,hostap,src/eapol_supp/eapol_supp_sm.h,386,TP,sm unused in no-op stub body; established stub-DCL13 TP(low) class,hostap_full_audit_0.4.169,low
DCL13-C,hostap,src/eapol_supp/eapol_supp_sm.h,389,TP,sm unused in no-op stub body (return 0); established stub-DCL13 TP(low) class,hostap_full_audit_0.4.169,low
API05-C,hostap,src/eapol_supp/eapol_supp_sm.h,389,FP,"ptr+size_t idiom FP (buf,buflen) on stub redeclaration",hostap_full_audit_0.4.169,high
DCL13-C,hostap,src/eapol_supp/eapol_supp_sm.h,389,TP,buf unused in no-op stub body (return 0); established stub-DCL13 TP(low) class,hostap_full_audit_0.4.169,low
DCL13-C,hostap,src/eapol_supp/eapol_supp_sm.h,394,TP,sm unused in no-op stub body (return 0); established stub-DCL13 TP(low) class,hostap_full_audit_0.4.169,low
API05-C,hostap,src/eapol_supp/eapol_supp_sm.h,394,FP,"ptr+size_t idiom FP (buf,buflen) on stub redeclaration",hostap_full_audit_0.4.169,high
DCL13-C,hostap,src/eapol_supp/eapol_supp_sm.h,394,TP,buf unused in no-op stub body; established stub-DCL13 TP(low) class,hostap_full_audit_0.4.169,low
DCL13-C,hostap,src/eapol_supp/eapol_supp_sm.h,399,TP,sm unused in no-op stub body; established stub-DCL13 TP(low) class,hostap_full_audit_0.4.169,low
DCL13-C,hostap,src/eapol_supp/eapol_supp_sm.h,404,TP,sm unused in no-op stub body; established stub-DCL13 TP(low) class,hostap_full_audit_0.4.169,low
DCL13-C,hostap,src/eapol_supp/eapol_supp_sm.h,410,TP,sm unused in no-op stub body; established stub-DCL13 TP(low) class,hostap_full_audit_0.4.169,low
DCL13-C,hostap,src/eapol_supp/eapol_supp_sm.h,413,TP,sm unused in no-op stub body; established stub-DCL13 TP(low) class,hostap_full_audit_0.4.169,low
DCL13-C,hostap,src/eapol_supp/eapol_supp_sm.h,417,TP,sm unused in no-op stub body; established stub-DCL13 TP(low) class,hostap_full_audit_0.4.169,low
DCL13-C,hostap,src/eapol_supp/eapol_supp_sm.h,421,TP,sm unused in no-op stub body; established stub-DCL13 TP(low) class,hostap_full_audit_0.4.169,low
DCL13-C,hostap,src/eapol_supp/eapol_supp_sm.h,425,TP,sm unused in no-op stub body; established stub-DCL13 TP(low) class,hostap_full_audit_0.4.169,low
DCL13-C,hostap,src/eapol_supp/eapol_supp_sm.h,428,TP,sm unused in no-op stub body; established stub-DCL13 TP(low) class,hostap_full_audit_0.4.169,low
DCL13-C,hostap,src/eapol_supp/eapol_supp_sm.h,429,TP,config unused in no-op stub body; established stub-DCL13 TP(low) class,hostap_full_audit_0.4.169,low
DCL13-C,hostap,src/eapol_supp/eapol_supp_sm.h,430,TP,conf unused in no-op stub body; established stub-DCL13 TP(low) class,hostap_full_audit_0.4.169,low
DCL13-C,hostap,src/eapol_supp/eapol_supp_sm.h,433,TP,sm unused in no-op stub body (return -1); established stub-DCL13 TP(low) class,hostap_full_audit_0.4.169,low
DCL13-C,hostap,src/eapol_supp/eapol_supp_sm.h,433,TP,key unused in no-op stub body (return -1); established stub-DCL13 TP(low) class,hostap_full_audit_0.4.169,low
DCL13-C,hostap,src/eapol_supp/eapol_supp_sm.h,438,TP,sm unused in no-op stub body (return NULL); established stub-DCL13 TP(low) class,hostap_full_audit_0.4.169,low
DCL13-C,hostap,src/eapol_supp/eapol_supp_sm.h,438,TP,len unused in no-op stub body (return NULL); established stub-DCL13 TP(low) class,hostap_full_audit_0.4.169,low
DCL13-C,hostap,src/eapol_supp/eapol_supp_sm.h,442,TP,sm unused in no-op stub body; established stub-DCL13 TP(low) class,hostap_full_audit_0.4.169,low
DCL13-C,hostap,src/eapol_supp/eapol_supp_sm.h,445,TP,sm unused in no-op stub body; established stub-DCL13 TP(low) class,hostap_full_audit_0.4.169,low
DCL13-C,hostap,src/eapol_supp/eapol_supp_sm.h,448,TP,sm unused in no-op stub body; established stub-DCL13 TP(low) class,hostap_full_audit_0.4.169,low
DCL13-C,hostap,src/eapol_supp/eapol_supp_sm.h,452,TP,sm unused in no-op stub body; established stub-DCL13 TP(low) class,hostap_full_audit_0.4.169,low
DCL13-C,hostap,src/eapol_supp/eapol_supp_sm.h,456,TP,sm unused in no-op stub body; established stub-DCL13 TP(low) class,hostap_full_audit_0.4.169,low
DCL13-C,hostap,src/eapol_supp/eapol_supp_sm.h,459,TP,sm unused in no-op stub body; established stub-DCL13 TP(low) class,hostap_full_audit_0.4.169,low
DCL13-C,hostap,src/eapol_supp/eapol_supp_sm.h,462,TP,sm unused in no-op stub body; established stub-DCL13 TP(low) class,hostap_full_audit_0.4.169,low
DCL13-C,hostap,src/eapol_supp/eapol_supp_sm.h,465,TP,sm unused in no-op stub body; established stub-DCL13 TP(low) class,hostap_full_audit_0.4.169,low
DCL13-C,hostap,src/eapol_supp/eapol_supp_sm.h,469,TP,sm unused in no-op stub body; established stub-DCL13 TP(low) class,hostap_full_audit_0.4.169,low
DCL13-C,hostap,src/eapol_supp/eapol_supp_sm.h,472,TP,sm unused in no-op stub body; established stub-DCL13 TP(low) class,hostap_full_audit_0.4.169,low
DCL13-C,hostap,src/eapol_supp/eapol_supp_sm.h,476,TP,sm unused in no-op stub body; established stub-DCL13 TP(low) class,hostap_full_audit_0.4.169,low
DCL13-C,hostap,src/eapol_supp/eapol_supp_sm.h,477,TP,ext unused in no-op stub body; established stub-DCL13 TP(low) class,hostap_full_audit_0.4.169,low
DCL13-C,hostap,src/eapol_supp/eapol_supp_sm.h,480,TP,sm unused in no-op stub body (return 0); established stub-DCL13 TP(low) class,hostap_full_audit_0.4.169,low
DCL13-C,hostap,src/eapol_supp/eapol_supp_sm.h,484,TP,sm unused in no-op stub body; established stub-DCL13 TP(low) class,hostap_full_audit_0.4.169,low
DCL13-C,hostap,src/eapol_supp/eapol_supp_sm.h,488,TP,sm unused in no-op stub body (return NULL); established stub-DCL13 TP(low) class,hostap_full_audit_0.4.169,low
DCL13-C,hostap,src/eapol_supp/eapol_supp_sm.h,492,TP,sm unused in no-op stub body; established stub-DCL13 TP(low) class,hostap_full_audit_0.4.169,low
DCL13-C,hostap,src/eapol_supp/eapol_supp_sm.h,496,TP,sm unused in no-op stub body (return -1); established stub-DCL13 TP(low) class,hostap_full_audit_0.4.169,low
DCL13-C,hostap,src/eapol_supp/eapol_supp_sm.h,502,TP,sm unused in no-op stub body (return -1); established stub-DCL13 TP(low) class,hostap_full_audit_0.4.169,low
DCL13-C,hostap,src/eapol_supp/eapol_supp_sm.h,502,TP,config unused in no-op stub body; established stub-DCL13 TP(low) class,hostap_full_audit_0.4.169,low
DCL13-C,hostap,src/eapol_supp/eapol_supp_sm.h,503,TP,username_len unused in no-op stub body; established stub-DCL13 TP(low) class,hostap_full_audit_0.4.169,low
DCL13-C,hostap,src/eapol_supp/eapol_supp_sm.h,504,TP,realm_len unused in no-op stub body; established stub-DCL13 TP(low) class,hostap_full_audit_0.4.169,low
DCL13-C,hostap,src/eapol_supp/eapol_supp_sm.h,505,TP,erp_next_seq_num unused in no-op stub body; established stub-DCL13 TP(low) class,hostap_full_audit_0.4.169,low
DCL13-C,hostap,src/eapol_supp/eapol_supp_sm.h,505,TP,rrk_len unused in no-op stub body; established stub-DCL13 TP(low) class,hostap_full_audit_0.4.169,low
PRE08-C,hostap,wpa_supplicant/mesh.c,14,FP,"8.3-legacy header-name-ambiguity check, irrelevant on modern filesystems",hostap_full_audit_0.4.169,high
MSC04-C,hostap,wpa_supplicant/mesh.c,31,FP,Ping-pong call edge bounded by hardcoded boolean literals at each call site; each hop's guard makes the reverse call a no-op,hostap_full_audit_0.4.169,high
DCL30-C,hostap,wpa_supplicant/mesh.c,149,FP,"conf is os_zalloc'd heap memory, not automatic storage; heap-vs-local-storage confusion",hostap_full_audit_0.4.169,high
CON03-C,hostap,wpa_supplicant/mesh.c,158,FP,wpa_supplicant is single-threaded (no pthread); read-only lookup table needs no synchronization,hostap_full_audit_0.4.169,high
ARR02-C,hostap,wpa_supplicant/mesh.c,158,FP,"default_groups[] sized purely by its own initializer, consumed via int_array_dup 0-sentinel scan; no mismatch possible",hostap_full_audit_0.4.169,high
MEM03-C,hostap,wpa_supplicant/mesh.c,159,FP,"password aliases ssid->sae_password/passphrase, a persistent config field, not an owned local buffer",hostap_full_audit_0.4.169,high
MEM31-C,hostap,wpa_supplicant/mesh.c,177,FP,bss->conf->sae_groups freed later in ap_config.c hostapd_config_free_bss teardown; ownership transferred to struct,hostap_full_audit_0.4.169,high
EXP30-C,hostap,wpa_supplicant/mesh.c,198,FP,"Three pure read-only accessor calls (hostapd_get_oper_*) as sibling args, no shared mutable state",hostap_full_audit_0.4.169,high
MEM30-C,hostap,wpa_supplicant/mesh.c,352,FP,"hapd is a fresh per-iteration local from ifmsh->bss[j]; hostapd_free_hapd_data frees internal fields only, never hapd itself",hostap_full_audit_0.4.169,high
DCL13-C,hostap,wpa_supplicant/mesh.c,363,TP,"freq never modified in wpa_supplicant_mesh_init, a plain static helper not bound to any callback typedef",hostap_full_audit_0.4.169,low
DCL00-C,hostap,wpa_supplicant/mesh.c,369,TP,basic_rates_erp is read-only (only used via os_memdup+sizeof); genuine trivial const opportunity,hostap_full_audit_0.4.169,low
ARR02-C,hostap,wpa_supplicant/mesh.c,369,FP,basic_rates_erp[] sized by its own initializer and consumed via sizeof(basic_rates_erp); no mismatch possible,hostap_full_audit_0.4.169,high
EXP43-C,hostap,wpa_supplicant/mesh.c,396,FP,All three args to hostapd_alloc_bss_data are NULL literals; no aliasing possible between them,hostap_full_audit_0.4.169,high
MSC01-C,hostap,wpa_supplicant/mesh.c,467,FP,Deliberate guard-clause: unmatched bandwidth leaves conf->vht_oper_chwidth at its config-default value,hostap_full_audit_0.4.169,high
MSC01-C,hostap,wpa_supplicant/mesh.c,476,FP,Deliberate guard-clause: unmatched bandwidth leaves conf->he_oper_chwidth at its config-default value,hostap_full_audit_0.4.169,high
MEM31-C,hostap,wpa_supplicant/mesh.c,537,FP,bss->conf->basic_rates freed later via ap_config.c/hw_features.c teardown; ownership transferred to struct,hostap_full_audit_0.4.169,high
MSC07-C,hostap,wpa_supplicant/mesh.c,579,FP,"out_free: is a goto target reached from earlier failure branches, not unreachable code after return",hostap_full_audit_0.4.169,high
API00-C,hostap,wpa_supplicant/mesh.c,585,FP,wpa_s always the caller's own valid interface struct at its single internal caller (events.c),hostap_full_audit_0.4.169,high
API00-C,hostap,wpa_supplicant/mesh.c,585,FP,addr comes from event data at the single internal caller; internal-only-API FP,hostap_full_audit_0.4.169,high
EXP33-C,hostap,wpa_supplicant/mesh.c,593,FP,ieee802_11_parse_elems() os_memset's *elems to 0 before any read; interprocedural out-param init sqc doesn't track,hostap_full_audit_0.4.169,high
API00-C,hostap,wpa_supplicant/mesh.c,602,FP,wpa_s always valid at its single internal caller (scan.c); internal-only-API FP,hostap_full_audit_0.4.169,high
DCL13-C,hostap,wpa_supplicant/mesh.c,602,TP,"wpa_s never modified in wpa_supplicant_mesh_add_scan_ie, a plain exported helper not bound to any callback typedef",hostap_full_audit_0.4.169,low
API00-C,hostap,wpa_supplicant/mesh.c,616,FP,wpa_s always valid at its single internal caller (wpa_supplicant.c); internal-only-API FP,hostap_full_audit_0.4.169,high
API00-C,hostap,wpa_supplicant/mesh.c,616,FP,ssid IS validated immediately at line 622 (!ssid || !ssid->ssid ...); claim is factually wrong,hostap_full_audit_0.4.169,high
MSC37-C,hostap,wpa_supplicant/mesh.c,616,FP,Function always returns via the out: label's return ret; goto/label-blindness misfire,hostap_full_audit_0.4.169,high
EXP34-C,hostap,wpa_supplicant/mesh.c,622,FP,This IS the null check itself; short-circuit !ssid || protects the following ssid->ssid member access,hostap_full_audit_0.4.169,high
EXP34-C,hostap,wpa_supplicant/mesh.c,625,FP,os_free(NULL) is safe (matches libc free semantics); established os_free(NULL)-is-safe FP class,hostap_full_audit_0.4.169,high
MSC01-C,hostap,wpa_supplicant/mesh.c,674,FP,Deliberate guard-clause: unmatched case leaves params->beacon_int at its zalloc'd default (unset),hostap_full_audit_0.4.169,high
MSC01-C,hostap,wpa_supplicant/mesh.c,678,FP,Deliberate guard-clause: unmatched case leaves params->dtim_period at its zalloc'd default (unset),hostap_full_audit_0.4.169,high
MSC04-C,hostap,wpa_supplicant/mesh.c,719,FP,Same bounded ping-pong as line 31: need_deinit/also_clear_hostapd literals at each call site prevent real recursion,hostap_full_audit_0.4.169,high
MSC13-C,hostap,wpa_supplicant/mesh.c,721,TP,ret=0 genuinely never read before being unconditionally overwritten by wpa_drv_leave_mesh() at line 729,hostap_full_audit_0.4.169,low
API05-C,hostap,wpa_supplicant/mesh.c,739,FP,"buf/end companion pointer-pair (bounds pair) idiom, not a real conformant-array-syntax gap",hostap_full_audit_0.4.169,high
API05-C,hostap,wpa_supplicant/mesh.c,739,FP,"buf/end companion pointer-pair idiom, same as above",hostap_full_audit_0.4.169,high
DCL13-C,hostap,wpa_supplicant/mesh.c,739,TP,"end never modified in mesh_attr_text, a plain static helper not bound to any callback typedef",hostap_full_audit_0.4.169,low
EXP33-C,hostap,wpa_supplicant/mesh.c,749,FP,Same ieee802_11_parse_elems() os_memset-before-use chain as line 593; elems fully zeroed by the callee,hostap_full_audit_0.4.169,high
INT14-C,hostap,wpa_supplicant/mesh.c,752,FP,"Bitwise ops are on elems.supp_rates[i]/ext_supp_rates[i] (lines 789/795), not on elems.mesh_id_len here",hostap_full_audit_0.4.169,high
ARR36-C,hostap,wpa_supplicant/mesh.c,758,FP,buf and end are the same caller-supplied bounds pair passed together into mesh_attr_text; not different arrays,hostap_full_audit_0.4.169,high
ARR36-C,hostap,wpa_supplicant/mesh.c,760,FP,buf and end are the same caller-supplied bounds pair; not different arrays,hostap_full_audit_0.4.169,high
ARR36-C,hostap,wpa_supplicant/mesh.c,765,FP,buf and end are the same caller-supplied bounds pair; not different arrays,hostap_full_audit_0.4.169,high
ARR36-C,hostap,wpa_supplicant/mesh.c,777,FP,buf and end are the same caller-supplied bounds pair; not different arrays,hostap_full_audit_0.4.169,high
MEM12-C,hostap,wpa_supplicant/mesh.c,785,FP,"mesh_id already freed at line 759; bss_basic_rate_set never allocated (alloc failed, NULL) on this path",hostap_full_audit_0.4.169,high
INT14-C,hostap,wpa_supplicant/mesh.c,789,FP,"Bitwise op is on elems.supp_rates[i], not on loop counter i; container/index misattribution",hostap_full_audit_0.4.169,high
ARR36-C,hostap,wpa_supplicant/mesh.c,801,FP,buf and end are the same caller-supplied bounds pair; not different arrays,hostap_full_audit_0.4.169,high
ARR36-C,hostap,wpa_supplicant/mesh.c,803,FP,buf and end are the same caller-supplied bounds pair; not different arrays,hostap_full_audit_0.4.169,high
ARR36-C,hostap,wpa_supplicant/mesh.c,808,FP,buf and end are the same caller-supplied bounds pair; not different arrays,hostap_full_audit_0.4.169,high
ARR36-C,hostap,wpa_supplicant/mesh.c,810,FP,buf and end are the same caller-supplied bounds pair; not different arrays,hostap_full_audit_0.4.169,high
ARR36-C,hostap,wpa_supplicant/mesh.c,815,FP,buf and end are the same caller-supplied bounds pair; not different arrays,hostap_full_audit_0.4.169,high
ARR36-C,hostap,wpa_supplicant/mesh.c,816,FP,buf and end are the same caller-supplied bounds pair; not different arrays,hostap_full_audit_0.4.169,high
MEM12-C,hostap,wpa_supplicant/mesh.c,823,FP,bss_basic_rate_set just freed at fail: (line821) one line above; mesh_id already freed at line 759 -- goto-label CFG blindness,hostap_full_audit_0.4.169,high
API00-C,hostap,wpa_supplicant/mesh.c,827,FP,ies always valid at its single internal caller (ctrl_iface.c); internal-only-API FP,hostap_full_audit_0.4.169,high
API00-C,hostap,wpa_supplicant/mesh.c,827,FP,buf always valid at its single internal caller; internal-only-API FP,hostap_full_audit_0.4.169,high
API00-C,hostap,wpa_supplicant/mesh.c,827,FP,end always valid at its single internal caller; internal-only-API FP,hostap_full_audit_0.4.169,high
API05-C,hostap,wpa_supplicant/mesh.c,827,FP,"buf/end companion pointer-pair idiom, not a real conformant-array-syntax gap",hostap_full_audit_0.4.169,high
API05-C,hostap,wpa_supplicant/mesh.c,828,FP,"buf/end companion pointer-pair idiom, same as above",hostap_full_audit_0.4.169,high
API05-C,hostap,wpa_supplicant/mesh.c,834,FP,"ptr+size_t idiom FP (ifname,len)",hostap_full_audit_0.4.169,high
API05-C,hostap,wpa_supplicant/mesh.c,855,FP,"ptr+size_t idiom FP (ifname,len)",hostap_full_audit_0.4.169,high
PRE02-C,hostap,wpa_supplicant/nan_supplicant.c,32,FP,"Negative-literal macro body, no precedence hazard; established PRE02-C FP class.",hostap_full_audit_0.4.169,high
PRE02-C,hostap,wpa_supplicant/nan_supplicant.c,33,FP,Same negative-literal macro FP.,hostap_full_audit_0.4.169,high
PRE02-C,hostap,wpa_supplicant/nan_supplicant.c,35,FP,Same negative-literal macro FP.,hostap_full_audit_0.4.169,high
PRE02-C,hostap,wpa_supplicant/nan_supplicant.c,36,FP,Same negative-literal macro FP.,hostap_full_audit_0.4.169,high
ARR01-C,hostap,wpa_supplicant/nan_supplicant.c,90,FP,"sizeof(wpa_s->nan_config) sizes a struct member, not a decayed pointer/array param.",hostap_full_audit_0.4.169,high
DCL13-C,hostap,wpa_supplicant/nan_supplicant.c,134,TP,wpas_nan_ready's wpa_s is genuinely read-only; plain internal-helper low-value TP.,hostap_full_audit_0.4.169,low
API00-C,hostap,wpa_supplicant/nan_supplicant.c,172,FP,"Internal-only API, wpa_s always valid at call sites.",hostap_full_audit_0.4.169,high
DCL13-C,hostap,wpa_supplicant/nan_supplicant.c,172,FP,wpa_s is mutated via aliased local pointer config=&wpa_s->nan_config; const would break the assignment.,hostap_full_audit_0.4.169,high
STR34-C,hostap,wpa_supplicant/nan_supplicant.c,180,FP,"*param++ = '\0' is plain char-to-char literal assignment, no widening.",hostap_full_audit_0.4.169,high
PRE00-C,hostap,wpa_supplicant/nan_supplicant.c,182,FP,"_str only used as #_str/config->_str member-name substitution, never runtime-evaluated.",hostap_full_audit_0.4.169,high
PRE01-C,hostap,wpa_supplicant/nan_supplicant.c,182,FP,"_str is a bare identifier used for stringize/member-access, not a value operand needing parens.",hostap_full_audit_0.4.169,high
PRE02-C,hostap,wpa_supplicant/nan_supplicant.c,182,FP,Macro body is a complete braced if-statement; wrapping the whole thing in parens is invalid C.,hostap_full_audit_0.4.169,high
PRE05-C,hostap,wpa_supplicant/nan_supplicant.c,182,FP,"_str is always a plain field name, never a macro needing pre-expansion before stringizing.",hostap_full_audit_0.4.169,high
PRE10-C,hostap,wpa_supplicant/nan_supplicant.c,182,FP,Macro already expands to one complete braced if-statement; do-while(0) wrapping adds nothing.,hostap_full_audit_0.4.169,med
PRE12-C,hostap,wpa_supplicant/nan_supplicant.c,182,FP,_str never evaluated as an expression; only stringized/used as member name.,hostap_full_audit_0.4.169,high
PRE00-C,hostap,wpa_supplicant/nan_supplicant.c,195,FP,"Same NAN_PARSE_BAND macro, _str only stringized/member-accessed.",hostap_full_audit_0.4.169,high
PRE01-C,hostap,wpa_supplicant/nan_supplicant.c,195,FP,Same as line182 PRE01-C reasoning.,hostap_full_audit_0.4.169,high
PRE02-C,hostap,wpa_supplicant/nan_supplicant.c,195,FP,Macro body is a full multi-statement if-block; whole-parenthesization invalid C.,hostap_full_audit_0.4.169,high
PRE05-C,hostap,wpa_supplicant/nan_supplicant.c,195,FP,Same as line182 PRE05-C reasoning.,hostap_full_audit_0.4.169,high
PRE10-C,hostap,wpa_supplicant/nan_supplicant.c,195,FP,Already one complete braced if-statement.,hostap_full_audit_0.4.169,med
PRE12-C,hostap,wpa_supplicant/nan_supplicant.c,195,FP,_str never runtime-evaluated.,hostap_full_audit_0.4.169,high
API00-C,hostap,wpa_supplicant/nan_supplicant.c,265,FP,"cluster_id always supplied by the internal nan_de callback path, never NULL.",hostap_full_audit_0.4.169,high
DCL13-C,hostap,wpa_supplicant/nan_supplicant.c,307,TP,wpa_s only read; nan_config passed as const to nan_update_config. Plain internal-helper low-value TP.,hostap_full_audit_0.4.169,low
EXP30-C,hostap,wpa_supplicant/nan_supplicant.c,316,FP,"MAC2STR expands to pure array reads, no real side effects to unsequence.",hostap_full_audit_0.4.169,high
EXP30-C,hostap,wpa_supplicant/nan_supplicant.c,363,FP,MAC2STR pure-read macro args.,hostap_full_audit_0.4.169,high
EXP30-C,hostap,wpa_supplicant/nan_supplicant.c,368,FP,wpabuf_head/wpabuf_len sibling-arg pure-accessor FP.,hostap_full_audit_0.4.169,high
EXP30-C,hostap,wpa_supplicant/nan_supplicant.c,407,FP,MAC2STR + wpabuf_len pure-read args.,hostap_full_audit_0.4.169,high
EXP30-C,hostap,wpa_supplicant/nan_supplicant.c,411,FP,wpabuf_head/wpabuf_len pure-accessor FP.,hostap_full_audit_0.4.169,high
EXP33-C,hostap,wpa_supplicant/nan_supplicant.c,427,FP,sizeof(*twork) is not a dereference; occurs on the os_zalloc sizing line before assignment.,hostap_full_audit_0.4.169,high
MEM31-C,hostap,wpa_supplicant/nan_supplicant.c,435,FP,twork->buf ownership transferred into the async radio work; freed via wpas_nan_usd_tx_work_free on every completion/failure path.,hostap_full_audit_0.4.169,high
MEM31-C,hostap,wpa_supplicant/nan_supplicant.c,447,FP,Same ownership-transfer-to-async-work FP as line435.,hostap_full_audit_0.4.169,high
DCL13-C,hostap,wpa_supplicant/nan_supplicant.c,472,FP,"timeout_ctx is an eloop_timeout_handler dispatch-contract parameter, fixed signature.",hostap_full_audit_0.4.169,high
EXP33-C,hostap,wpa_supplicant/nan_supplicant.c,526,FP,"sizeof(*lwork) not a dereference, same shape as line427.",hostap_full_audit_0.4.169,high
API05-C,hostap,wpa_supplicant/nan_supplicant.c,543,FP,"ssi/ssi_len is the idiomatic ptr+size_t pair, not a real conformant-array gap.",hostap_full_audit_0.4.169,high
API05-C,hostap,wpa_supplicant/nan_supplicant.c,556,FP,Same ssi/ssi_len idiom FP.,hostap_full_audit_0.4.169,high
API05-C,hostap,wpa_supplicant/nan_supplicant.c,604,FP,Same ssi/ssi_len idiom FP.,hostap_full_audit_0.4.169,high
API00-C,hostap,wpa_supplicant/nan_supplicant.c,671,FP,"Internal-only API, wpa_s always valid.",hostap_full_audit_0.4.169,high
API00-C,hostap,wpa_supplicant/nan_supplicant.c,680,FP,"src param: internal-only wire-data callback, always non-NULL from nan_de dispatch.",hostap_full_audit_0.4.169,high
API00-C,hostap,wpa_supplicant/nan_supplicant.c,680,FP,a3 param: same internal-only callback contract.,hostap_full_audit_0.4.169,high
API00-C,hostap,wpa_supplicant/nan_supplicant.c,680,FP,buf param: same internal-only callback contract.,hostap_full_audit_0.4.169,high
DCL13-C,hostap,wpa_supplicant/nan_supplicant.c,680,TP,wpa_s only read (wpa_s->nan_de); plain internal-helper low-value TP.,hostap_full_audit_0.4.169,low
API00-C,hostap,wpa_supplicant/nan_supplicant.c,700,FP,service_name never actually dereferenced unguarded here; internal-only API.,hostap_full_audit_0.4.169,high
API00-C,hostap,wpa_supplicant/nan_supplicant.c,700,FP,"ssi only forwarded as opaque pointer, never dereferenced in this function; internal-only API.",hostap_full_audit_0.4.169,high
MSC01-C,hostap,wpa_supplicant/nan_supplicant.c,752,FP,Deliberate 2-branch if/else-if leaving elems NULL when neither condition holds.,hostap_full_audit_0.4.169,high
API00-C,hostap,wpa_supplicant/nan_supplicant.c,799,FP,"peer_addr forwarded only, internal-only API.",hostap_full_audit_0.4.169,high
DCL13-C,hostap,wpa_supplicant/nan_supplicant.c,799,TP,wpa_s only read (wpa_s->nan_de); plain internal-helper low-value TP.,hostap_full_audit_0.4.169,low
API00-C,hostap,wpa_supplicant/nan_supplicant.c,845,FP,service_name internal-only API.,hostap_full_audit_0.4.169,high
API00-C,hostap,wpa_supplicant/nan_supplicant.c,845,FP,ssi never dereferenced in this function; internal-only API.,hostap_full_audit_0.4.169,high
MSC01-C,hostap,wpa_supplicant/nan_supplicant.c,897,FP,"Deliberate 2-branch if/else-if, same shape as line752.",hostap_full_audit_0.4.169,high
API00-C,hostap,wpa_supplicant/nan_supplicant.c,942,FP,"ssi internal-only API, forwarded opaque.",hostap_full_audit_0.4.169,high
API00-C,hostap,wpa_supplicant/nan_supplicant.c,942,FP,"elems internal-only API, forwarded opaque.",hostap_full_audit_0.4.169,high
DCL13-C,hostap,wpa_supplicant/nan_supplicant.c,942,TP,wpa_s only read (wpa_s->nan_de); plain internal-helper low-value TP.,hostap_full_audit_0.4.169,low
API00-C,hostap,wpa_supplicant/nan_supplicant.c,963,FP,"Internal-only API, wpa_s always valid.",hostap_full_audit_0.4.169,high
DCL13-C,hostap,wpa_supplicant/nan_supplicant.c,963,TP,wpa_s only read (wpa_s->nan_de); plain internal-helper low-value TP.,hostap_full_audit_0.4.169,low
DCL13-C,hostap,wpa_supplicant/nan_supplicant.c,980,TP,wpa_s only read (wpa_s->hw.modes/num_modes); plain internal-helper low-value TP.,hostap_full_audit_0.4.169,low
DCL30-C,hostap,wpa_supplicant/nan_supplicant.c,1008,FP,"freqs is heap memory grown via int_array_add_unique/os_realloc, not automatic storage.",hostap_full_audit_0.4.169,high
EXP33-C,hostap,src/eap_peer/eap_teap.c,88,FP,"sizeof(*data) is not a dereference, on the os_zalloc sizing line before assignment.",hostap_full_audit_0.4.169,high
DCL30-C,hostap,src/eap_peer/eap_teap.c,112,FP,"data is heap memory from os_zalloc, not automatic storage.",hostap_full_audit_0.4.169,high
DCL13-C,hostap,src/eap_peer/eap_teap.c,169,TP,eap_teap_derive_key_auth's sm only read (sm->ssl_ctx); plain internal-helper low-value TP.,hostap_full_audit_0.4.169,low
MSC01-C,hostap,src/eap_peer/eap_teap.c,349,FP,Deliberate if/else-if chain with no final else; unmatched case intentionally leaves prior state.,hostap_full_audit_0.4.169,high
MSC01-C,hostap,src/eap_peer/eap_teap.c,362,FP,Deliberate no-else: *resp set case falls through normally.,hostap_full_audit_0.4.169,high
EXP33-C,hostap,src/eap_peer/eap_teap.c,377,FP,"sizeof(*nak) not a dereference, before assignment via wpabuf_put.",hostap_full_audit_0.4.169,high
DCL30-C,hostap,src/eap_peer/eap_teap.c,385,FP,"buf is heap memory from wpabuf_alloc, not automatic storage.",hostap_full_audit_0.4.169,high
DCL13-C,hostap,src/eap_peer/eap_teap.c,389,TP,sm only read (sm->use_machine_cred); plain internal-helper low-value TP.,hostap_full_audit_0.4.169,low
DCL13-C,hostap,src/eap_peer/eap_teap.c,404,TP,"eap_payload_tlv only cast/read via hdr, never written; plain internal-helper low-value TP.",hostap_full_audit_0.4.169,low
EXP33-C,hostap,src/eap_peer/eap_teap.c,410,FP,"sizeof(*hdr) not a dereference, guarding the length check before hdr is used.",hostap_full_audit_0.4.169,high
DCL30-C,hostap,src/eap_peer/eap_teap.c,485,FP,"resp is heap memory from wpabuf_alloc, not automatic storage.",hostap_full_audit_0.4.169,high
DCL13-C,hostap,src/eap_peer/eap_teap.c,490,TP,data param only read in eap_teap_validate_crypto_binding; plain internal-helper low-value TP.,hostap_full_audit_0.4.169,low
ARR01-C,hostap,src/eap_peer/eap_teap.c,502,FP,"sizeof(cb->nonce) sizes a fixed-array struct member, correct idiom.",hostap_full_audit_0.4.169,high
ARR01-C,hostap,src/eap_peer/eap_teap.c,504,FP,sizeof(cb->emsk_compound_mac) correct fixed-array-member idiom.,hostap_full_audit_0.4.169,high
ARR01-C,hostap,src/eap_peer/eap_teap.c,506,FP,sizeof(cb->msk_compound_mac) correct fixed-array-member idiom.,hostap_full_audit_0.4.169,high
INT14-C,hostap,src/eap_peer/eap_teap.c,518,FP,"Bitwise & is on cb->nonce[...] element; arithmetic -1 is on the macro constant, not the same variable.",hostap_full_audit_0.4.169,high
ARR01-C,hostap,src/eap_peer/eap_teap.c,538,FP,"sizeof(*rbind) computes the struct size via pointer deref, standard idiom.",hostap_full_audit_0.4.169,high
ARR01-C,hostap,src/eap_peer/eap_teap.c,550,FP,sizeof(cb->nonce) fixed-array-member idiom.,hostap_full_audit_0.4.169,high
ARR01-C,hostap,src/eap_peer/eap_teap.c,551,FP,sizeof(rbind->nonce) fixed-array-member idiom.,hostap_full_audit_0.4.169,high
ARR01-C,hostap,src/eap_peer/eap_teap.c,570,FP,sizeof(rbind->nonce) fixed-array-member idiom.,hostap_full_audit_0.4.169,high
ARR01-C,hostap,src/eap_peer/eap_teap.c,572,FP,sizeof(rbind->emsk_compound_mac) fixed-array-member idiom.,hostap_full_audit_0.4.169,high
ARR01-C,hostap,src/eap_peer/eap_teap.c,574,FP,sizeof(rbind->msk_compound_mac) fixed-array-member idiom.,hostap_full_audit_0.4.169,high
EXP43-C,hostap,src/eap_peer/eap_teap.c,667,FP,"tls_get_tls_unique's args (data->ssl.conn, data->session_id+1) are unrelated objects, no overlap.",hostap_full_audit_0.4.169,high
DCL30-C,hostap,src/eap_peer/eap_teap.c,807,FP,resp is heap memory from wpabuf_alloc.,hostap_full_audit_0.4.169,high
ARR01-C,hostap,src/eap_peer/eap_teap.c,820,FP,"sizeof(*tlv) sizes the struct via pointer deref inside os_memset, standard idiom, tlv is a plain out-param not a decayed array.",hostap_full_audit_0.4.169,high
INT14-C,hostap,src/eap_peer/eap_teap.c,824,FP,"Bitwise & is on pos[0] (element), arithmetic += is on pos (pointer) - different operands, not real mixed-role hazard.",hostap_full_audit_0.4.169,high
EXP33-C,hostap,src/eap_peer/eap_teap.c,888,FP,"tlv is filled interprocedurally by eap_teap_parse_decrypted(decrypted,&tlv,&resp) unconditionally before this use.",hostap_full_audit_0.4.169,high
MSC01-C,hostap,src/eap_peer/eap_teap.c,962,FP,"Deliberate if/else-if, no-op default (identity_type==0) intentional.",hostap_full_audit_0.4.169,high
MSC01-C,hostap,src/eap_peer/eap_teap.c,991,FP,"Deliberate if/else-if, neither-TLV-present case intentionally skips processing.",hostap_full_audit_0.4.169,high
MSC01-C,hostap,src/eap_peer/eap_teap.c,1035,FP,"Deliberate if/else-if over failed/tlv.result branches, default falls through correctly.",hostap_full_audit_0.4.169,high
DCL13-C,hostap,src/eap_peer/eap_teap.c,1145,TP,sm is entirely unused in eap_teap_process_start's body; plain internal-helper low-value TP.,hostap_full_audit_0.4.169,low
MSC01-C,hostap,src/eap_peer/eap_teap.c,1250,FP,"Deliberate if/else-if, no-Outer-TLV-and-no-leftover-data case intentionally falls through to success.",hostap_full_audit_0.4.169,high
DCL30-C,hostap,src/eap_peer/eap_teap.c,1323,FP,resp2 is heap memory from wpabuf_alloc.,hostap_full_audit_0.4.169,high
MSC01-C,hostap,src/eap_peer/eap_teap.c,1358,FP,"Deliberate if/else-if, neither-flag-set case continues normal processing below.",hostap_full_audit_0.4.169,high
EXP34-C,hostap,src/eap_peer/eap_teap.c,1387,TP,"config=eap_get_config(sm) is dereferenced with zero NULL check here, unlike every other eap_get_config() use site in this file which checks first.",hostap_full_audit_0.4.169,med
DCL30-C,hostap,src/eap_peer/eap_teap.c,1394,FP,"resp traces back to heap wpabuf allocations (pending_resp/wpabuf), never automatic storage.",hostap_full_audit_0.4.169,high
DCL30-C,hostap,src/eap_peer/eap_teap.c,1422,FP,resp populated via eap_peer_tls_process_helper's heap wpabuf out-param.,hostap_full_audit_0.4.169,high
DCL30-C,hostap,src/eap_peer/eap_teap.c,1476,FP,resp is heap wpabuf throughout eap_teap_process.,hostap_full_audit_0.4.169,high
API05-C,hostap,src/eap_peer/eap_teap.c,1523,FP,buf/buflen is the idiomatic ptr+size_t pair.,hostap_full_audit_0.4.169,high
API05-C,hostap,src/eap_peer/eap_teap.c,1523,FP,"Same buf/buflen idiom, second flagged operand.",hostap_full_audit_0.4.169,high
DCL13-C,hostap,src/eap_peer/eap_teap.c,1542,FP,"sm is a struct eap_method vtable dispatch-contract parameter (isKeyAvailable), fixed signature.",hostap_full_audit_0.4.169,high
DCL13-C,hostap,src/eap_peer/eap_teap.c,1542,FP,priv is the same vtable dispatch-contract parameter.,hostap_full_audit_0.4.169,high
DCL13-C,hostap,src/eap_peer/eap_teap.c,1550,FP,sm is a struct eap_method vtable dispatch-contract parameter (getKey).,hostap_full_audit_0.4.169,high
API05-C,hostap,src/eap_peer/eap_teap.c,1550,FP,"len is a scalar size_t* out-param, not an array/bound pairing.",hostap_full_audit_0.4.169,high
DCL13-C,hostap,src/eap_peer/eap_teap.c,1550,FP,priv is the same vtable dispatch-contract parameter.,hostap_full_audit_0.4.169,high
DCL30-C,hostap,src/eap_peer/eap_teap.c,1564,FP,"key is heap memory from os_memdup, not automatic storage.",hostap_full_audit_0.4.169,high
DCL13-C,hostap,src/eap_peer/eap_teap.c,1568,FP,sm is a struct eap_method vtable dispatch-contract parameter (getSessionId).,hostap_full_audit_0.4.169,high
API05-C,hostap,src/eap_peer/eap_teap.c,1568,FP,"len is a scalar size_t* out-param, same shape as line1550.",hostap_full_audit_0.4.169,high
DCL13-C,hostap,src/eap_peer/eap_teap.c,1568,FP,priv is the same vtable dispatch-contract parameter.,hostap_full_audit_0.4.169,high
DCL30-C,hostap,src/eap_peer/eap_teap.c,1582,FP,id is heap memory from os_memdup.,hostap_full_audit_0.4.169,high
DCL13-C,hostap,src/eap_peer/eap_teap.c,1586,FP,sm is a struct eap_method vtable dispatch-contract parameter (get_emsk).,hostap_full_audit_0.4.169,high
API05-C,hostap,src/eap_peer/eap_teap.c,1586,FP,"len is a scalar size_t* out-param, same shape as line1550/1568.",hostap_full_audit_0.4.169,high
DCL13-C,hostap,src/eap_peer/eap_teap.c,1586,FP,priv is the same vtable dispatch-contract parameter.,hostap_full_audit_0.4.169,high
DCL30-C,hostap,src/eap_peer/eap_teap.c,1600,FP,key is heap memory from os_memdup.,hostap_full_audit_0.4.169,high
MEM31-C,hostap,src/eap_peer/eap_teap.c,1608,FP,"eap is passed to eap_peer_method_register(eap), which takes ownership; caller must never free it.",hostap_full_audit_0.4.169,high
PRE08-C,hostap,src/p2p/p2p_parse.c,12,FP,"Legacy 8.3-filesystem header-name-collision rule, established wholesale FP pattern.",hostap_full_audit_0.4.169,high
API00-C,hostap,src/p2p/p2p_parse.c,18,FP,"dst: internal-only-API FP, established pattern; callers always pass valid buffers.",hostap_full_audit_0.4.169,high
API00-C,hostap,src/p2p/p2p_parse.c,18,FP,dst_len overflow: same internal-only-API FP pattern.,hostap_full_audit_0.4.169,high
API05-C,hostap,src/p2p/p2p_parse.c,18,FP,ptr+size_t idiom already correct; established API05-C FP pattern.,hostap_full_audit_0.4.169,high
API05-C,hostap,src/p2p/p2p_parse.c,19,FP,ptr+size_t idiom; established API05-C FP pattern.,hostap_full_audit_0.4.169,high
INT30-C,hostap,src/p2p/p2p_parse.c,24,TP,"dst_len-1 wraps if dst_len==0; both current callers pass nonzero sizeof(), but function has no guard.",hostap_full_audit_0.4.169,low
INT14-C,hostap,src/p2p/p2p_parse.c,73,FP,"Misattribution: only data[0] used, twice with bitwise ops (>>,&); no arithmetic on data itself.",hostap_full_audit_0.4.169,high
ARR01-C,hostap,src/p2p/p2p_parse.c,196,FP,"sizeof(msg->device_name) sizes a fixed array member, correct idiom not decay.",hostap_full_audit_0.4.169,high
EXP30-C,hostap,src/p2p/p2p_parse.c,197,FP,MAC2STR macro (pure byte-index expansion) miscounted as a 2nd function call; established pure-accessor/macro-arg misfire.,hostap_full_audit_0.4.169,high
EXP30-C,hostap,src/p2p/p2p_parse.c,286,FP,"Two WPA_GET_LE16 pure read accessors, no side effects; established pure-accessor EXP30-C FP.",hostap_full_audit_0.4.169,high
ARR39-C,hostap,src/p2p/p2p_parse.c,350,FP,"data[sizeof(u32)] indexes a u8* at byte offset 4; no double scaling on a byte pointer, established ARR39-C byte-pointer misfire.",hostap_full_audit_0.4.169,high
ARR30-C,hostap,src/p2p/p2p_parse.c,371,FP,"namelen is u8 (max 255), str[256]; str[namelen] always in bounds regardless of len.",hostap_full_audit_0.4.169,high
ARR39-C,hostap,src/p2p/p2p_parse.c,387,FP,Same byte-pointer single-scaling misfire as :350.,hostap_full_audit_0.4.169,high
EXP30-C,hostap,src/p2p/p2p_parse.c,388,FP,WPA_GET_LE32 + MAC2STR pure accessors; established EXP30-C misfire.,hostap_full_audit_0.4.169,high
MSC17-C,hostap,src/p2p/p2p_parse.c,402,FP,Preceding case already ends with break (line 401); not a fallthrough.,hostap_full_audit_0.4.169,high
EXP30-C,hostap,src/p2p/p2p_parse.c,414,FP,MAC2STR macro miscounted as a call; only wpa_ssid_txt is a real (pure) call.,hostap_full_audit_0.4.169,high
EXP33-C,hostap,src/p2p/p2p_parse.c,537,FP,"attr filled by wps_parse_msg(buf,&attr) out-param before any read.",hostap_full_audit_0.4.169,high
ARR01-C,hostap,src/p2p/p2p_parse.c,537,FP,"sizeof(msg->device_name) is a fixed-array member size, correct idiom.",hostap_full_audit_0.4.169,high
EXP33-C,hostap,src/p2p/p2p_parse.c,605,FP,elems filled by ieee802_11_parse_elems out-param before any read.,hostap_full_audit_0.4.169,high
API00-C,hostap,src/p2p/p2p_parse.c,666,FP,data: internal-only-API FP; callers always pass a valid frame buffer.,hostap_full_audit_0.4.169,high
ARR01-C,hostap,src/p2p/p2p_parse.c,668,FP,"sizeof(*msg) sizes the pointed-to struct for memset, correct sizing idiom.",hostap_full_audit_0.4.169,high
API00-C,hostap,src/p2p/p2p_parse.c,681,FP,wsc: internal-only-API FP.,hostap_full_audit_0.4.169,high
ARR01-C,hostap,src/p2p/p2p_parse.c,684,FP,sizeof(*msg) correct sizing idiom.,hostap_full_audit_0.4.169,high
API00-C,hostap,src/p2p/p2p_parse.c,727,FP,gi_len overflow: internal-only-API FP.,hostap_full_audit_0.4.169,high
ARR01-C,hostap,src/p2p/p2p_parse.c,732,FP,sizeof(*info) correct sizing idiom.,hostap_full_audit_0.4.169,high
MEM10-C,hostap,src/p2p/p2p_parse.c,733,FP,"Stylistic suggestion; direct NULL check is idiomatic C, not a defect.",hostap_full_audit_0.4.169,high
API05-C,hostap,src/p2p/p2p_parse.c,795,FP,ptr+size_t idiom; established API05-C FP.,hostap_full_audit_0.4.169,high
API05-C,hostap,src/p2p/p2p_parse.c,796,FP,ptr+size_t idiom; established API05-C FP.,hostap_full_audit_0.4.169,high
DCL13-C,hostap,src/p2p/p2p_parse.c,796,TP,end param genuinely never written in this plain (non-vtable) helper; low-value but real.,hostap_full_audit_0.4.169,low
EXP40-C,hostap,src/p2p/p2p_parse.c,798,FP,"buf is declared plain char*, not const; neither side is const, established phantom-cast-away-const misfire.",hostap_full_audit_0.4.169,high
EXP33-C,hostap,src/p2p/p2p_parse.c,806,FP,info filled by p2p_group_info_parse out-param before any read.,hostap_full_audit_0.4.169,high
ENV01-C,hostap,src/p2p/p2p_parse.c,808,FP,No getenv() anywhere; wholesale ENV01-C misfire on a plain fixed buffer.,hostap_full_audit_0.4.169,high
MEM05-C,hostap,src/p2p/p2p_parse.c,808,FP,"WPS_DEV_NAME_MAX_LEN+1 is a compile-time macro size, not a VLA.",hostap_full_audit_0.4.169,high
EXP33-C,hostap,src/p2p/p2p_parse.c,809,FP,devtype is an output buffer filled by wps_dev_type_bin2str before being read.,hostap_full_audit_0.4.169,high
EXP30-C,hostap,src/p2p/p2p_parse.c,814,FP,"Two MAC2STR macro expansions (pure array indexing), not real function calls with side effects.",hostap_full_audit_0.4.169,high
ARR36-C,hostap,src/p2p/p2p_parse.c,814,FP,"pos is initialized from buf and only advanced (pos+=ret); end-pos is within the same buffer. Established pos/end-bounds-pair ARR36-C FP family, hostap's highest-volume ARR36-C false-trigger.",hostap_full_audit_0.4.169,high
ARR36-C,hostap,src/p2p/p2p_parse.c,818,FP,Same pos/end-bounds-pair FP family.,hostap_full_audit_0.4.169,high
ARR36-C,hostap,src/p2p/p2p_parse.c,822,FP,Same pos/end-bounds-pair FP family.,hostap_full_audit_0.4.169,high
ARR36-C,hostap,src/p2p/p2p_parse.c,829,FP,Same pos/end-bounds-pair FP family.,hostap_full_audit_0.4.169,high
ARR36-C,hostap,src/p2p/p2p_parse.c,834,FP,Same pos/end-bounds-pair FP family.,hostap_full_audit_0.4.169,high
ARR36-C,hostap,src/p2p/p2p_parse.c,838,FP,Same pos/end-bounds-pair FP family.,hostap_full_audit_0.4.169,high
ARR36-C,hostap,src/p2p/p2p_parse.c,852,FP,Same pos/end-bounds-pair FP family.,hostap_full_audit_0.4.169,high
ARR36-C,hostap,src/p2p/p2p_parse.c,853,FP,Same pos/end-bounds-pair FP family.,hostap_full_audit_0.4.169,high
API00-C,hostap,src/p2p/p2p_parse.c,872,FP,"buf: internal-only-API FP, caller-supplied output buffer.",hostap_full_audit_0.4.169,high
EXP40-C,hostap,src/p2p/p2p_parse.c,875,FP,"buf is plain char*, not const; neither side const, phantom cast-away-const.",hostap_full_audit_0.4.169,high
ARR36-C,hostap,src/p2p/p2p_parse.c,883,FP,pos aliases buf in p2p_attr_text; pos/end-bounds-pair FP family.,hostap_full_audit_0.4.169,high
ARR36-C,hostap,src/p2p/p2p_parse.c,887,FP,Same pos/end-bounds-pair FP family.,hostap_full_audit_0.4.169,high
ARR36-C,hostap,src/p2p/p2p_parse.c,894,FP,Same pos/end-bounds-pair FP family.,hostap_full_audit_0.4.169,high
ARR36-C,hostap,src/p2p/p2p_parse.c,899,FP,Same pos/end-bounds-pair FP family.,hostap_full_audit_0.4.169,high
ARR36-C,hostap,src/p2p/p2p_parse.c,904,FP,Same pos/end-bounds-pair FP family.,hostap_full_audit_0.4.169,high
ARR36-C,hostap,src/p2p/p2p_parse.c,906,FP,Same pos/end-bounds-pair FP family.,hostap_full_audit_0.4.169,high
ARR36-C,hostap,src/p2p/p2p_parse.c,911,FP,Same pos/end-bounds-pair FP family.,hostap_full_audit_0.4.169,high
ARR36-C,hostap,src/p2p/p2p_parse.c,914,FP,Same pos/end-bounds-pair FP family.,hostap_full_audit_0.4.169,high
ARR36-C,hostap,src/p2p/p2p_parse.c,919,FP,Same pos/end-bounds-pair FP family.,hostap_full_audit_0.4.169,high
ARR36-C,hostap,src/p2p/p2p_parse.c,921,FP,Same pos/end-bounds-pair FP family.,hostap_full_audit_0.4.169,high
PRE08-C,hostap,src/pasn/pasn_responder.c,16,FP,"Legacy 8.3-filesystem header rule, established wholesale FP.",hostap_full_audit_0.4.169,high
PRE08-C,hostap,src/pasn/pasn_responder.c,16,FP,Same legacy 8.3-filesystem FP (2nd header pair).,hostap_full_audit_0.4.169,high
PRE08-C,hostap,src/pasn/pasn_responder.c,17,FP,Same legacy 8.3-filesystem FP (3rd header pair).,hostap_full_audit_0.4.169,high
EXP43-C,hostap,src/pasn/pasn_responder.c,32,FP,"Both arguments are literal NULL, not an aliased object; no real restrict violation.",hostap_full_audit_0.4.169,high
API00-C,hostap,src/pasn/pasn_responder.c,54,FP,pmksa: internal-only-API FP.,hostap_full_audit_0.4.169,high
API00-C,hostap,src/pasn/pasn_responder.c,71,FP,pmksa: internal-only-API FP.,hostap_full_audit_0.4.169,high
API00-C,hostap,src/pasn/pasn_responder.c,84,FP,pmksa: internal-only-API FP.,hostap_full_audit_0.4.169,high
ARR02-C,hostap,src/pasn/pasn_responder.c,108,TP,Array size implicit but fully determined by initializer; trivial genuine TP per established convention.,hostap_full_audit_0.4.169,low
MSC13-C,hostap,src/pasn/pasn_responder.c,244,TP,buf=NULL never read before being overwritten by wpabuf_alloc() a few lines later; genuine trivial dead store.,hostap_full_audit_0.4.169,low
DCL13-C,hostap,src/pasn/pasn_responder.c,285,TP,pasn param genuinely never written in this plain (non-vtable) static helper.,hostap_full_audit_0.4.169,low
MSC13-C,hostap,src/pasn/pasn_responder.c,288,TP,buf=NULL never read before being overwritten by wpabuf_alloc(); genuine trivial dead store.,hostap_full_audit_0.4.169,low
MSC17-C,hostap,src/pasn/pasn_responder.c,341,FP,"Stacked empty case labels sharing one body is idiomatic grouping, not a missing-break defect.",hostap_full_audit_0.4.169,high
DCL13-C,hostap,src/pasn/pasn_responder.c,371,TP,pasn_data param is unused/unmodified in this stub-ish plain helper.,hostap_full_audit_0.4.169,low
DCL13-C,hostap,src/pasn/pasn_responder.c,372,TP,wrapped_data param is unused/unmodified in this stub-ish plain helper.,hostap_full_audit_0.4.169,low
ARR02-C,hostap,src/pasn/pasn_responder.c,375,TP,Implicit bounds fully determined by initializer; trivial genuine TP.,hostap_full_audit_0.4.169,low
ENV01-C,hostap,src/pasn/pasn_responder.c,376,FP,No getenv() anywhere; wholesale ENV01-C misfire on a plain fixed key buffer.,hostap_full_audit_0.4.169,high
MSC13-C,hostap,src/pasn/pasn_responder.c,381,TP,pmk_len=0 never read on any path before being overwritten or the function returning; genuine dead store.,hostap_full_audit_0.4.169,low
EXP30-C,hostap,src/pasn/pasn_responder.c,429,FP,"wpabuf_head(secret)/wpabuf_len(secret) are pure read accessors, no side effects; established EXP30-C misfire.",hostap_full_audit_0.4.169,high
EXP30-C,hostap,src/pasn/pasn_responder.c,499,FP,wpabuf_head_u8(buf)/wpabuf_len(buf) pure accessors.,hostap_full_audit_0.4.169,high
API00-C,hostap,src/pasn/pasn_responder.c,508,FP,own_addr: internal-only-API FP.,hostap_full_audit_0.4.169,high
API00-C,hostap,src/pasn/pasn_responder.c,508,FP,peer_addr: internal-only-API FP.,hostap_full_audit_0.4.169,high
DCL13-C,hostap,src/pasn/pasn_responder.c,510,TP,"pmksa param only ever read, never written, in this plain function.",hostap_full_audit_0.4.169,low
ENV01-C,hostap,src/pasn/pasn_responder.c,514,FP,mic buffer has no getenv() association; wholesale ENV01-C misfire.,hostap_full_audit_0.4.169,high
MSC01-C,hostap,src/pasn/pasn_responder.c,546,FP,No-final-else deliberately leaves pmkid at its NULL default; established no-op-default MSC01-C pattern.,hostap_full_audit_0.4.169,high
EXP34-C,hostap,src/pasn/pasn_responder.c,644,FP,rsn_ie is set from either pasn->rsn_ie (checked truthy) or wpabuf_head_u8(rsn_buf) (rsn_buf checked non-NULL); internal-invariant-non-null.,hostap_full_audit_0.4.169,high
EXP30-C,hostap,src/pasn/pasn_responder.c,688,FP,wpabuf_head_u8(buf)/wpabuf_len(buf) pure accessors.,hostap_full_audit_0.4.169,high
MSC07-C,hostap,src/pasn/pasn_responder.c,696,FP,"fail: label is reached via earlier goto fail statements; goto-fail-label CFG blindness, established pattern.",hostap_full_audit_0.4.169,high
MEM31-C,hostap,src/pasn/pasn_responder.c,697,FP,wrapped_data_buf is freed+NULLed at :575-576 before any path reaches fail:; wpabuf_free(NULL) is a safe no-op. Established mutually-exclusive-branch/free-then-NULL-reset MEM31-C FP family.,hostap_full_audit_0.4.169,high
MEM31-C,hostap,src/pasn/pasn_responder.c,698,FP,pubkey is freed+NULLed at :587-588 before any path reaches fail:; same established FP family.,hostap_full_audit_0.4.169,high
MEM30-C,hostap,src/pasn/pasn_responder.c,699,FP,"rsn_buf is only ever freed once per execution path (success path via :693 return, or fail: exactly once); same established FP family.",hostap_full_audit_0.4.169,high
MEM31-C,hostap,src/pasn/pasn_responder.c,699,FP,Duplicate of the MEM30-C finding on the same line; same established FP family.,hostap_full_audit_0.4.169,high
API00-C,hostap,src/pasn/pasn_responder.c,705,FP,pasn: internal-only-API FP.,hostap_full_audit_0.4.169,high
API00-C,hostap,src/pasn/pasn_responder.c,705,FP,own_addr: internal-only-API FP.,hostap_full_audit_0.4.169,high
API00-C,hostap,src/pasn/pasn_responder.c,705,FP,peer_addr: internal-only-API FP.,hostap_full_audit_0.4.169,high
API00-C,hostap,src/pasn/pasn_responder.c,705,FP,mgmt: internal-only-API FP.,hostap_full_audit_0.4.169,high
API00-C,hostap,src/pasn/pasn_responder.c,705,FP,len overflow: internal-only-API FP; len already length-validated by the top-level handle_auth dispatcher before this function is called.,hostap_full_audit_0.4.169,high
ARR02-C,hostap,src/pasn/pasn_responder.c,718,TP,Implicit bounds fully determined by initializer; trivial genuine TP.,hostap_full_audit_0.4.169,low
EXP08-C,hostap,src/pasn/pasn_responder.c,734,FP,"len - offsetof(struct ieee80211_mgmt, u.auth.variable) is plain size_t arithmetic using offsetof to size a length, not pointer+byte-offset arithmetic. Established EXP08-C offsetof-substring rule-engine bug, confirmed by reading exp08_c.rs in prior batches (identical example).",hostap_full_audit_0.4.169,high
EXP33-C,hostap,src/pasn/pasn_responder.c,743,FP,elems filled by ieee802_11_parse_elems out-param before any read.,hostap_full_audit_0.4.169,high
MSC01-C,hostap,src/pasn/pasn_responder.c,866,FP,No-final-else deliberately means 'no special action needed'; established no-op-default MSC01-C pattern.,hostap_full_audit_0.4.169,high
API00-C,hostap,src/pasn/pasn_responder.c,1079,FP,pasn: internal-only-API FP.,hostap_full_audit_0.4.169,high
API00-C,hostap,src/pasn/pasn_responder.c,1079,FP,own_addr: internal-only-API FP.,hostap_full_audit_0.4.169,high
API00-C,hostap,src/pasn/pasn_responder.c,1079,FP,peer_addr: internal-only-API FP.,hostap_full_audit_0.4.169,high
API00-C,hostap,src/pasn/pasn_responder.c,1079,FP,mgmt: internal-only-API FP.,hostap_full_audit_0.4.169,high
MSC13-C,hostap,src/pasn/pasn_responder.c,1085,TP,wrapped_data=NULL never read on early goto-fail paths before being overwritten at :1166; genuine trivial dead store.,hostap_full_audit_0.4.169,low
ENV01-C,hostap,src/pasn/pasn_responder.c,1086,FP,mic/out_mic buffers unrelated to getenv(); wholesale ENV01-C misfire.,hostap_full_audit_0.4.169,high
EXP08-C,hostap,src/pasn/pasn_responder.c,1094,FP,Same len-offsetof(...) rule-engine bug as :734.,hostap_full_audit_0.4.169,high
EXP33-C,hostap,src/pasn/pasn_responder.c,1104,FP,elems filled by ieee802_11_parse_elems out-param before any read.,hostap_full_audit_0.4.169,high
MSC13-C,hostap,src/pasn/pasn_responder.c,1138,TP,copy_len assigned at :1138 is immediately overwritten by an identical recomputation at :1140 before any read; genuine dead store.,hostap_full_audit_0.4.169,low
EXP08-C,hostap,src/pasn/pasn_responder.c,1138,FP,Same len-offsetof(...) rule-engine bug as :734.,hostap_full_audit_0.4.169,high
EXP08-C,hostap,src/pasn/pasn_responder.c,1140,FP,"Same len-offsetof(...) rule-engine bug, second occurrence on the duplicated line.",hostap_full_audit_0.4.169,high
EXP30-C,hostap,src/pasn/pasn_responder.c,1148,FP,wpabuf_head(pasn->auth1)/wpabuf_len(pasn->auth1) pure accessors.,hostap_full_audit_0.4.169,high
MEM31-C,hostap,src/pasn/pasn_responder.c,1197,FP,"This free is only reached when the SAE-confirm branch did NOT already free+goto fail at :1183-1184 (which skips past this line); mutually exclusive paths, not a double free.",hostap_full_audit_0.4.169,high
MSC07-C,hostap,src/pasn/pasn_responder.c,1209,FP,fail: label reached via earlier goto fail statements; goto-fail-label CFG blindness.,hostap_full_audit_0.4.169,high
MEM31-C,hostap,src/pasn/pasn_responder.c,1210,FP,copy is freed+NULLed at :1156-1157 on the normal path before any goto-fail site after it is reached; os_free(NULL) is a safe no-op.,hostap_full_audit_0.4.169,high
PRE08-C,hostap,src/tls/tlsv1_server.c,16,FP,"8.3-legacy-filesystem header-name-ambiguity heuristic, irrelevant to modern builds (established pattern).",hostap_full_audit_0.4.169,high
API00-C,hostap,src/tls/tlsv1_server.c,24,FP,internal-only API; conn always valid from all call sites (established API00-C internal-API FP).,hostap_full_audit_0.4.169,high
DCL15-C,hostap,src/tls/tlsv1_server.c,24,FP,"declared in tlsv1_server_i.h, called from tlsv1_server_read.c/write.c across the module; needs external linkage.",hostap_full_audit_0.4.169,high
DCL19-C,hostap,src/tls/tlsv1_server.c,24,FP,"same as DCL15-C: used across tlsv1_server_read.c/write.c via header decl, not file-scoped.",hostap_full_audit_0.4.169,high
DCL13-C,hostap,src/tls/tlsv1_server.c,24,TP,"conn only read (log_cb/log_cb_ctx), never mutated; real if trivial const opportunity.",hostap_full_audit_0.4.169,low
ERR33-C,hostap,src/tls/tlsv1_server.c,38,TP,"2nd vsnprintf's return ignored; buflen was sized by an identical 1st call so practically safe, but literal-rule-text violation (established low-severity unchecked-vsnprintf class).",hostap_full_audit_0.4.169,low
API00-C,hostap,src/tls/tlsv1_server.c,49,FP,internal-only API pattern.,hostap_full_audit_0.4.169,high
DCL13-C,hostap,src/tls/tlsv1_server.c,56,FP,conn IS mutated: os_memcpy writes conn->rl.read_mac_secret/write_key/etc and tls_prf writes into conn->master_secret.,hostap_full_audit_0.4.169,high
MEM05-C,hostap,src/tls/tlsv1_server.c,60,FP,"seed[2*TLS_RANDOM_LEN] is a #define-constant-sized (64-byte) fixed array, not a VLA; established MEM05-C fixed-macro-array misfire.",hostap_full_audit_0.4.169,high
ENV01-C,hostap,src/tls/tlsv1_server.c,61,FP,key_block[TLS_MAX_KEY_BLOCK_LEN] is a fixed compile-time buffer; zero getenv() anywhere in file; established ENV01-C wholesale misfire.,hostap_full_audit_0.4.169,high
ARR39-C,hostap,src/tls/tlsv1_server.c,85,FP,"pure integer sum (hash_size+key_material_len+iv_size), no pointer operand at all; established ARR39-C pure-integer-sum misfire.",hostap_full_audit_0.4.169,high
MSC13-C,hostap,src/tls/tlsv1_server.c,118,TP,final pos += conn->rl.iv_size write is never read again before the function returns; genuine (harmless) dead store.,hostap_full_audit_0.4.169,medium
API00-C,hostap,src/tls/tlsv1_server.c,132,FP,internal-only API pattern.,hostap_full_audit_0.4.169,high
MEM31-C,hostap,src/tls/tlsv1_server.c,195,FP,"in_msg is freed+set NULL at :189-190 before falling into the failed: label (os_free(NULL) is safe), or freed exactly once via goto; not a double free.",hostap_full_audit_0.4.169,high
API00-C,hostap,src/tls/tlsv1_server.c,260,FP,internal-only API pattern (conn param).,hostap_full_audit_0.4.169,high
API00-C,hostap,src/tls/tlsv1_server.c,260,FP,internal-only API pattern (in_data param).,hostap_full_audit_0.4.169,high
API00-C,hostap,src/tls/tlsv1_server.c,260,FP,internal-only API pattern (out_data param).,hostap_full_audit_0.4.169,high
API00-C,hostap,src/tls/tlsv1_server.c,260,FP,internal-only API pattern (in_len integer param).,hostap_full_audit_0.4.169,high
API00-C,hostap,src/tls/tlsv1_server.c,260,FP,internal-only API pattern (out_len integer param).,hostap_full_audit_0.4.169,high
DCL13-C,hostap,src/tls/tlsv1_server.c,262,FP,out_data's underlying memory is written via the aliased out_pos derived from it; declaring const would break the out_pos=out_data assignment (established aliased-mutation FP).,hostap_full_audit_0.4.169,high
ARR00-C,hostap,src/tls/tlsv1_server.c,277,FP,"finding misattributes pos as derived from out_data; both in_end and pos actually derive from in_data (same buffer), not different arrays.",hostap_full_audit_0.4.169,high
API00-C,hostap,src/tls/tlsv1_server.c,377,FP,"internal-only API pattern; cred comes from tlsv1_server_cred_alloc(), not attacker-controlled data.",hostap_full_audit_0.4.169,high
EXP33-C,hostap,src/tls/tlsv1_server.c,383,FP,"sizeof(*conn) is a compile-time type-size expression, not a runtime dereference; established sizeof(*ptr)-not-a-deref FP.",hostap_full_audit_0.4.169,high
DCL30-C,hostap,src/tls/tlsv1_server.c,414,FP,"conn = os_zalloc(...) is heap storage, not automatic/local; established heap-vs-local-storage confusion FP.",hostap_full_audit_0.4.169,high
API00-C,hostap,src/tls/tlsv1_server.c,443,FP,internal-only API pattern.,hostap_full_audit_0.4.169,high
API00-C,hostap,src/tls/tlsv1_server.c,455,FP,internal-only API pattern.,hostap_full_audit_0.4.169,high
DCL13-C,hostap,src/tls/tlsv1_server.c,455,TP,conn only read (conn->state); real if trivial const opportunity.,hostap_full_audit_0.4.169,low
API00-C,hostap,src/tls/tlsv1_server.c,473,FP,internal-only API pattern.,hostap_full_audit_0.4.169,high
DCL13-C,hostap,src/tls/tlsv1_server.c,473,TP,conn only read throughout tlsv1_server_prf; real if trivial const opportunity.,hostap_full_audit_0.4.169,low
API05-C,hostap,src/tls/tlsv1_server.c,473,FP,out+out_len is the idiomatic ptr+size_t pair; established API05-C FP.,hostap_full_audit_0.4.169,high
API00-C,hostap,src/tls/tlsv1_server.c,528,FP,internal-only API pattern.,hostap_full_audit_0.4.169,high
DCL13-C,hostap,src/tls/tlsv1_server.c,528,TP,conn only reads conn->rl.cipher_suite; real if trivial const opportunity.,hostap_full_audit_0.4.169,low
API05-C,hostap,src/tls/tlsv1_server.c,528,FP,buf+buflen idiom; established API05-C FP.,hostap_full_audit_0.4.169,high
DCL13-C,hostap,src/tls/tlsv1_server.c,633,TP,conn is entirely unused in tlsv1_server_resumed's body; genuine const/unused-param opportunity.,hostap_full_audit_0.4.169,low
ARR01-C,hostap,src/tls/tlsv1_server.c,647,FP,"sizeof(*keys) is the struct-size idiom (sizeof of dereferenced pointer), not sizeof(keys) on the pointer itself; established ARR01-C FP.",hostap_full_audit_0.4.169,high
DCL13-C,hostap,src/tls/tlsv1_server.c,669,TP,conn only reads conn->state/conn->rl.*; real if trivial const opportunity.,hostap_full_audit_0.4.169,low
ARR39-C,hostap,src/tls/tlsv1_server.c,674,FP,same pure-integer-sum misfire as :85.,hostap_full_audit_0.4.169,high
API00-C,hostap,src/tls/tlsv1_server.c,686,FP,internal-only API pattern.,hostap_full_audit_0.4.169,high
DCL13-C,hostap,src/tls/tlsv1_server.c,686,TP,"ciphers[0] only read, array contents never written.",hostap_full_audit_0.4.169,low
API00-C,hostap,src/tls/tlsv1_server.c,712,FP,internal-only API pattern.,hostap_full_audit_0.4.169,high
API00-C,hostap,src/tls/tlsv1_server.c,719,FP,internal-only API pattern.,hostap_full_audit_0.4.169,high
API00-C,hostap,src/tls/tlsv1_server.c,730,FP,internal-only API pattern (conn param).,hostap_full_audit_0.4.169,high
API00-C,hostap,src/tls/tlsv1_server.c,730,FP,"cb is only stored, never dereferenced here; internal-only API pattern.",hostap_full_audit_0.4.169,high
API00-C,hostap,src/tls/tlsv1_server.c,738,FP,internal-only API pattern.,hostap_full_audit_0.4.169,high
DCL13-C,hostap,src/tls/tlsv1_server.c,738,TP,conn only read; real if trivial const opportunity.,hostap_full_audit_0.4.169,low
API00-C,hostap,src/tls/tlsv1_server.c,744,FP,internal-only API pattern.,hostap_full_audit_0.4.169,high
DCL13-C,hostap,src/tls/tlsv1_server.c,744,TP,conn only read; real if trivial const opportunity.,hostap_full_audit_0.4.169,low
API00-C,hostap,src/tls/tlsv1_server.c,750,FP,internal-only API pattern.,hostap_full_audit_0.4.169,high
DCL13-C,hostap,src/tls/tlsv1_server.c,750,TP,conn only read; real if trivial const opportunity.,hostap_full_audit_0.4.169,low
API00-C,hostap,src/tls/tlsv1_server.c,757,FP,internal-only API pattern (CONFIG_TESTING_OPTIONS test-flags setter).,hostap_full_audit_0.4.169,high
STR31-C,hostap,src/tls/tlsv1_server.c,763,FP,"test_tls_prime15 is a raw u8 binary test vector, not a string/char array holding string data; STR31-C misapplied.",hostap_full_audit_0.4.169,high
ARR02-C,hostap,src/tls/tlsv1_server.c,812,TP,"test_tls_non_prime[] is sized only by its own initializer with no explicit bound; genuine-if-trivial style point, established ARR02-C array-initializer-sized TP class.",hostap_full_audit_0.4.169,low
API00-C,hostap,src/tls/tlsv1_server.c,838,FP,internal-only API pattern.,hostap_full_audit_0.4.169,high
MSC01-C,hostap,src/tls/tlsv1_server.c,861,FP,"the else-if chain deliberately leaves *dh_p/*dh_p_len at their default (real prime, set at :841-842) when no test flag matches; established MSC01-C no-final-else FP.",hostap_full_audit_0.4.169,high
ARR01-C,hostap,src/tls/tlsv1_server.c,864,FP,"test_tls_non_prime is a real file-scope static array, not a function parameter that decayed to a pointer; finding is factually wrong.",hostap_full_audit_0.4.169,high
DCL13-C,hostap,wpa_supplicant/bgscan_learn.c,52,TP,"array only read via ether_addr_equal, never modified; genuine if trivial.",hostap_full_audit_0.4.169,low
EXP43-C,hostap,wpa_supplicant/bgscan_learn.c,78,FP,"os_realloc_array(bss->neigh,...) is ordinary realloc usage (single input pointer, no restrict-qualified aliasing hazard); EXP43-C misapplied.",hostap_full_audit_0.4.169,high
DCL30-C,hostap,wpa_supplicant/bgscan_learn.c,95,FP,"bss is a dl_list_for_each iteration variable pointing at heap (os_zalloc'd) list nodes, not automatic storage.",hostap_full_audit_0.4.169,high
FIO05-C,hostap,wpa_supplicant/bgscan_learn.c,110,FP,"data->fname is an admin-configured local cache path, not attacker-controlled; established FIO05-C admin-config-path FP.",hostap_full_audit_0.4.169,high
WIN03-C,hostap,wpa_supplicant/bgscan_learn.c,110,TP,literal-true per rule text; no Windows-exclusion evidence found for this file (established WIN03-C default disposition).,hostap_full_audit_0.4.169,low
FIO20-C,hostap,wpa_supplicant/bgscan_learn.c,117,TP,fgets() truncation genuinely unchecked; low real impact since a truncated header line just fails the literal string match.,hostap_full_audit_0.4.169,low
ERR00-C,hostap,wpa_supplicant/bgscan_learn.c,121,FP,"fclose on a read-mode (""r"") stream; established read-stream ERR00-C not-actionable FP class.",hostap_full_audit_0.4.169,high
ARR39-C,hostap,wpa_supplicant/bgscan_learn.c,125,FP,"sizeof(buf) is fgets' ordinary buffer-size argument, not a loop-bound double-scaling; ARR39-C misapplied.",hostap_full_audit_0.4.169,high
FIO20-C,hostap,wpa_supplicant/bgscan_learn.c,125,TP,same fgets truncation gap as :117.,hostap_full_audit_0.4.169,low
EXP33-C,hostap,wpa_supplicant/bgscan_learn.c,127,FP,"sizeof(*bss) is a compile-time type-size expression, not a runtime dereference of the not-yet-assigned bss; established sizeof(*ptr) FP.",hostap_full_audit_0.4.169,high
ERR07-C,hostap,wpa_supplicant/bgscan_learn.c,134,TP,bss->freq=atoi(...) has no subsequent range/sanity check on the parsed frequency.,hostap_full_audit_0.4.169,medium
ERR34-C,hostap,wpa_supplicant/bgscan_learn.c,134,TP,"same as ERR07-C:134, no error detection on the atoi() result.",hostap_full_audit_0.4.169,medium
INT32-C,hostap,wpa_supplicant/bgscan_learn.c,134,FP,"buf+4+18 is pointer-arithmetic offsetting into a fixed 128-byte local buf, always well within bounds; misclassified as integer-overflow-prone arithmetic.",hostap_full_audit_0.4.169,high
INT32-C,hostap,wpa_supplicant/bgscan_learn.c,134,FP,buf+4 same misclassification of bounded pointer arithmetic as integer overflow.,hostap_full_audit_0.4.169,high
ERR00-C,hostap,wpa_supplicant/bgscan_learn.c,156,FP,fclose on the same read-mode stream (mainline success path).,hostap_full_audit_0.4.169,high
FIO24-C,hostap,wpa_supplicant/bgscan_learn.c,156,FP,"the :121 and :156 fcloses sit on mutually exclusive branches (error early-return vs. mainline success); not a real double close, established FIO24-C mutually-exclusive-branch FP.",hostap_full_audit_0.4.169,high
FIO03-C,hostap,wpa_supplicant/bgscan_learn.c,172,TP,"fopen(fname,""w"") data-file rewrite with no exclusive-creation flag; established low-severity data-file-rewrite TP.",hostap_full_audit_0.4.169,low
FIO05-C,hostap,wpa_supplicant/bgscan_learn.c,172,FP,same admin-config-path FP as :110.,hostap_full_audit_0.4.169,high
WIN03-C,hostap,wpa_supplicant/bgscan_learn.c,172,TP,"same as :110, no Windows-exclusion evidence.",hostap_full_audit_0.4.169,low
DCL11-C,hostap,wpa_supplicant/bgscan_learn.c,178,FP,"MACSTR/MAC2STR macro-opacity: MACSTR expands to 6 %02x specifiers + literal %d = 7 total, matching MAC2STR's 6 args + bss->freq = 7; established macro-undercount FP.",hostap_full_audit_0.4.169,high
FIO47-C,hostap,wpa_supplicant/bgscan_learn.c,178,FP,same MACSTR/MAC2STR macro-opacity as DCL11-C:178.,hostap_full_audit_0.4.169,high
PRE32-C,hostap,wpa_supplicant/bgscan_learn.c,178,FP,"MACSTR string-literal concatenation, zero real preprocessor directives; established PRE32-C FP.",hostap_full_audit_0.4.169,high
DCL11-C,hostap,wpa_supplicant/bgscan_learn.c,185,FP,two MACSTR (12 specifiers) + two MAC2STR (12 args) balance exactly post-expansion; established macro-opacity FP.,hostap_full_audit_0.4.169,high
EXP30-C,hostap,wpa_supplicant/bgscan_learn.c,185,FP,MAC2STR expands to plain array-index reads with no side effects to unsequence; established EXP30-C MAC2STR FP.,hostap_full_audit_0.4.169,high
FIO47-C,hostap,wpa_supplicant/bgscan_learn.c,185,FP,same macro-opacity as DCL11-C:185.,hostap_full_audit_0.4.169,high
PRE32-C,hostap,wpa_supplicant/bgscan_learn.c,185,FP,same MACSTR-concatenation FP as :178.,hostap_full_audit_0.4.169,high
ERR00-C,hostap,wpa_supplicant/bgscan_learn.c,191,TP,"fclose on the write-mode (""w"") stream for the save file; established write-stream ERR00-C genuine-TP distinction.",hostap_full_audit_0.4.169,low
ERR33-C,hostap,wpa_supplicant/bgscan_learn.c,191,TP,same write-stream distinction as ERR00-C:191.,hostap_full_audit_0.4.169,low
DCL13-C,hostap,wpa_supplicant/bgscan_learn.c,195,TP,"array only read in in_array(), never modified; genuine if trivial.",hostap_full_audit_0.4.169,low
MEM10-C,hostap,wpa_supplicant/bgscan_learn.c,199,FP,ad-hoc NULL check stylistic pedantry; established MEM10-C FP.,hostap_full_audit_0.4.169,high
EXP34-C,hostap,wpa_supplicant/bgscan_learn.c,222,FP,"freqs starts NULL and os_realloc_array(NULL,...) is well-defined C (equivalent to malloc); EXP34-C misapplied to realloc's supported NULL input.",hostap_full_audit_0.4.169,high
ARR00-C,hostap,wpa_supplicant/bgscan_learn.c,224,FP,"freqs is a heap pointer returned by os_realloc_array, not a local automatic-storage array; DCL30-C-style heap-vs-local confusion under the ARR00-C label.",hostap_full_audit_0.4.169,high
ARR00-C,hostap,wpa_supplicant/bgscan_learn.c,231,FP,same heap-vs-local confusion as :224.,hostap_full_audit_0.4.169,high
API05-C,hostap,wpa_supplicant/bgscan_learn.c,236,FP,freqs+count ptr+size_t idiom; established API05-C FP.,hostap_full_audit_0.4.169,high
DCL13-C,hostap,wpa_supplicant/bgscan_learn.c,270,FP,"bgscan_learn_timeout matches the fixed eloop_timeout_handler void(*)(void*,void*) dispatch contract; established DCL13-C eloop-callback FP.",hostap_full_audit_0.4.169,high
ERR07-C,hostap,wpa_supplicant/bgscan_learn.c,328,FP,short_interval is clamped via the later `if (<=0) =30` guard in bgscan_learn_init; matches the established atoi-guarded-by-a-later-check FP.,hostap_full_audit_0.4.169,high
ERR34-C,hostap,wpa_supplicant/bgscan_learn.c,328,FP,same later-guard as ERR07-C:328.,hostap_full_audit_0.4.169,high
ERR07-C,hostap,wpa_supplicant/bgscan_learn.c,334,TP,signal_threshold=atoi(pos) has no subsequent range/sanity clamp anywhere (unlike short_interval/long_interval).,hostap_full_audit_0.4.169,medium
ERR34-C,hostap,wpa_supplicant/bgscan_learn.c,334,TP,"same as ERR07-C:334, no error detection and no downstream guard.",hostap_full_audit_0.4.169,medium
ERR07-C,hostap,wpa_supplicant/bgscan_learn.c,342,FP,long_interval is clamped via the later `if (<=0) =30` guard; same as :328.,hostap_full_audit_0.4.169,high
ERR34-C,hostap,wpa_supplicant/bgscan_learn.c,342,FP,same later-guard as ERR07-C:342.,hostap_full_audit_0.4.169,high
DCL13-C,hostap,wpa_supplicant/bgscan_learn.c,353,TP,wpa_s only read (wpa_s->hw.modes/num_modes); genuine if trivial.,hostap_full_audit_0.4.169,low
EXP33-C,hostap,wpa_supplicant/bgscan_learn.c,391,FP,"sizeof(*data) is compile-time, not a runtime dereference; established sizeof(*ptr) FP.",hostap_full_audit_0.4.169,high
DCL30-C,hostap,wpa_supplicant/bgscan_learn.c,445,FP,"data = os_zalloc(...) is heap storage, not local/automatic storage.",hostap_full_audit_0.4.169,high
DCL13-C,hostap,wpa_supplicant/bgscan_learn.c,469,TP,data only reads data->ssid; genuine if trivial.,hostap_full_audit_0.4.169,low
DCL13-C,hostap,wpa_supplicant/bgscan_learn.c,487,TP,scan_res only reads scan_res->num/res[i]; genuine if trivial.,hostap_full_audit_0.4.169,low
ENV01-C,hostap,wpa_supplicant/bgscan_learn.c,492,FP,bssid[MAX_BSS*ETH_ALEN] is #define-constant-sized; zero getenv() anywhere in this file.,hostap_full_audit_0.4.169,high
MEM05-C,hostap,wpa_supplicant/bgscan_learn.c,492,FP,"same fixed-macro-sized array, not a VLA.",hostap_full_audit_0.4.169,high
EXP33-C,hostap,wpa_supplicant/bgscan_learn.c,507,FP,bssid is the os_memcpy() write destination and is never read before this write; 'used uninitialized' misapplied to a write-only target.,hostap_full_audit_0.4.169,high
EXP33-C,hostap,wpa_supplicant/bgscan_learn.c,517,FP,bss is declared then unconditionally assigned via bgscan_learn_get_bss() before any read; no uninitialized-use path exists in this per-iteration block scope.,hostap_full_audit_0.4.169,high
MSC01-C,hostap,wpa_supplicant/bgscan_learn.c,528,FP,"the implicit else (bss exists, freq unchanged) is a deliberate no-op; established MSC01-C no-final-else FP.",hostap_full_audit_0.4.169,high
DCL13-C,hostap,wpa_supplicant/bgscan_learn.c,556,FP,"notify_signal_change matches the fixed struct bgscan_ops vtable signature (bgscan.h:24-27), same dispatch-contract class as eloop/eap_method tables.",hostap_full_audit_0.4.169,high
MSC01-C,hostap,wpa_supplicant/bgscan_learn.c,594,FP,same deliberate no-op pattern in notify_signal_change's else-if chain.,hostap_full_audit_0.4.169,high
DCL15-C,hostap,wpa_supplicant/bgscan_learn.c,612,FP,bgscan_learn_ops is extern-declared in bgscan.h and referenced from bgscan.c; needs external linkage.,hostap_full_audit_0.4.169,high
DCL19-C,hostap,wpa_supplicant/bgscan_learn.c,612,FP,same as DCL15-C:612.,hostap_full_audit_0.4.169,high
EXP30-C,hostap,src/eap_server/eap_server_ttls.c,70,FP,"eap_ttls_state_txt() calls are pure switch-return reads, no side effects to unsequence",hostap_full_audit_0.4.169,high
DCL13-C,hostap,src/eap_server/eap_server_ttls.c,79,TP,"plain internal helper, sm only read (cfg/identity), genuine const opportunity",hostap_full_audit_0.4.169,med
DCL13-C,hostap,src/eap_server/eap_server_ttls.c,80,TP,"plain internal helper, data->ssl.conn only read, genuine const opportunity",hostap_full_audit_0.4.169,med
DCL13-C,hostap,src/eap_server/eap_server_ttls.c,107,FP,avphdr IS mutated via cast alias 'avp->' writes; misses type-punned mutation,hostap_full_audit_0.4.169,high
INT14-C,hostap,src/eap_server/eap_server_ttls.c,125,FP,"idiomatic header-field packing: len used arithmetically then result bit-ORed with flags, not confused usage",hostap_full_audit_0.4.169,med
INT14-C,hostap,src/eap_server/eap_server_ttls.c,125,FP,same idiomatic packing shape as 'len' on this line,hostap_full_audit_0.4.169,med
DCL22-C,hostap,src/eap_server/eap_server_ttls.c,136,FP,"plain local pointer in straight-line code, no signal/async context requiring volatile",hostap_full_audit_0.4.169,high
EXP30-C,hostap,src/eap_server/eap_server_ttls.c,144,FP,"wpabuf_mhead/wpabuf_len are pure accessor reads, no side effects",hostap_full_audit_0.4.169,high
EXP30-C,hostap,src/eap_server/eap_server_ttls.c,146,FP,"wpabuf_head/wpabuf_len are pure accessor reads, no side effects",hostap_full_audit_0.4.169,high
DCL30-C,hostap,src/eap_server/eap_server_ttls.c,151,FP,"avp is a local pointer *variable* to a wpabuf_alloc() heap object, not automatic-storage memory",hostap_full_audit_0.4.169,high
ARR01-C,hostap,src/eap_server/eap_server_ttls.c,186,FP,"sizeof(*parse) sizes the pointed-to struct correctly, not a decayed-array misuse",hostap_full_audit_0.4.169,high
INT14-C,hostap,src/eap_server/eap_server_ttls.c,195,FP,"idiomatic packed-field decode: extract flags via >>24/&0xff then mask length via &=0xffffff, standard protocol-unpack idiom",hostap_full_audit_0.4.169,med
MEM03-C,hostap,src/eap_server/eap_server_ttls.c,260,FP,"password is a borrowed alias into the AVP wire buffer (dpos), not an owned local sensitive buffer",hostap_full_audit_0.4.169,high
MSC41-C,hostap,src/eap_server/eap_server_ttls.c,267,FP,"""User-Password (PAP)"" is a hexdump log title, not embedded secret data (hexdump-title FP class)",hostap_full_audit_0.4.169,high
MSC07-C,hostap,src/eap_server/eap_server_ttls.c,324,FP,fail: label after return IS reachable via goto fail statements elsewhere in the function,hostap_full_audit_0.4.169,high
MSC41-C,hostap,src/eap_server/eap_server_ttls.c,334,FP,"""ttls challenge"" is a public TLS key-derivation label/context string, not a secret",hostap_full_audit_0.4.169,high
EXP33-C,hostap,src/eap_server/eap_server_ttls.c,343,FP,"sizeof(*data) in os_zalloc(sizeof(*data)) is a compile-time type size, not a runtime dereference",hostap_full_audit_0.4.169,high
DCL30-C,hostap,src/eap_server/eap_server_ttls.c,355,FP,"data is heap memory from os_zalloc(), not automatic storage",hostap_full_audit_0.4.169,high
DCL13-C,hostap,src/eap_server/eap_server_ttls.c,372,TP,"sm is entirely unused in eap_ttls_build_start body, low-value const opportunity",hostap_full_audit_0.4.169,low
DCL30-C,hostap,src/eap_server/eap_server_ttls.c,390,FP,"req is heap memory from eap_msg_alloc(), not automatic storage",hostap_full_audit_0.4.169,high
MSC41-C,hostap,src/eap_server/eap_server_ttls.c,415,FP,"""Phase 2 data"" is a hexdump log title describing the buffer being dumped, not a secret",hostap_full_audit_0.4.169,high
DCL30-C,hostap,src/eap_server/eap_server_ttls.c,420,FP,"encr_req is the heap-allocated result of eap_server_tls_encrypt(), not automatic storage",hostap_full_audit_0.4.169,high
MEM12-C,hostap,src/eap_server/eap_server_ttls.c,433,FP,return NULL fires only when os_malloc(100) failed (req==NULL); nothing was allocated to leak,hostap_full_audit_0.4.169,high
ERR02-C,hostap,src/eap_server/eap_server_ttls.c,443,FP,"wpa_snprintf_hex_uppercase() name-substring misfire; it writes a fixed-length hex string, never returns an sprintf-style error",hostap_full_audit_0.4.169,med
ARR01-C,hostap,src/eap_server/eap_server_ttls.c,445,FP,"sizeof(data->mschapv2_auth_response) sizes a real fixed struct-member array (u8[20]), correct idiom",hostap_full_audit_0.4.169,high
MSC41-C,hostap,src/eap_server/eap_server_ttls.c,457,FP,"flagged literal ""data"" is only the tail half of a concatenated hexdump log-title string, not a secret",hostap_full_audit_0.4.169,high
DCL30-C,hostap,src/eap_server/eap_server_ttls.c,462,FP,"encr_req is heap-allocated by eap_server_tls_encrypt(), not automatic storage",hostap_full_audit_0.4.169,high
MEM12-C,hostap,src/eap_server/eap_server_ttls.c,462,FP,"req is freed at line 460, two lines before this return; nothing leaked",hostap_full_audit_0.4.169,high
MEM30-C,hostap,src/eap_server/eap_server_ttls.c,498,FP,"line 498 is a plain assignment (tls_out_pos=0), not a free call; the two wpabuf_free(tls_out) calls are in mutually exclusive switch cases each followed by reassignment - standard free-then-rebuild idiom, not a double free",hostap_full_audit_0.4.169,high
DCL13-C,hostap,src/eap_server/eap_server_ttls.c,513,FP,eap_ttls_check is bound to struct eap_method's fixed 'check' callback signature (dispatch-contract FP per task brief),hostap_full_audit_0.4.169,high
DCL13-C,hostap,src/eap_server/eap_server_ttls.c,513,FP,same eap_method 'check' vtable dispatch-contract signature,hostap_full_audit_0.4.169,high
DCL13-C,hostap,src/eap_server/eap_server_ttls.c,627,TP,"response only read (indexed/compared), never written; plain internal helper param, genuine const opportunity",hostap_full_audit_0.4.169,med
INT30-C,hostap,src/eap_server/eap_server_ttls.c,742,FP,"loop invariant i<username_len guarantees i+1<=username_len, subtraction cannot underflow",hostap_full_audit_0.4.169,high
INT30-C,hostap,src/eap_server/eap_server_ttls.c,743,FP,"username is a pointer, not an integer; pointer arithmetic misclassified as unsigned-integer overflow (category error), and i+1 is bounded by identity_len",hostap_full_audit_0.4.169,high
MSC13-C,hostap,src/eap_server/eap_server_ttls.c,859,TP,initial next_vendor=EAP_VENDOR_IETF is always overwritten before any read on every reachable path,hostap_full_audit_0.4.169,high
MSC13-C,hostap,src/eap_server/eap_server_ttls.c,860,TP,initial next_type=EAP_TYPE_NONE is always overwritten before any read on every reachable path,hostap_full_audit_0.4.169,high
EXP36-C,hostap,src/eap_server/eap_server_ttls.c,874,FP,"struct eap_hdr is STRUCT_PACKED (byte-aligned members), no real alignment requirement on the destination type",hostap_full_audit_0.4.169,high
EXP33-C,hostap,src/eap_server/eap_server_ttls.c,987,FP,"sizeof(*hdr) is a compile-time type size before hdr is assigned, not a runtime dereference",hostap_full_audit_0.4.169,high
EXP05-C,hostap,src/eap_server/eap_server_ttls.c,993,FP,"const-stripped hdr is passed on as (u8*) to a function that only reads it; read-only-overlay cast, never mutated",hostap_full_audit_0.4.169,med
EXP30-C,hostap,src/eap_server/eap_server_ttls.c,1031,FP,"wpabuf_head/wpabuf_len pure-accessor args, no side effects to unsequence",hostap_full_audit_0.4.169,high
MSC01-C,hostap,src/eap_server/eap_server_ttls.c,1112,FP,"deliberate no-op default: if none of the AVP types matched, there is nothing to process",hostap_full_audit_0.4.169,high
DCL13-C,hostap,src/eap_server/eap_server_ttls.c,1145,FP,"eap_ttls_process_version is passed as a fixed process_version callback to eap_server_tls_process(), dispatch-contract signature",hostap_full_audit_0.4.169,med
DCL13-C,hostap,src/eap_server/eap_server_ttls.c,1269,FP,eap_ttls_isDone bound to struct eap_method's fixed 'isDone' vtable signature,hostap_full_audit_0.4.169,high
DCL13-C,hostap,src/eap_server/eap_server_ttls.c,1269,FP,same eap_method 'isDone' vtable dispatch-contract signature,hostap_full_audit_0.4.169,high
API05-C,hostap,src/eap_server/eap_server_ttls.c,1276,FP,"size_t *len is a scalar output param, not an array; also part of the eap_method 'getKey' vtable signature",hostap_full_audit_0.4.169,high
STR31-C,hostap,src/eap_server/eap_server_ttls.c,1281,FP,"eap_tls13_context[1] is a fixed one-byte protocol-constant array, not string data",hostap_full_audit_0.4.169,high
DCL30-C,hostap,src/eap_server/eap_server_ttls.c,1307,FP,"eapKeyData is the heap-allocated result of eap_server_tls_derive_key(), not automatic storage",hostap_full_audit_0.4.169,high
DCL13-C,hostap,src/eap_server/eap_server_ttls.c,1311,FP,eap_ttls_isSuccess bound to struct eap_method's fixed 'isSuccess' vtable signature,hostap_full_audit_0.4.169,high
DCL13-C,hostap,src/eap_server/eap_server_ttls.c,1311,FP,same eap_method 'isSuccess' vtable dispatch-contract signature,hostap_full_audit_0.4.169,high
API05-C,hostap,src/eap_server/eap_server_ttls.c,1318,FP,size_t *len scalar output param misidentified as needing array syntax; also part of eap_method 'getSessionId' vtable signature,hostap_full_audit_0.4.169,high
API05-C,hostap,src/eap_server/eap_server_ttls.c,1330,FP,size_t *len scalar output param misidentified as needing array syntax; also part of eap_method 'get_emsk' vtable signature,hostap_full_audit_0.4.169,high
STR31-C,hostap,src/eap_server/eap_server_ttls.c,1335,FP,"eap_tls13_context[1] is a fixed one-byte protocol-constant array, not string data",hostap_full_audit_0.4.169,high
DCL30-C,hostap,src/eap_server/eap_server_ttls.c,1370,FP,"emsk is heap memory from os_malloc(), not automatic storage",hostap_full_audit_0.4.169,high
MEM31-C,hostap,src/eap_server/eap_server_ttls.c,1378,FP,"ownership of eap transfers to eap_server_method_register(), the established registration-API MEM31-C FP class",hostap_full_audit_0.4.169,high
DCL37-C,hostap,src/utils/trace.c,10,TP,_GNU_SOURCE is technically reserved per C 7.1.3; graded per literal rule text matching the _WIN32_WINNT/_LINUX_TYPES_H platform-macro precedent,hostap_full_audit_0.4.169,low
CON03-C,hostap,src/utils/trace.c,22,FP,no pthread/threading usage anywhere in this file; single-threaded debug/trace module,hostap_full_audit_0.4.169,high
CON03-C,hostap,src/utils/trace.c,31,FP,"no-pthread FP, same as active_references",hostap_full_audit_0.4.169,high
CON03-C,hostap,src/utils/trace.c,32,FP,"no-pthread FP, same as active_references",hostap_full_audit_0.4.169,high
CON03-C,hostap,src/utils/trace.c,33,FP,"no-pthread FP, same as active_references",hostap_full_audit_0.4.169,high
DCL13-C,hostap,src/utils/trace.c,38,FP,"callback() has dl_iterate_phdr's fixed dispatch-contract signature; info is a callback param, not a free-standing helper param",hostap_full_audit_0.4.169,high
API05-C,hostap,src/utils/trace.c,38,FP,"void *data is an opaque dl_iterate_phdr callback context pointer, not an array",hostap_full_audit_0.4.169,high
DCL13-C,hostap,src/utils/trace.c,38,FP,same dl_iterate_phdr dispatch-contract signature for the unused data param,hostap_full_audit_0.4.169,high
CON33-C,hostap,src/utils/trace.c,64,FP,"no-pthread FP: strerror() thread-safety concern is moot, no threading in this codebase module",hostap_full_audit_0.4.169,high
CON34-C,hostap,src/utils/trace.c,64,FP,"no-pthread FP, same strerror() call",hostap_full_audit_0.4.169,high
STR01-C,hostap,src/utils/trace.c,68,FP,phantom finding: no static char array exists anywhere near the cited line 363; file has no such construct,hostap_full_audit_0.4.169,high
ERR33-C,hostap,src/utils/trace.c,68,FP,"caller wpa_trace_bfd_init() checks '!prg_fname' immediately after calling get_prg_fname(), effectively guarding the strdup result",hostap_full_audit_0.4.169,med
MEM31-C,hostap,src/utils/trace.c,68,FP,"process-lifetime static global, allocated once (guarded), reclaimed at process exit - established static-global-not-a-leak class",hostap_full_audit_0.4.169,high
EXP20-C,hostap,src/utils/trace.c,89,FP,"bfd_check_format_matches returns a genuine bfd_boolean; the ! test is the canonical idiom, not ambiguous",hostap_full_audit_0.4.169,med
MSC13-C,hostap,src/utils/trace.c,91,FP,"matching is read at free(matching) on this very line, not a dead store",hostap_full_audit_0.4.169,high
DCL30-C,hostap,src/utils/trace.c,96,FP,"abfd is a bfd-library handle from bfd_openr(), not automatic storage",hostap_full_audit_0.4.169,high
MEM02-C,hostap,src/utils/trace.c,123,FP,"not casting malloc's return is correct, idiomatic C; established stylistic-pedantry FP",hostap_full_audit_0.4.169,high
MEM06-C,hostap,src/utils/trace.c,123,FP,"syms holds bfd symbol-table entries for backtrace symbolication, not sensitive user data",hostap_full_audit_0.4.169,high
MEM31-C,hostap,src/utils/trace.c,123,FP,syms is a process-lifetime static global freed later by wpa_trace_deinit(); cross-call liveness miss,hostap_full_audit_0.4.169,high
MSC13-C,hostap,src/utils/trace.c,136,FP,free(syms) at this line reads the value; also syms is a global re-read on the next call via the if(syms) guard,hostap_full_audit_0.4.169,med
MSC13-C,hostap,src/utils/trace.c,137,FP,syms=NULL is read on subsequent calls via the file-scope if(syms) return guard - cross-call global liveness miss,hostap_full_audit_0.4.169,med
DCL13-C,hostap,src/utils/trace.c,191,TP,"pc only read/cast, never modified; plain internal helper, genuine low-value const opportunity",hostap_full_audit_0.4.169,low
EXP33-C,hostap,src/utils/trace.c,202,FP,static file-scope start_offset is guaranteed zero-initialized by the C standard; not actually uninitialized,hostap_full_audit_0.4.169,high
EXP34-C,hostap,src/utils/trace.c,220,FP,"prg_fname is guaranteed non-NULL here: cached_abfd (checked at function entry) is only ever set after prg_fname was confirmed non-NULL in wpa_trace_bfd_init, a cross-function invariant sqc doesn't track",hostap_full_audit_0.4.169,med
MSC13-C,hostap,src/utils/trace.c,228,FP,aname is read at 'name = aname ? aname : ...' and at free(aname) in the same loop iteration,hostap_full_audit_0.4.169,high
DCL13-C,hostap,src/utils/trace.c,237,TP,"pc only read/cast in wpa_trace_bfd_addr2func, never modified; plain internal helper",hostap_full_audit_0.4.169,low
EXP33-C,hostap,src/utils/trace.c,245,FP,"static start_offset zero-init-guarantee, same as line 202",hostap_full_audit_0.4.169,high
EXP33-C,hostap,src/utils/trace.c,280,FP,static start_offset_looked_up zero-init-guarantee FP,hostap_full_audit_0.4.169,high
MSC13-C,hostap,src/utils/trace.c,282,FP,start_offset_looked_up=1 is read by the same if-guard on every subsequent call - cross-call global liveness miss,hostap_full_audit_0.4.169,med
API00-C,hostap,src/utils/trace.c,287,FP,"pc is never truly dereferenced, only compared/subtracted against start_offset with safe bounds checks downstream; internal debug helper",hostap_full_audit_0.4.169,med
API00-C,hostap,src/utils/trace.c,295,FP,"internal-only API, sole caller (os_unix.c:568) always passes a fixed non-NULL local array",hostap_full_audit_0.4.169,high
EXP33-C,hostap,src/utils/trace.c,312,FP,"btrace_res is the write-only output buffer passed to backtrace(), not read before being filled",hostap_full_audit_0.4.169,high
EXP33-C,hostap,src/utils/trace.c,319,FP,static start_offset zero-init-guarantee FP,hostap_full_audit_0.4.169,high
API00-C,hostap,src/utils/trace.c,351,FP,"title is always a call-site string literal via the wpa_trace_dump/wpa_trace_show macros, internal-only API",hostap_full_audit_0.4.169,high
API00-C,hostap,src/utils/trace.c,351,FP,"btrace always points to a fixed-size struct member array via the wpa_trace_dump macro, internal-only API",hostap_full_audit_0.4.169,high
EXP34-C,hostap,src/utils/trace.c,380,FP,"guarded by 'func &&' earlier in the same && chain, os_strcmp never reached with func==NULL",hostap_full_audit_0.4.169,high
MSC13-C,hostap,src/utils/trace.c,383,FP,"sym is read throughout the preceding loop (sym[i] checks, wpa_printf) and at free(sym) on this line",hostap_full_audit_0.4.169,high
API00-C,hostap,src/utils/trace.c,401,FP,"ref is always &(ptr)->wpa_trace_ref_name via the wpa_trace_add_ref macro, a struct-member address, never NULL",hostap_full_audit_0.4.169,high
MEM10-C,hostap,src/utils/trace.c,403,FP,"ad-hoc-NULL-check stylistic pedantry, established FP class",hostap_full_audit_0.4.169,high
ERR05-C,hostap,src/utils/trace.c,419,FP,"abort() here is a deliberate debug fail-fast assertion for detecting use-after-free bugs, the module's entire purpose, not general library error handling",hostap_full_audit_0.4.169,high
MSC13-C,hostap,src/utils/trace.c,427,FP,free(syms) on this line reads the value; not a dead store,hostap_full_audit_0.4.169,high
MSC13-C,hostap,src/utils/trace.c,428,FP,syms=NULL is read via the if(syms) guard if the module is re-initialized after deinit - cross-call global liveness miss,hostap_full_audit_0.4.169,med
CON03-C,hostap,src/utils/trace.c,436,FP,"no-pthread FP, same class as other statics in this file",hostap_full_audit_0.4.169,high
ERR33-C,hostap,src/utils/trace.c,448,TP,"malloc() result 'entry' is dereferenced (strcpy(entry->ctx,...)) with no NULL check at all, real crash-on-OOM risk",hostap_full_audit_0.4.169,high
MEM02-C,hostap,src/utils/trace.c,448,FP,"not casting malloc's return is correct, idiomatic C; established stylistic-pedantry FP",hostap_full_audit_0.4.169,high
ERR00-C,hostap,src/utils/trace.c,448,TP,same genuine unchecked-malloc issue as the ERR33-C finding on this line,hostap_full_audit_0.4.169,high
INT32-C,hostap,src/utils/trace.c,448,FP,"ctx is buf+5 from a bounded local ctrl_iface control-socket command buffer, not unbounded attacker-controlled wire data; overflow requires a near-SIZE_MAX string",hostap_full_audit_0.4.169,med
MEM06-C,hostap,src/utils/trace.c,448,FP,"entry holds a debug btrace context label string, not sensitive user data",hostap_full_audit_0.4.169,high
MEM31-C,hostap,src/utils/trace.c,448,FP,"code comment explicitly documents entry is intentionally kept forever in old_btrace_ctxs so stale references remain valid, deliberate non-free design",hostap_full_audit_0.4.169,high
EXP33-C,hostap,src/utils/trace.c,448,FP,"sizeof(*entry) inside the malloc size expression is a compile-time type size, not a runtime dereference",hostap_full_audit_0.4.169,high
MSC24-C,hostap,src/utils/trace.c,449,FP,"strcpy_s() is a non-portable Annex K extension unavailable on glibc, impractical suggested fix (established MSC24-C disposition), and dest is provably exactly sized for src",hostap_full_audit_0.4.169,med
STR31-C,hostap,src/utils/trace.c,449,FP,"entry->ctx flexible-array-member was malloc'd to exactly os_strlen(ctx)+1 bytes, provably sized for the strcpy",hostap_full_audit_0.4.169,med
EXP34-C,hostap,src/utils/trace.c,449,TP,entry could be NULL from the unchecked malloc at line 448 (see ERR33-C/ERR00-C); entry->ctx dereference here is the real crash consequence,hostap_full_audit_0.4.169,high
EXP05-C,hostap,src/utils/trace.c,449,FP,phantom cast-away-const: ctx is passed as strcpy's const src parameter with no cast present at all in the source,hostap_full_audit_0.4.169,high
DCL13-C,hostap,src/wps/wps_enrollee.c,19,TP,"wps_build_wps_state only reads wps->wps->ap/wps_state; genuinely const-able, plain-internal-helper class.",hostap_full_audit_0.4.169,low
DCL13-C,hostap,src/wps/wps_enrollee.c,35,FP,"wps_build_e_hash writes wps->snonce via random_get_bytes(wps->snonce,...); param IS mutated through pointer.",hostap_full_audit_0.4.169,high
DCL13-C,hostap,src/wps/wps_enrollee.c,83,TP,wps_build_e_snonce1 only reads wps->snonce; const-able plain helper.,hostap_full_audit_0.4.169,low
DCL13-C,hostap,src/wps/wps_enrollee.c,93,TP,wps_build_e_snonce2 only reads wps->snonce; const-able plain helper.,hostap_full_audit_0.4.169,low
DCL30-C,hostap,src/wps/wps_enrollee.c,166,FP,"msg is heap via wpabuf_alloc(1000), not automatic storage; standard heap-vs-automatic-storage confusion.",hostap_full_audit_0.4.169,high
DCL30-C,hostap,src/wps/wps_enrollee.c,204,FP,"Same heap-vs-automatic confusion, msg=wpabuf_alloc(1000) in wps_build_m3.",hostap_full_audit_0.4.169,high
DCL30-C,hostap,src/wps/wps_enrollee.c,239,FP,"Same heap-vs-automatic confusion, msg=wpabuf_alloc(1000) in wps_build_m5.",hostap_full_audit_0.4.169,high
DCL13-C,hostap,src/wps/wps_enrollee.c,243,TP,wps_build_cred_ssid only reads wps->wps->ssid*; const-able plain helper.,hostap_full_audit_0.4.169,low
DCL13-C,hostap,src/wps/wps_enrollee.c,253,TP,wps_build_cred_auth_type only reads wps->wps->ap_auth_type; const-able plain helper.,hostap_full_audit_0.4.169,low
MSC01-C,hostap,src/wps/wps_enrollee.c,266,FP,Deliberate guard-clause chain; falling through leaves auth_type at its current (already-valid) value by design.,hostap_full_audit_0.4.169,high
DCL13-C,hostap,src/wps/wps_enrollee.c,277,TP,wps_build_cred_encr_type only reads wps->wps->ap_encr_type; const-able plain helper.,hostap_full_audit_0.4.169,low
MSC01-C,hostap,src/wps/wps_enrollee.c,289,FP,Same deliberate no-final-else guard pattern preserving encr_type default.,hostap_full_audit_0.4.169,high
DCL13-C,hostap,src/wps/wps_enrollee.c,301,TP,wps_build_cred_network_key only reads wps fields (writes are to locals psk/hex); const-able plain helper.,hostap_full_audit_0.4.169,low
INT14-C,hostap,src/wps/wps_enrollee.c,303,FP,"Bitwise op is on member wps->wps->ap_auth_type, not on the wps pointer itself; container-vs-member conflation.",hostap_full_audit_0.4.169,high
DCL13-C,hostap,src/wps/wps_enrollee.c,339,TP,wps_build_cred_mac_addr only reads wps->wps->dev.mac_addr; const-able plain helper.,hostap_full_audit_0.4.169,low
DCL30-C,hostap,src/wps/wps_enrollee.c,419,FP,msg=wpabuf_alloc(1000+...) in wps_build_m7; heap-vs-automatic confusion.,hostap_full_audit_0.4.169,high
DCL30-C,hostap,src/wps/wps_enrollee.c,448,FP,msg=wpabuf_alloc(1000) in wps_build_wsc_done; heap-vs-automatic confusion.,hostap_full_audit_0.4.169,high
API00-C,hostap,src/wps/wps_enrollee.c,452,FP,wps_enrollee_get_msg's sole caller (wps.c:227) always passes the live wps_data instance; internal-only-API FP.,hostap_full_audit_0.4.169,high
DCL30-C,hostap,src/wps/wps_enrollee.c,509,FP,"msg returned is one of several wpabuf_alloc()-backed builders' results, or NULL; heap-vs-automatic confusion.",hostap_full_audit_0.4.169,high
DCL13-C,hostap,src/wps/wps_enrollee.c,513,FP,wps_process_registrar_nonce writes wps->nonce_r via os_memcpy; param IS mutated through pointer.,hostap_full_audit_0.4.169,high
MEM10-C,hostap,src/wps/wps_enrollee.c,515,FP,Ad-hoc NULL-check stylistic pedantry; established FP class.,hostap_full_audit_0.4.169,high
DCL13-C,hostap,src/wps/wps_enrollee.c,528,TP,wps_process_enrollee_nonce only reads wps->nonce_e via os_memcmp; const-able plain helper.,hostap_full_audit_0.4.169,low
MEM10-C,hostap,src/wps/wps_enrollee.c,530,FP,Ad-hoc NULL-check stylistic pedantry.,hostap_full_audit_0.4.169,high
DCL13-C,hostap,src/wps/wps_enrollee.c,544,FP,wps_process_uuid_r writes wps->uuid_r via os_memcpy; param IS mutated through pointer.,hostap_full_audit_0.4.169,high
MEM10-C,hostap,src/wps/wps_enrollee.c,546,FP,Ad-hoc NULL-check stylistic pedantry.,hostap_full_audit_0.4.169,high
DCL13-C,hostap,src/wps/wps_enrollee.c,596,FP,wps_process_r_hash1 writes wps->peer_hash1 via os_memcpy; param IS mutated through pointer.,hostap_full_audit_0.4.169,high
MEM10-C,hostap,src/wps/wps_enrollee.c,598,FP,Ad-hoc NULL-check stylistic pedantry.,hostap_full_audit_0.4.169,high
DCL13-C,hostap,src/wps/wps_enrollee.c,610,FP,wps_process_r_hash2 writes wps->peer_hash2 via os_memcpy; param IS mutated through pointer.,hostap_full_audit_0.4.169,high
MEM10-C,hostap,src/wps/wps_enrollee.c,612,FP,Ad-hoc NULL-check stylistic pedantry.,hostap_full_audit_0.4.169,high
MEM10-C,hostap,src/wps/wps_enrollee.c,630,FP,Ad-hoc NULL-check stylistic pedantry.,hostap_full_audit_0.4.169,high
MEM10-C,hostap,src/wps/wps_enrollee.c,670,FP,Ad-hoc NULL-check stylistic pedantry.,hostap_full_audit_0.4.169,high
ARR01-C,hostap,src/wps/wps_enrollee.c,712,FP,"sizeof(wps->cred) sizes the dereferenced struct member itself, not a decayed pointer; correct idiom.",hostap_full_audit_0.4.169,high
EXP33-C,hostap,src/wps/wps_enrollee.c,714,FP,"wps_parse_msg(&msg,&attr) is attr's output-populating call (os_memset+fill inside); not a read of uninitialized attr.",hostap_full_audit_0.4.169,high
EXP30-C,hostap,src/wps/wps_enrollee.c,719,FP,MAC2STR expands to pure array-index reads with no side effects; established MAC2STR/EXP30-C FP class.,hostap_full_audit_0.4.169,high
DCL13-C,hostap,src/wps/wps_enrollee.c,766,TP,cred_len[] is only read (cred_len[i]) in wps_process_creds; genuinely const-able array parameter.,hostap_full_audit_0.4.169,low
EXP33-C,hostap,src/wps/wps_enrollee.c,817,FP,"cred was already fully populated by wps_process_ap_settings(attr,&cred) (memset+field-fill output param) two lines earlier, guarded by its <0 check.",hostap_full_audit_0.4.169,high
EXP30-C,hostap,src/wps/wps_enrollee.c,818,FP,"MAC2STR pure-accessor macro-arg FP, same class as line 719.",hostap_full_audit_0.4.169,high
MEM10-C,hostap,src/wps/wps_enrollee.c,906,FP,Ad-hoc NULL-check stylistic pedantry.,hostap_full_audit_0.4.169,high
EXP33-C,hostap,src/wps/wps_enrollee.c,1021,FP,"eattr.key_wrap_auth only reached after wps_parse_msg(decrypted,&eattr) succeeded (short-circuit ||), so eattr is populated.",hostap_full_audit_0.4.169,high
EXP33-C,hostap,src/wps/wps_enrollee.c,1065,FP,"&data.m2d takes an address of a union member immediately followed by os_memset(&data,0,...); not a read of an uninitialized value.",hostap_full_audit_0.4.169,high
DCL13-C,hostap,src/wps/wps_enrollee.c,1097,TP,wps_process_m4's attr param is only read; const-able plain helper param.,hostap_full_audit_0.4.169,low
EXP33-C,hostap,src/wps/wps_enrollee.c,1137,FP,"Same wps_parse_msg-short-circuit output-param class as line 1021, in wps_process_m4.",hostap_full_audit_0.4.169,high
DCL13-C,hostap,src/wps/wps_enrollee.c,1152,TP,wps_process_m6's attr param is only read; const-able plain helper param.,hostap_full_audit_0.4.169,low
EXP33-C,hostap,src/wps/wps_enrollee.c,1190,FP,"Same wps_parse_msg-short-circuit output-param class, in wps_process_m6.",hostap_full_audit_0.4.169,high
DCL13-C,hostap,src/wps/wps_enrollee.c,1209,TP,wps_process_m8's attr param is only read; const-able plain helper param.,hostap_full_audit_0.4.169,low
EXP33-C,hostap,src/wps/wps_enrollee.c,1261,FP,"Same wps_parse_msg-short-circuit output-param class, in wps_process_m8.",hostap_full_audit_0.4.169,high
MSC13-C,hostap,src/wps/wps_enrollee.c,1281,TP,ret=WPS_CONTINUE initializer is unconditionally overwritten by every reachable switch case before the single `return ret;`; genuine trivial dead store.,hostap_full_audit_0.4.169,low
EXP33-C,hostap,src/wps/wps_enrollee.c,1288,FP,"attr is read only after an explicit `if (wps_parse_msg(msg,&attr)<0) return WPS_FAILURE;` guard already ran; clearly initialized by that point.",hostap_full_audit_0.4.169,high
CON43-C,hostap,src/wps/wps_enrollee.c,1300,FP,"switch(*attr.msg_type) dereferences a freshly-parsed stack-local struct field in this single-threaded (zero-pthread) codebase; established CON43-C no-concurrency FP class, exact attr.msg_type precedent already documented.",hostap_full_audit_0.4.169,high
EXP33-C,hostap,src/wps/wps_enrollee.c,1372,FP,"Same explicit-prior-guard-already-populated-attr FP as line 1288, in wps_process_wsc_ack.",hostap_full_audit_0.4.169,high
EXP33-C,hostap,src/wps/wps_enrollee.c,1419,FP,"Same explicit-prior-guard-already-populated-attr FP as line 1288, in wps_process_wsc_nack.",hostap_full_audit_0.4.169,high
API00-C,hostap,src/wps/wps_enrollee.c,1486,FP,wps_enrollee_process_msg's sole caller (wps.c:209) always passes the live wps_data instance; internal-only-API FP.,hostap_full_audit_0.4.169,high
EXP33-C,hostap,src/wps/wps_enrollee.c,1498,FP,"attr.msg_type only read after `wps_parse_msg(msg,&attr)==0 &&` short-circuit guarantees a successful populate.",hostap_full_audit_0.4.169,high
MSC01-C,hostap,src/wps/wps_enrollee.c,1501,FP,Nested if/else-if inside an outer guard whose fallthrough (op_code unchanged) is handled by the subsequent switch's default case; deliberate.,hostap_full_audit_0.4.169,high
API05-C,hostap,src/drivers/driver_wired.c,80,FP,"handle_data(void*,unsigned char*,size_t) is the established ptr+size_t idiom, not a real conformant-array-syntax defect.",hostap_full_audit_0.4.169,high
API05-C,hostap,src/drivers/driver_wired.c,80,FP,Second API05-C hit on same line/idiom; ptr+size_t FP class.,hostap_full_audit_0.4.169,high
DCL13-C,hostap,src/drivers/driver_wired.c,80,TP,"handle_data's buf is only read/cast, never written; const-able, and handle_data isn't itself bound to the eloop callback typedef (handle_read is).",hostap_full_audit_0.4.169,low
DCL13-C,hostap,src/drivers/driver_wired.c,120,FP,"handle_read matches eloop_register_read_sock's fixed eloop_sock_handler signature; dispatch-contract FP, sock_ctx is contractually present though unused.",hostap_full_audit_0.4.169,high
CON33-C,hostap,src/drivers/driver_wired.c,127,FP,"strerror() no-pthread FP; codebase is single-threaded eloop, zero pthread usage.",hostap_full_audit_0.4.169,high
CON34-C,hostap,src/drivers/driver_wired.c,127,FP,Same strerror() no-pthread FP.,hostap_full_audit_0.4.169,high
DCL13-C,hostap,src/drivers/driver_wired.c,135,FP,handle_dhcp matches the same fixed eloop_sock_handler dispatch contract as handle_read; sock_ctx unused but contractual.,hostap_full_audit_0.4.169,high
CON33-C,hostap,src/drivers/driver_wired.c,145,FP,strerror() no-pthread FP.,hostap_full_audit_0.4.169,high
CON34-C,hostap,src/drivers/driver_wired.c,145,FP,strerror() no-pthread FP.,hostap_full_audit_0.4.169,high
MSC37-C,hostap,src/drivers/driver_wired.c,168,FP,"wired_init_sockets: every #ifdef __linux__ branch has explicit returns (0 or -1) and the #else branch also returns -1; ifdef-branch-blind FP, no real fallthrough.",hostap_full_audit_0.4.169,high
CON33-C,hostap,src/drivers/driver_wired.c,179,FP,strerror() no-pthread FP.,hostap_full_audit_0.4.169,high
CON34-C,hostap,src/drivers/driver_wired.c,179,FP,strerror() no-pthread FP.,hostap_full_audit_0.4.169,high
DCL39-C,hostap,src/drivers/driver_wired.c,191,FP,"ifr is os_memset(&ifr,0,sizeof(ifr)) two lines earlier; no uninitialized padding to leak, and it's a local ioctl() to the kernel, not a network trust boundary.",hostap_full_audit_0.4.169,high
CON33-C,hostap,src/drivers/driver_wired.c,193,FP,strerror() no-pthread FP.,hostap_full_audit_0.4.169,high
CON34-C,hostap,src/drivers/driver_wired.c,193,FP,strerror() no-pthread FP.,hostap_full_audit_0.4.169,high
POS02-C,hostap,src/drivers/driver_wired.c,203,FP,Codebase-wide no-privilege-separation FP; bind() here has no accompanying setuid/setgid drop anywhere in this daemon's design.,hostap_full_audit_0.4.169,high
CON33-C,hostap,src/drivers/driver_wired.c,205,FP,strerror() no-pthread FP.,hostap_full_audit_0.4.169,high
CON34-C,hostap,src/drivers/driver_wired.c,205,FP,strerror() no-pthread FP.,hostap_full_audit_0.4.169,high
DCL39-C,hostap,src/drivers/driver_wired.c,219,FP,ifr is os_memset-zeroed at line 217 immediately before this ioctl(); same zeroed-before-ioctl FP as line 191.,hostap_full_audit_0.4.169,high
CON33-C,hostap,src/drivers/driver_wired.c,221,FP,strerror() no-pthread FP.,hostap_full_audit_0.4.169,high
CON34-C,hostap,src/drivers/driver_wired.c,221,FP,strerror() no-pthread FP.,hostap_full_audit_0.4.169,high
CON33-C,hostap,src/drivers/driver_wired.c,235,FP,strerror() no-pthread FP.,hostap_full_audit_0.4.169,high
CON34-C,hostap,src/drivers/driver_wired.c,235,FP,strerror() no-pthread FP.,hostap_full_audit_0.4.169,high
MEM12-C,hostap,src/drivers/driver_wired.c,236,TP,"drv->common.sock (opened line 176) is genuinely leaked on this failure return; caller only os_free(drv), never closes the fd. dhcp_sock itself is not open here (message overstates but real leak exists).",hostap_full_audit_0.4.169,med
MEM12-C,hostap,src/drivers/driver_wired.c,242,TP,Both drv->common.sock and the just-opened drv->dhcp_sock are genuinely open and leaked on this eloop_register_read_sock failure return.,hostap_full_audit_0.4.169,high
INT18-C,hostap,src/drivers/driver_wired.c,250,FP,"setsockopt() returns plain signed int; comparing to -1 is the ordinary error-check idiom, not an unsigned/negative-literal mismatch.",hostap_full_audit_0.4.169,high
CON33-C,hostap,src/drivers/driver_wired.c,253,FP,strerror() no-pthread FP.,hostap_full_audit_0.4.169,high
CON34-C,hostap,src/drivers/driver_wired.c,253,FP,strerror() no-pthread FP.,hostap_full_audit_0.4.169,high
MEM12-C,hostap,src/drivers/driver_wired.c,254,TP,Both drv->common.sock and drv->dhcp_sock are open at this point and genuinely leaked on this return; caller never closes them.,hostap_full_audit_0.4.169,high
INT18-C,hostap,src/drivers/driver_wired.c,256,FP,"setsockopt() returns signed int; == -1 is the ordinary idiom, same as line 250.",hostap_full_audit_0.4.169,high
CON33-C,hostap,src/drivers/driver_wired.c,259,FP,strerror() no-pthread FP.,hostap_full_audit_0.4.169,high
CON34-C,hostap,src/drivers/driver_wired.c,259,FP,strerror() no-pthread FP.,hostap_full_audit_0.4.169,high
MEM12-C,hostap,src/drivers/driver_wired.c,260,TP,"Both sockets open and genuinely leaked on this return, same as line 254.",hostap_full_audit_0.4.169,high
CON33-C,hostap,src/drivers/driver_wired.c,269,FP,strerror() no-pthread FP.,hostap_full_audit_0.4.169,high
CON34-C,hostap,src/drivers/driver_wired.c,269,FP,strerror() no-pthread FP.,hostap_full_audit_0.4.169,high
MEM12-C,hostap,src/drivers/driver_wired.c,270,TP,Both sockets open and genuinely leaked on this return.,hostap_full_audit_0.4.169,high
INT18-C,hostap,src/drivers/driver_wired.c,273,FP,bind() returns signed int; == -1 is the ordinary idiom.,hostap_full_audit_0.4.169,high
POS02-C,hostap,src/drivers/driver_wired.c,273,FP,Same codebase-wide no-privilege-separation FP as line 203.,hostap_full_audit_0.4.169,high
CON33-C,hostap,src/drivers/driver_wired.c,275,FP,strerror() no-pthread FP.,hostap_full_audit_0.4.169,high
CON34-C,hostap,src/drivers/driver_wired.c,275,FP,strerror() no-pthread FP.,hostap_full_audit_0.4.169,high
MEM12-C,hostap,src/drivers/driver_wired.c,276,TP,Both sockets open and genuinely leaked on this return.,hostap_full_audit_0.4.169,high
MEM12-C,hostap,src/drivers/driver_wired.c,279,FP,"This is the success return (return 0); the sockets are the intended output of init, later closed by wired_driver_hapd_deinit — not a leak. Flow-insensitive checker repeats the same Leaked list on every return including success.",hostap_full_audit_0.4.169,high
MEM12-C,hostap,src/drivers/driver_wired.c,281,FP,"This is the #else /* __linux__ */ non-Linux fallback branch, which never reaches the socket-opening code at all; flagging it as leaking common.sock/dhcp_sock is factually wrong.",hostap_full_audit_0.4.169,high
API05-C,hostap,src/drivers/driver_wired.c,286,FP,wired_send_eapol matches the fixed hapd_send_eapol driver-ops vtable signature (registered at line 401); ptr+size_t/vtable-contract FP.,hostap_full_audit_0.4.169,high
DCL13-C,hostap,src/drivers/driver_wired.c,286,FP,"priv is a fixed wpa_driver_ops.hapd_send_eapol callback parameter (void*); dispatch-contract FP, matches established vtable-signature class.",hostap_full_audit_0.4.169,high
EXP33-C,hostap,src/drivers/driver_wired.c,296,FP,"sizeof(*hdr) is a compile-time type-size computation, not a dereference of hdr's (still-uninitialized) value; established sizeof(*ptr)-not-a-deref FP.",hostap_full_audit_0.4.169,high
CON33-C,hostap,src/drivers/driver_wired.c,319,FP,strerror() no-pthread FP.,hostap_full_audit_0.4.169,high
CON34-C,hostap,src/drivers/driver_wired.c,319,FP,strerror() no-pthread FP.,hostap_full_audit_0.4.169,high
DCL30-C,hostap,src/drivers/driver_wired.c,348,FP,drv is heap via os_zalloc(sizeof(struct wpa_driver_wired_data)); heap-vs-automatic-storage confusion.,hostap_full_audit_0.4.169,high
EXP33-C,hostap,src/drivers/driver_wired.c,374,FP,"sizeof(*drv) is a compile-time type-size computation on the not-yet-assigned drv, not a runtime dereference; established FP class.",hostap_full_audit_0.4.169,high
DCL30-C,hostap,src/drivers/driver_wired.c,383,FP,"drv is heap via os_zalloc(sizeof(*drv)); heap-vs-automatic-storage confusion, same as line 348.",hostap_full_audit_0.4.169,high
DCL15-C,hostap,src/drivers/driver_wired.c,396,FP,"wpa_driver_wired_ops is declared extern in driver.h:7412 and referenced from drivers.c:32; genuine required external linkage, not a missing-static defect.",hostap_full_audit_0.4.169,high
DCL19-C,hostap,src/drivers/driver_wired.c,396,FP,Same genuine-extern-linkage FP as the DCL15-C finding on this line.,hostap_full_audit_0.4.169,high
DCL13-C,hostap,src/wps/http_server.c,41,FP,DCL13-C dispatch-contract FP: 'handle' is httpread's fixed httpread_cb callback signature (httpread.h),hostap_full_audit_0.4.169,high
EXP30-C,hostap,src/wps/http_server.c,48,FP,"EXP30-C pure-accessor-args FP: inet_ntoa/ntohs pure reads, no errno involved",hostap_full_audit_0.4.169,high
CON34-C,hostap,src/wps/http_server.c,49,FP,"CON33/34-C no-pthread FP: inet_ntoa static buffer, file has zero threading",hostap_full_audit_0.4.169,high
EXP30-C,hostap,src/wps/http_server.c,54,FP,EXP30-C pure-accessor-args FP: inet_ntoa/ntohs pure reads,hostap_full_audit_0.4.169,high
CON34-C,hostap,src/wps/http_server.c,55,FP,"CON34-C no-pthread FP: inet_ntoa, no threading in file",hostap_full_audit_0.4.169,high
EXP33-C,hostap,src/wps/http_server.c,72,FP,EXP33-C sizeof(*ptr)-not-a-deref FP: sizeof(*req) is non-evaluated context on line before assignment,hostap_full_audit_0.4.169,high
FIO24-C,hostap,src/wps/http_server.c,74,FP,"FIO24-C double-close-mutually-exclusive-branches FP: line 68 close is in the request_count-exceeded early return; line 74 close is in the separate os_zalloc-failure branch, never both reached",hostap_full_audit_0.4.169,high
MEM31-C,hostap,src/wps/http_server.c,82,FP,"MEM31-C ownership-transfer FP: req->hread is stored in req, which is returned to the caller; freed later via http_request_deinit->httpread_destroy",hostap_full_audit_0.4.169,high
DCL30-C,hostap,src/wps/http_server.c,90,FP,"DCL30-C heap-vs-automatic-storage confusion FP: req is os_zalloc'd heap memory, not automatic storage",hostap_full_audit_0.4.169,high
MEM31-C,hostap,src/wps/http_server.c,90,FP,"MEM31-C ownership-transfer FP: same root cause as :82, req->hread freed later via http_request_deinit",hostap_full_audit_0.4.169,high
MEM10-C,hostap,src/wps/http_server.c,99,FP,MEM10-C ad-hoc-NULL-check pedantry FP: idiomatic free()-tolerates-NULL guard,hostap_full_audit_0.4.169,med
DCL13-C,hostap,src/wps/http_server.c,124,FP,DCL13-C const-would-break-compilation FP: req forwarded to non-const http_request_deinit(prev) inside the free-all loop,hostap_full_audit_0.4.169,med
API00-C,hostap,src/wps/http_server.c,135,FP,"API00-C internal-only-API FP: all callers (browser-*.c, wps_er.c, wps_upnp_web.c) pass a live req from the dispatch callback, never NULL",hostap_full_audit_0.4.169,high
DCL13-C,hostap,src/wps/http_server.c,135,TP,"DCL13-C plain-internal-helper genuine-if-low-value TP: req only read (cli addr/port/fd), never written or forwarded to a mutating call",hostap_full_audit_0.4.169,low
EXP30-C,hostap,src/wps/http_server.c,139,FP,EXP30-C pure-accessor-args FP: wpabuf_head/wpabuf_len pure reads,hostap_full_audit_0.4.169,high
CON34-C,hostap,src/wps/http_server.c,141,FP,"CON34-C no-pthread FP: inet_ntoa, no threading in file",hostap_full_audit_0.4.169,high
EXP30-C,hostap,src/wps/http_server.c,144,FP,EXP30-C pure-accessor-args FP: inet_ntoa/ntohs pure reads,hostap_full_audit_0.4.169,high
CON33-C,hostap,src/wps/http_server.c,147,FP,"CON33-C no-pthread FP: strerror(errno) alone in statement, no threading in file",hostap_full_audit_0.4.169,high
CON34-C,hostap,src/wps/http_server.c,147,FP,"CON34-C no-pthread FP: strerror static buffer, no threading in file",hostap_full_audit_0.4.169,high
MSC01-C,hostap,src/wps/http_server.c,148,FP,"MSC01-C no-final-else guard-clause pedantry FP: send()<size case just logs and TODO-comments, no transition needed",hostap_full_audit_0.4.169,high
API00-C,hostap,src/wps/http_server.c,158,FP,API00-C internal-only-API FP: fixed dispatch-callback caller,hostap_full_audit_0.4.169,high
API00-C,hostap,src/wps/http_server.c,166,FP,API00-C internal-only-API FP: fixed dispatch-callback caller,hostap_full_audit_0.4.169,high
DCL13-C,hostap,src/wps/http_server.c,166,TP,DCL13-C plain-internal-helper genuine-if-low-value TP: req only read via req->hread accessor,hostap_full_audit_0.4.169,low
API00-C,hostap,src/wps/http_server.c,172,FP,API00-C internal-only-API FP: fixed dispatch-callback caller,hostap_full_audit_0.4.169,high
DCL13-C,hostap,src/wps/http_server.c,172,TP,DCL13-C plain-internal-helper genuine-if-low-value TP: req only read via req->hread accessor,hostap_full_audit_0.4.169,low
API00-C,hostap,src/wps/http_server.c,178,FP,API00-C internal-only-API FP: fixed dispatch-callback caller,hostap_full_audit_0.4.169,high
DCL13-C,hostap,src/wps/http_server.c,178,TP,DCL13-C plain-internal-helper genuine-if-low-value TP: req only read via req->hread accessor,hostap_full_audit_0.4.169,low
API00-C,hostap,src/wps/http_server.c,184,FP,API00-C internal-only-API FP: fixed dispatch-callback caller,hostap_full_audit_0.4.169,high
DCL13-C,hostap,src/wps/http_server.c,184,TP,DCL13-C plain-internal-helper genuine-if-low-value TP: req only read via req->hread accessor,hostap_full_audit_0.4.169,low
API00-C,hostap,src/wps/http_server.c,190,FP,API00-C internal-only-API FP: fixed dispatch-callback caller,hostap_full_audit_0.4.169,high
DCL13-C,hostap,src/wps/http_server.c,190,TP,DCL13-C plain-internal-helper genuine-if-low-value TP: req only read via req->hread accessor,hostap_full_audit_0.4.169,low
API00-C,hostap,src/wps/http_server.c,196,FP,API00-C internal-only-API FP: fixed dispatch-callback caller,hostap_full_audit_0.4.169,high
DCL13-C,hostap,src/wps/http_server.c,196,TP,"DCL13-C plain-internal-helper genuine-if-low-value TP: req only returns &req->cli, never written",hostap_full_audit_0.4.169,low
DCL13-C,hostap,src/wps/http_server.c,202,FP,"DCL13-C dispatch-contract FP: sock_ctx is eloop_sock_handler's fixed 3rd param (eloop.h), unused here",hostap_full_audit_0.4.169,high
CON33-C,hostap,src/wps/http_server.c,213,FP,"CON33-C no-pthread FP: strerror(errno) alone, no threading in file",hostap_full_audit_0.4.169,high
CON34-C,hostap,src/wps/http_server.c,213,FP,"CON34-C no-pthread FP: strerror static buffer, no threading in file",hostap_full_audit_0.4.169,high
EXP30-C,hostap,src/wps/http_server.c,216,FP,EXP30-C pure-accessor-args FP: inet_ntoa/ntohs pure reads,hostap_full_audit_0.4.169,high
CON34-C,hostap,src/wps/http_server.c,217,FP,"CON34-C no-pthread FP: inet_ntoa, no threading in file",hostap_full_audit_0.4.169,high
EXP33-C,hostap,src/wps/http_server.c,217,FP,EXP33-C output-param-populated-by-callee-write FP: accept() writes addr/addr_len through pointers before this line,hostap_full_audit_0.4.169,high
API00-C,hostap,src/wps/http_server.c,229,FP,API00-C internal-only-API FP: all 3 callers pass fixed non-NULL function pointer literals for cb,hostap_full_audit_0.4.169,high
EXP33-C,hostap,src/wps/http_server.c,238,FP,EXP33-C sizeof(*ptr)-not-a-deref FP: sizeof(*srv) is non-evaluated context before assignment,hostap_full_audit_0.4.169,high
CON33-C,hostap,src/wps/http_server.c,252,FP,"CON33-C no-pthread FP: strerror(errno) alone, no threading in file",hostap_full_audit_0.4.169,high
CON34-C,hostap,src/wps/http_server.c,252,FP,"CON34-C no-pthread FP: strerror static buffer, no threading in file",hostap_full_audit_0.4.169,high
POS02-C,hostap,src/wps/http_server.c,269,FP,POS02-C bind()-without-privilege-drop categorical FP,hostap_full_audit_0.4.169,high
CON33-C,hostap,src/wps/http_server.c,278,FP,"CON33-C no-pthread FP: strerror(errno) alone, no threading in file",hostap_full_audit_0.4.169,high
CON34-C,hostap,src/wps/http_server.c,278,FP,"CON34-C no-pthread FP: strerror static buffer, no threading in file",hostap_full_audit_0.4.169,high
POS02-C,hostap,src/wps/http_server.c,281,FP,POS02-C listen()-without-privilege-drop categorical FP,hostap_full_audit_0.4.169,high
CON34-C,hostap,src/wps/http_server.c,288,FP,"CON34-C no-pthread FP: inet_ntoa, no threading in file",hostap_full_audit_0.4.169,high
DCL30-C,hostap,src/wps/http_server.c,290,FP,DCL30-C heap-vs-automatic-storage confusion FP: srv is os_zalloc'd heap memory,hostap_full_audit_0.4.169,high
MSC07-C,hostap,src/wps/http_server.c,292,FP,"MSC07-C goto-target-label-after-return blindness FP: fail: label reached only via earlier goto fail, not from the preceding return",hostap_full_audit_0.4.169,high
MEM10-C,hostap,src/wps/http_server.c,300,FP,MEM10-C ad-hoc-NULL-check pedantry FP: idiomatic free()-tolerates-NULL guard,hostap_full_audit_0.4.169,med
API00-C,hostap,src/wps/http_server.c,312,FP,"API00-C internal-only-API FP: both callers (wps_upnp_web.c, wps_er.c) pass their own already-checked srv",hostap_full_audit_0.4.169,high
DCL13-C,hostap,src/wps/http_server.c,312,TP,DCL13-C plain-internal-helper genuine-if-low-value TP: srv only read (->port),hostap_full_audit_0.4.169,low
API05-C,hostap,src/ap/fils_hlp.c,20,FP,"API05-C ptr+size_t idiom FP: buf/len is the standard companion-pointer-and-length pair, not a real conformant-array-syntax issue",hostap_full_audit_0.4.169,high
INT14-C,hostap,src/ap/fils_hlp.c,26,TP,"INT14-C genuine (low-severity) TP: sum genuinely mixes arithmetic (+=) and bitwise (>>,&) ops in this standard 16-bit checksum-fold idiom",hostap_full_audit_0.4.169,low
DCL13-C,hostap,src/ap/fils_hlp.c,37,TP,"DCL13-C plain-internal-helper genuine-if-low-value TP: dhcpofferend only read (end=dhcpofferend), never modified or forwarded to a mutating call",hostap_full_audit_0.4.169,low
ARR00-C,hostap,src/ap/fils_hlp.c,80,FP,ARR00-C same-underlying-buffer misidentified as cross-array FP: end/pos both derive from sta->hlp_dhcp_discover's single wpabuf; message's 'DHCPREQUEST' attribution is a mislabel artifact,hostap_full_audit_0.4.169,high
ARR00-C,hostap,src/ap/fils_hlp.c,106,FP,ARR00-C same-underlying-buffer misidentified as cross-array FP: end=dhcpofferend and pos both derive from the same dhcpoffer buffer parameter,hostap_full_audit_0.4.169,high
EXP30-C,hostap,src/ap/fils_hlp.c,132,FP,EXP30-C pure-accessor-args FP: wpabuf_head/wpabuf_len pure reads,hostap_full_audit_0.4.169,high
CON33-C,hostap,src/ap/fils_hlp.c,137,FP,"CON33-C no-pthread FP: strerror(errno) alone, no threading in file",hostap_full_audit_0.4.169,high
CON34-C,hostap,src/ap/fils_hlp.c,137,FP,"CON34-C no-pthread FP: strerror static buffer, no threading in file",hostap_full_audit_0.4.169,high
EXP30-C,hostap,src/ap/fils_hlp.c,140,FP,"EXP30-C pure-accessor-args FP: inet_ntoa/ntohs pure reads, no errno in this statement",hostap_full_audit_0.4.169,high
CON34-C,hostap,src/ap/fils_hlp.c,142,FP,"CON34-C no-pthread FP: inet_ntoa, no threading in file",hostap_full_audit_0.4.169,high
DCL13-C,hostap,src/ap/fils_hlp.c,150,FP,"DCL13-C dispatch-contract FP: eloop_ctx is eloop_sock_handler's fixed 2nd param (eloop.h), unused here",hostap_full_audit_0.4.169,high
CON33-C,hostap,src/ap/fils_hlp.c,172,FP,"CON33-C no-pthread FP: strerror(errno) alone, no threading in file",hostap_full_audit_0.4.169,high
CON34-C,hostap,src/ap/fils_hlp.c,172,FP,"CON34-C no-pthread FP: strerror static buffer, no threading in file",hostap_full_audit_0.4.169,high
ERR32-C,hostap,src/ap/fils_hlp.c,172,FP,"ERR32-C misapplied FP: fils_dhcp_handler is an eloop socket-read callback (registered via eloop_register_sock), not a signal()/sigaction() handler",hostap_full_audit_0.4.169,high
ERR32-C,hostap,src/ap/fils_hlp.c,172,FP,ERR32-C misapplied FP: same non-signal-handler root cause as :172 col7,hostap_full_audit_0.4.169,high
EXP30-C,hostap,src/ap/fils_hlp.c,175,FP,EXP30-C pure-accessor-args FP: inet_ntoa/ntohs pure reads,hostap_full_audit_0.4.169,high
CON34-C,hostap,src/ap/fils_hlp.c,176,FP,"CON34-C no-pthread FP: inet_ntoa, no threading in file",hostap_full_audit_0.4.169,high
EXP33-C,hostap,src/ap/fils_hlp.c,176,FP,"EXP33-C output-param-populated-by-callee-write FP: recvfrom(...,&addr,&addr_len) writes addr through the pointer just above",hostap_full_audit_0.4.169,high
EXP33-C,hostap,src/ap/fils_hlp.c,178,FP,EXP33-C sizeof(*ptr)-not-a-deref FP: sizeof(*dhcp) is non-evaluated context before dhcp's assignment at :180,hostap_full_audit_0.4.169,high
ARR30-C,hostap,src/ap/fils_hlp.c,191,FP,"ARR30-C recv-length-cap FP: res is recvfrom()'s own return value into a sizeof(buf)-bounded call, provably <= 1500",hostap_full_audit_0.4.169,high
MSC01-C,hostap,src/ap/fils_hlp.c,247,FP,MSC01-C no-final-else guard-clause pedantry FP: deliberate 'fall through and send as-is' default,hostap_full_audit_0.4.169,high
ARR39-C,hostap,src/ap/fils_hlp.c,253,FP,"ARR39-C pure-integer-sum-no-pointer-operand FP: plain size computation for wpabuf_alloc(), no pointer being scaled",hostap_full_audit_0.4.169,high
ARR39-C,hostap,src/ap/fils_hlp.c,253,FP,"ARR39-C pure-integer-sum-no-pointer-operand FP: same expression, second sub-finding",hostap_full_audit_0.4.169,high
EXP33-C,hostap,src/ap/fils_hlp.c,254,FP,"EXP33-C sizeof(*ptr)-not-a-deref FP: sizeof(*iph) is non-evaluated context, iph assigned later at :261",hostap_full_audit_0.4.169,high
EXP33-C,hostap,src/ap/fils_hlp.c,254,FP,"EXP33-C sizeof(*ptr)-not-a-deref FP: sizeof(*udph) is non-evaluated context, udph assigned later at :270",hostap_full_audit_0.4.169,high
MSC09-C,hostap,src/ap/fils_hlp.c,259,FP,"MSC09-C raw-byte-pattern-not-text FP: \xaa\xaa\x03\x00\x00\x00 is a literal SNAP/LLC header byte sequence, not locale text",hostap_full_audit_0.4.169,high
INT30-C,hostap,src/ap/fils_hlp.c,273,FP,"INT30-C bounded-by-protocol-frame-size FP: end-pos is a management-frame-derived offset, far below wrap threshold",hostap_full_audit_0.4.169,high
ARR00-C,hostap,src/ap/fils_hlp.c,278,FP,ARR00-C same-underlying-buffer misidentified as cross-array FP: end_opt and pos both derive from buf,hostap_full_audit_0.4.169,high
ARR36-C,hostap,src/ap/fils_hlp.c,278,FP,ARR36-C same-underlying-buffer misidentified as cross-array FP: pos/buf both point within the same recv buf; message's variable pairing doesn't even match the flagged expression,hostap_full_audit_0.4.169,high
ARR00-C,hostap,src/ap/fils_hlp.c,281,FP,ARR00-C same-underlying-buffer misidentified as cross-array FP: end and end_opt both derive from buf,hostap_full_audit_0.4.169,high
ARR36-C,hostap,src/ap/fils_hlp.c,281,FP,ARR36-C same-underlying-buffer misidentified as cross-array FP: buf/pos both point within the same recv buf; message's variable pairing mismatched,hostap_full_audit_0.4.169,high
EXP33-C,hostap,src/ap/fils_hlp.c,338,FP,"EXP33-C sizeof(*ptr)-not-a-deref FP: sizeof(*dhcp) is non-evaluated context, dhcp assigned at :340",hostap_full_audit_0.4.169,high
CON33-C,hostap,src/ap/fils_hlp.c,408,FP,"CON33-C no-pthread FP: strerror(errno) alone, no threading in file",hostap_full_audit_0.4.169,high
CON34-C,hostap,src/ap/fils_hlp.c,408,FP,"CON34-C no-pthread FP: strerror static buffer, no threading in file",hostap_full_audit_0.4.169,high
POS02-C,hostap,src/ap/fils_hlp.c,418,FP,POS02-C bind()-without-privilege-drop categorical FP,hostap_full_audit_0.4.169,high
CON33-C,hostap,src/ap/fils_hlp.c,421,FP,"CON33-C no-pthread FP: strerror(errno) alone, no threading in file",hostap_full_audit_0.4.169,high
CON34-C,hostap,src/ap/fils_hlp.c,421,FP,"CON34-C no-pthread FP: strerror static buffer, no threading in file",hostap_full_audit_0.4.169,high
FIO24-C,hostap,src/ap/fils_hlp.c,428,FP,"FIO24-C double-close-mutually-exclusive-branches FP: :422 close is in the bind()-failure branch, :428 close is in the separate eloop_register_sock-failure branch, never both reached",hostap_full_audit_0.4.169,high
CON33-C,hostap,src/ap/fils_hlp.c,449,FP,"CON33-C no-pthread FP: strerror(errno) alone, no threading in file",hostap_full_audit_0.4.169,high
CON34-C,hostap,src/ap/fils_hlp.c,449,FP,"CON34-C no-pthread FP: strerror static buffer, no threading in file",hostap_full_audit_0.4.169,high
EXP30-C,hostap,src/ap/fils_hlp.c,458,FP,EXP30-C pure-accessor-args FP: inet_ntoa/ntohs pure reads,hostap_full_audit_0.4.169,high
CON34-C,hostap,src/ap/fils_hlp.c,460,FP,"CON34-C no-pthread FP: inet_ntoa, no threading in file",hostap_full_audit_0.4.169,high
EXP33-C,hostap,src/ap/fils_hlp.c,486,FP,"EXP33-C sizeof(*ptr)-not-a-deref FP: sizeof(*iph) is non-evaluated context, iph assigned at :488",hostap_full_audit_0.4.169,high
EXP33-C,hostap,src/ap/fils_hlp.c,486,FP,"EXP33-C sizeof(*ptr)-not-a-deref FP: sizeof(*udph) is non-evaluated context, udph assigned at :489",hostap_full_audit_0.4.169,high
INT30-C,hostap,src/ap/fils_hlp.c,502,FP,INT30-C explicit-prior-bounds-check-not-recognized FP: guarded one line above by 'ulen < sizeof(*udph)' check,hostap_full_audit_0.4.169,high
EXP33-C,hostap,src/ap/fils_hlp.c,516,FP,"EXP33-C sizeof(*ptr)-not-a-deref FP: sizeof(*iph) is non-evaluated context, iph assigned at :518",hostap_full_audit_0.4.169,high
EXP30-C,hostap,src/ap/fils_hlp.c,545,FP,EXP30-C MAC2STR pure-accessor-macro misfire FP,hostap_full_audit_0.4.169,high
MSC09-C,hostap,src/ap/fils_hlp.c,559,FP,MSC09-C raw-byte-pattern-not-text FP: same SNAP/LLC header byte sequence as :259,hostap_full_audit_0.4.169,high
API00-C,hostap,src/ap/fils_hlp.c,576,FP,"API00-C internal-only-API FP: left is a real (Re)Association-Request-frame-derived IE length, bounded by the max management-frame size, far below int overflow range for pos+left/os_malloc(end-pos)",hostap_full_audit_0.4.169,med
ARR00-C,hostap,src/ap/fils_hlp.c,630,FP,"ARR00-C same-underlying-buffer misidentified as cross-array FP: end/pos both derive from fils_process_hlp's own pos parameter, not tmp",hostap_full_audit_0.4.169,high
ARR00-C,hostap,src/ap/fils_hlp.c,631,FP,"ARR00-C same-underlying-buffer misidentified as cross-array FP: same expression, second operand",hostap_full_audit_0.4.169,high
API00-C,hostap,src/ap/fils_hlp.c,647,FP,"API00-C internal-only-API FP: both callers (drv_callbacks.c, hostapd.c) pass their own hapd unconditionally",hostap_full_audit_0.4.169,high
API00-C,hostap,src/eap_common/eap_eke_common.c,303,FP,"internal-only API, EAP identity lens bounded by protocol u16 length field",hostap_full_audit_0.4.169,high
API00-C,hostap,src/eap_common/eap_eke_common.c,303,FP,"internal-only API, bounded overflow-pedantry",hostap_full_audit_0.4.169,high
DCL13-C,hostap,src/eap_common/eap_eke_common.c,303,TP,"eap_eke_derive_key reads sess->prf/prf_len only, never writes; genuinely const-eligible",hostap_full_audit_0.4.169,high
ENV01-C,hostap,src/eap_common/eap_eke_common.c,308,FP,"wholesale fixed-macro-array misfire, zero getenv() in file (established pattern)",hostap_full_audit_0.4.169,high
ENV01-C,hostap,src/eap_common/eap_eke_common.c,309,FP,"same wholesale fixed-array misfire, no getenv()",hostap_full_audit_0.4.169,high
API00-C,hostap,src/eap_common/eap_eke_common.c,342,FP,"internal-only API, ret_dhcomp always caller-owned buffer",hostap_full_audit_0.4.169,high
DCL13-C,hostap,src/eap_common/eap_eke_common.c,342,TP,"eap_eke_dhcomp reads sess->dhgroup/encr only, never writes; const-eligible",hostap_full_audit_0.4.169,high
ENV01-C,hostap,src/eap_common/eap_eke_common.c,345,FP,"wholesale fixed-array misfire, no getenv()",hostap_full_audit_0.4.169,high
DCL13-C,hostap,src/eap_common/eap_eke_common.c,377,FP,"embedded-mutation miss: writes sess->shared_secret via eap_eke_prf output param, so sess IS modified",hostap_full_audit_0.4.169,high
ENV01-C,hostap,src/eap_common/eap_eke_common.c,380,FP,"wholesale fixed-array misfire, no getenv()",hostap_full_audit_0.4.169,high
ENV01-C,hostap,src/eap_common/eap_eke_common.c,381,FP,"wholesale fixed-array misfire, no getenv()",hostap_full_audit_0.4.169,high
ENV01-C,hostap,src/eap_common/eap_eke_common.c,382,FP,"wholesale fixed-array misfire, no getenv()",hostap_full_audit_0.4.169,high
API00-C,hostap,src/eap_common/eap_eke_common.c,422,FP,"internal-only API, id_s never externally nullable",hostap_full_audit_0.4.169,high
API00-C,hostap,src/eap_common/eap_eke_common.c,422,FP,"internal-only API, id_p never externally nullable",hostap_full_audit_0.4.169,high
API00-C,hostap,src/eap_common/eap_eke_common.c,422,FP,"internal-only API, bounded overflow-pedantry",hostap_full_audit_0.4.169,high
API00-C,hostap,src/eap_common/eap_eke_common.c,422,FP,"internal-only API, bounded overflow-pedantry",hostap_full_audit_0.4.169,high
DCL13-C,hostap,src/eap_common/eap_eke_common.c,422,FP,"embedded-mutation miss: writes sess->ke and sess->ki, sess IS modified",hostap_full_audit_0.4.169,high
ENV01-C,hostap,src/eap_common/eap_eke_common.c,426,FP,"wholesale fixed-array misfire, no getenv()",hostap_full_audit_0.4.169,high
MEM05-C,hostap,src/eap_common/eap_eke_common.c,426,FP,"buf sized by sum of two compile-time macros (EAP_EKE_MAX_KE_LEN+EAP_EKE_MAX_KI_LEN), not a VLA",hostap_full_audit_0.4.169,high
API00-C,hostap,src/eap_common/eap_eke_common.c,476,FP,"internal-only API, id_s never nullable",hostap_full_audit_0.4.169,high
API00-C,hostap,src/eap_common/eap_eke_common.c,476,FP,"internal-only API, id_p never nullable",hostap_full_audit_0.4.169,high
API00-C,hostap,src/eap_common/eap_eke_common.c,476,FP,"internal-only API, nonce_p never nullable",hostap_full_audit_0.4.169,high
API00-C,hostap,src/eap_common/eap_eke_common.c,476,FP,"internal-only API, nonce_s never nullable",hostap_full_audit_0.4.169,high
API00-C,hostap,src/eap_common/eap_eke_common.c,476,FP,"internal-only API, bounded overflow-pedantry",hostap_full_audit_0.4.169,high
API00-C,hostap,src/eap_common/eap_eke_common.c,476,FP,"internal-only API, bounded overflow-pedantry",hostap_full_audit_0.4.169,high
DCL13-C,hostap,src/eap_common/eap_eke_common.c,476,FP,embedded-mutation miss: writes sess->ka via eap_eke_prfplus output param,hostap_full_audit_0.4.169,high
API00-C,hostap,src/eap_common/eap_eke_common.c,521,FP,"internal-only API, id_s never nullable",hostap_full_audit_0.4.169,high
API00-C,hostap,src/eap_common/eap_eke_common.c,521,FP,"internal-only API, id_p never nullable",hostap_full_audit_0.4.169,high
API00-C,hostap,src/eap_common/eap_eke_common.c,521,FP,"internal-only API, nonce_p never nullable",hostap_full_audit_0.4.169,high
API00-C,hostap,src/eap_common/eap_eke_common.c,521,FP,"internal-only API, nonce_s never nullable",hostap_full_audit_0.4.169,high
API00-C,hostap,src/eap_common/eap_eke_common.c,521,FP,"internal-only API, msk is caller-owned output buffer",hostap_full_audit_0.4.169,high
API00-C,hostap,src/eap_common/eap_eke_common.c,521,FP,"internal-only API, emsk is caller-owned output buffer",hostap_full_audit_0.4.169,high
API00-C,hostap,src/eap_common/eap_eke_common.c,521,FP,"internal-only API, bounded overflow-pedantry",hostap_full_audit_0.4.169,high
API00-C,hostap,src/eap_common/eap_eke_common.c,521,FP,"internal-only API, bounded overflow-pedantry",hostap_full_audit_0.4.169,high
DCL13-C,hostap,src/eap_common/eap_eke_common.c,521,TP,"eap_eke_derive_msk writes only msk/emsk params, reads sess->shared_secret/prf_len only; const-eligible",hostap_full_audit_0.4.169,high
MEM05-C,hostap,src/eap_common/eap_eke_common.c,531,FP,"buf sized by sum of macros EAP_MSK_LEN+EAP_EMSK_LEN, not a VLA",hostap_full_audit_0.4.169,high
API00-C,hostap,src/eap_common/eap_eke_common.c,583,FP,"data_len bounded by real EAP protected-data sizes, internal-only API",hostap_full_audit_0.4.169,high
DCL13-C,hostap,src/eap_common/eap_eke_common.c,583,TP,"eap_eke_prot only reads sess->encr/mac/ke/ki, never writes; const-eligible",hostap_full_audit_0.4.169,high
DCL13-C,hostap,src/eap_common/eap_eke_common.c,585,FP,embedded-mutation miss via aliased local pos=prot; prot IS written (IV/ciphertext/ICV all copied into it),hostap_full_audit_0.4.169,high
INT30-C,hostap,src/eap_common/eap_eke_common.c,604,FP,"pad computed from data_len%block_size and only decremented when nonzero (pad<block_size), no underflow possible",hostap_full_audit_0.4.169,high
INT30-C,hostap,src/eap_common/eap_eke_common.c,606,FP,"defensive room-check; block_size/icv_len are small AES/MAC constants and data_len is protocol-bounded EAP payload, practically unreachable overflow",hostap_full_audit_0.4.169,med
DCL13-C,hostap,src/eap_common/eap_eke_common.c,637,TP,"eap_eke_decrypt_prot only reads sess fields, writes go to local icv/data param, never sess; const-eligible",hostap_full_audit_0.4.169,high
ENV01-C,hostap,src/eap_common/eap_eke_common.c,642,FP,"wholesale fixed-array misfire, no getenv()",hostap_full_audit_0.4.169,high
INT30-C,hostap,src/eap_common/eap_eke_common.c,656,FP,"block_size is AES_BLOCK_SIZE (16), 2*block_size=32 can never overflow size_t",hostap_full_audit_0.4.169,high
INT30-C,hostap,src/eap_common/eap_eke_common.c,657,FP,"guarded by short-circuit `||` with the size check on the same expression; only evaluated when prot_len>=2*block_size+icv_len, so prot_len>=icv_len holds",hostap_full_audit_0.4.169,high
INT30-C,hostap,src/eap_common/eap_eke_common.c,661,FP,"same guarded expression as :656-657 proves prot_len-block_size-icv_len>=block_size, no underflow",hostap_full_audit_0.4.169,high
INT30-C,hostap,src/eap_common/eap_eke_common.c,668,FP,reuses the same proven-safe guarded expression,hostap_full_audit_0.4.169,high
INT30-C,hostap,src/eap_common/eap_eke_common.c,673,FP,reuses the same proven-safe guarded expression,hostap_full_audit_0.4.169,high
API00-C,hostap,src/eap_common/eap_eke_common.c,686,FP,"internal-only API, msgs always caller-owned wpabuf",hostap_full_audit_0.4.169,high
DCL13-C,hostap,src/eap_common/eap_eke_common.c,686,TP,"eap_eke_auth only reads sess->ka/auth_len/prf, writes go to auth param; const-eligible",hostap_full_audit_0.4.169,high
EXP30-C,hostap,src/eap_common/eap_eke_common.c,693,FP,"os_strlen(label)/wpabuf_head(msgs)/wpabuf_len(msgs) are all pure-read accessors, no side effects to unsequence",hostap_full_audit_0.4.169,high
DCL13-C,hostap,src/eap_common/eap_eke_common.c,722,FP,eap_eke_session_clean os_memsets sess->shared_secret/ke/ki/ka to 0; genuinely mutates sess,hostap_full_audit_0.4.169,high
DCL30-C,hostap,src/common/proc_coord.c,77,FP,"peer points into dl_list elements allocated via os_zalloc (heap), not automatic storage",hostap_full_audit_0.4.169,high
EXP33-C,hostap,src/common/proc_coord.c,89,FP,"sizeof(*peer) is a compile-time type operand, not a runtime dereference of uninitialized peer",hostap_full_audit_0.4.169,high
DCL30-C,hostap,src/common/proc_coord.c,97,FP,"peer = os_zalloc(...) is heap memory, not automatic storage",hostap_full_audit_0.4.169,high
DCL13-C,hostap,src/common/proc_coord.c,126,FP,"matches eloop_timeout_handler fixed dispatch-contract signature (void(*)(void*,void*))",hostap_full_audit_0.4.169,high
API00-C,hostap,src/common/proc_coord.c,147,FP,"internal-only API, pc always valid struct proc_coord* from init",hostap_full_audit_0.4.169,high
DCL13-C,hostap,src/common/proc_coord.c,148,TP,"cb_ctx used only for pointer-identity comparison, never modified; genuine (low-value) const opportunity",hostap_full_audit_0.4.169,med
EXP34-C,hostap,src/common/proc_coord.c,173,FP,"os_reltime_before(&req->timeout, first) only reached when `!first` is false in the same short-circuit `||` expression",hostap_full_audit_0.4.169,high
INT10-C,hostap,src/common/proc_coord.c,188,FP,"ms is declared `unsigned int`, not signed; rule misclassifies the operand type",hostap_full_audit_0.4.169,high
DCL13-C,hostap,src/common/proc_coord.c,195,TP,"peer used only for pointer-identity comparison in proc_coord_get_request, never modified",hostap_full_audit_0.4.169,med
DCL30-C,hostap,src/common/proc_coord.c,203,FP,"req points into dl_list heap elements (os_zalloc-backed), not automatic storage",hostap_full_audit_0.4.169,high
DCL39-C,hostap,src/common/proc_coord.c,249,FP,"mh is os_memset(0)'d immediately before its fields are set, so any padding bytes stay zero; matches established zeroed-struct-before-sendmsg FP class",hostap_full_audit_0.4.169,high
CON33-C,hostap,src/common/proc_coord.c,254,FP,no pthread usage anywhere in codebase; established strerror() no-pthread FP class,hostap_full_audit_0.4.169,high
CON34-C,hostap,src/common/proc_coord.c,254,FP,same no-pthread FP class,hostap_full_audit_0.4.169,high
DCL13-C,hostap,src/common/proc_coord.c,267,TP,proc_coord_rx_starting's pc parameter is entirely unused in the function body,hostap_full_audit_0.4.169,high
DCL13-C,hostap,src/common/proc_coord.c,300,FP,matches eloop_sock_handler fixed dispatch-contract signature used by eloop_register_read_sock,hostap_full_audit_0.4.169,high
EXP33-C,hostap,src/common/proc_coord.c,315,FP,"tmp is passed as recv()'s destination output buffer (len 0, MSG_PEEK|MSG_TRUNC just to size the message), not read here",hostap_full_audit_0.4.169,high
CON33-C,hostap,src/common/proc_coord.c,318,FP,no-pthread FP class,hostap_full_audit_0.4.169,high
CON34-C,hostap,src/common/proc_coord.c,318,FP,no-pthread FP class,hostap_full_audit_0.4.169,high
CON33-C,hostap,src/common/proc_coord.c,344,FP,no-pthread FP class,hostap_full_audit_0.4.169,high
CON34-C,hostap,src/common/proc_coord.c,344,FP,no-pthread FP class,hostap_full_audit_0.4.169,high
EXP33-C,hostap,src/common/proc_coord.c,351,FP,"from is populated by recvmsg() before this read on the checked-success path; sqc doesn't model syscall output params as initialization (real, distinct NUL-termination issue reported separately as FN)",hostap_full_audit_0.4.169,med
ERR07-C,hostap,src/common/proc_coord.c,376,TP,"atoi(tmp) on peer-address-derived string, no error checking; literal-rule-text default",hostap_full_audit_0.4.169,med
ERR34-C,hostap,src/common/proc_coord.c,376,TP,"same atoi() call, no errno/range check",hostap_full_audit_0.4.169,med
EXP33-C,hostap,src/common/proc_coord.c,379,FP,"hdr is populated by recvmsg() via its iovec, and use is guarded by `if (res < sizeof(hdr)) goto out;` proving it was fully written on this path",hostap_full_audit_0.4.169,high
MSC17-C,hostap,src/common/proc_coord.c,386,FP,the preceding case (PROC_COORD_MSG_REQUEST) already has an explicit break at line 385; no fallthrough into this case,hostap_full_audit_0.4.169,high
CON33-C,hostap,src/common/proc_coord.c,548,FP,no-pthread FP class,hostap_full_audit_0.4.169,high
CON34-C,hostap,src/common/proc_coord.c,548,FP,no-pthread FP class,hostap_full_audit_0.4.169,high
CON34-C,hostap,src/common/proc_coord.c,552,FP,"no-pthread FP class, readdir() reentrancy concern moot without threads",hostap_full_audit_0.4.169,high
ERR07-C,hostap,src/common/proc_coord.c,553,TP,"atoi(de->d_name) on directory-entry-derived string, no error checking; literal-rule-text default",hostap_full_audit_0.4.169,med
ERR34-C,hostap,src/common/proc_coord.c,553,TP,"same atoi() call, no errno/range check",hostap_full_audit_0.4.169,med
EXP34-C,hostap,src/common/proc_coord.c,553,FP,the while ((de = readdir(dir))) loop condition already guards de against NULL for the entire loop body,hostap_full_audit_0.4.169,high
EXP43-C,hostap,src/common/proc_coord.c,573,FP,"proc_coord_send_request has no restrict-qualified params at all; pc passed both as the primary object and as an opaque cb_ctx passthrough, neither aliasing hazard nor a write conflict",hostap_full_audit_0.4.169,high
DCL13-C,hostap,src/common/proc_coord.c,581,FP,matches eloop_timeout_handler fixed dispatch-contract signature,hostap_full_audit_0.4.169,high
API00-C,hostap,src/common/proc_coord.c,602,FP,"internal-only/config-derived dir parameter, not externally nullable in practice",hostap_full_audit_0.4.169,high
EXP33-C,hostap,src/common/proc_coord.c,609,FP,"sizeof(*pc) is compile-time, not a runtime dereference of uninitialized pc",hostap_full_audit_0.4.169,high
CON33-C,hostap,src/common/proc_coord.c,634,FP,no-pthread FP class,hostap_full_audit_0.4.169,high
CON34-C,hostap,src/common/proc_coord.c,634,FP,no-pthread FP class,hostap_full_audit_0.4.169,high
POS02-C,hostap,src/common/proc_coord.c,641,FP,"local AF_UNIX bind() for IPC, not a privileged network operation; established categorical FP",hostap_full_audit_0.4.169,high
CON33-C,hostap,src/common/proc_coord.c,643,FP,no-pthread FP class,hostap_full_audit_0.4.169,high
CON34-C,hostap,src/common/proc_coord.c,643,FP,no-pthread FP class,hostap_full_audit_0.4.169,high
CON33-C,hostap,src/common/proc_coord.c,653,FP,no-pthread FP class,hostap_full_audit_0.4.169,high
CON34-C,hostap,src/common/proc_coord.c,653,FP,no-pthread FP class,hostap_full_audit_0.4.169,high
DCL30-C,hostap,src/common/proc_coord.c,668,FP,"pc = os_zalloc(...) is heap memory, not automatic storage",hostap_full_audit_0.4.169,high
MSC07-C,hostap,src/common/proc_coord.c,670,FP,"fail: is a goto target reached from 5 earlier error branches, not unreachable dead code; matches established goto-target-label-after-return blindness class",hostap_full_audit_0.4.169,high
API00-C,hostap,src/common/proc_coord.c,710,FP,"internal-only API, pc always valid",hostap_full_audit_0.4.169,high
EXP33-C,hostap,src/common/proc_coord.c,715,FP,"sizeof(*handler) is compile-time, not a runtime dereference",hostap_full_audit_0.4.169,high
API00-C,hostap,src/common/proc_coord.c,726,FP,"internal-only API, pc always valid",hostap_full_audit_0.4.169,high
DCL13-C,hostap,src/common/proc_coord.c,727,TP,"cb_ctx used only for pointer-identity comparison, never modified; genuine (low-value) const opportunity",hostap_full_audit_0.4.169,med
EXP33-C,hostap,src/common/proc_coord.c,789,FP,"sizeof(*req) is compile-time, not a runtime dereference",hostap_full_audit_0.4.169,high
API00-C,hostap,src/common/proc_coord.c,807,FP,"internal-only API, pc always valid",hostap_full_audit_0.4.169,high
API00-C,hostap,src/common/proc_coord.c,807,FP,"msg is a documented-optional param, checked downstream inside proc_coord_send_msg (`if (msg) {...}`), many call sites pass NULL deliberately",hostap_full_audit_0.4.169,high
API05-C,hostap,src/eap_peer/eap_tls_common.c,31,FP,"const u8 **data is a pointer-to-pointer out-param, no array semantics; API05-C idiom FP",hostap_full_audit_0.4.169,high
STR34-C,hostap,src/eap_peer/eap_tls_common.c,46,FP,"*name = NULL assigns a const char* value, not a char; type misclassification",hostap_full_audit_0.4.169,high
MEM10-C,hostap,src/eap_peer/eap_tls_common.c,57,FP,"MEM10-C ad-hoc NULL-check stylistic pedantry, established FP class",hostap_full_audit_0.4.169,high
ARR01-C,hostap,src/eap_peer/eap_tls_common.c,165,FP,"sizeof(*params) is the correct idiom for sizing the pointed-to struct, established FP class",hostap_full_audit_0.4.169,high
MSC01-C,hostap,src/eap_peer/eap_tls_common.c,277,FP,"deliberate no-final-else: falls through to the subsequent if(res) handling, not an unhandled case",hostap_full_audit_0.4.169,med
MEM10-C,hostap,src/eap_peer/eap_tls_common.c,309,FP,ad-hoc NULL-check stylistic pedantry,hostap_full_audit_0.4.169,high
DCL13-C,hostap,src/eap_peer/eap_tls_common.c,352,TP,"sm wholly unused in eap_peer_tls_ssl_deinit; not vtable-bound, genuine low-value const opportunity",hostap_full_audit_0.4.169,low
DCL13-C,hostap,src/eap_peer/eap_tls_common.c,378,TP,"sm unused in eap_peer_tls_derive_key; plain helper, genuine low-value TP",hostap_full_audit_0.4.169,low
DCL13-C,hostap,src/eap_peer/eap_tls_common.c,378,TP,"data only read (data->ssl_ctx/conn) in eap_peer_tls_derive_key, never modified",hostap_full_audit_0.4.169,low
API05-C,hostap,src/eap_peer/eap_tls_common.c,379,FP,"context+context_len ptr/size companion idiom, established API05-C FP class",hostap_full_audit_0.4.169,high
DCL30-C,hostap,src/eap_peer/eap_tls_common.c,394,FP,"out is os_malloc'd heap memory, not automatic storage; heap-vs-local confusion",hostap_full_audit_0.4.169,high
ARR02-C,hostap,src/eap_peer/eap_tls_common.c,420,TP,const u8 context[] sized only by its own initializer; genuine-if-trivial established class,hostap_full_audit_0.4.169,low
MSC41-C,hostap,src/eap_peer/eap_tls_common.c,431,FP,"""EXPORTER_EAP_TLS_Method-Id"" is an RFC 5705 TLS-exporter label constant, not a secret/password/key",hostap_full_audit_0.4.169,high
ARR00-C,hostap,src/eap_peer/eap_tls_common.c,436,FP,"id[0]=eap_type at :436 is only reached when method_id succeeded, i.e. the mutually-exclusive branch that frees id (:433) was not taken",hostap_full_audit_0.4.169,high
MEM12-C,hostap,src/eap_peer/eap_tls_common.c,449,FP,"bogus finding: line 449 is blank, 'id' is out of scope in this branch, and 'out' is returned (not leaked) at :456",hostap_full_audit_0.4.169,high
DCL30-C,hostap,src/eap_peer/eap_tls_common.c,457,FP,"out is os_malloc'd heap memory returned by value, not a local-storage address",hostap_full_audit_0.4.169,high
MEM12-C,hostap,src/eap_peer/eap_tls_common.c,457,FP,"out is returned via 'return out;' just above, not leaked; 'id' not in scope in this branch",hostap_full_audit_0.4.169,high
EXP36-C,hostap,src/eap_peer/eap_tls_common.c,546,FP,"bogus: eap_peer_tls_reassemble_fragment(data,in_data) call has no char* argument at all",hostap_full_audit_0.4.169,high
EXP36-C,hostap,src/eap_peer/eap_tls_common.c,546,FP,"duplicate of the same bogus finding on this line, no char*-to-int cast present",hostap_full_audit_0.4.169,high
DCL13-C,hostap,src/eap_peer/eap_tls_common.c,575,TP,"sm wholly unused in eap_tls_process_input; plain helper, genuine low-value TP",hostap_full_audit_0.4.169,low
MEM30-C,hostap,src/eap_peer/eap_tls_common.c,593,TP,wpabuf_free(data->tls_out) at :592 never resets the field to NULL before this WPA_ASSERT compares its now-indeterminate value; narrow (debug/EAPOL_TEST-only) but a real CERT MEM30-C concern,hostap_full_audit_0.4.169,low
DCL30-C,hostap,src/eap_peer/eap_tls_common.c,606,FP,"appl_data holds a heap pointer value from tls_connection_handshake's out-param; assigning *out_data=appl_data copies a value, not a local variable's address",hostap_full_audit_0.4.169,high
EXP36-C,hostap,src/eap_peer/eap_tls_common.c,745,FP,"bogus: eap_tls_process_input(sm,data,in_data,out_data) call has no char* argument",hostap_full_audit_0.4.169,high
EXP36-C,hostap,src/eap_peer/eap_tls_common.c,745,FP,duplicate bogus finding on same line,hostap_full_audit_0.4.169,high
EXP36-C,hostap,src/eap_peer/eap_tls_common.c,745,FP,duplicate bogus finding on same line (3rd copy),hostap_full_audit_0.4.169,high
DCL30-C,hostap,src/eap_peer/eap_tls_common.c,828,FP,"resp is eap_tls_msg_alloc-heap memory, not automatic storage",hostap_full_audit_0.4.169,high
DCL13-C,hostap,src/eap_peer/eap_tls_common.c,838,TP,"sm wholly unused in eap_peer_tls_reauth_init; plain helper, genuine low-value TP",hostap_full_audit_0.4.169,low
API00-C,hostap,src/eap_peer/eap_tls_common.c,855,FP,internal-only API; buflen supplied by a small set of internal ctrl_iface callers with fixed buffer sizes,hostap_full_audit_0.4.169,med
DCL13-C,hostap,src/eap_peer/eap_tls_common.c,855,TP,sm wholly unused in eap_peer_tls_status,hostap_full_audit_0.4.169,low
DCL13-C,hostap,src/eap_peer/eap_tls_common.c,855,TP,"data only read (ssl_ctx/conn) via tls_get_version/tls_get_cipher/tls_connection_resumed, never modified",hostap_full_audit_0.4.169,low
API05-C,hostap,src/eap_peer/eap_tls_common.c,856,FP,"buf+buflen ptr/size companion idiom, established API05-C FP class",hostap_full_audit_0.4.169,high
DCL13-C,hostap,src/eap_peer/eap_tls_common.c,856,FP,"buf is genuinely written via os_snprintf(buf+len,...) with len==0, i.e. directly through buf; const suggestion is factually wrong",hostap_full_audit_0.4.169,high
API00-C,hostap,src/eap_peer/eap_tls_common.c,905,FP,internal-only API; sm always supplied by fixed EAP-TLS-family method callers,hostap_full_audit_0.4.169,med
API00-C,hostap,src/eap_peer/eap_tls_common.c,905,FP,internal-only API; ret always a caller-owned struct eap_method_ret* from a fixed small caller set,hostap_full_audit_0.4.169,med
API00-C,hostap,src/eap_peer/eap_tls_common.c,905,FP,internal-only API; reqData always the eapReqData wpabuf from the EAP core dispatcher,hostap_full_audit_0.4.169,med
DCL13-C,hostap,src/eap_peer/eap_tls_common.c,905,TP,"sm only read (sm->workaround) in eap_peer_tls_process_init, never modified",hostap_full_audit_0.4.169,low
MEM33-C,hostap,src/eap_peer/eap_tls_common.c,945,FP,"bogus: '*flags = *pos++;' is a plain u8 scalar byte assignment, no flexible-array-member struct anywhere near this line",hostap_full_audit_0.4.169,high
DCL30-C,hostap,src/eap_peer/eap_tls_common.c,985,FP,"pos is a pointer into the caller-owned wpabuf reqData's underlying buffer (via eap_hdr_validate), not a local automatic-storage object",hostap_full_audit_0.4.169,high
DCL13-C,hostap,src/eap_peer/eap_tls_common.c,1027,TP,sm wholly unused in eap_peer_tls_decrypt,hostap_full_audit_0.4.169,low
DCL13-C,hostap,src/eap_peer/eap_tls_common.c,1059,TP,sm wholly unused in eap_peer_tls_encrypt,hostap_full_audit_0.4.169,low
API05-C,hostap,src/eap_peer/eap_tls_common.c,1094,FP,"types+num_types ptr/count companion idiom, established API05-C FP class",hostap_full_audit_0.4.169,high
ARR30-C,hostap,src/eap_peer/eap_tls_common.c,1116,FP,"while(start && *start != '\0') is a NUL-terminated string traversal, established ARR30-C FP class",hostap_full_audit_0.4.169,high
STR34-C,hostap,src/eap_peer/eap_tls_common.c,1129,FP,"*pos++ = '\0' is a plain char-to-char literal assignment, established STR34-C FP class",hostap_full_audit_0.4.169,high
MEM30-C,hostap,src/eap_peer/eap_tls_common.c,1140,FP,"sizeof(*methods) is a compile-time sizeof, not a dereference, and methods was never freed on this (else-branch) path",hostap_full_audit_0.4.169,high
ARR00-C,hostap,src/eap_peer/eap_tls_common.c,1147,FP,"methods was just reassigned from the successful realloc at :1146, not freed on this path",hostap_full_audit_0.4.169,high
ARR00-C,hostap,src/eap_peer/eap_tls_common.c,1148,FP,"same as :1147, methods points to freshly-reallocated valid memory",hostap_full_audit_0.4.169,high
DCL30-C,hostap,src/eap_peer/eap_tls_common.c,1168,FP,"methods is os_realloc_array/eap_get_phase2_types heap memory, not local automatic storage",hostap_full_audit_0.4.169,high
API00-C,hostap,src/eap_peer/eap_tls_common.c,1183,FP,internal-only API; types always supplied by eap_peer_select_phase2_methods' validated output,hostap_full_audit_0.4.169,med
API00-C,hostap,src/eap_peer/eap_tls_common.c,1183,FP,internal-only API; num_types always paired/validated with types by the same caller,hostap_full_audit_0.4.169,med
DCL13-C,hostap,src/eap_peer/eap_tls_common.c,1184,TP,"hdr only read (hdr->identifier, (u8*)(hdr+1)) in eap_peer_tls_phase2_nak, never modified",hostap_full_audit_0.4.169,low
EXP30-C,hostap,src/eap_server/eap_server_peap.c,98,FP,both eap_peap_state_txt() calls are pure switch-return accessors with no side effects to unsequence,hostap_full_audit_0.4.169,high
DCL13-C,hostap,src/eap_server/eap_server_peap.c,107,TP,"sm only read (sm->cfg/identity/identity_len) in eap_peap_valid_session, not vtable-bound",hostap_full_audit_0.4.169,low
DCL13-C,hostap,src/eap_server/eap_server_peap.c,108,TP,"data only read (data->ssl.conn) in eap_peap_valid_session, never modified",hostap_full_audit_0.4.169,low
DCL13-C,hostap,src/eap_server/eap_server_peap.c,136,TP,sm wholly unused in eap_peap_req_success,hostap_full_audit_0.4.169,low
DCL13-C,hostap,src/eap_server/eap_server_peap.c,153,TP,sm wholly unused in eap_peap_req_failure,hostap_full_audit_0.4.169,low
EXP33-C,hostap,src/eap_server/eap_server_peap.c,175,FP,"sizeof(*data) is compile-time, not a dereference; established EXP33-C sizeof(*ptr) FP class",hostap_full_audit_0.4.169,high
DCL30-C,hostap,src/eap_server/eap_server_peap.c,195,FP,"data is os_zalloc'd heap memory, not automatic storage",hostap_full_audit_0.4.169,high
DCL13-C,hostap,src/eap_server/eap_server_peap.c,214,TP,sm wholly unused in eap_peap_build_start,hostap_full_audit_0.4.169,low
DCL30-C,hostap,src/eap_server/eap_server_peap.c,232,FP,"req is eap_msg_alloc heap memory, not automatic storage",hostap_full_audit_0.4.169,high
DCL30-C,hostap,src/eap_server/eap_server_peap.c,267,FP,"encr_req is eap_server_tls_encrypt's heap-or-NULL return value, not automatic storage",hostap_full_audit_0.4.169,high
DCL30-C,hostap,src/eap_server/eap_server_peap.c,306,FP,"encr_req is heap memory from eap_server_tls_encrypt, not automatic storage",hostap_full_audit_0.4.169,high
DCL13-C,hostap,src/eap_server/eap_server_peap.c,311,TP,"data only read in eap_peap_build_phase2_soh; practically blocked from const by eap_server_tls_encrypt's non-const signature, standing default per b256 precedent",hostap_full_audit_0.4.169,low
STR31-C,hostap,src/eap_server/eap_server_peap.c,333,FP,"eap_tls13_context[1] is a 1-byte protocol context array, not a string buffer at all",hostap_full_audit_0.4.169,high
DCL30-C,hostap,src/eap_server/eap_server_peap.c,491,FP,"encr_req from eap_server_tls_encrypt is heap-or-NULL, not automatic storage",hostap_full_audit_0.4.169,high
EXP33-C,hostap,src/eap_server/eap_server_peap.c,503,FP,"sizeof(*hdr) at hdr's own declaration point, compile-time not a dereference",hostap_full_audit_0.4.169,high
DCL30-C,hostap,src/eap_server/eap_server_peap.c,523,FP,"encr_req from eap_server_tls_encrypt is heap memory, not automatic storage",hostap_full_audit_0.4.169,high
MSC17-C,hostap,src/eap_server/eap_server_peap.c,581,FP,"empty case PHASE2_METHOD stacked onto case PHASE2_ID to share the phase2_id: block; idiomatic case-label grouping, not a missing break",hostap_full_audit_0.4.169,med
MEM30-C,hostap,src/eap_server/eap_server_peap.c,604,FP,"switch(data->state)-arm conflation: this free is the only free reached in the mutually-exclusive FAILURE_REQ case, same class as the confirmed crypto_nettle.c switch-conflation bug",hostap_full_audit_0.4.169,high
DCL13-C,hostap,src/eap_server/eap_server_peap.c,620,FP,eap_peap_check is eap->check in the eap_method vtable; sm/priv are pinned by the dispatch contract,hostap_full_audit_0.4.169,high
DCL13-C,hostap,src/eap_server/eap_server_peap.c,620,FP,same vtable dispatch-contract FP as sm above,hostap_full_audit_0.4.169,high
DCL13-C,hostap,src/eap_server/eap_server_peap.c,655,TP,sm wholly unused in eap_tlv_validate_cryptobinding,hostap_full_audit_0.4.169,low
DCL13-C,hostap,src/eap_server/eap_server_peap.c,656,TP,"data only read (peap_version, cmk) in eap_tlv_validate_cryptobinding",hostap_full_audit_0.4.169,low
INT14-C,hostap,src/eap_server/eap_server_peap.c,726,FP,"bitwise ops act on pos[0] (dereferenced byte); pos itself is only ever advanced by pointer arithmetic, container-vs-dereference misattribution",hostap_full_audit_0.4.169,high
INT13-C,hostap,src/eap_server/eap_server_peap.c,728,TP,tlv_type is declared plain 'int' and used with << and | bitwise ops; literal INT13-C violation though values are always small/non-negative,hostap_full_audit_0.4.169,low
MSC01-C,hostap,src/eap_server/eap_server_peap.c,780,FP,deliberate no-final-else guard: absent-crypto-tlv-and-not-required case intentionally falls through with no action,hostap_full_audit_0.4.169,med
INT14-C,hostap,src/eap_server/eap_server_peap.c,849,FP,"same container-vs-dereference misattribution as :726, in the SOH TLV parser",hostap_full_audit_0.4.169,high
INT13-C,hostap,src/eap_server/eap_server_peap.c,851,TP,"same literal INT13-C shape as :728, tlv_type reused in SOH parser",hostap_full_audit_0.4.169,low
ARR00-C,hostap,src/eap_server/eap_server_peap.c,881,FP,"pos is a plain const u8* pointer, not a 2-element array; misidentified implicit-array bound, established ARR00-C FP class",hostap_full_audit_0.4.169,high
INT14-C,hostap,src/eap_server/eap_server_peap.c,882,FP,bitwise ops act on vpos[0]/vpos[1]; vpos itself only does pointer arithmetic (vpos+=4 later),hostap_full_audit_0.4.169,high
INT13-C,hostap,src/eap_server/eap_server_peap.c,884,TP,"same literal INT13-C shape, tlv_type reused a third time",hostap_full_audit_0.4.169,low
MEM30-C,hostap,src/eap_server/eap_server_peap.c,1046,FP,data->phase2_key was reassigned to getKey()'s new return value at :1044-1045 before this NULL check; the freed old value at :1042 is not what's read here,hostap_full_audit_0.4.169,high
MSC07-C,hostap,src/eap_server/eap_server_peap.c,1090,FP,"'case PHASE2_METHOD:' is simply the next switch label after a genuine break, always reachable via dispatch, not unreachable code",hostap_full_audit_0.4.169,high
MEM31-C,hostap,src/eap_server/eap_server_peap.c,1145,FP,"nbuf is unconditionally assigned into in_decrypted at :1161 (ownership renamed), which is freed on every subsequent exit path",hostap_full_audit_0.4.169,high
EXP33-C,hostap,src/eap_server/eap_server_peap.c,1153,FP,"sizeof(*nhdr) on nhdr's own assignment line, compile-time not a dereference",hostap_full_audit_0.4.169,high
MEM31-C,hostap,src/eap_server/eap_server_peap.c,1171,FP,wpabuf_free(in_decrypted) at :1169 already covers the buffer formerly named nbuf (renamed at :1161),hostap_full_audit_0.4.169,high
MEM31-C,hostap,src/eap_server/eap_server_peap.c,1181,FP,"same as :1171, in_decrypted (== former nbuf) is freed at :1179",hostap_full_audit_0.4.169,high
DCL13-C,hostap,src/eap_server/eap_server_peap.c,1211,FP,"eap_peap_process_version is passed as the fixed proc_version callback into eap_server_tls_process(); sm unused there too, same class as the eap_teap process_version precedent",hostap_full_audit_0.4.169,high
DCL13-C,hostap,src/eap_server/eap_server_peap.c,1340,FP,eap_peap_isDone is eap->isDone in the eap_method vtable; sm/priv pinned by dispatch contract,hostap_full_audit_0.4.169,high
DCL13-C,hostap,src/eap_server/eap_server_peap.c,1340,FP,same vtable dispatch-contract FP as sm above,hostap_full_audit_0.4.169,high
API05-C,hostap,src/eap_server/eap_server_peap.c,1347,FP,len is a scalar size_t* out-param with no array/bound semantics; API05-C scalar-out-param FP class,hostap_full_audit_0.4.169,high
STR31-C,hostap,src/eap_server/eap_server_peap.c,1352,FP,"eap_tls13_context[1] is a 1-byte protocol context array, not a string buffer",hostap_full_audit_0.4.169,high
DCL30-C,hostap,src/eap_server/eap_server_peap.c,1384,FP,"eapKeyData is os_malloc'd heap memory, not automatic storage",hostap_full_audit_0.4.169,high
DCL30-C,hostap,src/eap_server/eap_server_peap.c,1408,FP,"eapKeyData is eap_server_tls_derive_key's heap return value, not automatic storage",hostap_full_audit_0.4.169,high
API05-C,hostap,src/eap_server/eap_server_peap.c,1412,FP,"len scalar out-param, same API05-C FP class",hostap_full_audit_0.4.169,high
STR31-C,hostap,src/eap_server/eap_server_peap.c,1417,FP,"eap_tls13_context[1] 1-byte context array, not a string buffer",hostap_full_audit_0.4.169,high
DCL30-C,hostap,src/eap_server/eap_server_peap.c,1454,FP,"emsk is os_memdup'd heap memory, not automatic storage",hostap_full_audit_0.4.169,high
DCL13-C,hostap,src/eap_server/eap_server_peap.c,1458,FP,eap_peap_get_emsk is eap->get_emsk in the eap_method vtable; sm/priv pinned by dispatch contract,hostap_full_audit_0.4.169,high
DCL13-C,hostap,src/eap_server/eap_server_peap.c,1458,FP,same vtable dispatch-contract FP as sm above,hostap_full_audit_0.4.169,high
API05-C,hostap,src/eap_server/eap_server_peap.c,1465,FP,"len scalar out-param, same API05-C FP class",hostap_full_audit_0.4.169,high
MEM31-C,hostap,src/eap_server/eap_server_peap.c,1481,FP,"eap is passed to eap_server_method_register(eap), which takes ownership by contract (same as the confirmed eap_server_teap_register precedent)",hostap_full_audit_0.4.169,high
API05-C,hostap,src/l2_packet/l2_packet_privsep.c,30,FP,"ptr+size_t idiom (data,data_len); established API05-C FP class",hostap_full_audit_0.4.169,high
EXP05-C,hostap,src/l2_packet/l2_packet_privsep.c,37,FP,cast-away-const on data only used read-only for iov_base; never mutated downstream,hostap_full_audit_0.4.169,high
EXP36-C,hostap,src/l2_packet/l2_packet_privsep.c,37,FP,"u8=uint8_t has alignment 1, same as char; alignment-4 claim is factually wrong",hostap_full_audit_0.4.169,high
ARR01-C,hostap,src/l2_packet/l2_packet_privsep.c,44,FP,"sizeof(l2->priv_addr) is sizeof of a struct member, unaffected by l2's pointer decay; correct idiom",hostap_full_audit_0.4.169,high
DCL39-C,hostap,src/l2_packet/l2_packet_privsep.c,46,FP,"msg is os_memset(&msg,0,sizeof(msg)) at :40 before sendmsg; no padding leak, matches ifr-zeroed precedent",hostap_full_audit_0.4.169,high
CON33-C,hostap,src/l2_packet/l2_packet_privsep.c,47,FP,"single-threaded eloop code, no pthread anywhere; strerror() safe (established hostap driver-code FP class)",hostap_full_audit_0.4.169,high
CON34-C,hostap,src/l2_packet/l2_packet_privsep.c,47,FP,same as CON33-C: no-pthread FP,hostap_full_audit_0.4.169,high
API00-C,hostap,src/l2_packet/l2_packet_privsep.c,55,FP,"l2_packet_get_own_addr internal-only API, all callers pass a live l2 handle",hostap_full_audit_0.4.169,high
DCL13-C,hostap,src/l2_packet/l2_packet_privsep.c,55,FP,l2 pinned by shared l2_packet.h backend-interface signature (tls_none.c precedent); other backends mutate via l2,hostap_full_audit_0.4.169,high
API00-C,hostap,src/l2_packet/l2_packet_privsep.c,62,FP,"dst_addr genuinely nullable by design (broadcast callers pass NULL) but never dereferenced here (see FN: address-of-pointer bug), so no NULL-deref risk from this line",hostap_full_audit_0.4.169,med
EXP05-C,hostap,src/l2_packet/l2_packet_privsep.c,75,FP,cast-away-const on buf only used read-only for iov_base; never mutated downstream,hostap_full_audit_0.4.169,high
ARR01-C,hostap,src/l2_packet/l2_packet_privsep.c,82,FP,"sizeof(l2->priv_addr) correct idiom, not affected by pointer decay",hostap_full_audit_0.4.169,high
DCL39-C,hostap,src/l2_packet/l2_packet_privsep.c,84,FP,"msg os_memset at :78 before sendmsg; zeroed struct, no padding leak",hostap_full_audit_0.4.169,high
CON33-C,hostap,src/l2_packet/l2_packet_privsep.c,86,FP,no-pthread FP,hostap_full_audit_0.4.169,high
CON34-C,hostap,src/l2_packet/l2_packet_privsep.c,86,FP,no-pthread FP,hostap_full_audit_0.4.169,high
DCL13-C,hostap,src/l2_packet/l2_packet_privsep.c,94,FP,eloop_ctx pinned by eloop_sock_handler typedef dispatch contract (eloop_register_read_sock),hostap_full_audit_0.4.169,high
DCL13-C,hostap,src/l2_packet/l2_packet_privsep.c,94,FP,sock_ctx pinned by eloop_sock_handler typedef dispatch contract,hostap_full_audit_0.4.169,high
CON33-C,hostap,src/l2_packet/l2_packet_privsep.c,107,FP,no-pthread FP,hostap_full_audit_0.4.169,high
CON34-C,hostap,src/l2_packet/l2_packet_privsep.c,107,FP,no-pthread FP,hostap_full_audit_0.4.169,high
API00-C,hostap,src/l2_packet/l2_packet_privsep.c,128,FP,l2_packet_init internal-only API; ifname always a fixed interface-name string from internal callers,hostap_full_audit_0.4.169,med
DCL00-C,hostap,src/l2_packet/l2_packet_privsep.c,135,TP,"own_dir=""/tmp"" never modified afterward, genuinely const-qualifiable",hostap_full_audit_0.4.169,low
STR05-C,hostap,src/l2_packet/l2_packet_privsep.c,135,TP,string literal assigned to non-const char*; established low-severity STR05-C class,hostap_full_audit_0.4.169,low
DCL00-C,hostap,src/l2_packet/l2_packet_privsep.c,136,TP,"priv_dir=""/var/run/wpa_priv"" never modified, genuinely const-qualifiable",hostap_full_audit_0.4.169,low
STR05-C,hostap,src/l2_packet/l2_packet_privsep.c,136,TP,string literal assigned to non-const char*; established low-severity STR05-C class,hostap_full_audit_0.4.169,low
CON03-C,hostap,src/l2_packet/l2_packet_privsep.c,138,FP,static counter only touched from single-threaded eloop-driven l2_packet_init; no-pthread FP,hostap_full_audit_0.4.169,high
MEM05-C,hostap,src/l2_packet/l2_packet_privsep.c,143,FP,"u8 reply[ETH_ALEN+1] is a fixed compile-time-constant-sized array, not a VLA",hostap_full_audit_0.4.169,high
CON33-C,hostap,src/l2_packet/l2_packet_privsep.c,167,FP,no-pthread FP,hostap_full_audit_0.4.169,high
CON34-C,hostap,src/l2_packet/l2_packet_privsep.c,167,FP,no-pthread FP,hostap_full_audit_0.4.169,high
MEM12-C,hostap,src/l2_packet/l2_packet_privsep.c,171,FP,false leak: own_socket_path already os_free'd + NULLed at :168-169 before this return,hostap_full_audit_0.4.169,high
POS02-C,hostap,src/l2_packet/l2_packet_privsep.c,177,FP,"bind() is on a local AF_UNIX privsep IPC socket, not a privileged network bind; matches driver_privsep.c precedent (41plus_b208)",hostap_full_audit_0.4.169,high
CON33-C,hostap,src/l2_packet/l2_packet_privsep.c,179,FP,no-pthread FP,hostap_full_audit_0.4.169,high
CON34-C,hostap,src/l2_packet/l2_packet_privsep.c,179,FP,no-pthread FP,hostap_full_audit_0.4.169,high
CON33-C,hostap,src/l2_packet/l2_packet_privsep.c,197,FP,no-pthread FP,hostap_full_audit_0.4.169,high
CON34-C,hostap,src/l2_packet/l2_packet_privsep.c,197,FP,no-pthread FP,hostap_full_audit_0.4.169,high
EXP33-C,hostap,src/l2_packet/l2_packet_privsep.c,202,FP,"reply is the output buffer passed to recv(), which fills it; not read uninitialized",hostap_full_audit_0.4.169,high
CON33-C,hostap,src/l2_packet/l2_packet_privsep.c,204,FP,no-pthread FP,hostap_full_audit_0.4.169,high
CON34-C,hostap,src/l2_packet/l2_packet_privsep.c,204,FP,no-pthread FP,hostap_full_audit_0.4.169,high
DCL30-C,hostap,src/l2_packet/l2_packet_privsep.c,222,FP,"l2 = os_zalloc(...); heap storage, not automatic/local storage",hostap_full_audit_0.4.169,high
MEM12-C,hostap,src/l2_packet/l2_packet_privsep.c,222,FP,"success path returns l2, which legitimately owns own_socket_path/fd (ownership transfer to caller), not a leak",hostap_full_audit_0.4.169,high
MSC07-C,hostap,src/l2_packet/l2_packet_privsep.c,224,FP,"fail: is a goto target reached from earlier error branches, not unreachable",hostap_full_audit_0.4.169,high
MEM12-C,hostap,src/l2_packet/l2_packet_privsep.c,231,FP,false leak: own_socket_path already os_free'd + NULLed at :228-229 before this return,hostap_full_audit_0.4.169,high
API00-C,hostap,src/l2_packet/l2_packet_privsep.c,235,FP,l2_packet_init_bridge thin wrapper forwarding to l2_packet_init; internal-only API,hostap_full_audit_0.4.169,med
API00-C,hostap,src/l2_packet/l2_packet_privsep.c,235,FP,"same wrapper, own_addr forwarded unchecked to l2_packet_init",hostap_full_audit_0.4.169,med
API00-C,hostap,src/l2_packet/l2_packet_privsep.c,235,FP,"same wrapper, rx_callback forwarded unchecked to l2_packet_init",hostap_full_audit_0.4.169,med
MEM10-C,hostap,src/l2_packet/l2_packet_privsep.c,249,FP,if (l2==NULL) return; is the standard idiomatic NULL check (established MEM10-C FP class),hostap_full_audit_0.4.169,high
DCL13-C,hostap,src/l2_packet/l2_packet_privsep.c,267,FP,l2 pinned by shared l2_packet.h backend-interface signature,hostap_full_audit_0.4.169,high
API05-C,hostap,src/l2_packet/l2_packet_privsep.c,267,FP,"buf+len idiom, established API05-C FP",hostap_full_audit_0.4.169,high
DCL13-C,hostap,src/l2_packet/l2_packet_privsep.c,267,FP,buf unused in this stub (/* TODO */ return -1) but pinned by shared multi-backend l2_packet_get_ip_addr signature; other backends (linux/freebsd/pcap) write through buf,hostap_full_audit_0.4.169,med
API00-C,hostap,src/l2_packet/l2_packet_privsep.c,274,FP,"l2_packet_notify_auth_start internal-only API, always called with a live l2 handle",hostap_full_audit_0.4.169,high
DCL13-C,hostap,src/l2_packet/l2_packet_privsep.c,280,FP,l2 pinned by shared l2_packet.h backend-interface signature,hostap_full_audit_0.4.169,high
PRE08-C,hostap,src/ap/ieee802_11_he.c,14,TP,ieee802_11_defs.h/ieee802_11_common.h genuinely share 'ieee802_' first 8 chars; low-value literal-rule-text TP,hostap_full_audit_0.4.169,low
PRE08-C,hostap,src/ap/ieee802_11_he.c,14,TP,ieee802_11_defs.h/ieee802_11.h genuinely share first 8 chars; low-value TP,hostap_full_audit_0.4.169,low
PRE08-C,hostap,src/ap/ieee802_11_he.c,15,TP,ieee802_11_common.h/ieee802_11.h genuinely share first 8 chars; low-value TP,hostap_full_audit_0.4.169,low
INT14-C,hostap,src/ap/ieee802_11_he.c,32,FP,"ppe_thres_hdr itself only ever appears with bitwise >>/&; the arithmetic (+1,*) is on the AND's result, not on the variable directly",hostap_full_audit_0.4.169,med
INT14-C,hostap,src/ap/ieee802_11_he.c,43,FP,"HE_PPE_THRES_NSS_MASK is a #define macro constant, not a variable at all",hostap_full_audit_0.4.169,high
EXP05-C,hostap,src/ap/ieee802_11_he.c,73,FP,"cap cast from const buf is read-only (used only to size mcs/ppet fields), never mutated downstream",hostap_full_audit_0.4.169,high
API00-C,hostap,src/ap/ieee802_11_he.c,91,FP,hostapd_eid_he_capab internal-only API; called from beacon-building code with always-valid hapd,hostap_full_audit_0.4.169,high
DCL13-C,hostap,src/ap/ieee802_11_he.c,91,TP,"hapd used read-only in this function (mode/conf fields only read); genuinely const-qualifiable, low value",hostap_full_audit_0.4.169,low
DCL13-C,hostap,src/ap/ieee802_11_he.c,91,FP,eid aliased to local pos which is written through (*pos++=...); const-ing eid would break the assignment,hostap_full_audit_0.4.169,high
MSC13-C,hostap,src/ap/ieee802_11_he.c,98,TP,ie_size=0 initializer is always overwritten at :110 before any read; genuine trivial dead store,hostap_full_audit_0.4.169,low
DCL22-C,hostap,src/ap/ieee802_11_he.c,99,FP,"epos is a plain local pointer walked across ordinary (non-signal, non-async) os_memcpy calls; not a volatile candidate",hostap_full_audit_0.4.169,high
DCL30-C,hostap,src/ap/ieee802_11_he.c,102,FP,"eid is the function PARAMETER returned unchanged, not a local automatic-storage object",hostap_full_audit_0.4.169,high
ARR39-C,hostap,src/ap/ieee802_11_he.c,110,FP,IEEE80211_HE_CAPAB_MIN_LEN + mcs_nss_size + ppet_size is a pure integer sum with no pointer operand at all,hostap_full_audit_0.4.169,high
ARR37-C,hostap,src/ap/ieee802_11_he.c,125,FP,"epos is a plain local u8* variable (declared :99), not a struct member; not accessed via '->' at all",hostap_full_audit_0.4.169,high
DCL30-C,hostap,src/ap/ieee802_11_he.c,153,FP,"pos derives from parameter eid (caller's buffer), not from any local automatic-storage array",hostap_full_audit_0.4.169,high
API00-C,hostap,src/ap/ieee802_11_he.c,157,FP,"hostapd_eid_he_operation internal-only API, closed call sites always pass valid eid buffer",hostap_full_audit_0.4.169,high
DCL13-C,hostap,src/ap/ieee802_11_he.c,157,FP,eid aliased to local pos which is written through (*pos++=...),hostap_full_audit_0.4.169,high
DCL30-C,hostap,src/ap/ieee802_11_he.c,165,FP,"eid is the parameter returned unchanged on an early exit, not local storage",hostap_full_audit_0.4.169,high
DCL30-C,hostap,src/ap/ieee802_11_he.c,275,FP,"pos derives from parameter eid, not local automatic storage",hostap_full_audit_0.4.169,high
API00-C,hostap,src/ap/ieee802_11_he.c,279,FP,"hostapd_eid_he_mu_edca_parameter_set internal-only API, hapd always valid",hostap_full_audit_0.4.169,high
API00-C,hostap,src/ap/ieee802_11_he.c,279,FP,"eid internal-only API, closed call sites",hostap_full_audit_0.4.169,high
DCL13-C,hostap,src/ap/ieee802_11_he.c,279,FP,"eid aliased to pos, written through via *pos++ and the edca overlay",hostap_full_audit_0.4.169,high
EXP33-C,hostap,src/ap/ieee802_11_he.c,286,FP,"sizeof(*edca) is a compile-time type-size expression, not a runtime dereference of the still-uninitialized edca",hostap_full_audit_0.4.169,high
DCL30-C,hostap,src/ap/ieee802_11_he.c,306,FP,"pos derives from parameter eid, not local automatic storage",hostap_full_audit_0.4.169,high
API00-C,hostap,src/ap/ieee802_11_he.c,310,FP,"hostapd_eid_spatial_reuse internal-only API, eid always valid",hostap_full_audit_0.4.169,high
DCL13-C,hostap,src/ap/ieee802_11_he.c,310,FP,eid aliased to local pos which is written through,hostap_full_audit_0.4.169,high
DCL30-C,hostap,src/ap/ieee802_11_he.c,317,FP,"eid is the parameter returned unchanged on an early exit, not local storage",hostap_full_audit_0.4.169,high
DCL30-C,hostap,src/ap/ieee802_11_he.c,353,FP,"pos derives from parameter eid, not local automatic storage",hostap_full_audit_0.4.169,high
API00-C,hostap,src/ap/ieee802_11_he.c,357,FP,"hostapd_eid_he_6ghz_band_cap internal-only API, eid always valid",hostap_full_audit_0.4.169,high
DCL13-C,hostap,src/ap/ieee802_11_he.c,357,TP,"hapd used read-only (mode/conf/iconf fields only read); genuinely const-qualifiable, low value",hostap_full_audit_0.4.169,low
DCL13-C,hostap,src/ap/ieee802_11_he.c,357,FP,eid aliased to local pos which is written through,hostap_full_audit_0.4.169,high
EXP33-C,hostap,src/ap/ieee802_11_he.c,386,FP,"sizeof(*cap) is compile-time type-size, not a real dereference of the still-uninitialized cap",hostap_full_audit_0.4.169,high
DCL30-C,hostap,src/ap/ieee802_11_he.c,393,FP,"pos derives from parameter eid, not local automatic storage",hostap_full_audit_0.4.169,high
API00-C,hostap,src/ap/ieee802_11_he.c,397,FP,"hostapd_get_he_capab has exactly one call site (ieee802_11.c:5463), always passing &he_cap, never NULL",hostap_full_audit_0.4.169,high
DCL13-C,hostap,src/ap/ieee802_11_he.c,397,TP,hapd is completely unused in this function body; trivially const-qualifiable,hostap_full_audit_0.4.169,high
ARR01-C,hostap,src/ap/ieee802_11_he.c,405,FP,"sizeof(*neg_he_cap) is the correct sizeof-pointee idiom, unrelated to parameter decay",hostap_full_audit_0.4.169,high
ARR01-C,hostap,src/ap/ieee802_11_he.c,406,FP,sizeof(*neg_he_cap) correct sizeof-pointee idiom,hostap_full_audit_0.4.169,high
DCL13-C,hostap,src/ap/ieee802_11_he.c,413,TP,hapd used read-only in check_valid_he_mcs (current_mode/conf fields only read); low-value TP,hostap_full_audit_0.4.169,low
MSC13-C,hostap,src/ap/ieee802_11_he.c,417,TP,mcs_count=0 initializer always overwritten by the switch below before any read; genuine trivial dead store,hostap_full_audit_0.4.169,low
ARR37-C,hostap,src/ap/ieee802_11_he.c,450,FP,"sta_mcs_set is a plain local const u8* variable (declared :419), initialized FROM a struct member's address but not itself a struct member",hostap_full_audit_0.4.169,high
INT14-C,hostap,src/ap/ieee802_11_he.c,455,FP,"j is only ever a loop counter / shift-count operand (j++, j*2); never itself operated on with a bitwise operator",hostap_full_audit_0.4.169,med
INT13-C,hostap,src/ap/ieee802_11_he.c,455,FP,"j is the shift-COUNT (right operand of >>), not the value being shifted; the shifted value ap_tx_mcs_set is already unsigned u16",hostap_full_audit_0.4.169,high
INT13-C,hostap,src/ap/ieee802_11_he.c,458,FP,"same misapplication: j is the shift count, not the shifted operand",hostap_full_audit_0.4.169,high
EXP20-C,hostap,src/ap/ieee802_11_he.c,478,FP,check_valid_he_mcs is a locally-defined boolean-style predicate (1=valid/0=invalid) used consistently with '!'; no real success/failure ambiguity,hostap_full_audit_0.4.169,med
ARR00-C,hostap,src/ap/ieee802_11_he.c,536,FP,"mode is an internal enum ieee80211_op_mode; only 2 call sites, both passing fixed compile-time constants, never wire-derived",hostap_full_audit_0.4.169,med
ARR00-C,hostap,src/ap/ieee802_11_he.c,540,FP,"same closed-call-site enum parameter, not attacker-controlled",hostap_full_audit_0.4.169,med
API00-C,hostap,src/ap/ieee802_11_he.c,547,FP,"hostapd_eid_cca internal-only API, eid always valid from beacon-building code",hostap_full_audit_0.4.169,high
DCL13-C,hostap,src/ap/ieee802_11_he.c,547,TP,hapd used read-only (cca_in_progress/cca_count/cca_color fields only read); low-value TP,hostap_full_audit_0.4.169,low
DCL13-C,hostap,src/ap/ieee802_11_he.c,547,FP,"eid is directly written through (*eid++ = ...) in this function, unlike the aliased-pos shape elsewhere in the file",hostap_full_audit_0.4.169,high
