rule,project,file,line,verdict,reason,provenance,confidence
PRE08-C,hostap,wpa_supplicant/events.c,31,TP,Shares first 8 chars 'ieee802_' with ieee802_11_common.h; literally true but low-value (established convention).,hostap_full_audit_0.4.169,med
API00-C,hostap,wpa_supplicant/events.c,70,FP,wpas_temp_disabled is internal-only; wpa_s never NULL from any call site.,hostap_full_audit_0.4.169,high
DCL13-C,hostap,wpa_supplicant/events.c,126,FP,"eloop_timeout_handler fixed (void*,void*) signature; can't add const.",hostap_full_audit_0.4.169,high
DCL37-C,hostap,wpa_supplicant/events.c,142,TP,__wpa_supplicant_get_new_bss uses reserved leading-double-underscore identifier (C 7.1.3).,hostap_full_audit_0.4.169,med
DCL30-C,hostap,wpa_supplicant/events.c,161,FP,"bss is heap-backed via wpa_bss_get*(), not automatic storage.",hostap_full_audit_0.4.169,high
ENV01-C,hostap,wpa_supplicant/events.c,174,FP,drv_ssid is a plain stack array; no getenv() anywhere in the function -- factually wrong.,hostap_full_audit_0.4.169,high
DCL30-C,hostap,wpa_supplicant/events.c,206,FP,Same heap-backed bss pointer pattern as :161.,hostap_full_audit_0.4.169,high
DCL13-C,hostap,wpa_supplicant/events.c,221,TP,data is only ever read in this static helper (wpa_supplicant_select_config).,hostap_full_audit_0.4.169,med
ENV01-C,hostap,wpa_supplicant/events.c,225,FP,Same as :174 -- no getenv() at all in the function.,hostap_full_audit_0.4.169,high
DCL13-C,hostap,wpa_supplicant/events.c,324,FP,eloop timeout callback (sock_ctx) fixed signature.,hostap_full_audit_0.4.169,high
ARR01-C,hostap,wpa_supplicant/events.c,358,FP,"sizeof(wpa_s->links) sizes the fixed-size struct member array itself, not the decayed wpa_s pointer.",hostap_full_audit_0.4.169,high
ARR01-C,hostap,wpa_supplicant/events.c,429,FP,sizeof(wpa_s->last_tk) same member-array shape as :358.,hostap_full_audit_0.4.169,high
DCL13-C,hostap,wpa_supplicant/events.c,491,TP,data is read-only in this static event handler (wpa_supplicant_event_pmkid_candidate).,hostap_full_audit_0.4.169,med
MEM10-C,hostap,wpa_supplicant/events.c,493,FP,"Stylistic ad-hoc-NULL-check convention finding, not a real defect.",hostap_full_audit_0.4.169,high
DCL13-C,hostap,wpa_supplicant/events.c,510,TP,wpa_s is read-only in wpa_supplicant_dynamic_keys.,hostap_full_audit_0.4.169,med
DCL13-C,hostap,wpa_supplicant/events.c,542,TP,ssid is read-only in wpa_supplicant_scard_init.,hostap_full_audit_0.4.169,med
MSC01-C,hostap,wpa_supplicant/events.c,562,FP,else-if with no final else deliberately skips unmatched EAP methods (do-nothing case).,hostap_full_audit_0.4.169,high
DCL13-C,hostap,wpa_supplicant/events.c,605,TP,has_wep_key's ssid is read-only.,hostap_full_audit_0.4.169,med
DCL13-C,hostap,wpa_supplicant/events.c,619,TP,wpa_supplicant_match_privacy's bss is read-only.,hostap_full_audit_0.4.169,med
INT14-C,hostap,wpa_supplicant/events.c,678,FP,"Identifier-only-match: different ssid-> fields used with & vs indexing, not the same value mixed.",hostap_full_audit_0.4.169,high
DCL13-C,hostap,wpa_supplicant/events.c,942,TP,freq_allowed's freqs is read-only.,hostap_full_audit_0.4.169,med
MEM10-C,hostap,wpa_supplicant/events.c,946,FP,Stylistic ad-hoc-NULL-check convention finding.,hostap_full_audit_0.4.169,high
INT14-C,hostap,wpa_supplicant/events.c,999,FP,"rate_ie used for bitwise flag extraction and separately for indexing; stylistic-pedantry mismatch, not a real signedness hazard.",hostap_full_audit_0.4.169,high
INT14-C,hostap,wpa_supplicant/events.c,1000,FP,j is a plain loop counter; finding conflates it with unrelated bitwise use of rate_ie[j].,hostap_full_audit_0.4.169,high
DCL00-C,hostap,wpa_supplicant/events.c,1001,TP,"r is a fresh per-iteration local, initialized once and never reassigned.",hostap_full_audit_0.4.169,med
INT10-C,hostap,wpa_supplicant/events.c,1086,FP,r = (u8 & 0x7f) * 5 is provably non-negative by construction despite the int type.,hostap_full_audit_0.4.169,high
EXP30-C,hostap,wpa_supplicant/events.c,1155,FP,"wpa_dbg/MAC2STR pure-accessor logging args, no side effects to unsequence.",hostap_full_audit_0.4.169,high
DCL13-C,hostap,wpa_supplicant/events.c,1197,TP,disabled_freq's wpa_s is read-only.,hostap_full_audit_0.4.169,med
MSC04-C,hostap,wpa_supplicant/events.c,1226,TP,"sae_pk_acceptable_bss_with_pk<->wpa_scan_res_ok is a real, unmemoized mutual recursion bounded only by the scan BSS-list size; two same-ESS SAE-PK BSSes can re-enter each other.",hostap_full_audit_0.4.169,med
DCL13-C,hostap,wpa_supplicant/events.c,1227,TP,orig_bss is read-only (only compared).,hostap_full_audit_0.4.169,med
MSC04-C,hostap,wpa_supplicant/events.c,1261,TP,Same mutual-recursion pair as :1226 (reverse direction).,hostap_full_audit_0.4.169,med
MSC13-C,hostap,wpa_supplicant/events.c,1267,TP,check_ssid=false is never read; unconditionally overwritten at :1290 before any use.,hostap_full_audit_0.4.169,med
MSC01-C,hostap,wpa_supplicant/events.c,1286,FP,Guard-clause chain; unmatched case intentionally does nothing further.,hostap_full_audit_0.4.169,high
EXP34-C,hostap,wpa_supplicant/events.c,1592,FP,owe_ssid && guard is on the same short-circuited if-condition as the os_memcmp call.,hostap_full_audit_0.4.169,high
API00-C,hostap,wpa_supplicant/events.c,1619,FP,wpa_scan_res_match is internal-only; i is a bounded loop index and group is never NULL from any of its ~4 call sites.,hostap_full_audit_0.4.169,high
API00-C,hostap,wpa_supplicant/events.c,1619,FP,wpa_scan_res_match is internal-only; i is a bounded loop index and group is never NULL from any of its ~4 call sites.,hostap_full_audit_0.4.169,high
DCL13-C,hostap,wpa_supplicant/events.c,1621,TP,group is read-only in wpa_scan_res_match.,hostap_full_audit_0.4.169,med
EXP30-C,hostap,wpa_supplicant/events.c,1639,FP,"wpa_dbg/MAC2STR logging args, pure accessors.",hostap_full_audit_0.4.169,high
EXP20-C,hostap,wpa_supplicant/events.c,1655,FP,== 1 here deliberately means 'exactly one enabled network' (special-case limit); != 0 would change behavior and break the intent.,hostap_full_audit_0.4.169,high
DCL30-C,hostap,wpa_supplicant/events.c,1713,FP,"ssid walks the persistent wpa_s->conf ssid linked list (group/ssid->pnext), not local automatic storage.",hostap_full_audit_0.4.169,high
API00-C,hostap,wpa_supplicant/events.c,1721,FP,wpa_supplicant_select_bss's wpa_s/group are never actually NULL across its ~4 call sites (internal invariant).,hostap_full_audit_0.4.169,high
API00-C,hostap,wpa_supplicant/events.c,1721,FP,wpa_supplicant_select_bss's wpa_s/group are never actually NULL across its ~4 call sites (internal invariant).,hostap_full_audit_0.4.169,high
EXP34-C,hostap,wpa_supplicant/events.c,1750,FP,group is the same internal-invariant parameter as the API00-C finding at :1721 -- never NULL in practice.,hostap_full_audit_0.4.169,high
EXP30-C,hostap,wpa_supplicant/events.c,1764,FP,wpa_dbg/MAC2STR logging args.,hostap_full_audit_0.4.169,high
ARR00-C,hostap,wpa_supplicant/events.c,1800,FP,prio is initialized in its own for-loop init clause (for (prio = 0; ...)).,hostap_full_audit_0.4.169,high
MSC01-C,hostap,wpa_supplicant/events.c,1823,FP,else-if selected==NULL break is a deliberate guard clause.,hostap_full_audit_0.4.169,high
EXP34-C,hostap,wpa_supplicant/events.c,1924,FP,"selected is already dereferenced earlier in this same static function without complaint; internal invariant, never NULL when it's called.",hostap_full_audit_0.4.169,high
MSC04-C,hostap,wpa_supplicant/events.c,1977,FP,"wnm_btm_resp_tx_status is only reachable under case EVENT_TX_STATUS, but wpa_supplicant_deauthenticate always calls wpa_supplicant_event with the fixed EVENT_DEAUTH -- this closing edge is statically unreachable.",hostap_full_audit_0.4.169,high
EXP34-C,hostap,wpa_supplicant/events.c,1982,FP,ssid is always a real network-profile pointer at every call site of wpa_supplicant_connect.,hostap_full_audit_0.4.169,high
EXP30-C,hostap,wpa_supplicant/events.c,2006,FP,"wpa_msg/MAC2STR logging args, pure accessors.",hostap_full_audit_0.4.169,high
EXP34-C,hostap,wpa_supplicant/events.c,2010,FP,"selected is the same internal-invariant parameter, never NULL in practice.",hostap_full_audit_0.4.169,high
ARR00-C,hostap,wpa_supplicant/events.c,2054,FP,"prio initialized in its own for-loop init clause, same shape as :1800.",hostap_full_audit_0.4.169,high
DCL30-C,hostap,wpa_supplicant/events.c,2073,FP,"ssid walks wpa_s->conf->pssid[] persistent config list, not local storage.",hostap_full_audit_0.4.169,high
MSC13-C,hostap,wpa_supplicant/events.c,2159,TP,cur_snr=0 is unconditionally overwritten before its only read at :2268.,hostap_full_audit_0.4.169,med
MSC13-C,hostap,wpa_supplicant/events.c,2160,TP,ret=0 is unconditionally overwritten by the if/else at :2316/2321 before the return.,hostap_full_audit_0.4.169,med
ARR36-C,hostap,wpa_supplicant/events.c,2294,FP,"cur_est/sel_est are plain unsigned int locals, not pointers; message conflates the source struct field with the actual comparison operands.",hostap_full_audit_0.4.169,high
MSC01-C,hostap,wpa_supplicant/events.c,2302,FP,else-if chain intentionally leaves min_diff unchanged outside the checked signal bands.,hostap_full_audit_0.4.169,high
ARR36-C,hostap,wpa_supplicant/events.c,2302,FP,Same integer-vs-pointer conflation as :2294.,hostap_full_audit_0.4.169,high
ARR36-C,hostap,wpa_supplicant/events.c,2311,FP,"diff = sel_level - cur_level is plain int subtraction, not pointer subtraction.",hostap_full_audit_0.4.169,high
EXP30-C,hostap,wpa_supplicant/events.c,2323,FP,wpa_msg_ctrl/MAC2STR logging args.,hostap_full_audit_0.4.169,high
MSC37-C,hostap,wpa_supplicant/events.c,2337,FP,"wpa_supplicant_need_to_roam returns explicitly on every branch, including both #ifdef CONFIG_NO_ROAMING arms.",hostap_full_audit_0.4.169,high
DCL13-C,hostap,wpa_supplicant/events.c,2339,TP,ssid is read-only in wpa_supplicant_need_to_roam.,hostap_full_audit_0.4.169,med
EXP34-C,hostap,wpa_supplicant/events.c,2395,FP,data is null-guarded by its only caller (`data &&` at :2786) before wpas_trigger_6ghz_scan is invoked.,hostap_full_audit_0.4.169,high
DCL13-C,hostap,wpa_supplicant/events.c,2412,TP,wpa_s is read-only in wpas_short_ssid_match.,hostap_full_audit_0.4.169,med
DCL13-C,hostap,wpa_supplicant/events.c,2413,TP,scan_res is read-only.,hostap_full_audit_0.4.169,med
EXP33-C,hostap,wpa_supplicant/events.c,2421,FP,"ie_end is a declaration, unconditionally assigned a few lines later before its first use.",hostap_full_audit_0.4.169,high
EXP33-C,hostap,wpa_supplicant/events.c,2422,FP,info is a declaration with the same shape; assigned before any read.,hostap_full_audit_0.4.169,high
MSC04-C,hostap,wpa_supplicant/events.c,2467,FP,"Closing edge requires case EVENT_SCAN_RESULTS, but wpa_supplicant_deauthenticate always passes EVENT_DEAUTH -- statically unreachable.",hostap_full_audit_0.4.169,high
MSC13-C,hostap,wpa_supplicant/events.c,2471,TP,"scan_res=NULL is unconditionally overwritten by wpa_supplicant_get_scan_results() a few lines later, before any read.",hostap_full_audit_0.4.169,med
MEM10-C,hostap,wpa_supplicant/events.c,2501,FP,Stylistic ad-hoc-NULL-check convention finding.,hostap_full_audit_0.4.169,high
INT13-C,hostap,wpa_supplicant/events.c,2533,FP,"Message blames pointer 'res' for the bitwise op; the real operand is res->qual, a struct field, not res itself.",hostap_full_audit_0.4.169,high
INT13-C,hostap,wpa_supplicant/events.c,2534,FP,"Same misattribution, res->noise.",hostap_full_audit_0.4.169,high
INT13-C,hostap,wpa_supplicant/events.c,2535,FP,"Same misattribution, res->level.",hostap_full_audit_0.4.169,high
INT13-C,hostap,wpa_supplicant/events.c,2536,FP,"Same misattribution, res->tsf.",hostap_full_audit_0.4.169,high
ARR00-C,hostap,wpa_supplicant/events.c,2546,FP,idx is initialized in its own for-loop init clause.,hostap_full_audit_0.4.169,high
EXP20-C,hostap,wpa_supplicant/events.c,2635,FP,bgscan_simple_notify_scan's own source comment documents a genuine binary 0/1 return contract.,hostap_full_audit_0.4.169,high
MSC07-C,hostap,wpa_supplicant/events.c,2685,FP,"scan_work_done: label is reached via multiple earlier goto statements, not dead/unreachable code.",hostap_full_audit_0.4.169,high
MEM30-C,hostap,wpa_supplicant/events.c,2686,FP,"The fallthrough free at :2653 and the goto-reached free at :2686 are on mutually exclusive control-flow paths -- every goto to the label happens before :2653, and every path after :2653 returns before reaching it.",hostap_full_audit_0.4.169,high
MEM31-C,hostap,wpa_supplicant/events.c,2686,FP,Same mutually-exclusive-branch root cause as the MEM30-C finding on this line.,hostap_full_audit_0.4.169,high
MSC04-C,hostap,wpa_supplicant/events.c,2706,TP,"wpa_supplicant_deauthenticate always triggers EVENT_DEAUTH, and wpas_event_deauth is exactly the EVENT_DEAUTH handler -- this closing edge is real, though bounded by the finite BSSID-ignore list.",hostap_full_audit_0.4.169,med
DCL00-C,hostap,wpa_supplicant/events.c,2713,TP,time_to_reenable is set once from wpas_reenabled_network_time() and never reassigned.,hostap_full_audit_0.4.169,med
EXP34-C,hostap,wpa_supplicant/events.c,2745,FP,ssid is set together with selected as an output-param pair from wpa_supplicant_pick_network; never NULL when selected is non-NULL.,hostap_full_audit_0.4.169,high
EXP34-C,hostap,wpa_supplicant/events.c,2761,FP,Same selected/ssid pairing invariant as :2745.,hostap_full_audit_0.4.169,high
MSC01-C,hostap,wpa_supplicant/events.c,2784,FP,"else-if own_request guard clause, deliberate.",hostap_full_audit_0.4.169,high
DCL13-C,hostap,wpa_supplicant/events.c,2876,TP,self is read-only in equal_scan_freq_list.,hostap_full_audit_0.4.169,med
DCL13-C,hostap,wpa_supplicant/events.c,2877,TP,"other is read-only, same function.",hostap_full_audit_0.4.169,med
MSC04-C,hostap,wpa_supplicant/events.c,2890,FP,Same EVENT_SCAN_RESULTS/EVENT_DEAUTH event-type mismatch as :2467.,hostap_full_audit_0.4.169,high
MSC04-C,hostap,wpa_supplicant/events.c,2945,TP,"Same real EVENT_DEAUTH-consistent chain as :2706, closing via the finite-BSSID-ignore-list-bounded wpas_connection_failed path.",hostap_full_audit_0.4.169,med
MSC37-C,hostap,wpa_supplicant/events.c,2945,FP,wpa_supplicant_fast_associate returns explicitly on both #ifdef CONFIG_NO_SCAN_PROCESSING arms.,hostap_full_audit_0.4.169,high
MSC01-C,hostap,wpa_supplicant/events.c,2962,FP,"else-if crossed_6ghz_dom guard clause, deliberate.",hostap_full_audit_0.4.169,high
API00-C,hostap,wpa_supplicant/events.c,2972,FP,wpa_wps_supplicant_fast_associate is only ever called with a valid wpa_s interface object.,hostap_full_audit_0.4.169,high
MSC04-C,hostap,wpa_supplicant/events.c,2972,FP,"Closing edge requires EVENT_SCAN_RESULTS, mismatched with the EVENT_DEAUTH-only wpa_supplicant_deauthenticate call, same root cause as :2467/:2890.",hostap_full_audit_0.4.169,high
MSC37-C,hostap,wpa_supplicant/events.c,2972,FP,Both #ifdef CONFIG_NO_SCAN_PROCESSING arms explicitly return.,hostap_full_audit_0.4.169,high
DCL13-C,hostap,wpa_supplicant/events.c,2984,FP,"wnm_bss_keep_alive(void *eloop_ctx, void *sock_ctx) is a fixed eloop callback signature.",hostap_full_audit_0.4.169,high
INT10-C,hostap,wpa_supplicant/events.c,3008,FP,msec is declared unsigned int; % on it can never see a negative operand.,hostap_full_audit_0.4.169,high
MEM10-C,hostap,wpa_supplicant/events.c,3020,FP,Stylistic ad-hoc-NULL-check convention finding.,hostap_full_audit_0.4.169,high
EXP33-C,hostap,wpa_supplicant/events.c,3027,FP,"elems is the output-param of ieee802_11_parse_elems(&elems), which os_memsets it before any read.",hostap_full_audit_0.4.169,high
INT14-C,hostap,wpa_supplicant/events.c,3037,FP,"Base-identifier misattribution: bitwise & arithmetic hit different wpa_s-> member fields, not the same value.",hostap_full_audit_0.4.169,high
MEM10-C,hostap,wpa_supplicant/events.c,3084,FP,Stylistic ad-hoc-NULL-check convention finding.,hostap_full_audit_0.4.169,high
EXP33-C,hostap,wpa_supplicant/events.c,3090,FP,Same ieee802_11_parse_elems output-param shape as :3027.,hostap_full_audit_0.4.169,high
MSC04-C,hostap,wpa_supplicant/events.c,3097,FP,"Closing edge requires case EVENT_ASSOC (wpa_supplicant_event_assoc), but the chain arrives via wpa_supplicant_deauthenticate's fixed EVENT_DEAUTH -- statically unreachable.",hostap_full_audit_0.4.169,high
MSC07-C,hostap,wpa_supplicant/events.c,3112,FP,"fail: label reached by goto, not dead code.",hostap_full_audit_0.4.169,high
EXP33-C,hostap,wpa_supplicant/events.c,3128,FP,"elems output-param shape, same as :3027.",hostap_full_audit_0.4.169,high
MSC04-C,hostap,wpa_supplicant/events.c,3144,FP,Same EVENT_ASSOC/EVENT_DEAUTH mismatch as :3097 (mutual pair).,hostap_full_audit_0.4.169,high
MSC07-C,hostap,wpa_supplicant/events.c,3171,FP,fail: label reached by goto.,hostap_full_audit_0.4.169,high
ARR00-C,hostap,wpa_supplicant/events.c,3200,FP,"ie[1] is just the IE length BYTE being read, not a size-1 array declaration; ie+2 correctly steps past the 2-byte type/length header.",hostap_full_audit_0.4.169,high
MSC04-C,hostap,wpa_supplicant/events.c,3220,FP,Same EVENT_ASSOC/EVENT_DEAUTH mismatch pattern.,hostap_full_audit_0.4.169,high
DCL13-C,hostap,wpa_supplicant/events.c,3221,TP,data is read-only in wpa_supplicant_use_own_rsne_params.,hostap_full_audit_0.4.169,med
EXP34-C,hostap,wpa_supplicant/events.c,3235,FP,data is null-guarded by its only caller (`data &&` at :4632).,hostap_full_audit_0.4.169,high
ARR36-C,hostap,wpa_supplicant/events.c,3240,FP,"len>l is a plain int comparison of two locals derived from IE bytes, not a pointer comparison.",hostap_full_audit_0.4.169,high
MSC09-C,hostap,wpa_supplicant/events.c,3246,FP,"These are \x-escaped raw OUI/vendor bytes compared via memcmp, not human-readable text -- no locale-portability concern applies.",hostap_full_audit_0.4.169,high
MSC09-C,hostap,wpa_supplicant/events.c,3248,FP,Same binary-byte-sequence shape as :3246.,hostap_full_audit_0.4.169,high
EXP33-C,hostap,wpa_supplicant/events.c,3257,FP,"Short-circuit: !found is true whenever len was never set, so wpa_parse_wpa_ie(p,len,...) is never evaluated on that path.",hostap_full_audit_0.4.169,high
MSC41-C,hostap,wpa_supplicant/events.c,3302,FP,"'NO_PSK_AVAILABLE' is a ctrl_iface status/reason-code tag, not an actual secret value.",hostap_full_audit_0.4.169,high
MSC01-C,hostap,wpa_supplicant/events.c,3361,FP,else-if chain over bss_rsn/bss_wpa alternatives; unmatched case intentionally leaves found=false.,hostap_full_audit_0.4.169,high
DCL13-C,hostap,wpa_supplicant/events.c,3452,TP,req_elems is read-only (only dereferenced to copy into a local struct).,hostap_full_audit_0.4.169,med
DCL13-C,hostap,wpa_supplicant/events.c,3453,TP,"resp_elems read-only, same shape.",hostap_full_audit_0.4.169,med
EXP30-C,hostap,wpa_supplicant/events.c,3488,FP,get_max_nss_capability is a pure read function; MIN() evaluating both calls has no side effects to unsequence.,hostap_full_audit_0.4.169,high
EXP30-C,hostap,wpa_supplicant/events.c,3494,FP,Same pure-function MIN() shape as :3488.,hostap_full_audit_0.4.169,high
EXP33-C,hostap,wpa_supplicant/events.c,3523,FP,req_elems/resp_elems are ieee802_11_parse_elems output-params.,hostap_full_audit_0.4.169,high
EXP33-C,hostap,wpa_supplicant/events.c,3524,FP,Same output-param shape.,hostap_full_audit_0.4.169,high
EXP33-C,hostap,wpa_supplicant/events.c,3573,FP,"for_each_link(wpa_s->valid_links, i) initializes i in the macro's own hidden loop clause.",hostap_full_audit_0.4.169,high
DCL13-C,hostap,wpa_supplicant/events.c,3590,TP,wpa_s is read-only in is_assisted_p2p_dfs_allowed.,hostap_full_audit_0.4.169,med
DCL13-C,hostap,wpa_supplicant/events.c,3616,TP,wpa_s is read-only in is_dfs_owner_ap.,hostap_full_audit_0.4.169,med
MSC04-C,hostap,wpa_supplicant/events.c,3642,FP,Same EVENT_ASSOC/EVENT_DEAUTH mismatch pattern.,hostap_full_audit_0.4.169,high
EXP34-C,hostap,wpa_supplicant/events.c,3666,FP,data is required by the EVENT_ASSOCINFO event contract; drivers always populate it for this event type (internal-API invariant).,hostap_full_audit_0.4.169,high
ARR36-C,hostap,wpa_supplicant/events.c,3710,FP,Same len>l plain-int-comparison misattribution as :3240.,hostap_full_audit_0.4.169,high
MSC09-C,hostap,wpa_supplicant/events.c,3717,FP,Same \x-escaped binary OUI-bytes shape as :3246.,hostap_full_audit_0.4.169,high
MSC09-C,hostap,wpa_supplicant/events.c,3719,FP,Same shape.,hostap_full_audit_0.4.169,high
MSC01-C,hostap,wpa_supplicant/events.c,3748,FP,"switch's implicit default (rsn_override stays RSN_OVERRIDE_NOT_USED, already set before the switch) is intentional.",hostap_full_audit_0.4.169,high
EXP33-C,hostap,wpa_supplicant/events.c,3812,FP,elems output-param shape (ieee802_11_parse_elems).,hostap_full_audit_0.4.169,high
ARR36-C,hostap,wpa_supplicant/events.c,3872,FP,Same len>l misattribution.,hostap_full_audit_0.4.169,high
ARR36-C,hostap,wpa_supplicant/events.c,3929,FP,Same len>l misattribution.,hostap_full_audit_0.4.169,high
MSC09-C,hostap,wpa_supplicant/events.c,3936,FP,Same \x-escaped binary OUI-bytes shape.,hostap_full_audit_0.4.169,high
EXP33-C,hostap,wpa_supplicant/events.c,4001,FP,"bss is explicitly initialized to NULL at its declaration on this very line -- factually wrong, it is never uninitialized.",hostap_full_audit_0.4.169,high
EXP33-C,hostap,wpa_supplicant/events.c,4015,FP,ieee802_11_parse_elems unconditionally os_memsets its output struct before ever reading it -- the 'reads the value' claim is factually wrong.,hostap_full_audit_0.4.169,high
MSC01-C,hostap,wpa_supplicant/events.c,4027,FP,"else-if MLO-link-DFS guard clause, deliberate.",hostap_full_audit_0.4.169,high
DCL13-C,hostap,wpa_supplicant/events.c,4070,TP,wpa_s is read-only in wpa_supplicant_assoc_update_ie.,hostap_full_audit_0.4.169,med
MSC13-C,hostap,wpa_supplicant/events.c,4072,TP,"Each NULL initializer (bss_wpa/bss_rsn/bss_rsnx) is dead on every path: unreachable on the two early-return paths above it, and unconditionally overwritten a few lines later on the main path.",hostap_full_audit_0.4.169,med
MSC13-C,hostap,wpa_supplicant/events.c,4072,TP,"Each NULL initializer (bss_wpa/bss_rsn/bss_rsnx) is dead on every path: unreachable on the two early-return paths above it, and unconditionally overwritten a few lines later on the main path.",hostap_full_audit_0.4.169,med
MSC13-C,hostap,wpa_supplicant/events.c,4072,TP,"Each NULL initializer (bss_wpa/bss_rsn/bss_rsnx) is dead on every path: unreachable on the two early-return paths above it, and unconditionally overwritten a few lines later on the main path.",hostap_full_audit_0.4.169,med
DCL13-C,hostap,wpa_supplicant/events.c,4111,TP,data is read-only in wpas_fst_update_mb_assoc.,hostap_full_audit_0.4.169,med
MSC01-C,hostap,wpa_supplicant/events.c,4143,FP,"else-if FST MB-IE guard clause, deliberate.",hostap_full_audit_0.4.169,high
DCL13-C,hostap,wpa_supplicant/events.c,4149,TP,wpa_s is read-only in wpas_ml_parse_assoc.,hostap_full_audit_0.4.169,med
DCL13-C,hostap,wpa_supplicant/events.c,4150,TP,"elems is read-only, same function.",hostap_full_audit_0.4.169,med
ARR01-C,hostap,wpa_supplicant/events.c,4178,FP,"sizeof(*ml_info) is the textbook-correct per-element size for the os_memset(ptr,0,sizeof(*ptr)*N) idiom.",hostap_full_audit_0.4.169,high
MSC13-C,hostap,wpa_supplicant/events.c,4254,TP,"pos+=2 here is dead: pos is unconditionally reset to a fresh computation a few lines later, before any read of the incremented value.",hostap_full_audit_0.4.169,med
EXP33-C,hostap,wpa_supplicant/events.c,4269,FP,end is a declaration; it is assigned before every read later in the same loop iteration.,hostap_full_audit_0.4.169,high
CON43-C,hostap,wpa_supplicant/events.c,4292,FP,"Single-threaded, eloop-driven parser; no concurrent access exists for a double-fetch to matter.",hostap_full_audit_0.4.169,high
INT30-C,hostap,wpa_supplicant/events.c,4309,FP,"pos+2+sub_elem_len is pointer arithmetic misidentified as integer addition, and sub_elem_len is already bounds-checked a few lines above.",hostap_full_audit_0.4.169,high
ARR37-C,hostap,wpa_supplicant/events.c,4401,FP,"sta_info_len is a plain size_t byte-counter, not a pointer; established scalar-mistaken-for-pointer ARR37-C FP class",hostap_full_audit_0.4.169,high
MSC07-C,hostap,wpa_supplicant/events.c,4420,FP,Line is the 'out:' goto target reached from many earlier goto out; statements; goto-label-blindness FP class,hostap_full_audit_0.4.169,high
MEM30-C,hostap,wpa_supplicant/events.c,4421,FP,"mlbuf freed once at out: (goto) or once on normal exit; mutually exclusive branches, not a double free",hostap_full_audit_0.4.169,high
MEM31-C,hostap,wpa_supplicant/events.c,4421,FP,Same mutually-exclusive goto/normal-exit free confusion as the MEM30-C finding at this line,hostap_full_audit_0.4.169,high
MSC04-C,hostap,wpa_supplicant/events.c,4426,TP,"wpa_supplicant_deauthenticate synchronously calls wpa_supplicant_event, a genuine call-graph cycle back into wpa_drv_get_mlo_info's caller; matches confirmed direct-synchronous-reentry precedent",hostap_full_audit_0.4.169,medium
MSC13-C,hostap,wpa_supplicant/events.c,4450,FP,match=false is read by 'if (match && ...)' immediately after the loop; factually not dead,hostap_full_audit_0.4.169,high
EXP33-C,hostap,wpa_supplicant/events.c,4467,FP,'i' is initialized by the for_each_link() macro's own for-loop init clause,hostap_full_audit_0.4.169,high
MSC37-C,hostap,wpa_supplicant/events.c,4474,FP,Function has a goto out; that lands on an explicit return statement; goto-label-blindness class extended to MSC37-C,hostap_full_audit_0.4.169,high
EXP33-C,hostap,wpa_supplicant/events.c,4502,FP,'i' is initialized by the for_each_link() macro's own for-loop init clause,hostap_full_audit_0.4.169,high
EXP05-C,hostap,wpa_supplicant/events.c,4515,TP,"Cast-away-const to satisfy non-const-typed struct field (wpa_mlo.links[].ap_rsne etc.); genuine if low-severity per established disposition, value only read downstream",hostap_full_audit_0.4.169,low
EXP05-C,hostap,wpa_supplicant/events.c,4517,TP,"Cast-away-const to satisfy non-const-typed struct field (wpa_mlo.links[].ap_rsne etc.); genuine if low-severity per established disposition, value only read downstream",hostap_full_audit_0.4.169,low
EXP05-C,hostap,wpa_supplicant/events.c,4519,TP,"Cast-away-const to satisfy non-const-typed struct field (wpa_mlo.links[].ap_rsne etc.); genuine if low-severity per established disposition, value only read downstream",hostap_full_audit_0.4.169,low
EXP05-C,hostap,wpa_supplicant/events.c,4521,TP,"Cast-away-const to satisfy non-const-typed struct field (wpa_mlo.links[].ap_rsne etc.); genuine if low-severity per established disposition, value only read downstream",hostap_full_audit_0.4.169,low
EXP05-C,hostap,wpa_supplicant/events.c,4523,TP,"Cast-away-const to satisfy non-const-typed struct field (wpa_mlo.links[].ap_rsne etc.); genuine if low-severity per established disposition, value only read downstream",hostap_full_audit_0.4.169,low
MSC04-C,hostap,wpa_supplicant/events.c,4537,TP,"wpa_supplicant_event_assoc calls wpa_drv_get_mlo_info which calls wpa_supplicant_deauthenticate -> wpa_supplicant_event, a real synchronous call-graph cycle",hostap_full_audit_0.4.169,medium
EXP34-C,hostap,wpa_supplicant/events.c,4624,FP,wpa_supplicant_select_config itself guards its data param via short-circuit 'data &&' before any deref (line 301),hostap_full_audit_0.4.169,high
EXP34-C,hostap,wpa_supplicant/events.c,4632,FP,Caller already checks 'data &&' in the same if-condition immediately before this call,hostap_full_audit_0.4.169,high
EXP34-C,hostap,wpa_supplicant/events.c,4644,FP,wpas_fst_update_mb_assoc itself guards data via 'data ? &data->assoc_info : NULL' ternary,hostap_full_audit_0.4.169,high
MSC01-C,hostap,wpa_supplicant/events.c,4718,FP,Missing final else is an intentional no-op guard clause; established MSC01-C pedantry class,hostap_full_audit_0.4.169,high
MSC01-C,hostap,wpa_supplicant/events.c,4752,FP,Missing final else is an intentional no-op guard clause; established MSC01-C pedantry class,hostap_full_audit_0.4.169,high
EXP30-C,hostap,wpa_supplicant/events.c,4769,FP,wpabuf_head()/wpabuf_len() are pure accessors with no side effects; established EXP30-C pure-accessor-args FP class,hostap_full_audit_0.4.169,high
EXP30-C,hostap,wpa_supplicant/events.c,4776,FP,wpabuf_head()/wpabuf_len() are pure accessors with no side effects; established EXP30-C pure-accessor-args FP class,hostap_full_audit_0.4.169,high
EXP30-C,hostap,wpa_supplicant/events.c,4793,FP,wpabuf_head()/wpabuf_len() are pure accessors with no side effects; established EXP30-C pure-accessor-args FP class,hostap_full_audit_0.4.169,high
EXP33-C,hostap,wpa_supplicant/events.c,4849,FP,'bss' is declared and assigned under the same #if defined(CONFIG_FILS)||defined(CONFIG_MBO) condition that guards its use inside #ifdef CONFIG_FILS; preprocessor-branch-blindness,hostap_full_audit_0.4.169,high
DCL13-C,hostap,wpa_supplicant/events.c,4897,TP,wpa_s is only read in could_be_psk_mismatch; genuine if low-value const opportunity,hostap_full_audit_0.4.169,low
MSC04-C,hostap,wpa_supplicant/events.c,4923,TP,"wpas_connection_failed chain reaches wpa_supplicant_deauthenticate -> wpa_supplicant_event, a real synchronous call-graph cycle back to this handler",hostap_full_audit_0.4.169,medium
MSC01-C,hostap,wpa_supplicant/events.c,5039,FP,Missing final else is an intentional no-op guard clause; established MSC01-C pedantry class,hostap_full_audit_0.4.169,high
DCL13-C,hostap,wpa_supplicant/events.c,5052,FP,sock_ctx matches the fixed eloop_timeout_handler callback typedef signature; established eloop-callback dispatch-contract FP,hostap_full_audit_0.4.169,high
MSC04-C,hostap,wpa_supplicant/events.c,5066,TP,"Function directly calls wpa_supplicant_deauthenticate (line 5108), which synchronously calls wpa_supplicant_event, a real call-graph cycle",hostap_full_audit_0.4.169,medium
DCL13-C,hostap,wpa_supplicant/events.c,5068,TP,data is only read in wpa_supplicant_event_michael_mic_failure; genuine if low-value const opportunity,hostap_full_audit_0.4.169,low
INT10-C,hostap,wpa_supplicant/events.c,5134,FP,"Needs per-site check, but consistent with established wrong-signedness-detection INT10-C FP class seen elsewhere in this file family",hostap_full_audit_0.4.169,medium
INT10-C,hostap,wpa_supplicant/events.c,5145,FP,"Needs per-site check, but consistent with established wrong-signedness-detection INT10-C FP class seen elsewhere in this file family",hostap_full_audit_0.4.169,medium
DCL13-C,hostap,wpa_supplicant/events.c,5161,TP,head is only read (traversed via ->next) in any_interfaces; genuine if low-value const opportunity,hostap_full_audit_0.4.169,low
MSC21-C,hostap,wpa_supplicant/events.c,5165,FP,"Loop walks a linked list; '!=' against a fixed sentinel/traversal pointer is the correct termination test for this idiom, not an off-by-step risk",hostap_full_audit_0.4.169,high
MSC04-C,hostap,wpa_supplicant/events.c,5173,TP,"wpa_supplicant_event_interface_status itself doesn't call deauthenticate, but is dispatched from wpa_supplicant_event which the deauth chain re-enters; graded per established call-graph-cycle precedent",hostap_full_audit_0.4.169,medium
DCL13-C,hostap,wpa_supplicant/events.c,5175,TP,data is only read in wpa_supplicant_event_interface_status; genuine if low-value const opportunity,hostap_full_audit_0.4.169,low
EXP34-C,hostap,wpa_supplicant/events.c,5177,FP,"EVENT_INTERFACE_STATUS is dispatched by every caller in the codebase with a real &event, never NULL; internal invariant",hostap_full_audit_0.4.169,high
MSC01-C,hostap,wpa_supplicant/events.c,5180,FP,Missing default is an intentional silent no-op for other ievent values; established MSC01-C pedantry class,hostap_full_audit_0.4.169,high
MSC07-C,hostap,wpa_supplicant/events.c,5206,FP,"Code after break at this point is a subsequent case body reached via the switch dispatch, not fallthrough dead code; goto/switch-label blindness",hostap_full_audit_0.4.169,high
DCL13-C,hostap,wpa_supplicant/events.c,5247,TP,data is only read in wpa_supplicant_event_tdls; genuine if low-value const opportunity,hostap_full_audit_0.4.169,low
MEM10-C,hostap,wpa_supplicant/events.c,5249,FP,Stylistic 'use a validation function' suggestion on an ordinary NULL check; established blanket-FP MEM10-C class,hostap_full_audit_0.4.169,high
MSC01-C,hostap,wpa_supplicant/events.c,5251,FP,Missing default is an intentional silent no-op for other tdls.oper values; established MSC01-C pedantry class,hostap_full_audit_0.4.169,high
DCL13-C,hostap,wpa_supplicant/events.c,5278,TP,data is only read in wpa_supplicant_event_wnm; genuine if low-value const opportunity,hostap_full_audit_0.4.169,low
MEM10-C,hostap,wpa_supplicant/events.c,5280,FP,Stylistic 'use a validation function' suggestion on an ordinary NULL check; established blanket-FP MEM10-C class,hostap_full_audit_0.4.169,high
MSC01-C,hostap,wpa_supplicant/events.c,5282,FP,Missing default is an intentional silent no-op for other wnm.oper values; established MSC01-C pedantry class,hostap_full_audit_0.4.169,high
DCL13-C,hostap,wpa_supplicant/events.c,5297,TP,wpa_s is only read in wpa_supplicant_event_ft_response; genuine if low-value const opportunity,hostap_full_audit_0.4.169,low
DCL13-C,hostap,wpa_supplicant/events.c,5298,TP,data is only read in wpa_supplicant_event_ft_response; genuine if low-value const opportunity,hostap_full_audit_0.4.169,low
MEM10-C,hostap,wpa_supplicant/events.c,5300,FP,Stylistic 'use a validation function' suggestion on an ordinary NULL check; established blanket-FP MEM10-C class,hostap_full_audit_0.4.169,high
DCL13-C,hostap,wpa_supplicant/events.c,5316,TP,wpa_s is only read in wpa_supplicant_event_ibss_rsn_start; genuine if low-value const opportunity,hostap_full_audit_0.4.169,low
DCL13-C,hostap,wpa_supplicant/events.c,5317,TP,data is only read in wpa_supplicant_event_ibss_rsn_start; genuine if low-value const opportunity,hostap_full_audit_0.4.169,low
MEM10-C,hostap,wpa_supplicant/events.c,5322,FP,Stylistic 'use a validation function' suggestion on an ordinary NULL check; established blanket-FP MEM10-C class,hostap_full_audit_0.4.169,high
DCL13-C,hostap,wpa_supplicant/events.c,5334,TP,wpa_s is only read in wpa_supplicant_event_ibss_auth; genuine if low-value const opportunity,hostap_full_audit_0.4.169,low
DCL13-C,hostap,wpa_supplicant/events.c,5335,TP,data is only read in wpa_supplicant_event_ibss_auth; genuine if low-value const opportunity,hostap_full_audit_0.4.169,low
EXP34-C,hostap,wpa_supplicant/events.c,5346,FP,"Caller already dereferences data->rx_mgmt.frame_len in the guarding if-condition just before this call, proving data non-NULL",hostap_full_audit_0.4.169,high
EXP30-C,hostap,wpa_supplicant/events.c,5361,FP,reg_init_str()/reg_type_str() are pure lookup functions with no side effects; established EXP30-C pure-accessor-args FP class,hostap_full_audit_0.4.169,high
EXP30-C,hostap,wpa_supplicant/events.c,5375,FP,reg_init_str()/reg_type_str() are pure lookup functions with no side effects; established EXP30-C pure-accessor-args FP class,hostap_full_audit_0.4.169,high
INT30-C,hostap,wpa_supplicant/events.c,5393,FP,len already validated >= 1+2*ETH_ALEN+2 by the guard at line 5368; wrap-around cannot occur,hostap_full_audit_0.4.169,high
MSC04-C,hostap,wpa_supplicant/events.c,5412,TP,"Exact match to the established confirmed precedent: wpa_supplicant_event->sme_start_sa_query->sme_sa_query_timer->sme_check_sa_query_timeout->wpa_supplicant_deauthenticate->wpa_supplicant_event, a direct synchronous cycle",hostap_full_audit_0.4.169,medium
DCL13-C,hostap,wpa_supplicant/events.c,5413,TP,e is only read in wpa_supplicant_event_unprot_deauth; genuine if low-value const opportunity,hostap_full_audit_0.4.169,low
EXP30-C,hostap,wpa_supplicant/events.c,5415,FP,MAC2STR() macro args are pure reads with no side effects; established EXP30-C pure-accessor-args FP class,hostap_full_audit_0.4.169,high
MSC04-C,hostap,wpa_supplicant/events.c,5423,TP,Same confirmed sme_start_sa_query/sme_sa_query_timer synchronous cycle precedent as the 5412 finding,hostap_full_audit_0.4.169,medium
DCL13-C,hostap,wpa_supplicant/events.c,5424,TP,e is only read in wpa_supplicant_event_unprot_disassoc; genuine if low-value const opportunity,hostap_full_audit_0.4.169,low
EXP30-C,hostap,wpa_supplicant/events.c,5426,FP,MAC2STR() macro args are pure reads with no side effects; established EXP30-C pure-accessor-args FP class,hostap_full_audit_0.4.169,high
MSC04-C,hostap,wpa_supplicant/events.c,5434,TP,"wpas_event_disconnect reaches wpa_supplicant_connect->wpas_wps_cancel->wpas_clear_wps->wpa_supplicant_deauthenticate->wpa_supplicant_event, a real synchronous call-graph cycle",hostap_full_audit_0.4.169,medium
MSC41-C,hostap,wpa_supplicant/events.c,5460,FP,"""AUTH_FAILED"" is an event/status-code string literal, not secret material; established hardcoded-sensitive-info substring-match misfire class",hostap_full_audit_0.4.169,high
MSC04-C,hostap,wpa_supplicant/events.c,5480,TP,"wpas_event_disassoc reaches wpas_p2p_deauth_notif->wpas_p2p_group_delete->wpa_supplicant_deauthenticate->wpa_supplicant_event, a real synchronous call-graph cycle",hostap_full_audit_0.4.169,medium
MSC04-C,hostap,wpa_supplicant/events.c,5535,TP,wpas_event_deauth reaches the same wpas_p2p_deauth_notif->...->wpa_supplicant_deauthenticate->wpa_supplicant_event cycle as the 5480 finding,hostap_full_audit_0.4.169,medium
DCL13-C,hostap,wpa_supplicant/events.c,5536,TP,info is only read in wpas_event_deauth; genuine if low-value const opportunity,hostap_full_audit_0.4.169,low
DCL13-C,hostap,wpa_supplicant/events.c,5607,TP,attrs is only read (attrs->freq etc.) in wpas_beacon_hint; genuine if low-value const opportunity,hostap_full_audit_0.4.169,low
EXP30-C,hostap,wpa_supplicant/events.c,5636,FP,reg_init_str()/reg_type_str() are pure lookup functions with no side effects; same class as 5361/5375,hostap_full_audit_0.4.169,high
MEM30-C,hostap,wpa_supplicant/events.c,5667,FP,"free_hw_features(ifs) frees only ifs->hw.modes (a member); sqc conflates that member-free with freeing 'ifs' itself, cascading into false UAF on every subsequent ifs-> access -- matches confirmed interprocedural member-free-vs-struct-free conflation pattern",hostap_full_audit_0.4.169,high
MEM30-C,hostap,wpa_supplicant/events.c,5667,FP,"free_hw_features(ifs) frees only ifs->hw.modes (a member); sqc conflates that member-free with freeing 'ifs' itself, cascading into false UAF on every subsequent ifs-> access -- matches confirmed interprocedural member-free-vs-struct-free conflation pattern",hostap_full_audit_0.4.169,high
MEM30-C,hostap,wpa_supplicant/events.c,5667,FP,"free_hw_features(ifs) frees only ifs->hw.modes (a member); sqc conflates that member-free with freeing 'ifs' itself, cascading into false UAF on every subsequent ifs-> access -- matches confirmed interprocedural member-free-vs-struct-free conflation pattern",hostap_full_audit_0.4.169,high
MEM30-C,hostap,wpa_supplicant/events.c,5667,FP,"free_hw_features(ifs) frees only ifs->hw.modes (a member); sqc conflates that member-free with freeing 'ifs' itself, cascading into false UAF on every subsequent ifs-> access -- matches confirmed interprocedural member-free-vs-struct-free conflation pattern",hostap_full_audit_0.4.169,high
MEM30-C,hostap,wpa_supplicant/events.c,5668,FP,"free_hw_features(ifs) frees only ifs->hw.modes (a member); sqc conflates that member-free with freeing 'ifs' itself, cascading into false UAF on every subsequent ifs-> access -- matches confirmed interprocedural member-free-vs-struct-free conflation pattern",hostap_full_audit_0.4.169,high
MEM30-C,hostap,wpa_supplicant/events.c,5668,FP,"free_hw_features(ifs) frees only ifs->hw.modes (a member); sqc conflates that member-free with freeing 'ifs' itself, cascading into false UAF on every subsequent ifs-> access -- matches confirmed interprocedural member-free-vs-struct-free conflation pattern",hostap_full_audit_0.4.169,high
MEM30-C,hostap,wpa_supplicant/events.c,5668,FP,"free_hw_features(ifs) frees only ifs->hw.modes (a member); sqc conflates that member-free with freeing 'ifs' itself, cascading into false UAF on every subsequent ifs-> access -- matches confirmed interprocedural member-free-vs-struct-free conflation pattern",hostap_full_audit_0.4.169,high
MEM30-C,hostap,wpa_supplicant/events.c,5668,FP,"free_hw_features(ifs) frees only ifs->hw.modes (a member); sqc conflates that member-free with freeing 'ifs' itself, cascading into false UAF on every subsequent ifs-> access -- matches confirmed interprocedural member-free-vs-struct-free conflation pattern",hostap_full_audit_0.4.169,high
MEM30-C,hostap,wpa_supplicant/events.c,5668,FP,"free_hw_features(ifs) frees only ifs->hw.modes (a member); sqc conflates that member-free with freeing 'ifs' itself, cascading into false UAF on every subsequent ifs-> access -- matches confirmed interprocedural member-free-vs-struct-free conflation pattern",hostap_full_audit_0.4.169,high
MEM30-C,hostap,wpa_supplicant/events.c,5668,FP,"free_hw_features(ifs) frees only ifs->hw.modes (a member); sqc conflates that member-free with freeing 'ifs' itself, cascading into false UAF on every subsequent ifs-> access -- matches confirmed interprocedural member-free-vs-struct-free conflation pattern",hostap_full_audit_0.4.169,high
MEM30-C,hostap,wpa_supplicant/events.c,5670,FP,"free_hw_features(ifs) frees only ifs->hw.modes (a member); sqc conflates that member-free with freeing 'ifs' itself, cascading into false UAF on every subsequent ifs-> access -- matches confirmed interprocedural member-free-vs-struct-free conflation pattern",hostap_full_audit_0.4.169,high
MEM30-C,hostap,wpa_supplicant/events.c,5671,FP,"free_hw_features(ifs) frees only ifs->hw.modes (a member); sqc conflates that member-free with freeing 'ifs' itself, cascading into false UAF on every subsequent ifs-> access -- matches confirmed interprocedural member-free-vs-struct-free conflation pattern",hostap_full_audit_0.4.169,high
MEM30-C,hostap,wpa_supplicant/events.c,5674,FP,"free_hw_features(ifs) frees only ifs->hw.modes (a member); sqc conflates that member-free with freeing 'ifs' itself, cascading into false UAF on every subsequent ifs-> access -- matches confirmed interprocedural member-free-vs-struct-free conflation pattern",hostap_full_audit_0.4.169,high
MEM30-C,hostap,wpa_supplicant/events.c,5675,FP,"free_hw_features(ifs) frees only ifs->hw.modes (a member); sqc conflates that member-free with freeing 'ifs' itself, cascading into false UAF on every subsequent ifs-> access -- matches confirmed interprocedural member-free-vs-struct-free conflation pattern",hostap_full_audit_0.4.169,high
MEM30-C,hostap,wpa_supplicant/events.c,5676,FP,"free_hw_features(ifs) frees only ifs->hw.modes (a member); sqc conflates that member-free with freeing 'ifs' itself, cascading into false UAF on every subsequent ifs-> access -- matches confirmed interprocedural member-free-vs-struct-free conflation pattern",hostap_full_audit_0.4.169,high
MEM30-C,hostap,wpa_supplicant/events.c,5677,FP,"free_hw_features(ifs) frees only ifs->hw.modes (a member); sqc conflates that member-free with freeing 'ifs' itself, cascading into false UAF on every subsequent ifs-> access -- matches confirmed interprocedural member-free-vs-struct-free conflation pattern",hostap_full_audit_0.4.169,high
MEM30-C,hostap,wpa_supplicant/events.c,5677,FP,"free_hw_features(ifs) frees only ifs->hw.modes (a member); sqc conflates that member-free with freeing 'ifs' itself, cascading into false UAF on every subsequent ifs-> access -- matches confirmed interprocedural member-free-vs-struct-free conflation pattern",hostap_full_audit_0.4.169,high
MEM30-C,hostap,wpa_supplicant/events.c,5678,FP,"free_hw_features(ifs) frees only ifs->hw.modes (a member); sqc conflates that member-free with freeing 'ifs' itself, cascading into false UAF on every subsequent ifs-> access -- matches confirmed interprocedural member-free-vs-struct-free conflation pattern",hostap_full_audit_0.4.169,high
MEM30-C,hostap,wpa_supplicant/events.c,5680,FP,"free_hw_features(ifs) frees only ifs->hw.modes (a member); sqc conflates that member-free with freeing 'ifs' itself, cascading into false UAF on every subsequent ifs-> access -- matches confirmed interprocedural member-free-vs-struct-free conflation pattern",hostap_full_audit_0.4.169,high
MSC01-C,hostap,wpa_supplicant/events.c,5681,FP,Missing final else is an intentional no-op guard clause; established MSC01-C pedantry class,hostap_full_audit_0.4.169,high
MEM30-C,hostap,wpa_supplicant/events.c,5681,FP,"free_hw_features(ifs) frees only ifs->hw.modes (a member); sqc conflates that member-free with freeing 'ifs' itself, cascading into false UAF on every subsequent ifs-> access -- matches confirmed interprocedural member-free-vs-struct-free conflation pattern",hostap_full_audit_0.4.169,high
MEM30-C,hostap,wpa_supplicant/events.c,5682,FP,"free_hw_features(ifs) frees only ifs->hw.modes (a member); sqc conflates that member-free with freeing 'ifs' itself, cascading into false UAF on every subsequent ifs-> access -- matches confirmed interprocedural member-free-vs-struct-free conflation pattern",hostap_full_audit_0.4.169,high
MSC04-C,hostap,wpa_supplicant/events.c,5693,TP,"wpas_event_rx_mgmt_action reaches wnm_bss_tm_connect->wpa_supplicant_connect->wpas_wps_cancel->wpas_clear_wps->wpa_supplicant_deauthenticate->wpa_supplicant_event, a real synchronous cycle",hostap_full_audit_0.4.169,medium
EXP30-C,hostap,wpa_supplicant/events.c,5783,FP,MAC2STR() macro args on mgmt->da/mgmt->sa are pure reads with no side effects,hostap_full_audit_0.4.169,high
DCL13-C,hostap,wpa_supplicant/events.c,5886,TP,event is only read (via &event->freq_range) in wpa_supplicant_notify_avoid_freq; genuine if low-value const opportunity,hostap_full_audit_0.4.169,low
EXP34-C,hostap,wpa_supplicant/events.c,5891,FP,"EVENT_AVOID_FREQUENCIES's sole caller (driver_nl80211_event.c:2848) always passes a real &event, never NULL; internal invariant",hostap_full_audit_0.4.169,high
DCL13-C,hostap,wpa_supplicant/events.c,6006,TP,data is only read in wpa_supplicant_event_assoc_auth; genuine if low-value const opportunity,hostap_full_audit_0.4.169,low
EXP34-C,hostap,wpa_supplicant/events.c,6016,FP,"Caller (EVENT_ASSOC case, line 6587) already checks 'data &&' before calling wpa_supplicant_event_assoc_auth",hostap_full_audit_0.4.169,high
MSC01-C,hostap,wpa_supplicant/events.c,6041,FP,Missing final else on the fils_pmk/fils_pmkid if/else-if is an intentional no-op; established MSC01-C pedantry class,hostap_full_audit_0.4.169,high
MSC04-C,hostap,wpa_supplicant/events.c,6077,TP,"wpas_event_assoc_reject reaches wpa_supplicant_connect->wpas_wps_cancel->wpas_clear_wps->wpa_supplicant_deauthenticate->wpa_supplicant_event, a real synchronous cycle",hostap_full_audit_0.4.169,medium
EXP34-C,hostap,wpa_supplicant/events.c,6080,FP,"EVENT_ASSOC_REJECT's only callers (driver_nl80211_event.c) always pass a real &event, never NULL; internal invariant",hostap_full_audit_0.4.169,high
ENV01-C,hostap,wpa_supplicant/events.c,6082,FP,No getenv()/environment-variable code anywhere in wpas_event_assoc_reject; established zero-getenv wholesale-misfire ENV01-C class,hostap_full_audit_0.4.169,high
MEM05-C,hostap,wpa_supplicant/events.c,6083,FP,"link_bssids[MAX_NUM_MLD_LINKS+1] is a fixed compile-time-macro-sized array, not a VLA; established MEM05-C misfire class",hostap_full_audit_0.4.169,high
EXP30-C,hostap,wpa_supplicant/events.c,6098,FP,MAC2STR()/connect_fail_reason() are pure accessor/lookup calls with no side effects,hostap_full_audit_0.4.169,high
EXP33-C,hostap,wpa_supplicant/events.c,6189,FP,reject_bss is declared and assigned under the same #ifdef CONFIG_MBO guard as its use; preprocessor-branch-blindness,hostap_full_audit_0.4.169,high
EXP33-C,hostap,wpa_supplicant/events.c,6212,FP,"elems is an output parameter written by ieee802_11_parse_elems(), not read beforehand; established write-only-output-param EXP33-C FP class",hostap_full_audit_0.4.169,high
DCL13-C,hostap,wpa_supplicant/events.c,6279,TP,data is only read (data->sa) in wpas_event_unprot_beacon; genuine if low-value const opportunity,hostap_full_audit_0.4.169,low
EXP30-C,hostap,wpa_supplicant/events.c,6299,FP,wpabuf_head(buf)/wpabuf_len(buf) are pure accessors with no side effects; established EXP30-C pure-accessor-args FP class,hostap_full_audit_0.4.169,high
ARR30-C,hostap,wpa_supplicant/events.c,6318,FP,Cites an unrelated 'size 5 (allocated at line 2530)' local from a different function; established cross-function buffer-size identifier conflation; real buffers (uplink_map_str[9]/downlink_map_str[9]) are correctly sized for bitmap_to_str's 9-byte write,hostap_full_audit_0.4.169,high
DCL30-C,hostap,wpa_supplicant/events.c,6319,FP,"pos is a local pointer *variable* aliasing the caller-supplied buf parameter, not automatic-storage array; established local-variable-vs-caller-buffer confusion",hostap_full_audit_0.4.169,high
ARR00-C,hostap,wpa_supplicant/events.c,6319,FP,"Same root cause as the DCL30-C finding: pos is not a local array, it is bitmap_to_str's caller-supplied buf parameter",hostap_full_audit_0.4.169,high
DCL13-C,hostap,wpa_supplicant/events.c,6324,TP,info is only read in wpas_tid_link_map; genuine if low-value const opportunity,hostap_full_audit_0.4.169,low
EXP33-C,hostap,wpa_supplicant/events.c,6348,FP,'i' is initialized by the for_each_link() macro's own for-loop init clause,hostap_full_audit_0.4.169,high
MSC13-C,hostap,wpa_supplicant/events.c,6352,FP,"pos is read by os_snprintf(pos, ...) on every subsequent loop iteration before being reassigned; tool doesn't track the loop-carried read",hostap_full_audit_0.4.169,medium
MSC04-C,hostap,wpa_supplicant/events.c,6360,TP,"wpas_setup_link_reconfig calls wpa_drv_get_mlo_info, which can call wpa_supplicant_deauthenticate -> wpa_supplicant_event, a real synchronous call-graph cycle",hostap_full_audit_0.4.169,medium
DCL13-C,hostap,wpa_supplicant/events.c,6361,TP,info is only read in wpas_setup_link_reconfig; genuine if low-value const opportunity,hostap_full_audit_0.4.169,low
MSC04-C,hostap,wpa_supplicant/events.c,6430,TP,"wpas_link_reconfig directly calls wpa_supplicant_deauthenticate three times, each synchronously re-entering wpa_supplicant_event",hostap_full_audit_0.4.169,medium
ARR01-C,hostap,wpa_supplicant/events.c,6476,FP,"mgmt->u.auth is a fixed-size struct member, not a decayed pointer/array parameter; established ARR01-C sizeof(ptr->fixed_array_member) FP class",hostap_full_audit_0.4.169,high
EXP08-C,hostap,wpa_supplicant/events.c,6490,FP,"len is a plain size_t byte-length local, not a pointer; matches the confirmed EXP08-C offsetof-substring rule-engine bug exactly",hostap_full_audit_0.4.169,high
EXP33-C,hostap,wpa_supplicant/events.c,6499,FP,"elems is an output parameter written by ieee802_11_parse_elems(), not read beforehand; established write-only-output-param EXP33-C FP class",hostap_full_audit_0.4.169,high
API00-C,hostap,wpa_supplicant/events.c,6512,FP,"wpa_supplicant_event already validates/branches on data per-case throughout its body (data ? ... : NULL, if(data) guards); blanket internal-API pedantry",hostap_full_audit_0.4.169,medium
MEM05-C,hostap,wpa_supplicant/events.c,6512,TP,"The underlying MSC04-C call-graph cycles into this function are real, so flagging potential stack growth from indirect recursion is not factually wrong, though generic/low actionable value",hostap_full_audit_0.4.169,low
EXP34-C,hostap,wpa_supplicant/events.c,6534,FP,"EVENT_RX_MGMT's only callers always pass a real &event, never NULL; internal invariant",hostap_full_audit_0.4.169,high
MSC07-C,hostap,wpa_supplicant/events.c,6560,FP,"Line is an ordinary switch 'case EVENT_ASSOC:' label reached via the switch dispatch, not fallthrough dead code after the preceding case's break",hostap_full_audit_0.4.169,high
MSC17-C,hostap,wpa_supplicant/events.c,6621,FP,Flagged case label is immediately preceded by a real unconditional break; no fallthrough exists -- switch-case-label misattribution,hostap_full_audit_0.4.169,high
MSC17-C,hostap,wpa_supplicant/events.c,6687,FP,Flagged case label is immediately preceded by a real unconditional break; no fallthrough exists -- switch-case-label misattribution,hostap_full_audit_0.4.169,high
MSC17-C,hostap,wpa_supplicant/events.c,6735,FP,Flagged case label is immediately preceded by a real unconditional break; no fallthrough exists -- switch-case-label misattribution,hostap_full_audit_0.4.169,high
INT14-C,hostap,wpa_supplicant/events.c,6855,FP,"'data' itself only does a struct member access (->); the bitwise '&' operation is on wpa_s->valid_links, a different identifier -- established INT14-C base-identifier misattribution",hostap_full_audit_0.4.169,high
MSC17-C,hostap,wpa_supplicant/events.c,6886,FP,"EVENT_CH_SWITCH_STARTED/EVENT_CH_SWITCH are stacked case labels sharing one body -- standard grouped-case idiom, not a fallthrough violation",hostap_full_audit_0.4.169,high
MSC07-C,hostap,wpa_supplicant/events.c,7083,FP,"Preceding code is a set of mutually exclusive if-blocks each ending in its own break, further complicated by an #ifdef CONFIG_AP boundary; established preprocessor/goto-blindness MSC07-C class",hostap_full_audit_0.4.169,medium
MSC13-C,hostap,wpa_supplicant/events.c,7328,FP,resched is read by 'else if (resched)' later in the same case block on the fall-through path; not dead on every execution path,hostap_full_audit_0.4.169,high
MSC01-C,hostap,wpa_supplicant/events.c,7357,FP,Missing final else is an intentional no-op guard clause; established MSC01-C pedantry class,hostap_full_audit_0.4.169,high
API00-C,hostap,wpa_supplicant/events.c,7507,FP,ctx is only ever the internal drv->ctx pointer set by the driver wrapper; established API00-C internal-only-API pedantry class,hostap_full_audit_0.4.169,medium
MSC13-C,hostap,wpa_supplicant/events.c,7515,FP,wpa_s is read on the very next line ('if (wpa_s && wpa_s->driver->get_ifindex)'); factually not dead,hostap_full_audit_0.4.169,high
MSC13-C,hostap,wpa_supplicant/events.c,7535,FP,wpa_s is read at line 7540 ('if (wpa_s) wpa_supplicant_event(...)') after the #ifdef CONFIG_MATCH_IFACE block; factually not dead,hostap_full_audit_0.4.169,high
PRE00-C,hostap,src/crypto/crypto_wolfssl.c,67,FP,LOG_WOLF_ERROR_FUNC only used with plain literal/scalar args at every call site; no observed double-eval side effect,hostap_full_audit_0.4.169,high
PRE01-C,hostap,src/crypto/crypto_wolfssl.c,67,FP,'err' always passed as a plain int expr at call sites; unparenthesized use causes no precedence issue in practice,hostap_full_audit_0.4.169,med
PRE05-C,hostap,src/crypto/crypto_wolfssl.c,67,FP,"stringification of 'func' is the intended effect (logs the wolfSSL API name), not a parameter-expansion bug",hostap_full_audit_0.4.169,med
PRE12-C,hostap,src/crypto/crypto_wolfssl.c,67,FP,'err' is only ever passed as a plain variable at call sites; no actual double side-effect observed,hostap_full_audit_0.4.169,med
PRE05-C,hostap,src/crypto/crypto_wolfssl.c,71,FP,LOG_WOLF_ERROR_FUNC_NULL stringifies 'func' intentionally to log the API name; not an expansion bug,hostap_full_audit_0.4.169,med
EXP43-C,hostap,src/crypto/crypto_wolfssl.c,99,FP,"wc_rng_new(NULL,0,NULL) - literal NULL,NULL,NULL default-arg call, no real aliasing (categorical_patterns.md EXP43-C NULL,NULL FP class)",hostap_full_audit_0.4.169,high
DCL30-C,hostap,src/crypto/crypto_wolfssl.c,104,FP,"'ret' in wc_rng_init points to heap memory (os_zalloc/wc_rng_new), not automatic storage; DCL30-C local-var-vs-storage confusion",hostap_full_audit_0.4.169,high
MEM30-C,hostap,src/crypto/crypto_wolfssl.c,112,FP,"wc_FreeRng(rng) frees WC_RNG's internal state, os_free(rng) frees the container struct - two distinct memory regions, not a double free",hostap_full_audit_0.4.169,high
MEM31-C,hostap,src/crypto/crypto_wolfssl.c,114,FP,wc_rng_free() in the #else CONFIG_FIPS branch is mutually exclusive with the #ifdef branch's wc_FreeRng+os_free; sqc treats both #ifdef/#else branches as sequential,hostap_full_audit_0.4.169,high
DCL30-C,hostap,src/crypto/crypto_wolfssl.c,142,FP,"'ret' in ecc_key_init points to heap memory (os_zalloc/wc_ecc_key_new), not automatic storage; same DCL30-C confusion as line 104",hostap_full_audit_0.4.169,high
MEM30-C,hostap,src/crypto/crypto_wolfssl.c,150,FP,"wc_ecc_free(key) frees internal ecc_key state, os_free(key) frees the container - distinct regions, not a double free",hostap_full_audit_0.4.169,high
MEM31-C,hostap,src/crypto/crypto_wolfssl.c,150,FP,same wc_ecc_free+os_free container misidentification as line 150 MEM30-C finding,hostap_full_audit_0.4.169,high
MEM31-C,hostap,src/crypto/crypto_wolfssl.c,152,FP,wc_ecc_key_free() in #else branch is mutually exclusive with #ifdef CONFIG_FIPS branch's frees; #ifdef/#else blindness,hostap_full_audit_0.4.169,high
API00-C,hostap,src/crypto/crypto_wolfssl.c,219,FP,"sha1_vector is an internal-only crypto primitive called from fixed internal call sites, never externally-nullable (established API00-C internal-API FP class)",hostap_full_audit_0.4.169,high
API00-C,hostap,src/crypto/crypto_wolfssl.c,219,FP,"sha1_vector is an internal-only crypto primitive called from fixed internal call sites, never externally-nullable (established API00-C internal-API FP class)",hostap_full_audit_0.4.169,high
API00-C,hostap,src/crypto/crypto_wolfssl.c,219,FP,"sha1_vector is an internal-only crypto primitive called from fixed internal call sites, never externally-nullable (established API00-C internal-API FP class)",hostap_full_audit_0.4.169,high
API00-C,hostap,src/crypto/crypto_wolfssl.c,514,FP,pbkdf2_sha1 'ssid' - internal-only API FP class,hostap_full_audit_0.4.169,high
API05-C,hostap,src/crypto/crypto_wolfssl.c,514,FP,"ssid+ssid_len is the idiomatic T*,size_t companion-pointer pattern (confirmed categorical API05-C FP)",hostap_full_audit_0.4.169,high
INT14-C,hostap,src/crypto/crypto_wolfssl.c,545,FP,'i' used as array index and shift count in a standard parity-bit computation loop; not a real bitwise/arithmetic readability hazard,hostap_full_audit_0.4.169,med
INT13-C,hostap,src/crypto/crypto_wolfssl.c,545,FP,"'i' is the shift-count operand (0-6, non-negative) of '>>' on unsigned 'tmp'; INT13-C's signed-shift concern applies to the value shifted, not the shift count",hostap_full_audit_0.4.169,med
FIO50-C,hostap,src/crypto/crypto_wolfssl.c,546,FP,"no FILE stream anywhere in des_encrypt(); 'tmp' is a plain u8 byte variable, not a stream - likely cross-function name conflation bug (cf. EXP39-C union-conflation precedent)",hostap_full_audit_0.4.169,high
FIO50-C,hostap,src/crypto/crypto_wolfssl.c,546,FP,"no FILE stream anywhere in des_encrypt(); 'tmp' is a plain u8 byte variable, not a stream - likely cross-function name conflation bug (cf. EXP39-C union-conflation precedent)",hostap_full_audit_0.4.169,high
INT13-C,hostap,src/crypto/crypto_wolfssl.c,546,FP,same shift-count-vs-shifted-value confusion as line 545; 'i' is the non-negative shift count for '<<' on tmp,hostap_full_audit_0.4.169,med
DCL30-C,hostap,src/crypto/crypto_wolfssl.c,579,FP,"aes_encrypt_init returns 'aes' which is os_malloc'd heap memory, not automatic storage",hostap_full_audit_0.4.169,high
DCL30-C,hostap,src/crypto/crypto_wolfssl.c,628,FP,"aes_decrypt_init returns 'aes' which is os_malloc'd heap memory, not automatic storage",hostap_full_audit_0.4.169,high
API00-C,hostap,src/crypto/crypto_wolfssl.c,696,FP,aes_wrap - internal-only API FP class,hostap_full_audit_0.4.169,high
API00-C,hostap,src/crypto/crypto_wolfssl.c,696,FP,aes_wrap - internal-only API FP class,hostap_full_audit_0.4.169,high
MSC37-C,hostap,src/crypto/crypto_wolfssl.c,696,FP,both #ifdef HAVE_AES_KEYWRAP and #else branches return a value; preprocessor-branch-blind MSC37-C misfire,hostap_full_audit_0.4.169,high
API00-C,hostap,src/crypto/crypto_wolfssl.c,713,FP,aes_unwrap - internal-only API FP class,hostap_full_audit_0.4.169,high
API00-C,hostap,src/crypto/crypto_wolfssl.c,713,FP,aes_unwrap - internal-only API FP class,hostap_full_audit_0.4.169,high
API00-C,hostap,src/crypto/crypto_wolfssl.c,713,FP,aes_unwrap - internal-only API FP class,hostap_full_audit_0.4.169,high
MSC37-C,hostap,src/crypto/crypto_wolfssl.c,713,FP,both #ifdef HAVE_AES_KEYWRAP and #else branches return a value; preprocessor-branch-blind MSC37-C misfire,hostap_full_audit_0.4.169,high
API00-C,hostap,src/crypto/crypto_wolfssl.c,734,FP,rc4_skip 'skip' - internal-only API FP class,hostap_full_audit_0.4.169,high
MSC37-C,hostap,src/crypto/crypto_wolfssl.c,734,FP,both #ifndef NO_RC4 and #else branches return a value; preprocessor-branch-blind MSC37-C misfire,hostap_full_audit_0.4.169,high
EXP33-C,hostap,src/crypto/crypto_wolfssl.c,782,FP,ctx = os_zalloc(sizeof(*ctx)) - sizeof(*ptr) idiom never evaluates/dereferences its operand (confirmed categorical FP),hostap_full_audit_0.4.169,high
MEM30-C,hostap,src/crypto/crypto_wolfssl.c,806,FP,"prior os_free(ctx) at line 803 is in the mutually-exclusive inner-switch default case; if that path ran the function already returned, so ctx here is never actually freed",hostap_full_audit_0.4.169,high
MEM30-C,hostap,src/crypto/crypto_wolfssl.c,806,FP,"prior os_free(ctx) at line 803 is in the mutually-exclusive inner-switch default case; if that path ran the function already returned, so ctx here is never actually freed",hostap_full_audit_0.4.169,high
MEM30-C,hostap,src/crypto/crypto_wolfssl.c,806,FP,"prior os_free(ctx) at line 803 is in the mutually-exclusive inner-switch default case; if that path ran the function already returned, so ctx here is never actually freed",hostap_full_audit_0.4.169,high
MEM30-C,hostap,src/crypto/crypto_wolfssl.c,806,FP,"prior os_free(ctx) at line 803 is in the mutually-exclusive inner-switch default case; if that path ran the function already returned, so ctx here is never actually freed",hostap_full_audit_0.4.169,high
MEM30-C,hostap,src/crypto/crypto_wolfssl.c,808,FP,same mutually-exclusive-branch free tracking bug as line 806,hostap_full_audit_0.4.169,high
MEM30-C,hostap,src/crypto/crypto_wolfssl.c,808,FP,same mutually-exclusive-branch free tracking bug as line 806,hostap_full_audit_0.4.169,high
MEM30-C,hostap,src/crypto/crypto_wolfssl.c,808,FP,same mutually-exclusive-branch free tracking bug as line 806,hostap_full_audit_0.4.169,high
MEM30-C,hostap,src/crypto/crypto_wolfssl.c,808,FP,same mutually-exclusive-branch free tracking bug as line 806,hostap_full_audit_0.4.169,high
MEM30-C,hostap,src/crypto/crypto_wolfssl.c,810,FP,the only prior free (line 803) is on a mutually-exclusive inner-switch branch that already returned; line 810 is not a real double free,hostap_full_audit_0.4.169,high
MEM30-C,hostap,src/crypto/crypto_wolfssl.c,818,FP,"freed at line 803/810 only on the sibling CRYPTO_CIPHER_ALG_AES switch-case, mutually exclusive with this CRYPTO_CIPHER_ALG_3DES case; cross-switch-case free conflation",hostap_full_audit_0.4.169,high
MEM30-C,hostap,src/crypto/crypto_wolfssl.c,818,FP,"freed at line 803/810 only on the sibling CRYPTO_CIPHER_ALG_AES switch-case, mutually exclusive with this CRYPTO_CIPHER_ALG_3DES case; cross-switch-case free conflation",hostap_full_audit_0.4.169,high
MEM30-C,hostap,src/crypto/crypto_wolfssl.c,818,FP,"freed at line 803/810 only on the sibling CRYPTO_CIPHER_ALG_AES switch-case, mutually exclusive with this CRYPTO_CIPHER_ALG_3DES case; cross-switch-case free conflation",hostap_full_audit_0.4.169,high
MEM30-C,hostap,src/crypto/crypto_wolfssl.c,818,FP,"freed at line 803/810 only on the sibling CRYPTO_CIPHER_ALG_AES switch-case, mutually exclusive with this CRYPTO_CIPHER_ALG_3DES case; cross-switch-case free conflation",hostap_full_audit_0.4.169,high
MEM30-C,hostap,src/crypto/crypto_wolfssl.c,819,FP,same cross-switch-case free conflation as line 818,hostap_full_audit_0.4.169,high
MEM30-C,hostap,src/crypto/crypto_wolfssl.c,819,FP,same cross-switch-case free conflation as line 818,hostap_full_audit_0.4.169,high
MEM30-C,hostap,src/crypto/crypto_wolfssl.c,819,FP,same cross-switch-case free conflation as line 818,hostap_full_audit_0.4.169,high
MEM30-C,hostap,src/crypto/crypto_wolfssl.c,819,FP,same cross-switch-case free conflation as line 818,hostap_full_audit_0.4.169,high
DCL30-C,hostap,src/crypto/crypto_wolfssl.c,833,FP,"'ctx' is os_zalloc'd heap memory, not automatic storage",hostap_full_audit_0.4.169,high
MEM30-C,hostap,src/crypto/crypto_wolfssl.c,833,FP,same mutually-exclusive-switch-case free-tracking bug feeding the false 'ctx already freed' state,hostap_full_audit_0.4.169,high
API00-C,hostap,src/crypto/crypto_wolfssl.c,837,FP,crypto_cipher_encrypt - internal-only API FP class,hostap_full_audit_0.4.169,high
API00-C,hostap,src/crypto/crypto_wolfssl.c,837,FP,crypto_cipher_encrypt - internal-only API FP class,hostap_full_audit_0.4.169,high
API00-C,hostap,src/crypto/crypto_wolfssl.c,867,FP,crypto_cipher_decrypt - internal-only API FP class,hostap_full_audit_0.4.169,high
ARR02-C,hostap,src/crypto/crypto_wolfssl.c,907,TP,file-scope const array sized purely by its own initializer (not a parameter/#ifdef-size-variant) - genuine if trivial ARR02-C opportunity per established literal-target sub-shape,hostap_full_audit_0.4.169,low
ARR02-C,hostap,src/crypto/crypto_wolfssl.c,926,TP,same literal-target ARR02-C sub-shape as line 907,hostap_full_audit_0.4.169,low
MSC13-C,hostap,src/crypto/crypto_wolfssl.c,937,TP,'dh = NULL' at declaration is unconditionally overwritten by 'dh = XMALLOC(...)' a few lines later with no intervening read - genuine dead store,hostap_full_audit_0.4.169,low
MSC13-C,hostap,src/crypto/crypto_wolfssl.c,938,TP,"'privkey = NULL' unconditionally overwritten by wpabuf_alloc() shortly after, no intervening read",hostap_full_audit_0.4.169,low
MSC13-C,hostap,src/crypto/crypto_wolfssl.c,939,TP,"'pubkey = NULL' unconditionally overwritten by wpabuf_alloc() shortly after, no intervening read",hostap_full_audit_0.4.169,low
MEM31-C,hostap,src/crypto/crypto_wolfssl.c,956,FP,"privkey is freed via wpabuf_clear_free(privkey) at the done: label on every path (ownership transferred out via *priv only on success, local set NULL first) - goto/label-frees-at-exit FP class",hostap_full_audit_0.4.169,high
MEM31-C,hostap,src/crypto/crypto_wolfssl.c,957,FP,"pubkey is freed via wpabuf_clear_free(pubkey) at the done: label on every path, same as line 956",hostap_full_audit_0.4.169,high
ARR01-C,hostap,src/crypto/crypto_wolfssl.c,961,FP,"RFC3526_PRIME_1536 is a file-scope array referenced directly, not a decayed pointer/array parameter in this scope",hostap_full_audit_0.4.169,high
ARR01-C,hostap,src/crypto/crypto_wolfssl.c,962,FP,"RFC3526_GENERATOR_1536 is a file-scope array referenced directly, not a decayed pointer/array parameter in this scope",hostap_full_audit_0.4.169,high
EXP30-C,hostap,src/crypto/crypto_wolfssl.c,967,FP,wpabuf_mhead() calls as arguments are pure accessors with no side effects; unsequenced-evaluation concern is moot (established EXP30-C pure-accessor-args FP class),hostap_full_audit_0.4.169,high
DCL30-C,hostap,src/crypto/crypto_wolfssl.c,975,FP,"privkey is a wpabuf_alloc() heap pointer copied through *priv, not the address of a local automatic object",hostap_full_audit_0.4.169,high
DCL30-C,hostap,src/crypto/crypto_wolfssl.c,976,FP,"pubkey is a wpabuf_alloc() heap pointer copied through *publ, not the address of a local automatic object",hostap_full_audit_0.4.169,high
MEM30-C,hostap,src/crypto/crypto_wolfssl.c,988,FP,ret=dh is aliased then dh is set NULL precisely to hand off ownership to ret without the done: label's conditional free(dh) touching it; sqc doesn't track the dh=NULL ownership-transfer idiom,hostap_full_audit_0.4.169,high
MEM03-C,hostap,src/crypto/crypto_wolfssl.c,998,FP,"'secret' here is dh5_derive_shared's wpabuf which is handed to the caller (or freed via wpabuf_clear_free on failure, which zeroizes) - not left uncleared",hostap_full_audit_0.4.169,med
ARR01-C,hostap,src/crypto/crypto_wolfssl.c,1010,FP,same file-scope-array-not-a-parameter misfire as line 961,hostap_full_audit_0.4.169,high
ARR01-C,hostap,src/crypto/crypto_wolfssl.c,1011,FP,same file-scope-array-not-a-parameter misfire as line 962,hostap_full_audit_0.4.169,high
EXP30-C,hostap,src/crypto/crypto_wolfssl.c,1015,FP,wc_DhAgree args include pure accessors (wpabuf_head/len); pure-accessor-args FP class,hostap_full_audit_0.4.169,high
ARR01-C,hostap,src/crypto/crypto_wolfssl.c,1017,FP,same file-scope-array-not-a-parameter misfire as line 961/1010,hostap_full_audit_0.4.169,high
MEM30-C,hostap,src/crypto/crypto_wolfssl.c,1031,FP,"XFREE(secret,...) then later access is on the mutually-exclusive dh!=NULL cleanup path vs the success path; 'DYNAMIC_TYPE_TMP_BUFFER' is a wolfSSL alloc-type tag, not a tracked double free",hostap_full_audit_0.4.169,high
MEM30-C,hostap,src/crypto/crypto_wolfssl.c,1032,FP,"dh5_init_fixed's ret=dh/dh=NULL ownership-transfer idiom misread as UAF, same root cause as line 988",hostap_full_audit_0.4.169,high
MEM03-C,hostap,src/crypto/crypto_wolfssl.c,1042,FP,dh5_derive_shared's 'secret' wpabuf is freed via wpabuf_clear_free on every failure path (which zeroizes) and handed to caller on success,hostap_full_audit_0.4.169,med
MEM31-C,hostap,src/crypto/crypto_wolfssl.c,1045,FP,secret freed via wpabuf_clear_free(secret) at the done: label on every path (goto/label-frees-at-exit FP class),hostap_full_audit_0.4.169,high
EXP30-C,hostap,src/crypto/crypto_wolfssl.c,1049,FP,wc_DhAgree args include pure accessors (wpabuf_head/wpabuf_mhead/wpabuf_len); pure-accessor-args FP class,hostap_full_audit_0.4.169,high
MEM30-C,hostap,src/crypto/crypto_wolfssl.c,1060,FP,"dh5_derive_shared's ret=secret/secret=NULL ownership-transfer idiom, same root cause as line 988/1032",hostap_full_audit_0.4.169,high
API00-C,hostap,src/crypto/crypto_wolfssl.c,1076,FP,"crypto_dh_init 'prime_len' - internal-only API, priv_sz/pub_sz<=prime_len is checked before the only subtraction; no real overflow path",hostap_full_audit_0.4.169,high
MSC13-C,hostap,src/crypto/crypto_wolfssl.c,1081,TP,"'dh = NULL' at declaration unconditionally overwritten by 'dh = os_malloc(...)' a few lines later, no intervening read",hostap_full_audit_0.4.169,low
MEM30-C,hostap,src/crypto/crypto_wolfssl.c,1121,FP,"wc_FreeDhKey(dh) frees DhKey's internal buffers, os_free(dh) frees the container struct - distinct memory, not a double free",hostap_full_audit_0.4.169,high
MEM30-C,hostap,src/crypto/crypto_wolfssl.c,1153,FP,same wc_FreeDhKey+os_free container misidentification as line 1121,hostap_full_audit_0.4.169,high
API05-C,hostap,src/crypto/crypto_wolfssl.c,1159,FP,"idiomatic T*,size_t companion-pointer pattern (privkey/order/pubkey each paired with their own _len)",hostap_full_audit_0.4.169,high
EXP33-C,hostap,src/crypto/crypto_wolfssl.c,1188,FP,hash = os_zalloc(sizeof(*hash)) - sizeof(*ptr) non-evaluated-context idiom,hostap_full_audit_0.4.169,high
MEM30-C,hostap,src/crypto/crypto_wolfssl.c,1225,FP,"crypto_hash_init's ret=hash/hash=NULL ownership-transfer idiom at done:, same root cause as line 988",hostap_full_audit_0.4.169,high
API00-C,hostap,src/crypto/crypto_wolfssl.c,1237,FP,crypto_hash_finish 'len' - internal-only API FP class,hostap_full_audit_0.4.169,high
ARR01-C,hostap,src/crypto/crypto_wolfssl.c,1255,FP,"sizeof(*ctx) sizing idiom for os_zalloc-style allocation, not a decayed array/pointer parameter access",hostap_full_audit_0.4.169,high
API00-C,hostap,src/crypto/crypto_wolfssl.c,1289,FP,omac1_aes_128_vector 'key' - internal-only API FP class,hostap_full_audit_0.4.169,high
API00-C,hostap,src/crypto/crypto_wolfssl.c,1296,FP,omac1_aes_128 'key' - internal-only API FP class,hostap_full_audit_0.4.169,high
API00-C,hostap,src/crypto/crypto_wolfssl.c,1302,FP,omac1_aes_256 'key' - internal-only API FP class,hostap_full_audit_0.4.169,high
EXP33-C,hostap,src/crypto/crypto_wolfssl.c,1315,FP,a = os_malloc(sizeof(*a)) - sizeof(*ptr) non-evaluated-context idiom in crypto_bignum_init,hostap_full_audit_0.4.169,high
EXP34-C,hostap,src/crypto/crypto_wolfssl.c,1317,FP,os_free(NULL) is a well-defined no-op per the C standard; the preceding 'if (!a || mp_init(a) != MP_OKAY)' already covers a==NULL,hostap_full_audit_0.4.169,high
EXP05-C,hostap,src/crypto/crypto_wolfssl.c,1388,FP,mp_count_bits((mp_int*)a) is read-only; 'a' is never mutated through the cast pointer (established read-only cast-away-const FP class),hostap_full_audit_0.4.169,high
EXP05-C,hostap,src/crypto/crypto_wolfssl.c,1397,FP,"mp_to_unsigned_bin((mp_int*)a, ...) serializes a read-only; no mutation through the cast pointer",hostap_full_audit_0.4.169,high
ARR39-C,hostap,src/crypto/crypto_wolfssl.c,1397,FP,'buf + offset' is plain u8* + int pointer arithmetic with no sizeof() term at all present; not a scaled-arithmetic double-scaling case,hostap_full_audit_0.4.169,high
EXP05-C,hostap,src/crypto/crypto_wolfssl.c,1414,FP,mp_count_bits((mp_int*)m) is read-only,hostap_full_audit_0.4.169,high
EXP05-C,hostap,src/crypto/crypto_wolfssl.c,1417,FP,'r' is crypto_bignum_rand's non-const struct crypto_bignum *r parameter - there is no const to cast away (never-const-to-begin-with EXP05-C rule-bug class),hostap_full_audit_0.4.169,high
EXP43-C,hostap,src/crypto/crypto_wolfssl.c,1418,FP,"wolfSSL's mp_mod() params are not restrict-qualified; mp_mod(r,m,r) in-place reduction is a standard, safe bignum-library idiom (established EXP43-C non-restrict FP class)",hostap_full_audit_0.4.169,med
EXP05-C,hostap,src/crypto/crypto_wolfssl.c,1418,FP,'r' is non-const to begin with (never-const-to-begin-with class); 'm' cast is read-only (mp_mod's modulus input is not mutated),hostap_full_audit_0.4.169,high
EXP05-C,hostap,src/crypto/crypto_wolfssl.c,1418,FP,'r' is non-const to begin with (never-const-to-begin-with class); 'm' cast is read-only (mp_mod's modulus input is not mutated),hostap_full_audit_0.4.169,high
EXP05-C,hostap,src/crypto/crypto_wolfssl.c,1418,FP,'r' is non-const to begin with (never-const-to-begin-with class); 'm' cast is read-only (mp_mod's modulus input is not mutated),hostap_full_audit_0.4.169,high
EXP05-C,hostap,src/crypto/crypto_wolfssl.c,1430,FP,"crypto_bignum_add's 'a'/'b' are const inputs to mp_add, only read; output goes to the separate 'r' param",hostap_full_audit_0.4.169,high
EXP05-C,hostap,src/crypto/crypto_wolfssl.c,1430,FP,"crypto_bignum_add's 'a'/'b' are const inputs to mp_add, only read; output goes to the separate 'r' param",hostap_full_audit_0.4.169,high
EXP05-C,hostap,src/crypto/crypto_wolfssl.c,1431,FP,'r' is crypto_bignum_add's non-const output param - never-const-to-begin-with,hostap_full_audit_0.4.169,high
EXP05-C,hostap,src/crypto/crypto_wolfssl.c,1439,FP,crypto_bignum_mod's 'a'/'m' are const read-only inputs to mp_mod,hostap_full_audit_0.4.169,high
EXP05-C,hostap,src/crypto/crypto_wolfssl.c,1439,FP,crypto_bignum_mod's 'a'/'m' are const read-only inputs to mp_mod,hostap_full_audit_0.4.169,high
EXP05-C,hostap,src/crypto/crypto_wolfssl.c,1440,FP,'r' is crypto_bignum_mod's non-const output param - never-const-to-begin-with,hostap_full_audit_0.4.169,high
EXP05-C,hostap,src/crypto/crypto_wolfssl.c,1452,FP,crypto_bignum_exptmod's 'b'/'e'/'m' are const read-only inputs to mp_exptmod,hostap_full_audit_0.4.169,high
EXP05-C,hostap,src/crypto/crypto_wolfssl.c,1452,FP,crypto_bignum_exptmod's 'b'/'e'/'m' are const read-only inputs to mp_exptmod,hostap_full_audit_0.4.169,high
EXP05-C,hostap,src/crypto/crypto_wolfssl.c,1452,FP,crypto_bignum_exptmod's 'b'/'e'/'m' are const read-only inputs to mp_exptmod,hostap_full_audit_0.4.169,high
EXP05-C,hostap,src/crypto/crypto_wolfssl.c,1453,FP,'r' is crypto_bignum_exptmod's non-const output param - never-const-to-begin-with,hostap_full_audit_0.4.169,high
EXP05-C,hostap,src/crypto/crypto_wolfssl.c,1464,FP,crypto_bignum_inverse's 'a'/'m' are const read-only inputs to mp_invmod,hostap_full_audit_0.4.169,high
EXP05-C,hostap,src/crypto/crypto_wolfssl.c,1464,FP,crypto_bignum_inverse's 'a'/'m' are const read-only inputs to mp_invmod,hostap_full_audit_0.4.169,high
EXP05-C,hostap,src/crypto/crypto_wolfssl.c,1465,FP,'r' is crypto_bignum_inverse's non-const output param - never-const-to-begin-with,hostap_full_audit_0.4.169,high
EXP05-C,hostap,src/crypto/crypto_wolfssl.c,1476,FP,crypto_bignum_sub's 'a'/'b' are const read-only inputs to mp_sub,hostap_full_audit_0.4.169,high
EXP05-C,hostap,src/crypto/crypto_wolfssl.c,1476,FP,crypto_bignum_sub's 'a'/'b' are const read-only inputs to mp_sub,hostap_full_audit_0.4.169,high
EXP05-C,hostap,src/crypto/crypto_wolfssl.c,1477,FP,'r' is crypto_bignum_sub's non-const output param - never-const-to-begin-with,hostap_full_audit_0.4.169,high
EXP05-C,hostap,src/crypto/crypto_wolfssl.c,1488,FP,crypto_bignum_div's 'a'/'b' are const read-only inputs to mp_div,hostap_full_audit_0.4.169,high
EXP05-C,hostap,src/crypto/crypto_wolfssl.c,1488,FP,crypto_bignum_div's 'a'/'b' are const read-only inputs to mp_div,hostap_full_audit_0.4.169,high
EXP05-C,hostap,src/crypto/crypto_wolfssl.c,1501,FP,crypto_bignum_addmod's 'a'/'b'/'c' are const read-only inputs to mp_addmod,hostap_full_audit_0.4.169,high
EXP05-C,hostap,src/crypto/crypto_wolfssl.c,1501,FP,crypto_bignum_addmod's 'a'/'b'/'c' are const read-only inputs to mp_addmod,hostap_full_audit_0.4.169,high
EXP05-C,hostap,src/crypto/crypto_wolfssl.c,1501,FP,crypto_bignum_addmod's 'a'/'b'/'c' are const read-only inputs to mp_addmod,hostap_full_audit_0.4.169,high
EXP05-C,hostap,src/crypto/crypto_wolfssl.c,1514,FP,crypto_bignum_mulmod's 'a'/'b'/'m' are const read-only inputs to mp_mulmod,hostap_full_audit_0.4.169,high
EXP05-C,hostap,src/crypto/crypto_wolfssl.c,1514,FP,crypto_bignum_mulmod's 'a'/'b'/'m' are const read-only inputs to mp_mulmod,hostap_full_audit_0.4.169,high
EXP05-C,hostap,src/crypto/crypto_wolfssl.c,1514,FP,crypto_bignum_mulmod's 'a'/'b'/'m' are const read-only inputs to mp_mulmod,hostap_full_audit_0.4.169,high
EXP05-C,hostap,src/crypto/crypto_wolfssl.c,1526,FP,crypto_bignum_sqrmod's 'a'/'b' are const read-only inputs to mp_sqrmod,hostap_full_audit_0.4.169,high
EXP05-C,hostap,src/crypto/crypto_wolfssl.c,1526,FP,crypto_bignum_sqrmod's 'a'/'b' are const read-only inputs to mp_sqrmod,hostap_full_audit_0.4.169,high
EXP05-C,hostap,src/crypto/crypto_wolfssl.c,1527,FP,'c' is crypto_bignum_sqrmod's non-const output param - never-const-to-begin-with,hostap_full_audit_0.4.169,high
API00-C,hostap,src/crypto/crypto_wolfssl.c,1531,FP,crypto_bignum_rshift 'n' - internal-only API FP class,hostap_full_audit_0.4.169,high
EXP05-C,hostap,src/crypto/crypto_wolfssl.c,1534,FP,'a' is const read-only input to mp_copy; 'r' is the non-const output param (never-const-to-begin-with),hostap_full_audit_0.4.169,high
EXP05-C,hostap,src/crypto/crypto_wolfssl.c,1534,FP,'a' is const read-only input to mp_copy; 'r' is the non-const output param (never-const-to-begin-with),hostap_full_audit_0.4.169,high
EXP05-C,hostap,src/crypto/crypto_wolfssl.c,1536,FP,'r' is crypto_bignum_rshift's non-const parameter mutated in-place by mp_rshb - never-const-to-begin-with,hostap_full_audit_0.4.169,high
API00-C,hostap,src/crypto/crypto_wolfssl.c,1541,FP,crypto_bignum_cmp 'a' - internal-only API FP class,hostap_full_audit_0.4.169,high
EXP05-C,hostap,src/crypto/crypto_wolfssl.c,1544,FP,crypto_bignum_cmp's 'a'/'b' are const read-only inputs to mp_cmp,hostap_full_audit_0.4.169,high
EXP05-C,hostap,src/crypto/crypto_wolfssl.c,1544,FP,crypto_bignum_cmp's 'a'/'b' are const read-only inputs to mp_cmp,hostap_full_audit_0.4.169,high
API00-C,hostap,src/crypto/crypto_wolfssl.c,1548,FP,crypto_bignum_is_zero 'a' - internal-only API FP class,hostap_full_audit_0.4.169,high
EXP05-C,hostap,src/crypto/crypto_wolfssl.c,1550,FP,crypto_bignum_is_zero's 'a' is const read-only input to mp_iszero,hostap_full_audit_0.4.169,high
API00-C,hostap,src/crypto/crypto_wolfssl.c,1554,FP,crypto_bignum_is_one 'a' - internal-only API FP class,hostap_full_audit_0.4.169,high
EXP05-C,hostap,src/crypto/crypto_wolfssl.c,1561,FP,crypto_bignum_is_odd's 'a' is const read-only input to mp_isodd,hostap_full_audit_0.4.169,high
EXP05-C,hostap,src/crypto/crypto_wolfssl.c,1579,FP,"crypto_bignum_legendre's 'p' is const, mp_sub_d writes only to local 't', not to p - read-only",hostap_full_audit_0.4.169,high
EXP05-C,hostap,src/crypto/crypto_wolfssl.c,1583,FP,crypto_bignum_legendre's 'a'/'p' are const read-only inputs to mp_exptmod (result goes to local 't'),hostap_full_audit_0.4.169,high
EXP05-C,hostap,src/crypto/crypto_wolfssl.c,1583,FP,crypto_bignum_legendre's 'a'/'p' are const read-only inputs to mp_exptmod (result goes to local 't'),hostap_full_audit_0.4.169,high
MSC17-C,hostap,src/crypto/crypto_wolfssl.c,1611,FP,case 26 ends with 'return ECC_SECP224R1;' before the #ifdef HAVE_ECC_BRAINPOOL block; #ifdef intervening between the return and the next case label confuses sqc's fallthrough check (established MSC17-C #ifdef-intervening FP class),hostap_full_audit_0.4.169,high
EXP33-C,hostap,src/crypto/crypto_wolfssl.c,1661,FP,e = os_zalloc(sizeof(*e)) - sizeof(*ptr) non-evaluated-context idiom in crypto_ec_init,hostap_full_audit_0.4.169,high
DCL30-C,hostap,src/crypto/crypto_wolfssl.c,1752,FP,"crypto_ec_init returns 'e' which is os_zalloc'd heap memory, not automatic storage",hostap_full_audit_0.4.169,high
DCL13-C,hostap,src/crypto/crypto_wolfssl.c,1774,FP,crypto_ec_point_init(struct crypto_ec *e) is part of the fixed multi-backend crypto.h interface shared across openssl/mbedtls/wolfssl backends; const-qualifying only this backend risks a signature mismatch (established cross-backend-API DCL13-C FP class),hostap_full_audit_0.4.169,med
API00-C,hostap,src/crypto/crypto_wolfssl.c,1784,FP,crypto_ec_prime_len 'e' - internal-only API; all callers pass an already-validated crypto_ec/group object (verified via grep across eap_pwd/sae/dragonfly/dpp_pkex call sites),hostap_full_audit_0.4.169,high
EXP34-C,hostap,src/crypto/crypto_wolfssl.c,1786,FP,"'e' is an internal opaque crypto_ec handle, always valid post-crypto_ec_init(); never externally nullable (API00-C internal-only pattern extended to null-deref).",hostap_full_audit_0.4.169,high
API00-C,hostap,src/crypto/crypto_wolfssl.c,1790,FP,"Internal-only wrapper API; e is always a valid handle post-crypto_ec_init(), never externally nullable.",hostap_full_audit_0.4.169,high
API00-C,hostap,src/crypto/crypto_wolfssl.c,1796,FP,Internal-only wrapper API; e always valid.,hostap_full_audit_0.4.169,high
API00-C,hostap,src/crypto/crypto_wolfssl.c,1802,FP,Internal-only wrapper API; e always valid.,hostap_full_audit_0.4.169,high
DCL13-C,hostap,src/crypto/crypto_wolfssl.c,1802,TP,"e only read (&e->prime); genuine low-severity const opportunity, plain read-only-helper exception.",hostap_full_audit_0.4.169,med
DCL13-C,hostap,src/crypto/crypto_wolfssl.c,1808,TP,e only read (&e->order); same plain read-only-helper exception.,hostap_full_audit_0.4.169,med
API00-C,hostap,src/crypto/crypto_wolfssl.c,1814,FP,Internal-only wrapper API; e always valid.,hostap_full_audit_0.4.169,high
DCL13-C,hostap,src/crypto/crypto_wolfssl.c,1814,TP,e only read (&e->a); same plain read-only-helper exception.,hostap_full_audit_0.4.169,med
API00-C,hostap,src/crypto/crypto_wolfssl.c,1820,FP,Internal-only wrapper API; e always valid.,hostap_full_audit_0.4.169,high
DCL13-C,hostap,src/crypto/crypto_wolfssl.c,1820,TP,e only read (&e->b); same plain read-only-helper exception.,hostap_full_audit_0.4.169,med
DCL13-C,hostap,src/crypto/crypto_wolfssl.c,1847,TP,e only read (e->g); same plain read-only-helper exception.,hostap_full_audit_0.4.169,med
DCL13-C,hostap,src/crypto/crypto_wolfssl.c,1854,TP,'e' is entirely unused in the function body; trivially const-eligible.,hostap_full_audit_0.4.169,high
EXP05-C,hostap,src/crypto/crypto_wolfssl.c,1857,FP,"p is const struct crypto_ec_point*, cast only to read p->x as mp_copy's source operand; no write through p.",hostap_full_audit_0.4.169,high
EXP05-C,hostap,src/crypto/crypto_wolfssl.c,1864,TP,"Cast bridges to ecc_map(p,...), which converts the point from projective to affine coordinates IN PLACE — genuinely mutates the nominally-const 'point' parameter.",hostap_full_audit_0.4.169,med
EXP34-C,hostap,src/crypto/crypto_wolfssl.c,1872,FP,Same internal-handle-never-null pattern; 'e' only ever a valid crypto_ec* from crypto_ec_init().,hostap_full_audit_0.4.169,high
API00-C,hostap,src/crypto/crypto_wolfssl.c,1906,FP,Internal-only wrapper API; e always valid post-init.,hostap_full_audit_0.4.169,high
DCL13-C,hostap,src/crypto/crypto_wolfssl.c,1906,TP,e only read (e->key->dp->size); plain read-only-helper exception.,hostap_full_audit_0.4.169,med
MSC13-C,hostap,src/crypto/crypto_wolfssl.c,1909,TP,`point = NULL` at declaration is unconditionally overwritten at :1915 before any read (and the TEST_FAIL() early-return never reads it either); dead-null-init genuine TP.,hostap_full_audit_0.4.169,high
EXP34-C,hostap,src/crypto/crypto_wolfssl.c,1919,FP,'e' always a valid handle from crypto_ec_init(); no caller ever passes NULL.,hostap_full_audit_0.4.169,high
EXP05-C,hostap,src/crypto/crypto_wolfssl.c,1942,FP,"a/b cast read-only: consumed only as mp_mulmod source operands / ecc_projective_add_point read-only inputs, never written.",hostap_full_audit_0.4.169,med
EXP05-C,hostap,src/crypto/crypto_wolfssl.c,1942,FP,"a/b cast read-only: consumed only as mp_mulmod source operands / ecc_projective_add_point read-only inputs, never written.",hostap_full_audit_0.4.169,med
EXP34-C,hostap,src/crypto/crypto_wolfssl.c,1943,FP,"'e' always valid; &e->prime read via internal-only handle, never null in practice.",hostap_full_audit_0.4.169,high
EXP05-C,hostap,src/crypto/crypto_wolfssl.c,1985,FP,"'c' is NOT const-qualified in this function's signature (struct crypto_ec_point *c, an output param) — no const is actually being cast away; tool misfire.",hostap_full_audit_0.4.169,high
EXP05-C,hostap,src/crypto/crypto_wolfssl.c,1992,FP,'c' is NOT const-qualified here either (same output param as :1985) — no const actually cast away; tool misfire.,hostap_full_audit_0.4.169,high
API00-C,hostap,src/crypto/crypto_wolfssl.c,2004,FP,Internal-only wrapper API; b always a valid crypto_bignum handle from callers.,hostap_full_audit_0.4.169,high
EXP05-C,hostap,src/crypto/crypto_wolfssl.c,2013,FP,"b/p cast read-only: wc_ecc_mulmod treats them as scalar/base-point inputs, writing only to 'res'.",hostap_full_audit_0.4.169,high
EXP05-C,hostap,src/crypto/crypto_wolfssl.c,2013,FP,"b/p cast read-only: wc_ecc_mulmod treats them as scalar/base-point inputs, writing only to 'res'.",hostap_full_audit_0.4.169,high
DCL13-C,hostap,src/crypto/crypto_wolfssl.c,2019,FP,'p' IS genuinely mutated: aliased via `ecc_point *point=(ecc_point*)p;` then `point->y` is written by mp_sub — DCL13 missed the mutation through the cast alias.,hostap_full_audit_0.4.169,high
EXP34-C,hostap,src/crypto/crypto_wolfssl.c,2026,FP,"'e' always valid handle; internal-only API, never null at real call sites.",hostap_full_audit_0.4.169,high
API00-C,hostap,src/crypto/crypto_wolfssl.c,2033,FP,Internal-only wrapper API; e always valid.,hostap_full_audit_0.4.169,high
EXP05-C,hostap,src/crypto/crypto_wolfssl.c,2045,FP,"x cast read-only: consumed only as mp_sqrmod's source operand, output goes to y2.",hostap_full_audit_0.4.169,high
EXP43-C,hostap,src/crypto/crypto_wolfssl.c,2046,FP,mp_addmod's parameters are plain mp_int* with no restrict qualifier; EXP43-C UB only applies to restrict-qualified aliasing (established non-restrict FP precedent).,hostap_full_audit_0.4.169,high
EXP05-C,hostap,src/crypto/crypto_wolfssl.c,2047,FP,"x cast read-only: consumed only as mp_mulmod's source operand, output goes to y2.",hostap_full_audit_0.4.169,high
EXP43-C,hostap,src/crypto/crypto_wolfssl.c,2048,FP,Same non-restrict mp_addmod precedent.,hostap_full_audit_0.4.169,high
DCL13-C,hostap,src/crypto/crypto_wolfssl.c,2058,TP,e only read (e->prime/a/b); plain read-only-helper exception.,hostap_full_audit_0.4.169,med
EXP05-C,hostap,src/crypto/crypto_wolfssl.c,2061,FP,p cast read-only: wc_ecc_point_is_at_infinity is a pure predicate check.,hostap_full_audit_0.4.169,high
API00-C,hostap,src/crypto/crypto_wolfssl.c,2065,FP,Internal-only wrapper API; e always valid.,hostap_full_audit_0.4.169,high
EXP05-C,hostap,src/crypto/crypto_wolfssl.c,2068,FP,p cast read-only: wc_ecc_is_point is a pure curve-membership predicate check.,hostap_full_audit_0.4.169,high
EXP34-C,hostap,src/crypto/crypto_wolfssl.c,2068,FP,"'e' always valid handle; internal-only API, never null at real call sites.",hostap_full_audit_0.4.169,high
API00-C,hostap,src/crypto/crypto_wolfssl.c,2073,FP,Internal-only wrapper API; a/b always valid crypto_ec_point handles.,hostap_full_audit_0.4.169,high
API00-C,hostap,src/crypto/crypto_wolfssl.c,2073,FP,Internal-only wrapper API; a/b always valid crypto_ec_point handles.,hostap_full_audit_0.4.169,high
EXP05-C,hostap,src/crypto/crypto_wolfssl.c,2077,FP,a/b cast read-only: wc_ecc_cmp_point is a pure comparison.,hostap_full_audit_0.4.169,high
EXP05-C,hostap,src/crypto/crypto_wolfssl.c,2077,FP,a/b cast read-only: wc_ecc_cmp_point is a pure comparison.,hostap_full_audit_0.4.169,high
MSC07-C,hostap,src/crypto/crypto_wolfssl.c,2126,FP,"'fail:' is a real jump target reached via goto earlier in the function, not fallen into after the preceding return; goto-blindness FP class.",hostap_full_audit_0.4.169,high
MSC13-C,hostap,src/crypto/crypto_wolfssl.c,2134,TP,`ret = NULL` unconditionally overwritten at :2137 before any read; dead-null-init genuine TP.,hostap_full_audit_0.4.169,high
MSC13-C,hostap,src/crypto/crypto_wolfssl.c,2158,TP,"`ret = NULL` never read on the early-return branch, and unconditionally overwritten at :2165 otherwise; dead-null-init genuine TP.",hostap_full_audit_0.4.169,high
API00-C,hostap,src/crypto/crypto_wolfssl.c,2202,FP,Internal-only wrapper API; ecdh always valid post-crypto_ecdh_init().,hostap_full_audit_0.4.169,high
MSC37-C,hostap,src/crypto/crypto_wolfssl.c,2202,FP,Function always explicitly returns via the shared done:/fail: goto target (`return buf;`); goto-blindness variant of the MSC07 family.,hostap_full_audit_0.4.169,high
DCL13-C,hostap,src/crypto/crypto_wolfssl.c,2202,TP,ecdh only read (ecdh->ec->key->pubkey.x/y); plain read-only-helper exception.,hostap_full_audit_0.4.169,med
MSC13-C,hostap,src/crypto/crypto_wolfssl.c,2204,TP,`buf = NULL` unconditionally overwritten at :2208 before any read; dead-null-init genuine TP.,hostap_full_audit_0.4.169,high
API00-C,hostap,src/crypto/crypto_wolfssl.c,2234,FP,"'key' here is wire key-material passed by callers as offsets into already-validated buffers (owe_dh+2, peer_ie+2, wpabuf_head()); never NULL in practice.",hostap_full_audit_0.4.169,high
MSC37-C,hostap,src/crypto/crypto_wolfssl.c,2234,FP,Function always explicitly returns via the shared done:/fail: goto target (`return secret;`); goto-blindness variant of the MSC07 family.,hostap_full_audit_0.4.169,high
DCL13-C,hostap,src/crypto/crypto_wolfssl.c,2234,TP,"ecdh only read (ecdh->ec->key->dp->size, ->idx); plain read-only-helper exception.",hostap_full_audit_0.4.169,med
MEM03-C,hostap,src/crypto/crypto_wolfssl.c,2239,FP,'secret' is the function's own heap-allocated return value (the ECDH shared secret handed to the caller); clearing it before return would destroy the value being returned.,hostap_full_audit_0.4.169,high
MSC07-C,hostap,src/crypto/crypto_wolfssl.c,2286,FP,"'fail:' reached via goto from earlier branches, not fallen into after the preceding return.",hostap_full_audit_0.4.169,high
API00-C,hostap,src/crypto/crypto_wolfssl.c,2293,FP,Internal-only wrapper API; ecdh always valid.,hostap_full_audit_0.4.169,high
DCL13-C,hostap,src/crypto/crypto_wolfssl.c,2293,TP,ecdh only read (forwards ecdh->ec to crypto_ec_prime_len); plain read-only-helper exception.,hostap_full_audit_0.4.169,med
DCL30-C,hostap,src/crypto/crypto_wolfssl.c,2314,FP,"'key' is a heap pointer from os_zalloc(), not the address of automatic storage; established DCL30-C FP pattern (local-variable-vs-local-storage confusion).",hostap_full_audit_0.4.169,high
DCL30-C,hostap,src/crypto/crypto_wolfssl.c,2358,FP,'ret' is heap-allocated via crypto_ec_key_init(); same DCL30-C FP pattern.,hostap_full_audit_0.4.169,high
MSC07-C,hostap,src/crypto/crypto_wolfssl.c,2359,FP,"'fail:' reached via goto at :2349/:2355, not fallen into after the preceding return.",hostap_full_audit_0.4.169,high
DCL13-C,hostap,src/crypto/crypto_wolfssl.c,2366,TP,key only read (key->eckey->dp->id in a switch); plain read-only-helper exception.,hostap_full_audit_0.4.169,med
MSC07-C,hostap,src/crypto/crypto_wolfssl.c,2487,FP,'fail:' reached via goto from earlier branches.,hostap_full_audit_0.4.169,high
MSC13-C,hostap,src/crypto/crypto_wolfssl.c,2496,TP,`ret = NULL` unconditionally overwritten before any read; dead-null-init genuine TP.,hostap_full_audit_0.4.169,high
MSC07-C,hostap,src/crypto/crypto_wolfssl.c,2512,FP,'fail:' reached via goto from earlier branches.,hostap_full_audit_0.4.169,high
API00-C,hostap,src/crypto/crypto_wolfssl.c,2518,FP,Factually wrong: the function's first statement is `if (!key || !key->eckey || !data || len == 0) { ...; goto fail; }` — it does validate 'key'.,hostap_full_audit_0.4.169,high
MSC07-C,hostap,src/crypto/crypto_wolfssl.c,2558,FP,'fail:' reached via goto from earlier branches.,hostap_full_audit_0.4.169,high
DCL13-C,hostap,src/crypto/crypto_wolfssl.c,2564,TP,"key only read (key->eckey passed to wc_ecc_verify_hash); no rng lazy-init call here (contrast with sign functions), genuinely read-only.",hostap_full_audit_0.4.169,med
MSC13-C,hostap,src/crypto/crypto_wolfssl.c,2595,TP,dead NULL/0 initializer unconditionally overwritten before its only use; same established pattern.,hostap_full_audit_0.4.169,high
MSC07-C,hostap,src/crypto/crypto_wolfssl.c,2696,FP,'fail:' reached via goto from earlier branches.,hostap_full_audit_0.4.169,high
MSC13-C,hostap,src/crypto/crypto_wolfssl.c,2705,TP,dead NULL/0 initializer unconditionally overwritten before its only use.,hostap_full_audit_0.4.169,high
EXP05-C,hostap,src/crypto/crypto_wolfssl.c,2722,FP,x/y cast read-only import source data for wc_ecc_import_unsigned; code comment confirms 'Cast necessary for FIPS API'.,hostap_full_audit_0.4.169,high
EXP05-C,hostap,src/crypto/crypto_wolfssl.c,2722,FP,x/y cast read-only import source data for wc_ecc_import_unsigned; code comment confirms 'Cast necessary for FIPS API'.,hostap_full_audit_0.4.169,high
EXP05-C,hostap,src/crypto/crypto_wolfssl.c,2772,TP,"Cast bridges to crypto_ec_key_get_subject_public_key(), which can call crypto_ec_key_gen_public_key() -> wc_ecc_make_pub_ex(key->eckey,...) when type==PRIVATEKEY_ONLY, genuinely mutating the nominally-const 'key'.",hostap_full_audit_0.4.169,med
EXP05-C,hostap,src/crypto/crypto_wolfssl.c,2775,TP,"Cast bridges to crypto_ec_key_get_ecprivate_key(), which similarly can trigger crypto_ec_key_gen_public_key() lazy pubkey generation, mutating the nominally-const 'key'.",hostap_full_audit_0.4.169,med
EXP30-C,hostap,src/crypto/crypto_wolfssl.c,2788,FP,wpabuf_head()/wpabuf_len() are pure read accessors with no side effects to unsequence; established EXP30-C pure-getter FP class.,hostap_full_audit_0.4.169,high
EXP30-C,hostap,src/crypto/crypto_wolfssl.c,2802,FP,"wpabuf_head()/wpabuf_len()/wpabuf_mhead() are pure read accessors, no side effects.",hostap_full_audit_0.4.169,high
ENV01-C,hostap,src/crypto/crypto_wolfssl.c,2824,FP,"No getenv()/environment-variable code anywhere in this file; fixed local buffer with no env interaction — reconfirms the ENV01-C rule-logic-bug pattern (p2p_invitation.c precedent), now 3x+ confirmed.",hostap_full_audit_0.4.169,high
ENV01-C,hostap,src/crypto/crypto_wolfssl.c,2825,FP,Same rule-logic-bug pattern; no env code nearby.,hostap_full_audit_0.4.169,high
EXP05-C,hostap,src/crypto/crypto_wolfssl.c,2839,FP,"e cast read-only (e->prime/e->mont_b/e->curve_id consumed as read-only args to crypto_ec_point_to_bin); the point being mutated there is the separate 'p' argument, already non-const-relevant to this cast.",hostap_full_audit_0.4.169,high
MSC13-C,hostap,src/crypto/crypto_wolfssl.c,2854,TP,dead NULL/0 initializer unconditionally overwritten before its only use.,hostap_full_audit_0.4.169,high
MSC07-C,hostap,src/crypto/crypto_wolfssl.c,2879,FP,'fail:' reached via goto from earlier branches.,hostap_full_audit_0.4.169,high
ENV01-C,hostap,src/crypto/crypto_wolfssl.c,2891,FP,Same rule-logic-bug pattern; no env code nearby.,hostap_full_audit_0.4.169,high
MSC07-C,hostap,src/crypto/crypto_wolfssl.c,2962,FP,'fail:' reached via goto from earlier branches.,hostap_full_audit_0.4.169,high
MEM30-C,hostap,src/crypto/crypto_wolfssl.c,2963,FP,"fail:'s os_free(der) (:2963) is reached only via goto BEFORE the success-path os_free(der) (:2959) ever executes — mutually exclusive branches, not a real double free.",hostap_full_audit_0.4.169,high
MEM31-C,hostap,src/crypto/crypto_wolfssl.c,2963,FP,Same mutually-exclusive-branch shape as the paired MEM30-C finding.,hostap_full_audit_0.4.169,high
DCL13-C,hostap,src/crypto/crypto_wolfssl.c,2970,FP,"'key' IS genuinely modified: forwarded into crypto_ec_key_init_rng(key), which lazily writes key->rng — DCL13 missed the mutation through the forwarded call.",hostap_full_audit_0.4.169,high
ENV01-C,hostap,src/crypto/crypto_wolfssl.c,2972,FP,Same rule-logic-bug pattern; no env code nearby.,hostap_full_audit_0.4.169,high
ENV01-C,hostap,src/crypto/crypto_wolfssl.c,2976,FP,Same rule-logic-bug pattern; no env code nearby.,hostap_full_audit_0.4.169,high
ENV01-C,hostap,src/crypto/crypto_wolfssl.c,2978,FP,Same rule-logic-bug pattern; no env code nearby.,hostap_full_audit_0.4.169,high
MSC13-C,hostap,src/crypto/crypto_wolfssl.c,2981,TP,dead NULL/0 initializer unconditionally overwritten before its only use.,hostap_full_audit_0.4.169,high
EXP30-C,hostap,src/crypto/crypto_wolfssl.c,3044,FP,"mp_unsigned_bin_size() is a pure read of an mp_int's size, no side effects.",hostap_full_audit_0.4.169,high
DCL13-C,hostap,src/crypto/crypto_wolfssl.c,3080,TP,e only read (e->curve_id); plain read-only-helper exception.,hostap_full_audit_0.4.169,med
EXP05-C,hostap,src/crypto/crypto_wolfssl.c,3095,FP,"pub cast read-only: wc_ecc_export_point_der serializes to DER, does not write back into pub.",hostap_full_audit_0.4.169,high
EXP05-C,hostap,src/crypto/crypto_wolfssl.c,3108,FP,"pub cast read-only, second export call with same semantics.",hostap_full_audit_0.4.169,high
MSC07-C,hostap,src/crypto/crypto_wolfssl.c,3129,FP,'fail:' reached via goto from earlier branches.,hostap_full_audit_0.4.169,high
MEM30-C,hostap,src/crypto/crypto_wolfssl.c,3130,FP,fail:'s os_free(buf) (:3130) is reached only via goto BEFORE the success-path os_free(buf) (:3126) executes — mutually exclusive branches.,hostap_full_audit_0.4.169,high
MEM31-C,hostap,src/crypto/crypto_wolfssl.c,3130,FP,Same mutually-exclusive-branch shape as the paired MEM30-C finding.,hostap_full_audit_0.4.169,high
MSC13-C,hostap,src/crypto/crypto_wolfssl.c,3138,TP,"`p7 = NULL` never read on the early-return branch, unconditionally overwritten otherwise; dead-null-init genuine TP.",hostap_full_audit_0.4.169,high
MSC13-C,hostap,src/crypto/crypto_wolfssl.c,3140,TP,`err = 0` never read before being reassigned; dead initializer genuine TP.,hostap_full_audit_0.4.169,high
MSC07-C,hostap,src/crypto/crypto_wolfssl.c,3253,FP,"New sub-shape: 'case cert_type_none:' is a valid switch-dispatch jump target reached when csr->type==cert_type_none, not fallen into after the preceding case's break.",hostap_full_audit_0.4.169,high
MSC13-C,hostap,src/crypto/crypto_wolfssl.c,3304,TP,`der = NULL` unconditionally overwritten before any read; dead-null-init genuine TP.,hostap_full_audit_0.4.169,high
EXP30-C,hostap,src/crypto/crypto_wolfssl.c,3323,FP,"wpabuf_head()/wpabuf_len() pure getters, no side effects.",hostap_full_audit_0.4.169,high
DCL13-C,hostap,src/crypto/crypto_wolfssl.c,3335,FP,"'csr' IS directly modified: os_memcpy(dest,...)/dest[name_len]='\0' write into csr->req.c.subject.* fields through csr itself.",hostap_full_audit_0.4.169,high
DCL13-C,hostap,src/crypto/crypto_wolfssl.c,3412,TP,"csr only read (csr->type, csr->req.dc.cPwdLen/cPwd, csr->req.c.challengePw); genuinely read-only.",hostap_full_audit_0.4.169,med
API05-C,hostap,src/crypto/crypto_wolfssl.c,3414,FP,"Idiomatic pointer+out-param pair (size_t *len, int *type); established API05-C FP class (misfires on plain scalar out-params, not real arrays).",hostap_full_audit_0.4.169,high
MSC13-C,hostap,src/crypto/crypto_wolfssl.c,3528,TP,"`csr = NULL` never read on the early-return branch, unconditionally overwritten otherwise; dead-null-init genuine TP.",hostap_full_audit_0.4.169,high
EXP30-C,hostap,src/crypto/crypto_wolfssl.c,3542,FP,"wpabuf_head()/wpabuf_len() pure getters, no side effects.",hostap_full_audit_0.4.169,high
MSC07-C,hostap,src/crypto/crypto_wolfssl.c,3551,FP,'fail:' reached via goto from earlier branches.,hostap_full_audit_0.4.169,high
EXP33-C,hostap,src/crypto/crypto_wolfssl.c,3571,FP,`sizeof(*ret)` never evaluates 'ret'; classic sizeof(*ptr)-misidentified-as-dereference FP idiom.,hostap_full_audit_0.4.169,high
DCL30-C,hostap,src/crypto/crypto_wolfssl.c,3593,FP,'ret' is heap-allocated via os_zalloc(); same DCL30-C FP pattern.,hostap_full_audit_0.4.169,high
MSC07-C,hostap,src/crypto/crypto_wolfssl.c,3594,FP,'fail:' reached via goto from earlier branches (:3578/:3584/:3589).,hostap_full_audit_0.4.169,high
API05-C,hostap,src/crypto/crypto_wolfssl.c,3614,FP,"Idiomatic T*+size_t companion pair (key_pem, key_pem_len); established API05-C FP class.",hostap_full_audit_0.4.169,high
EXP34-C,hostap,src/crypto/crypto_wolfssl.c,3629,FP,wc_PemToDer() returning 0 guarantees cert_der is set per its documented contract; success-implies-non-null API contract not visible to sqc.,hostap_full_audit_0.4.169,med
API00-C,hostap,src/crypto/crypto_wolfssl.c,3669,FP,"'file' is an internal config path string from parsed configuration, never NULL at call sites.",hostap_full_audit_0.4.169,high
MSC13-C,hostap,src/crypto/crypto_wolfssl.c,3672,TP,`key_pem = NULL` unconditionally overwritten before any read; dead-null-init genuine TP.,hostap_full_audit_0.4.169,high
MEM31-C,hostap,src/crypto/crypto_wolfssl.c,3739,FP,"key_pem is set to NULL right after its early free (:3713-3714) on the success path, so any later os_free(key_pem) in fail: is a safe no-op, not a double free.",hostap_full_audit_0.4.169,high
MSC13-C,hostap,src/crypto/crypto_wolfssl.c,3756,TP,"`ret = NULL` never read on the early-return branch, unconditionally overwritten otherwise; dead-null-init genuine TP.",hostap_full_audit_0.4.169,high
EXP30-C,hostap,src/crypto/crypto_wolfssl.c,3769,FP,"wpabuf_len()/wc_RsaEncryptSize() are pure size-computation reads, no side effects.",hostap_full_audit_0.4.169,high
EXP30-C,hostap,src/crypto/crypto_wolfssl.c,3773,FP,"wpabuf_head_u8()/wpabuf_len()/wpabuf_mhead_u8()/wpabuf_size() are pure getters, no side effects.",hostap_full_audit_0.4.169,high
MSC13-C,hostap,src/crypto/crypto_wolfssl.c,3800,TP,"`ret = NULL` never read on the early-return branch, unconditionally overwritten otherwise; dead-null-init genuine TP.",hostap_full_audit_0.4.169,high
EXP30-C,hostap,src/crypto/crypto_wolfssl.c,3813,FP,"wpabuf_len()/wc_RsaEncryptSize() pure reads, no side effects.",hostap_full_audit_0.4.169,high
EXP30-C,hostap,src/crypto/crypto_wolfssl.c,3817,FP,"wpabuf_head_u8()/wpabuf_len()/wpabuf_mhead_u8()/wpabuf_size() pure getters, no side effects.",hostap_full_audit_0.4.169,high
PRE02-C,hostap,src/tls/libtommath.c,86,FP,Single-token negative-literal macro (MP_LT/MP_MEM/MP_VAL); no precedence hazard to guard against (categorical single-token-negative-literal PRE02-C FP class),hostap_full_audit_0.4.169,high
PRE02-C,hostap,src/tls/libtommath.c,94,FP,Single-token negative-literal macro (MP_LT/MP_MEM/MP_VAL); no precedence hazard to guard against (categorical single-token-negative-literal PRE02-C FP class),hostap_full_audit_0.4.169,high
PRE02-C,hostap,src/tls/libtommath.c,95,FP,Single-token negative-literal macro (MP_LT/MP_MEM/MP_VAL); no precedence hazard to guard against (categorical single-token-negative-literal PRE02-C FP class),hostap_full_audit_0.4.169,high
PRE00-C,hostap,src/tls/libtommath.c,126,TP,Macro genuinely references its parameter twice in the body (member access x2); real if low-severity macro-hygiene hazard (current call sites happen to be side-effect-free),hostap_full_audit_0.4.169,low
PRE12-C,hostap,src/tls/libtommath.c,126,TP,Macro genuinely references its parameter twice in the body (member access x2); real if low-severity macro-hygiene hazard (current call sites happen to be side-effect-free),hostap_full_audit_0.4.169,low
PRE00-C,hostap,src/tls/libtommath.c,127,TP,Macro genuinely references its parameter twice in the body (member access x2); real if low-severity macro-hygiene hazard (current call sites happen to be side-effect-free),hostap_full_audit_0.4.169,low
PRE12-C,hostap,src/tls/libtommath.c,127,TP,Macro genuinely references its parameter twice in the body (member access x2); real if low-severity macro-hygiene hazard (current call sites happen to be side-effect-free),hostap_full_audit_0.4.169,low
PRE00-C,hostap,src/tls/libtommath.c,131,TP,Macro genuinely references its parameter twice in the body (member access x2); real if low-severity macro-hygiene hazard (current call sites happen to be side-effect-free),hostap_full_audit_0.4.169,low
PRE02-C,hostap,src/tls/libtommath.c,131,FP,"s_mp_mul body is already one atomic function-call expression (s_mp_mul_digs(...)); wrapping in extra parens is a no-op, extends the function-call/array-subscript PRE02-C FP class",hostap_full_audit_0.4.169,high
PRE12-C,hostap,src/tls/libtommath.c,131,TP,Macro genuinely references its parameter twice in the body (member access x2); real if low-severity macro-hygiene hazard (current call sites happen to be side-effect-free),hostap_full_audit_0.4.169,low
EXP37-C,hostap,src/tls/libtommath.c,142,FP,stdarg.h is included transitively via includes.h before libtommath.c is #include'd into bignum.c's translation unit; va_list/va_start are properly declared,hostap_full_audit_0.4.169,high
EXP37-C,hostap,src/tls/libtommath.c,145,FP,stdarg.h is included transitively via includes.h before libtommath.c is #include'd into bignum.c's translation unit; va_list/va_start are properly declared,hostap_full_audit_0.4.169,high
DCL13-C,hostap,src/tls/libtommath.c,212,TP,"Plain static internal helper, not a vtable/eloop/dispatch-contract callback; param genuinely only read - real if low-severity const opportunity",hostap_full_audit_0.4.169,low
DCL13-C,hostap,src/tls/libtommath.c,212,TP,"Plain static internal helper, not a vtable/eloop/dispatch-contract callback; param genuinely only read - real if low-severity const opportunity",hostap_full_audit_0.4.169,low
DCL30-C,hostap,src/tls/libtommath.c,286,FP,"Direction-inverted: *tmpc++ = u writes u's VALUE into caller-owned heap storage (c->dp); no address-of u escapes, u's own storage is never returned",hostap_full_audit_0.4.169,high
DCL13-C,hostap,src/tls/libtommath.c,300,TP,"Plain static internal helper, not a vtable/eloop/dispatch-contract callback; param genuinely only read - real if low-severity const opportunity",hostap_full_audit_0.4.169,low
DCL13-C,hostap,src/tls/libtommath.c,300,TP,"Plain static internal helper, not a vtable/eloop/dispatch-contract callback; param genuinely only read - real if low-severity const opportunity",hostap_full_audit_0.4.169,low
INT14-C,hostap,src/tls/libtommath.c,337,FP,"CHAR_BIT/DIGIT_BIT/mp_digit/mp_word are macro constants or typedef names, not variables; category error misattributing a macro/type name as a mixed-use variable",hostap_full_audit_0.4.169,high
INT14-C,hostap,src/tls/libtommath.c,337,FP,"CHAR_BIT/DIGIT_BIT/mp_digit/mp_word are macro constants or typedef names, not variables; category error misattributing a macro/type name as a mixed-use variable",hostap_full_audit_0.4.169,high
INT34-C,hostap,src/tls/libtommath.c,337,FP,Shift amount is compile-time-bounded (DIGIT_BIT/CHAR_BIT-derived constant) or runtime-bounded by an earlier guard/'% DIGIT_BIT' computation/winsize range (2-8); provably within type width,hostap_full_audit_0.4.169,high
INT35-C,hostap,src/tls/libtommath.c,337,FP,"sizeof(...)*CHAR_BIT precision idiom is intentional in this vendored bignum code targeting its own known digit widths (DIGIT_BIT=28/60), no padding-bit platform in scope",hostap_full_audit_0.4.169,low
INT34-C,hostap,src/tls/libtommath.c,349,FP,Shift amount is compile-time-bounded (DIGIT_BIT/CHAR_BIT-derived constant) or runtime-bounded by an earlier guard/'% DIGIT_BIT' computation/winsize range (2-8); provably within type width,hostap_full_audit_0.4.169,high
INT35-C,hostap,src/tls/libtommath.c,349,FP,"sizeof(...)*CHAR_BIT precision idiom is intentional in this vendored bignum code targeting its own known digit widths (DIGIT_BIT=28/60), no padding-bit platform in scope",hostap_full_audit_0.4.169,low
MSC13-C,hostap,src/tls/libtommath.c,493,FP,"res IS read via the shared 'return res;' at function end; sqc's CFG doesn't see the if/else-if/#ifdef chain as mutually exclusive, misreading each branch's assignment as immediately overwritten",hostap_full_audit_0.4.169,high
MSC13-C,hostap,src/tls/libtommath.c,499,FP,"res IS read via the shared 'return res;' at function end; sqc's CFG doesn't see the if/else-if/#ifdef chain as mutually exclusive, misreading each branch's assignment as immediately overwritten",hostap_full_audit_0.4.169,high
INT14-C,hostap,src/tls/libtommath.c,514,FP,"CHAR_BIT/DIGIT_BIT/mp_digit/mp_word are macro constants or typedef names, not variables; category error misattributing a macro/type name as a mixed-use variable",hostap_full_audit_0.4.169,high
INT14-C,hostap,src/tls/libtommath.c,514,FP,"CHAR_BIT/DIGIT_BIT/mp_digit/mp_word are macro constants or typedef names, not variables; category error misattributing a macro/type name as a mixed-use variable",hostap_full_audit_0.4.169,high
INT14-C,hostap,src/tls/libtommath.c,514,FP,"CHAR_BIT/DIGIT_BIT/mp_digit/mp_word are macro constants or typedef names, not variables; category error misattributing a macro/type name as a mixed-use variable",hostap_full_audit_0.4.169,high
INT34-C,hostap,src/tls/libtommath.c,514,FP,Shift amount is compile-time-bounded (DIGIT_BIT/CHAR_BIT-derived constant) or runtime-bounded by an earlier guard/'% DIGIT_BIT' computation/winsize range (2-8); provably within type width,hostap_full_audit_0.4.169,high
INT35-C,hostap,src/tls/libtommath.c,514,FP,"sizeof(...)*CHAR_BIT precision idiom is intentional in this vendored bignum code targeting its own known digit widths (DIGIT_BIT=28/60), no padding-bit platform in scope",hostap_full_audit_0.4.169,low
MSC13-C,hostap,src/tls/libtommath.c,515,FP,"res IS read via the shared 'return res;' at function end; sqc's CFG doesn't see the if/else-if/#ifdef chain as mutually exclusive, misreading each branch's assignment as immediately overwritten",hostap_full_audit_0.4.169,high
EXP20-C,hostap,src/tls/libtommath.c,656,FP,"mp_iszero/mp_isodd/mp_iseven macros return exactly MP_YES(1) or MP_NO(0) by construction; ==1 test matches their exact two-value contract, extends the OpenSSL-exact-0/1-contract EXP20-C FP class to a local macro contract",hostap_full_audit_0.4.169,high
DCL13-C,hostap,src/tls/libtommath.c,700,TP,"Plain static internal helper, not a vtable/eloop/dispatch-contract callback; param genuinely only read - real if low-severity const opportunity",hostap_full_audit_0.4.169,low
EXP20-C,hostap,src/tls/libtommath.c,728,FP,"mp_iszero/mp_isodd/mp_iseven macros return exactly MP_YES(1) or MP_NO(0) by construction; ==1 test matches their exact two-value contract, extends the OpenSSL-exact-0/1-contract EXP20-C FP class to a local macro contract",hostap_full_audit_0.4.169,high
EXP20-C,hostap,src/tls/libtommath.c,734,FP,"mp_iszero/mp_isodd/mp_iseven macros return exactly MP_YES(1) or MP_NO(0) by construction; ==1 test matches their exact two-value contract, extends the OpenSSL-exact-0/1-contract EXP20-C FP class to a local macro contract",hostap_full_audit_0.4.169,high
INT14-C,hostap,src/tls/libtommath.c,757,FP,"Stylistic-pedantry mismatch with CERT INT14-C intent, or misattribution of a struct-field/unrelated bitwise op to the flagged identifier (established categorical FP class); idiomatic bignum digit-shift/mask code",hostap_full_audit_0.4.169,med
INT13-C,hostap,src/tls/libtommath.c,757,FP,size is derived from mp_count_bits() (provably non-negative bit count); bitwise & on a provably-nonnegative signed int has well-defined correct semantics,hostap_full_audit_0.4.169,med
EXP20-C,hostap,src/tls/libtommath.c,769,FP,"mp_iszero/mp_isodd/mp_iseven macros return exactly MP_YES(1) or MP_NO(0) by construction; ==1 test matches their exact two-value contract, extends the OpenSSL-exact-0/1-contract EXP20-C FP class to a local macro contract",hostap_full_audit_0.4.169,high
EXP20-C,hostap,src/tls/libtommath.c,788,FP,"mp_iszero/mp_isodd/mp_iseven macros return exactly MP_YES(1) or MP_NO(0) by construction; ==1 test matches their exact two-value contract, extends the OpenSSL-exact-0/1-contract EXP20-C FP class to a local macro contract",hostap_full_audit_0.4.169,high
EXP20-C,hostap,src/tls/libtommath.c,788,FP,"mp_iszero/mp_isodd/mp_iseven macros return exactly MP_YES(1) or MP_NO(0) by construction; ==1 test matches their exact two-value contract, extends the OpenSSL-exact-0/1-contract EXP20-C FP class to a local macro contract",hostap_full_audit_0.4.169,high
EXP20-C,hostap,src/tls/libtommath.c,805,FP,"mp_iszero/mp_isodd/mp_iseven macros return exactly MP_YES(1) or MP_NO(0) by construction; ==1 test matches their exact two-value contract, extends the OpenSSL-exact-0/1-contract EXP20-C FP class to a local macro contract",hostap_full_audit_0.4.169,high
EXP43-C,hostap,src/tls/libtommath.c,807,FP,"None of the mp_* functions in this file are restrict-qualified; libtommath's in-place idiom (e.g. mp_sub(&t,&t,&v)) is a designed-for, internally-safe aliasing case, extends the established no-restrict-qualifier EXP43-C FP class to this vendored bignum library",hostap_full_audit_0.4.169,high
EXP20-C,hostap,src/tls/libtommath.c,811,FP,"mp_iszero/mp_isodd/mp_iseven macros return exactly MP_YES(1) or MP_NO(0) by construction; ==1 test matches their exact two-value contract, extends the OpenSSL-exact-0/1-contract EXP20-C FP class to a local macro contract",hostap_full_audit_0.4.169,high
EXP20-C,hostap,src/tls/libtommath.c,811,FP,"mp_iszero/mp_isodd/mp_iseven macros return exactly MP_YES(1) or MP_NO(0) by construction; ==1 test matches their exact two-value contract, extends the OpenSSL-exact-0/1-contract EXP20-C FP class to a local macro contract",hostap_full_audit_0.4.169,high
EXP43-C,hostap,src/tls/libtommath.c,813,FP,"None of the mp_* functions in this file are restrict-qualified; libtommath's in-place idiom (e.g. mp_sub(&t,&t,&v)) is a designed-for, internally-safe aliasing case, extends the established no-restrict-qualifier EXP43-C FP class to this vendored bignum library",hostap_full_audit_0.4.169,high
EXP43-C,hostap,src/tls/libtommath.c,816,FP,"None of the mp_* functions in this file are restrict-qualified; libtommath's in-place idiom (e.g. mp_sub(&t,&t,&v)) is a designed-for, internally-safe aliasing case, extends the established no-restrict-qualifier EXP43-C FP class to this vendored bignum library",hostap_full_audit_0.4.169,high
EXP43-C,hostap,src/tls/libtommath.c,821,FP,"None of the mp_* functions in this file are restrict-qualified; libtommath's in-place idiom (e.g. mp_sub(&t,&t,&v)) is a designed-for, internally-safe aliasing case, extends the established no-restrict-qualifier EXP43-C FP class to this vendored bignum library",hostap_full_audit_0.4.169,high
EXP43-C,hostap,src/tls/libtommath.c,824,FP,"None of the mp_* functions in this file are restrict-qualified; libtommath's in-place idiom (e.g. mp_sub(&t,&t,&v)) is a designed-for, internally-safe aliasing case, extends the established no-restrict-qualifier EXP43-C FP class to this vendored bignum library",hostap_full_audit_0.4.169,high
EXP20-C,hostap,src/tls/libtommath.c,830,FP,"mp_iszero/mp_isodd/mp_iseven macros return exactly MP_YES(1) or MP_NO(0) by construction; ==1 test matches their exact two-value contract, extends the OpenSSL-exact-0/1-contract EXP20-C FP class to a local macro contract",hostap_full_audit_0.4.169,high
EXP43-C,hostap,src/tls/libtommath.c,832,FP,"None of the mp_* functions in this file are restrict-qualified; libtommath's in-place idiom (e.g. mp_sub(&t,&t,&v)) is a designed-for, internally-safe aliasing case, extends the established no-restrict-qualifier EXP43-C FP class to this vendored bignum library",hostap_full_audit_0.4.169,high
EXP20-C,hostap,src/tls/libtommath.c,836,FP,"mp_iszero/mp_isodd/mp_iseven macros return exactly MP_YES(1) or MP_NO(0) by construction; ==1 test matches their exact two-value contract, extends the OpenSSL-exact-0/1-contract EXP20-C FP class to a local macro contract",hostap_full_audit_0.4.169,high
EXP20-C,hostap,src/tls/libtommath.c,836,FP,"mp_iszero/mp_isodd/mp_iseven macros return exactly MP_YES(1) or MP_NO(0) by construction; ==1 test matches their exact two-value contract, extends the OpenSSL-exact-0/1-contract EXP20-C FP class to a local macro contract",hostap_full_audit_0.4.169,high
EXP43-C,hostap,src/tls/libtommath.c,838,FP,"None of the mp_* functions in this file are restrict-qualified; libtommath's in-place idiom (e.g. mp_sub(&t,&t,&v)) is a designed-for, internally-safe aliasing case, extends the established no-restrict-qualifier EXP43-C FP class to this vendored bignum library",hostap_full_audit_0.4.169,high
EXP43-C,hostap,src/tls/libtommath.c,841,FP,"None of the mp_* functions in this file are restrict-qualified; libtommath's in-place idiom (e.g. mp_sub(&t,&t,&v)) is a designed-for, internally-safe aliasing case, extends the established no-restrict-qualifier EXP43-C FP class to this vendored bignum library",hostap_full_audit_0.4.169,high
EXP43-C,hostap,src/tls/libtommath.c,846,FP,"None of the mp_* functions in this file are restrict-qualified; libtommath's in-place idiom (e.g. mp_sub(&t,&t,&v)) is a designed-for, internally-safe aliasing case, extends the established no-restrict-qualifier EXP43-C FP class to this vendored bignum library",hostap_full_audit_0.4.169,high
EXP43-C,hostap,src/tls/libtommath.c,849,FP,"None of the mp_* functions in this file are restrict-qualified; libtommath's in-place idiom (e.g. mp_sub(&t,&t,&v)) is a designed-for, internally-safe aliasing case, extends the established no-restrict-qualifier EXP43-C FP class to this vendored bignum library",hostap_full_audit_0.4.169,high
EXP43-C,hostap,src/tls/libtommath.c,857,FP,"None of the mp_* functions in this file are restrict-qualified; libtommath's in-place idiom (e.g. mp_sub(&t,&t,&v)) is a designed-for, internally-safe aliasing case, extends the established no-restrict-qualifier EXP43-C FP class to this vendored bignum library",hostap_full_audit_0.4.169,high
EXP43-C,hostap,src/tls/libtommath.c,861,FP,"None of the mp_* functions in this file are restrict-qualified; libtommath's in-place idiom (e.g. mp_sub(&t,&t,&v)) is a designed-for, internally-safe aliasing case, extends the established no-restrict-qualifier EXP43-C FP class to this vendored bignum library",hostap_full_audit_0.4.169,high
EXP43-C,hostap,src/tls/libtommath.c,865,FP,"None of the mp_* functions in this file are restrict-qualified; libtommath's in-place idiom (e.g. mp_sub(&t,&t,&v)) is a designed-for, internally-safe aliasing case, extends the established no-restrict-qualifier EXP43-C FP class to this vendored bignum library",hostap_full_audit_0.4.169,high
EXP43-C,hostap,src/tls/libtommath.c,870,FP,"None of the mp_* functions in this file are restrict-qualified; libtommath's in-place idiom (e.g. mp_sub(&t,&t,&v)) is a designed-for, internally-safe aliasing case, extends the established no-restrict-qualifier EXP43-C FP class to this vendored bignum library",hostap_full_audit_0.4.169,high
EXP43-C,hostap,src/tls/libtommath.c,874,FP,"None of the mp_* functions in this file are restrict-qualified; libtommath's in-place idiom (e.g. mp_sub(&t,&t,&v)) is a designed-for, internally-safe aliasing case, extends the established no-restrict-qualifier EXP43-C FP class to this vendored bignum library",hostap_full_audit_0.4.169,high
EXP43-C,hostap,src/tls/libtommath.c,878,FP,"None of the mp_* functions in this file are restrict-qualified; libtommath's in-place idiom (e.g. mp_sub(&t,&t,&v)) is a designed-for, internally-safe aliasing case, extends the established no-restrict-qualifier EXP43-C FP class to this vendored bignum library",hostap_full_audit_0.4.169,high
EXP43-C,hostap,src/tls/libtommath.c,897,FP,"None of the mp_* functions in this file are restrict-qualified; libtommath's in-place idiom (e.g. mp_sub(&t,&t,&v)) is a designed-for, internally-safe aliasing case, extends the established no-restrict-qualifier EXP43-C FP class to this vendored bignum library",hostap_full_audit_0.4.169,high
EXP43-C,hostap,src/tls/libtommath.c,904,FP,"None of the mp_* functions in this file are restrict-qualified; libtommath's in-place idiom (e.g. mp_sub(&t,&t,&v)) is a designed-for, internally-safe aliasing case, extends the established no-restrict-qualifier EXP43-C FP class to this vendored bignum library",hostap_full_audit_0.4.169,high
DCL13-C,hostap,src/tls/libtommath.c,919,TP,"Plain static internal helper, not a vtable/eloop/dispatch-contract callback; param genuinely only read - real if low-severity const opportunity",hostap_full_audit_0.4.169,low
DCL13-C,hostap,src/tls/libtommath.c,919,TP,"Plain static internal helper, not a vtable/eloop/dispatch-contract callback; param genuinely only read - real if low-severity const opportunity",hostap_full_audit_0.4.169,low
ARR36-C,hostap,src/tls/libtommath.c,941,FP,"Flagged expressions (*tmpa > *tmpb / *tmpa < *tmpb) compare DEREFERENCED VALUES, not the tmpa/tmpb pointers themselves - category error",hostap_full_audit_0.4.169,high
ARR36-C,hostap,src/tls/libtommath.c,945,FP,"Flagged expressions (*tmpa > *tmpb / *tmpa < *tmpb) compare DEREFERENCED VALUES, not the tmpa/tmpb pointers themselves - category error",hostap_full_audit_0.4.169,high
EXP43-C,hostap,src/tls/libtommath.c,970,FP,"None of the mp_* functions in this file are restrict-qualified; libtommath's in-place idiom (e.g. mp_sub(&t,&t,&v)) is a designed-for, internally-safe aliasing case, extends the established no-restrict-qualifier EXP43-C FP class to this vendored bignum library",hostap_full_audit_0.4.169,high
INT31-C,hostap,src/tls/libtommath.c,1003,FP,"Flagged code sits inside the #else branch of '#ifndef MP_8BIT', which is never compiled (MP_8BIT is never #define'd anywhere in this file; DIGIT_BIT is fixed to 28 or 60) - dead code, #ifdef-branch-blind misfire",hostap_full_audit_0.4.169,high
EXP43-C,hostap,src/tls/libtommath.c,1005,FP,"None of the mp_* functions in this file are restrict-qualified; libtommath's in-place idiom (e.g. mp_sub(&t,&t,&v)) is a designed-for, internally-safe aliasing case, extends the established no-restrict-qualifier EXP43-C FP class to this vendored bignum library",hostap_full_audit_0.4.169,high
MEM10-C,hostap,src/tls/libtommath.c,1038,FP,Plain idiomatic optional-out-param NULL check (if (d != NULL)); established ad-hoc-NULL-check stylistic FP class,hostap_full_audit_0.4.169,med
INT10-C,hostap,src/tls/libtommath.c,1057,FP,"Dividend/modulus operand is provably non-negative at this point: guarded by an earlier 'if (b<=0) return', derived from mp_count_bits(), or (mp_grow's size) always non-negative across all call sites",hostap_full_audit_0.4.169,med
INT14-C,hostap,src/tls/libtommath.c,1062,FP,"Stylistic-pedantry mismatch with CERT INT14-C intent, or misattribution of a struct-field/unrelated bitwise op to the flagged identifier (established categorical FP class); idiomatic bignum digit-shift/mask code",hostap_full_audit_0.4.169,med
INT34-C,hostap,src/tls/libtommath.c,1062,FP,Shift amount is compile-time-bounded (DIGIT_BIT/CHAR_BIT-derived constant) or runtime-bounded by an earlier guard/'% DIGIT_BIT' computation/winsize range (2-8); provably within type width,hostap_full_audit_0.4.169,high
INT34-C,hostap,src/tls/libtommath.c,1077,FP,Shift amount is compile-time-bounded (DIGIT_BIT/CHAR_BIT-derived constant) or runtime-bounded by an earlier guard/'% DIGIT_BIT' computation/winsize range (2-8); provably within type width,hostap_full_audit_0.4.169,high
INT34-C,hostap,src/tls/libtommath.c,1077,FP,Shift amount is compile-time-bounded (DIGIT_BIT/CHAR_BIT-derived constant) or runtime-bounded by an earlier guard/'% DIGIT_BIT' computation/winsize range (2-8); provably within type width,hostap_full_audit_0.4.169,high
MEM33-C,hostap,src/tls/libtommath.c,1151,FP,"mp_int has no flexible array member at all (int used/alloc/sign + mp_digit *dp pointer) - category error; 3 of 4 flagged lines are plain digit-array copy-loop statements (*tmpb++=*tmpa++), not struct assignments, and mp_exch's *a=*b is an intentional whole-struct swap idiom",hostap_full_audit_0.4.169,high
MEM33-C,hostap,src/tls/libtommath.c,1205,FP,"mp_int has no flexible array member at all (int used/alloc/sign + mp_digit *dp pointer) - category error; 3 of 4 flagged lines are plain digit-array copy-loop statements (*tmpb++=*tmpa++), not struct assignments, and mp_exch's *a=*b is an intentional whole-struct swap idiom",hostap_full_audit_0.4.169,high
MEM33-C,hostap,src/tls/libtommath.c,1227,FP,"mp_int has no flexible array member at all (int used/alloc/sign + mp_digit *dp pointer) - category error; 3 of 4 flagged lines are plain digit-array copy-loop statements (*tmpb++=*tmpa++), not struct assignments, and mp_exch's *a=*b is an intentional whole-struct swap idiom",hostap_full_audit_0.4.169,high
INT10-C,hostap,src/tls/libtommath.c,1264,FP,"Dividend/modulus operand is provably non-negative at this point: guarded by an earlier 'if (b<=0) return', derived from mp_count_bits(), or (mp_grow's size) always non-negative across all call sites",hostap_full_audit_0.4.169,med
INT14-C,hostap,src/tls/libtommath.c,1356,FP,"CHAR_BIT/DIGIT_BIT/mp_digit/mp_word are macro constants or typedef names, not variables; category error misattributing a macro/type name as a mixed-use variable",hostap_full_audit_0.4.169,high
INT10-C,hostap,src/tls/libtommath.c,1402,FP,"Dividend/modulus operand is provably non-negative at this point: guarded by an earlier 'if (b<=0) return', derived from mp_count_bits(), or (mp_grow's size) always non-negative across all call sites",hostap_full_audit_0.4.169,med
INT14-C,hostap,src/tls/libtommath.c,1408,FP,"Stylistic-pedantry mismatch with CERT INT14-C intent, or misattribution of a struct-field/unrelated bitwise op to the flagged identifier (established categorical FP class); idiomatic bignum digit-shift/mask code",hostap_full_audit_0.4.169,med
INT34-C,hostap,src/tls/libtommath.c,1408,FP,Shift amount is compile-time-bounded (DIGIT_BIT/CHAR_BIT-derived constant) or runtime-bounded by an earlier guard/'% DIGIT_BIT' computation/winsize range (2-8); provably within type width,hostap_full_audit_0.4.169,high
INT34-C,hostap,src/tls/libtommath.c,1420,FP,Shift amount is compile-time-bounded (DIGIT_BIT/CHAR_BIT-derived constant) or runtime-bounded by an earlier guard/'% DIGIT_BIT' computation/winsize range (2-8); provably within type width,hostap_full_audit_0.4.169,high
FIO50-C,hostap,src/tls/libtommath.c,1423,FP,"*tmpc is a digit-array pointer being bit-shifted (<</>>) in mp_mul_2d's carry-propagation loop, not any FILE stream; category error mistaking C bit-shift operators for stream I/O",hostap_full_audit_0.4.169,high
FIO50-C,hostap,src/tls/libtommath.c,1423,FP,"*tmpc is a digit-array pointer being bit-shifted (<</>>) in mp_mul_2d's carry-propagation loop, not any FILE stream; category error mistaking C bit-shift operators for stream I/O",hostap_full_audit_0.4.169,high
INT34-C,hostap,src/tls/libtommath.c,1423,FP,Shift amount is compile-time-bounded (DIGIT_BIT/CHAR_BIT-derived constant) or runtime-bounded by an earlier guard/'% DIGIT_BIT' computation/winsize range (2-8); provably within type width,hostap_full_audit_0.4.169,high
MEM33-C,hostap,src/tls/libtommath.c,1527,FP,"mp_int has no flexible array member at all (int used/alloc/sign + mp_digit *dp pointer) - category error; 3 of 4 flagged lines are plain digit-array copy-loop statements (*tmpb++=*tmpa++), not struct assignments, and mp_exch's *a=*b is an intentional whole-struct swap idiom",hostap_full_audit_0.4.169,high
DCL13-C,hostap,src/tls/libtommath.c,1541,TP,"Plain static internal helper, not a vtable/eloop/dispatch-contract callback; param genuinely only read - real if low-severity const opportunity",hostap_full_audit_0.4.169,low
INT14-C,hostap,src/tls/libtommath.c,1576,FP,"CHAR_BIT/DIGIT_BIT/mp_digit/mp_word are macro constants or typedef names, not variables; category error misattributing a macro/type name as a mixed-use variable",hostap_full_audit_0.4.169,high
ARR00-C,hostap,src/tls/libtommath.c,1587,FP,x is initialized in the very for-loop init clause being flagged (for (x = ...; x < c->used; x++)); category error claiming it's used uninitialized,hostap_full_audit_0.4.169,high
INT14-C,hostap,src/tls/libtommath.c,1587,FP,"Stylistic-pedantry mismatch with CERT INT14-C intent, or misattribution of a struct-field/unrelated bitwise op to the flagged identifier (established categorical FP class); idiomatic bignum digit-shift/mask code",hostap_full_audit_0.4.169,med
INT10-C,hostap,src/tls/libtommath.c,1587,FP,"Dividend/modulus operand is provably non-negative at this point: guarded by an earlier 'if (b<=0) return', derived from mp_count_bits(), or (mp_grow's size) always non-negative across all call sites",hostap_full_audit_0.4.169,med
INT34-C,hostap,src/tls/libtommath.c,1592,FP,Shift amount is compile-time-bounded (DIGIT_BIT/CHAR_BIT-derived constant) or runtime-bounded by an earlier guard/'% DIGIT_BIT' computation/winsize range (2-8); provably within type width,hostap_full_audit_0.4.169,high
INT10-C,hostap,src/tls/libtommath.c,1592,FP,"Dividend/modulus operand is provably non-negative at this point: guarded by an earlier 'if (b<=0) return', derived from mp_count_bits(), or (mp_grow's size) always non-negative across all call sites",hostap_full_audit_0.4.169,med
EXP20-C,hostap,src/tls/libtommath.c,1607,FP,"mp_iszero/mp_isodd/mp_iseven macros return exactly MP_YES(1) or MP_NO(0) by construction; ==1 test matches their exact two-value contract, extends the OpenSSL-exact-0/1-contract EXP20-C FP class to a local macro contract",hostap_full_audit_0.4.169,high
MSC13-C,hostap,src/tls/libtommath.c,1632,FP,Classic '(res = f(...)) != MP_OKAY ||' chain: res IS read inline in the very same expression; established MSC13-C ||-chain-blindness FP class,hostap_full_audit_0.4.169,high
MSC13-C,hostap,src/tls/libtommath.c,1633,FP,Classic '(res = f(...)) != MP_OKAY ||' chain: res IS read inline in the very same expression; established MSC13-C ||-chain-blindness FP class,hostap_full_audit_0.4.169,high
MSC13-C,hostap,src/tls/libtommath.c,1634,FP,Classic '(res = f(...)) != MP_OKAY ||' chain: res IS read inline in the very same expression; established MSC13-C ||-chain-blindness FP class,hostap_full_audit_0.4.169,high
EXP43-C,hostap,src/tls/libtommath.c,1634,FP,"None of the mp_* functions in this file are restrict-qualified; libtommath's in-place idiom (e.g. mp_sub(&t,&t,&v)) is a designed-for, internally-safe aliasing case, extends the established no-restrict-qualifier EXP43-C FP class to this vendored bignum library",hostap_full_audit_0.4.169,high
EXP43-C,hostap,src/tls/libtommath.c,1635,FP,"None of the mp_* functions in this file are restrict-qualified; libtommath's in-place idiom (e.g. mp_sub(&t,&t,&v)) is a designed-for, internally-safe aliasing case, extends the established no-restrict-qualifier EXP43-C FP class to this vendored bignum library",hostap_full_audit_0.4.169,high
MSC13-C,hostap,src/tls/libtommath.c,1641,FP,Classic '(res = f(...)) != MP_OKAY ||' chain: res IS read inline in the very same expression; established MSC13-C ||-chain-blindness FP class,hostap_full_audit_0.4.169,high
EXP43-C,hostap,src/tls/libtommath.c,1641,FP,"None of the mp_* functions in this file are restrict-qualified; libtommath's in-place idiom (e.g. mp_sub(&t,&t,&v)) is a designed-for, internally-safe aliasing case, extends the established no-restrict-qualifier EXP43-C FP class to this vendored bignum library",hostap_full_audit_0.4.169,high
EXP43-C,hostap,src/tls/libtommath.c,1642,FP,"None of the mp_* functions in this file are restrict-qualified; libtommath's in-place idiom (e.g. mp_sub(&t,&t,&v)) is a designed-for, internally-safe aliasing case, extends the established no-restrict-qualifier EXP43-C FP class to this vendored bignum library",hostap_full_audit_0.4.169,high
MSC13-C,hostap,src/tls/libtommath.c,1646,FP,Classic '(res = f(...)) != MP_OKAY ||' chain: res IS read inline in the very same expression; established MSC13-C ||-chain-blindness FP class,hostap_full_audit_0.4.169,high
EXP43-C,hostap,src/tls/libtommath.c,1646,FP,"None of the mp_* functions in this file are restrict-qualified; libtommath's in-place idiom (e.g. mp_sub(&t,&t,&v)) is a designed-for, internally-safe aliasing case, extends the established no-restrict-qualifier EXP43-C FP class to this vendored bignum library",hostap_full_audit_0.4.169,high
EXP43-C,hostap,src/tls/libtommath.c,1647,FP,"None of the mp_* functions in this file are restrict-qualified; libtommath's in-place idiom (e.g. mp_sub(&t,&t,&v)) is a designed-for, internally-safe aliasing case, extends the established no-restrict-qualifier EXP43-C FP class to this vendored bignum library",hostap_full_audit_0.4.169,high
EXP20-C,hostap,src/tls/libtommath.c,1689,FP,"mp_iszero/mp_isodd/mp_iseven macros return exactly MP_YES(1) or MP_NO(0) by construction; ==1 test matches their exact two-value contract, extends the OpenSSL-exact-0/1-contract EXP20-C FP class to a local macro contract",hostap_full_audit_0.4.169,high
INT14-C,hostap,src/tls/libtommath.c,1732,FP,"Stylistic-pedantry mismatch with CERT INT14-C intent, or misattribution of a struct-field/unrelated bitwise op to the flagged identifier (established categorical FP class); idiomatic bignum digit-shift/mask code",hostap_full_audit_0.4.169,med
INT10-C,hostap,src/tls/libtommath.c,1732,FP,"Dividend/modulus operand is provably non-negative at this point: guarded by an earlier 'if (b<=0) return', derived from mp_count_bits(), or (mp_grow's size) always non-negative across all call sites",hostap_full_audit_0.4.169,med
EXP43-C,hostap,src/tls/libtommath.c,1735,FP,"None of the mp_* functions in this file are restrict-qualified; libtommath's in-place idiom (e.g. mp_sub(&t,&t,&v)) is a designed-for, internally-safe aliasing case, extends the established no-restrict-qualifier EXP43-C FP class to this vendored bignum library",hostap_full_audit_0.4.169,high
EXP43-C,hostap,src/tls/libtommath.c,1738,FP,"None of the mp_* functions in this file are restrict-qualified; libtommath's in-place idiom (e.g. mp_sub(&t,&t,&v)) is a designed-for, internally-safe aliasing case, extends the established no-restrict-qualifier EXP43-C FP class to this vendored bignum library",hostap_full_audit_0.4.169,high
INT14-C,hostap,src/tls/libtommath.c,1746,FP,"Stylistic-pedantry mismatch with CERT INT14-C intent, or misattribution of a struct-field/unrelated bitwise op to the flagged identifier (established categorical FP class); idiomatic bignum digit-shift/mask code",hostap_full_audit_0.4.169,med
ARR36-C,hostap,src/tls/libtommath.c,1750,FP,"'n - t' is plain int arithmetic (n,t are int locals derived from x.used-1/y.used-1); x.used/y.used are int struct fields, not pointers at all - category error",hostap_full_audit_0.4.169,high
INT14-C,hostap,src/tls/libtommath.c,1750,FP,"Stylistic-pedantry mismatch with CERT INT14-C intent, or misattribution of a struct-field/unrelated bitwise op to the flagged identifier (established categorical FP class); idiomatic bignum digit-shift/mask code",hostap_full_audit_0.4.169,med
ARR36-C,hostap,src/tls/libtommath.c,1755,FP,"'n - t' is plain int arithmetic (n,t are int locals derived from x.used-1/y.used-1); x.used/y.used are int struct fields, not pointers at all - category error",hostap_full_audit_0.4.169,high
EXP43-C,hostap,src/tls/libtommath.c,1756,FP,"None of the mp_* functions in this file are restrict-qualified; libtommath's in-place idiom (e.g. mp_sub(&t,&t,&v)) is a designed-for, internally-safe aliasing case, extends the established no-restrict-qualifier EXP43-C FP class to this vendored bignum library",hostap_full_audit_0.4.169,high
ARR36-C,hostap,src/tls/libtommath.c,1762,FP,"'n - t' is plain int arithmetic (n,t are int locals derived from x.used-1/y.used-1); x.used/y.used are int struct fields, not pointers at all - category error",hostap_full_audit_0.4.169,high
INT14-C,hostap,src/tls/libtommath.c,1773,FP,"Stylistic-pedantry mismatch with CERT INT14-C intent, or misattribution of a struct-field/unrelated bitwise op to the flagged identifier (established categorical FP class); idiomatic bignum digit-shift/mask code",hostap_full_audit_0.4.169,med
INT32-C,hostap,src/tls/libtommath.c,1773,FP,"All operands are mp_digit (unsigned long); this is unsigned arithmetic computing a large positive mask value, not a signed-integer-subtraction overflow - category error",hostap_full_audit_0.4.169,high
INT13-C,hostap,src/tls/libtommath.c,1776,FP,"'x' is a mp_int struct local (mp_int x;), not an int; the actual shifted operand is (mp_word)x.dp[i], explicitly cast to the unsigned mp_word type - category error",hostap_full_audit_0.4.169,high
INT14-C,hostap,src/tls/libtommath.c,1777,FP,"Stylistic-pedantry mismatch with CERT INT14-C intent, or misattribution of a struct-field/unrelated bitwise op to the flagged identifier (established categorical FP class); idiomatic bignum digit-shift/mask code",hostap_full_audit_0.4.169,med
INT33-C,hostap,src/tls/libtommath.c,1778,FP,"y.dp[t] (top digit of the normalized divisor) is provably non-zero by the classic Knuth Algorithm D normalization step performed a few lines earlier (lines 1732-1743, ensures the divisor's top digit has its MSB set)",hostap_full_audit_0.4.169,med
INT14-C,hostap,src/tls/libtommath.c,1789,FP,"Stylistic-pedantry mismatch with CERT INT14-C intent, or misattribution of a struct-field/unrelated bitwise op to the flagged identifier (established categorical FP class); idiomatic bignum digit-shift/mask code",hostap_full_audit_0.4.169,med
EXP43-C,hostap,src/tls/libtommath.c,1798,FP,"None of the mp_* functions in this file are restrict-qualified; libtommath's in-place idiom (e.g. mp_sub(&t,&t,&v)) is a designed-for, internally-safe aliasing case, extends the established no-restrict-qualifier EXP43-C FP class to this vendored bignum library",hostap_full_audit_0.4.169,high
EXP43-C,hostap,src/tls/libtommath.c,1818,FP,"None of the mp_* functions in this file are restrict-qualified; libtommath's in-place idiom (e.g. mp_sub(&t,&t,&v)) is a designed-for, internally-safe aliasing case, extends the established no-restrict-qualifier EXP43-C FP class to this vendored bignum library",hostap_full_audit_0.4.169,high
EXP43-C,hostap,src/tls/libtommath.c,1830,FP,"None of the mp_* functions in this file are restrict-qualified; libtommath's in-place idiom (e.g. mp_sub(&t,&t,&v)) is a designed-for, internally-safe aliasing case, extends the established no-restrict-qualifier EXP43-C FP class to this vendored bignum library",hostap_full_audit_0.4.169,high
EXP43-C,hostap,src/tls/libtommath.c,1852,FP,"None of the mp_* functions in this file are restrict-qualified; libtommath's in-place idiom (e.g. mp_sub(&t,&t,&v)) is a designed-for, internally-safe aliasing case, extends the established no-restrict-qualifier EXP43-C FP class to this vendored bignum library",hostap_full_audit_0.4.169,high
EXP33-C,hostap,src/tls/libtommath.c,1908,FP,"&M[1] is the address-of argument to mp_init(), which INITIALIZES M[1] - not a read of uninitialized data",hostap_full_audit_0.4.169,high
INT14-C,hostap,src/tls/libtommath.c,1913,FP,"Stylistic-pedantry mismatch with CERT INT14-C intent, or misattribution of a struct-field/unrelated bitwise op to the flagged identifier (established categorical FP class); idiomatic bignum digit-shift/mask code",hostap_full_audit_0.4.169,med
INT34-C,hostap,src/tls/libtommath.c,1915,FP,Shift amount is compile-time-bounded (DIGIT_BIT/CHAR_BIT-derived constant) or runtime-bounded by an earlier guard/'% DIGIT_BIT' computation/winsize range (2-8); provably within type width,hostap_full_audit_0.4.169,high
ARR00-C,hostap,src/tls/libtommath.c,1918,FP,M[idx] entries were already mp_init'd by the earlier for-loop (lines 1912-1921) plus M[1] at line 1908 before these reads/writes; sqc's per-index array-of-struct init tracking misses the earlier loop-based initialization,hostap_full_audit_0.4.169,high
INT34-C,hostap,src/tls/libtommath.c,1955,FP,Shift amount is compile-time-bounded (DIGIT_BIT/CHAR_BIT-derived constant) or runtime-bounded by an earlier guard/'% DIGIT_BIT' computation/winsize range (2-8); provably within type width,hostap_full_audit_0.4.169,high
EXP43-C,hostap,src/tls/libtommath.c,1961,FP,"None of the mp_* functions in this file are restrict-qualified; libtommath's in-place idiom (e.g. mp_sub(&t,&t,&v)) is a designed-for, internally-safe aliasing case, extends the established no-restrict-qualifier EXP43-C FP class to this vendored bignum library",hostap_full_audit_0.4.169,high
INT34-C,hostap,src/tls/libtommath.c,1961,FP,Shift amount is compile-time-bounded (DIGIT_BIT/CHAR_BIT-derived constant) or runtime-bounded by an earlier guard/'% DIGIT_BIT' computation/winsize range (2-8); provably within type width,hostap_full_audit_0.4.169,high
ARR00-C,hostap,src/tls/libtommath.c,1962,FP,M[idx] entries were already mp_init'd by the earlier for-loop (lines 1912-1921) plus M[1] at line 1908 before these reads/writes; sqc's per-index array-of-struct init tracking misses the earlier loop-based initialization,hostap_full_audit_0.4.169,high
INT34-C,hostap,src/tls/libtommath.c,1962,FP,Shift amount is compile-time-bounded (DIGIT_BIT/CHAR_BIT-derived constant) or runtime-bounded by an earlier guard/'% DIGIT_BIT' computation/winsize range (2-8); provably within type width,hostap_full_audit_0.4.169,high
DCL31-C,hostap,src/tls/libtommath.c,1967,FP,"'redux' is a local function-pointer VARIABLE (int (*redux)(...)) assigned mp_reduce/mp_reduce_2k_l earlier, not an implicitly-declared bare function; established DCL31-C function-pointer-variable-call FP class",hostap_full_audit_0.4.169,high
INT34-C,hostap,src/tls/libtommath.c,1967,FP,Shift amount is compile-time-bounded (DIGIT_BIT/CHAR_BIT-derived constant) or runtime-bounded by an earlier guard/'% DIGIT_BIT' computation/winsize range (2-8); provably within type width,hostap_full_audit_0.4.169,high
INT34-C,hostap,src/tls/libtommath.c,1975,FP,Shift amount is compile-time-bounded (DIGIT_BIT/CHAR_BIT-derived constant) or runtime-bounded by an earlier guard/'% DIGIT_BIT' computation/winsize range (2-8); provably within type width,hostap_full_audit_0.4.169,high
INT34-C,hostap,src/tls/libtommath.c,1975,FP,Shift amount is compile-time-bounded (DIGIT_BIT/CHAR_BIT-derived constant) or runtime-bounded by an earlier guard/'% DIGIT_BIT' computation/winsize range (2-8); provably within type width,hostap_full_audit_0.4.169,high
ARR00-C,hostap,src/tls/libtommath.c,1976,FP,M[idx] entries were already mp_init'd by the earlier for-loop (lines 1912-1921) plus M[1] at line 1908 before these reads/writes; sqc's per-index array-of-struct init tracking misses the earlier loop-based initialization,hostap_full_audit_0.4.169,high
ARR00-C,hostap,src/tls/libtommath.c,1976,FP,M[idx] entries were already mp_init'd by the earlier for-loop (lines 1912-1921) plus M[1] at line 1908 before these reads/writes; sqc's per-index array-of-struct init tracking misses the earlier loop-based initialization,hostap_full_audit_0.4.169,high
DCL31-C,hostap,src/tls/libtommath.c,1979,FP,"'redux' is a local function-pointer VARIABLE (int (*redux)(...)) assigned mp_reduce/mp_reduce_2k_l earlier, not an implicitly-declared bare function; established DCL31-C function-pointer-variable-call FP class",hostap_full_audit_0.4.169,high
INT14-C,hostap,src/tls/libtommath.c,2011,FP,"CHAR_BIT/DIGIT_BIT/mp_digit/mp_word are macro constants or typedef names, not variables; category error misattributing a macro/type name as a mixed-use variable",hostap_full_audit_0.4.169,high
INT34-C,hostap,src/tls/libtommath.c,2011,FP,Shift amount is compile-time-bounded (DIGIT_BIT/CHAR_BIT-derived constant) or runtime-bounded by an earlier guard/'% DIGIT_BIT' computation/winsize range (2-8); provably within type width,hostap_full_audit_0.4.169,high
EXP43-C,hostap,src/tls/libtommath.c,2025,FP,"None of the mp_* functions in this file are restrict-qualified; libtommath's in-place idiom (e.g. mp_sub(&t,&t,&v)) is a designed-for, internally-safe aliasing case, extends the established no-restrict-qualifier EXP43-C FP class to this vendored bignum library",hostap_full_audit_0.4.169,high
DCL31-C,hostap,src/tls/libtommath.c,2028,FP,"'redux' is a local function-pointer VARIABLE (int (*redux)(...)) assigned mp_reduce/mp_reduce_2k_l earlier, not an implicitly-declared bare function; established DCL31-C function-pointer-variable-call FP class",hostap_full_audit_0.4.169,high
INT14-C,hostap,src/tls/libtommath.c,2035,FP,"Stylistic-pedantry mismatch: ordinary bignum bit-manipulation idiom mixing bitwise/arithmetic ops on the same var/constant, not the signed-bitwise-operand defect INT14-C targets.",hostap_full_audit_0.4.169,high
INT34-C,hostap,src/tls/libtommath.c,2035,FP,"winsize bounded to [2,8] by explicit lookup-table branch in same function, or shift amount is a platform header constant (DIGIT_BIT/CHAR_BIT); rule doesn't see the same-function algorithmic bound.",hostap_full_audit_0.4.169,high
EXP43-C,hostap,src/tls/libtommath.c,2042,FP,No restrict qualifier anywhere in libtommath.c (grep confirms 0 uses); confirmed no-restrict EXP43-C FP class extended to internal bignum helpers (mp_sqr/mp_mul/redux/etc).,hostap_full_audit_0.4.169,high
DCL31-C,hostap,src/tls/libtommath.c,2045,FP,"'redux' is a local function-pointer variable (int (*redux)(...)), not an undeclared function; known DCL31-C misfire on function-pointer-variable calls.",hostap_full_audit_0.4.169,high
EXP43-C,hostap,src/tls/libtommath.c,2051,FP,No restrict qualifier anywhere in libtommath.c (grep confirms 0 uses); confirmed no-restrict EXP43-C FP class extended to internal bignum helpers (mp_sqr/mp_mul/redux/etc).,hostap_full_audit_0.4.169,high
DCL31-C,hostap,src/tls/libtommath.c,2054,FP,"'redux' is a local function-pointer variable (int (*redux)(...)), not an undeclared function; known DCL31-C misfire on function-pointer-variable calls.",hostap_full_audit_0.4.169,high
EXP43-C,hostap,src/tls/libtommath.c,2069,FP,No restrict qualifier anywhere in libtommath.c (grep confirms 0 uses); confirmed no-restrict EXP43-C FP class extended to internal bignum helpers (mp_sqr/mp_mul/redux/etc).,hostap_full_audit_0.4.169,high
DCL31-C,hostap,src/tls/libtommath.c,2072,FP,"'redux' is a local function-pointer variable (int (*redux)(...)), not an undeclared function; known DCL31-C misfire on function-pointer-variable calls.",hostap_full_audit_0.4.169,high
INT34-C,hostap,src/tls/libtommath.c,2077,FP,"winsize bounded to [2,8] by explicit lookup-table branch in same function, or shift amount is a platform header constant (DIGIT_BIT/CHAR_BIT); rule doesn't see the same-function algorithmic bound.",hostap_full_audit_0.4.169,high
EXP43-C,hostap,src/tls/libtommath.c,2079,FP,No restrict qualifier anywhere in libtommath.c (grep confirms 0 uses); confirmed no-restrict EXP43-C FP class extended to internal bignum helpers (mp_sqr/mp_mul/redux/etc).,hostap_full_audit_0.4.169,high
DCL31-C,hostap,src/tls/libtommath.c,2082,FP,"'redux' is a local function-pointer variable (int (*redux)(...)), not an undeclared function; known DCL31-C misfire on function-pointer-variable calls.",hostap_full_audit_0.4.169,high
INT34-C,hostap,src/tls/libtommath.c,2095,FP,"winsize bounded to [2,8] by explicit lookup-table branch in same function, or shift amount is a platform header constant (DIGIT_BIT/CHAR_BIT); rule doesn't see the same-function algorithmic bound.",hostap_full_audit_0.4.169,high
INT34-C,hostap,src/tls/libtommath.c,2095,FP,"winsize bounded to [2,8] by explicit lookup-table branch in same function, or shift amount is a platform header constant (DIGIT_BIT/CHAR_BIT); rule doesn't see the same-function algorithmic bound.",hostap_full_audit_0.4.169,high
ARR00-C,hostap,src/tls/libtommath.c,2096,FP,M[] cleanup loop (mp_clear) matches exactly the init range set up earlier in the same function (mp_init(&M[1]) + loop over 1<<(winsize-1)..2^winsize-1); not an uninitialized read.,hostap_full_audit_0.4.169,high
INT14-C,hostap,src/tls/libtommath.c,2124,FP,"Stylistic-pedantry mismatch: ordinary bignum bit-manipulation idiom mixing bitwise/arithmetic ops on the same var/constant, not the signed-bitwise-operand defect INT14-C targets.",hostap_full_audit_0.4.169,high
INT14-C,hostap,src/tls/libtommath.c,2124,FP,"Stylistic-pedantry mismatch: ordinary bignum bit-manipulation idiom mixing bitwise/arithmetic ops on the same var/constant, not the signed-bitwise-operand defect INT14-C targets.",hostap_full_audit_0.4.169,high
INT14-C,hostap,src/tls/libtommath.c,2124,FP,"Stylistic-pedantry mismatch: ordinary bignum bit-manipulation idiom mixing bitwise/arithmetic ops on the same var/constant, not the signed-bitwise-operand defect INT14-C targets.",hostap_full_audit_0.4.169,high
INT34-C,hostap,src/tls/libtommath.c,2124,FP,"winsize bounded to [2,8] by explicit lookup-table branch in same function, or shift amount is a platform header constant (DIGIT_BIT/CHAR_BIT); rule doesn't see the same-function algorithmic bound.",hostap_full_audit_0.4.169,high
INT35-C,hostap,src/tls/libtommath.c,2124,FP,sizeof(mp_word)*CHAR_BIT used only as a conservative fast-path cutoff heuristic; literal rule match but low severity/harmless on all real mp_word typedefs (no padding bits).,hostap_full_audit_0.4.169,med
EXP43-C,hostap,src/tls/libtommath.c,2156,FP,No restrict qualifier anywhere in libtommath.c (grep confirms 0 uses); confirmed no-restrict EXP43-C FP class extended to internal bignum helpers (mp_sqr/mp_mul/redux/etc).,hostap_full_audit_0.4.169,high
EXP43-C,hostap,src/tls/libtommath.c,2161,FP,No restrict qualifier anywhere in libtommath.c (grep confirms 0 uses); confirmed no-restrict EXP43-C FP class extended to internal bignum helpers (mp_sqr/mp_mul/redux/etc).,hostap_full_audit_0.4.169,high
EXP43-C,hostap,src/tls/libtommath.c,2166,FP,No restrict qualifier anywhere in libtommath.c (grep confirms 0 uses); confirmed no-restrict EXP43-C FP class extended to internal bignum helpers (mp_sqr/mp_mul/redux/etc).,hostap_full_audit_0.4.169,high
EXP43-C,hostap,src/tls/libtommath.c,2171,FP,No restrict qualifier anywhere in libtommath.c (grep confirms 0 uses); confirmed no-restrict EXP43-C FP class extended to internal bignum helpers (mp_sqr/mp_mul/redux/etc).,hostap_full_audit_0.4.169,high
INT14-C,hostap,src/tls/libtommath.c,2218,FP,"Stylistic-pedantry mismatch: ordinary bignum bit-manipulation idiom mixing bitwise/arithmetic ops on the same var/constant, not the signed-bitwise-operand defect INT14-C targets.",hostap_full_audit_0.4.169,high
INT14-C,hostap,src/tls/libtommath.c,2218,FP,"Stylistic-pedantry mismatch: ordinary bignum bit-manipulation idiom mixing bitwise/arithmetic ops on the same var/constant, not the signed-bitwise-operand defect INT14-C targets.",hostap_full_audit_0.4.169,high
INT34-C,hostap,src/tls/libtommath.c,2226,FP,"winsize bounded to [2,8] by explicit lookup-table branch in same function, or shift amount is a platform header constant (DIGIT_BIT/CHAR_BIT); rule doesn't see the same-function algorithmic bound.",hostap_full_audit_0.4.169,high
INT10-C,hostap,src/tls/libtommath.c,2226,TP,"Operand is genuinely a plain signed int per its declaration (not a wrong-type detection); literal rule match, graded TP low severity/idiomatic per the established INT13-C-genuinely-correct precedent.",hostap_full_audit_0.4.169,med
EXP43-C,hostap,src/tls/libtommath.c,2242,FP,No restrict qualifier anywhere in libtommath.c (grep confirms 0 uses); confirmed no-restrict EXP43-C FP class extended to internal bignum helpers (mp_sqr/mp_mul/redux/etc).,hostap_full_audit_0.4.169,high
INT14-C,hostap,src/tls/libtommath.c,2264,FP,"Stylistic-pedantry mismatch: ordinary bignum bit-manipulation idiom mixing bitwise/arithmetic ops on the same var/constant, not the signed-bitwise-operand defect INT14-C targets.",hostap_full_audit_0.4.169,high
EXP43-C,hostap,src/tls/libtommath.c,2265,FP,No restrict qualifier anywhere in libtommath.c (grep confirms 0 uses); confirmed no-restrict EXP43-C FP class extended to internal bignum helpers (mp_sqr/mp_mul/redux/etc).,hostap_full_audit_0.4.169,high
EXP43-C,hostap,src/tls/libtommath.c,2270,FP,No restrict qualifier anywhere in libtommath.c (grep confirms 0 uses); confirmed no-restrict EXP43-C FP class extended to internal bignum helpers (mp_sqr/mp_mul/redux/etc).,hostap_full_audit_0.4.169,high
EXP43-C,hostap,src/tls/libtommath.c,2274,FP,No restrict qualifier anywhere in libtommath.c (grep confirms 0 uses); confirmed no-restrict EXP43-C FP class extended to internal bignum helpers (mp_sqr/mp_mul/redux/etc).,hostap_full_audit_0.4.169,high
EXP43-C,hostap,src/tls/libtommath.c,2290,FP,No restrict qualifier anywhere in libtommath.c (grep confirms 0 uses); confirmed no-restrict EXP43-C FP class extended to internal bignum helpers (mp_sqr/mp_mul/redux/etc).,hostap_full_audit_0.4.169,high
EXP43-C,hostap,src/tls/libtommath.c,2295,FP,No restrict qualifier anywhere in libtommath.c (grep confirms 0 uses); confirmed no-restrict EXP43-C FP class extended to internal bignum helpers (mp_sqr/mp_mul/redux/etc).,hostap_full_audit_0.4.169,high
EXP43-C,hostap,src/tls/libtommath.c,2300,FP,No restrict qualifier anywhere in libtommath.c (grep confirms 0 uses); confirmed no-restrict EXP43-C FP class extended to internal bignum helpers (mp_sqr/mp_mul/redux/etc).,hostap_full_audit_0.4.169,high
EXP43-C,hostap,src/tls/libtommath.c,2310,FP,No restrict qualifier anywhere in libtommath.c (grep confirms 0 uses); confirmed no-restrict EXP43-C FP class extended to internal bignum helpers (mp_sqr/mp_mul/redux/etc).,hostap_full_audit_0.4.169,high
EXP43-C,hostap,src/tls/libtommath.c,2317,FP,No restrict qualifier anywhere in libtommath.c (grep confirms 0 uses); confirmed no-restrict EXP43-C FP class extended to internal bignum helpers (mp_sqr/mp_mul/redux/etc).,hostap_full_audit_0.4.169,high
INT14-C,hostap,src/tls/libtommath.c,2345,FP,"Stylistic-pedantry mismatch: ordinary bignum bit-manipulation idiom mixing bitwise/arithmetic ops on the same var/constant, not the signed-bitwise-operand defect INT14-C targets.",hostap_full_audit_0.4.169,high
INT14-C,hostap,src/tls/libtommath.c,2345,FP,"Stylistic-pedantry mismatch: ordinary bignum bit-manipulation idiom mixing bitwise/arithmetic ops on the same var/constant, not the signed-bitwise-operand defect INT14-C targets.",hostap_full_audit_0.4.169,high
INT14-C,hostap,src/tls/libtommath.c,2345,FP,"Stylistic-pedantry mismatch: ordinary bignum bit-manipulation idiom mixing bitwise/arithmetic ops on the same var/constant, not the signed-bitwise-operand defect INT14-C targets.",hostap_full_audit_0.4.169,high
INT34-C,hostap,src/tls/libtommath.c,2345,FP,"winsize bounded to [2,8] by explicit lookup-table branch in same function, or shift amount is a platform header constant (DIGIT_BIT/CHAR_BIT); rule doesn't see the same-function algorithmic bound.",hostap_full_audit_0.4.169,high
INT35-C,hostap,src/tls/libtommath.c,2345,FP,sizeof(mp_word)*CHAR_BIT used only as a conservative fast-path cutoff heuristic; literal rule match but low severity/harmless on all real mp_word typedefs (no padding bits).,hostap_full_audit_0.4.169,med
FIO50-C,hostap,src/tls/libtommath.c,2385,FP,Plain integer arithmetic (u = (mp_digit)(r >> DIGIT_BIT)) with no FILE*/stream I/O anywhere nearby; matches the confirmed FIO50-C-fires-on-plain-arithmetic rule bug.,hostap_full_audit_0.4.169,high
DCL13-C,hostap,src/tls/libtommath.c,2418,TP,Genuine unmodified pointer param on a plain internal static bignum helper (not vtable/callback-bound); established plain-internal-helper DCL13-C real-if-low-severity TP class.,hostap_full_audit_0.4.169,med
DCL13-C,hostap,src/tls/libtommath.c,2418,TP,Genuine unmodified pointer param on a plain internal static bignum helper (not vtable/callback-bound); established plain-internal-helper DCL13-C real-if-low-severity TP class.,hostap_full_audit_0.4.169,med
DCL37-C,hostap,src/tls/libtommath.c,2422,FP,"'_W' is declared block-scope (register mp_word _W; inside the function), not file-scope; established DCL37-C block-scope-misclassified-as-file-scope FP class.",hostap_full_audit_0.4.169,high
DCL37-C,hostap,src/tls/libtommath.c,2422,TP,"'_W' is underscore+uppercase, reserved in ALL scopes per C 7.1.3 regardless of block/file scope; matches the _INT/_STR precedent graded TP.",hostap_full_audit_0.4.169,high
INT10-C,hostap,src/tls/libtommath.c,2497,TP,"Operand is genuinely a plain signed int per its declaration (not a wrong-type detection); literal rule match, graded TP low severity/idiomatic per the established INT13-C-genuinely-correct precedent.",hostap_full_audit_0.4.169,med
DCL13-C,hostap,src/tls/libtommath.c,2520,TP,Genuine unmodified pointer param on a plain internal static bignum helper (not vtable/callback-bound); established plain-internal-helper DCL13-C real-if-low-severity TP class.,hostap_full_audit_0.4.169,med
INT14-C,hostap,src/tls/libtommath.c,2542,FP,"Stylistic-pedantry mismatch: ordinary bignum bit-manipulation idiom mixing bitwise/arithmetic ops on the same var/constant, not the signed-bitwise-operand defect INT14-C targets.",hostap_full_audit_0.4.169,high
ARR30-C,hostap,src/tls/libtommath.c,2569,FP,"Carry-propagation loop bounded by the pre-allocated digit buffer (mp_init_size(&t,2*pa+1)); terminates when carry reaches 0, an algorithmic invariant the tool can't see. Extends the 'unbounded loop the tool doesn't see a bound for' ARR30-C FP family.",hostap_full_audit_0.4.169,high
INT14-C,hostap,src/tls/libtommath.c,2597,FP,"Stylistic-pedantry mismatch: ordinary bignum bit-manipulation idiom mixing bitwise/arithmetic ops on the same var/constant, not the signed-bitwise-operand defect INT14-C targets.",hostap_full_audit_0.4.169,high
INT14-C,hostap,src/tls/libtommath.c,2597,FP,"Stylistic-pedantry mismatch: ordinary bignum bit-manipulation idiom mixing bitwise/arithmetic ops on the same var/constant, not the signed-bitwise-operand defect INT14-C targets.",hostap_full_audit_0.4.169,high
INT14-C,hostap,src/tls/libtommath.c,2597,FP,"Stylistic-pedantry mismatch: ordinary bignum bit-manipulation idiom mixing bitwise/arithmetic ops on the same var/constant, not the signed-bitwise-operand defect INT14-C targets.",hostap_full_audit_0.4.169,high
INT34-C,hostap,src/tls/libtommath.c,2597,FP,"winsize bounded to [2,8] by explicit lookup-table branch in same function, or shift amount is a platform header constant (DIGIT_BIT/CHAR_BIT); rule doesn't see the same-function algorithmic bound.",hostap_full_audit_0.4.169,high
INT35-C,hostap,src/tls/libtommath.c,2597,FP,sizeof(mp_word)*CHAR_BIT used only as a conservative fast-path cutoff heuristic; literal rule match but low severity/harmless on all real mp_word typedefs (no padding bits).,hostap_full_audit_0.4.169,med
ARR00-C,hostap,src/tls/libtommath.c,2617,FP,"'digs' is an internal library parameter always passed from same-file callers with values bounded by algorithm-derived sizes (e.g. um+1), not attacker-controlled at this call boundary; low-severity internal-contract FP.",hostap_full_audit_0.4.169,med
ARR30-C,hostap,src/tls/libtommath.c,2617,FP,"'digs' is an internal library parameter always passed from same-file callers with values bounded by algorithm-derived sizes (e.g. um+1), not attacker-controlled at this call boundary; low-severity internal-contract FP.",hostap_full_audit_0.4.169,med
DCL13-C,hostap,src/tls/libtommath.c,2646,TP,Genuine unmodified pointer param on a plain internal static bignum helper (not vtable/callback-bound); established plain-internal-helper DCL13-C real-if-low-severity TP class.,hostap_full_audit_0.4.169,med
INT14-C,hostap,src/tls/libtommath.c,2660,FP,"Stylistic-pedantry mismatch: ordinary bignum bit-manipulation idiom mixing bitwise/arithmetic ops on the same var/constant, not the signed-bitwise-operand defect INT14-C targets.",hostap_full_audit_0.4.169,high
INT14-C,hostap,src/tls/libtommath.c,2665,FP,"Stylistic-pedantry mismatch: ordinary bignum bit-manipulation idiom mixing bitwise/arithmetic ops on the same var/constant, not the signed-bitwise-operand defect INT14-C targets.",hostap_full_audit_0.4.169,high
INT14-C,hostap,src/tls/libtommath.c,2677,FP,"Stylistic-pedantry mismatch: ordinary bignum bit-manipulation idiom mixing bitwise/arithmetic ops on the same var/constant, not the signed-bitwise-operand defect INT14-C targets.",hostap_full_audit_0.4.169,high
DCL37-C,hostap,src/tls/libtommath.c,2712,FP,"'_W' is declared block-scope (register mp_word _W; inside the function), not file-scope; established DCL37-C block-scope-misclassified-as-file-scope FP class.",hostap_full_audit_0.4.169,high
DCL37-C,hostap,src/tls/libtommath.c,2712,TP,"'_W' is underscore+uppercase, reserved in ALL scopes per C 7.1.3 regardless of block/file scope; matches the _INT/_STR precedent graded TP.",hostap_full_audit_0.4.169,high
MEM33-C,hostap,src/tls/libtommath.c,2723,FP,Plain scalar pointer-dereference assignment (*_W++ = *tmpx++;) copying an mp_digit into an mp_word; no struct/flexible-array-member involved at all. Matches confirmed MEM33-C misapplied-to-plain-deref class.,hostap_full_audit_0.4.169,high
INT14-C,hostap,src/tls/libtommath.c,2743,FP,"Stylistic-pedantry mismatch: ordinary bignum bit-manipulation idiom mixing bitwise/arithmetic ops on the same var/constant, not the signed-bitwise-operand defect INT14-C targets.",hostap_full_audit_0.4.169,high
INT14-C,hostap,src/tls/libtommath.c,2743,FP,"Stylistic-pedantry mismatch: ordinary bignum bit-manipulation idiom mixing bitwise/arithmetic ops on the same var/constant, not the signed-bitwise-operand defect INT14-C targets.",hostap_full_audit_0.4.169,high
INT14-C,hostap,src/tls/libtommath.c,2743,FP,"Stylistic-pedantry mismatch: ordinary bignum bit-manipulation idiom mixing bitwise/arithmetic ops on the same var/constant, not the signed-bitwise-operand defect INT14-C targets.",hostap_full_audit_0.4.169,high
ARR00-C,hostap,src/tls/libtommath.c,2743,FP,W[] is fully zero/copy-filled via pointer-alias loops (*_W++ = ...) immediately above; tool doesn't track pointer-alias array writes as initialization.,hostap_full_audit_0.4.169,high
DCL37-C,hostap,src/tls/libtommath.c,2762,FP,"'_W' is declared block-scope (register mp_word _W; inside the function), not file-scope; established DCL37-C block-scope-misclassified-as-file-scope FP class.",hostap_full_audit_0.4.169,high
DCL37-C,hostap,src/tls/libtommath.c,2762,TP,"'_W' is underscore+uppercase, reserved in ALL scopes per C 7.1.3 regardless of block/file scope; matches the _INT/_STR precedent graded TP.",hostap_full_audit_0.4.169,high
EXP33-C,hostap,src/tls/libtommath.c,2768,FP,W[] fully initialized via pointer-alias copy+zero-fill loops just above (register mp_word *_W = W; *_W++ = ...); tool misses alias-based array initialization.,hostap_full_audit_0.4.169,high
DCL37-C,hostap,src/tls/libtommath.c,2786,FP,"'_W' is declared block-scope (register mp_word _W; inside the function), not file-scope; established DCL37-C block-scope-misclassified-as-file-scope FP class.",hostap_full_audit_0.4.169,high
DCL37-C,hostap,src/tls/libtommath.c,2786,TP,"'_W' is underscore+uppercase, reserved in ALL scopes per C 7.1.3 regardless of block/file scope; matches the _INT/_STR precedent graded TP.",hostap_full_audit_0.4.169,high
EXP43-C,hostap,src/tls/libtommath.c,2831,FP,No restrict qualifier anywhere in libtommath.c (grep confirms 0 uses); confirmed no-restrict EXP43-C FP class extended to internal bignum helpers (mp_sqr/mp_mul/redux/etc).,hostap_full_audit_0.4.169,high
INT14-C,hostap,src/tls/libtommath.c,2870,FP,"Stylistic-pedantry mismatch: ordinary bignum bit-manipulation idiom mixing bitwise/arithmetic ops on the same var/constant, not the signed-bitwise-operand defect INT14-C targets.",hostap_full_audit_0.4.169,high
INT34-C,hostap,src/tls/libtommath.c,2870,FP,"winsize bounded to [2,8] by explicit lookup-table branch in same function, or shift amount is a platform header constant (DIGIT_BIT/CHAR_BIT); rule doesn't see the same-function algorithmic bound.",hostap_full_audit_0.4.169,high
INT10-C,hostap,src/tls/libtommath.c,2914,TP,"Operand is genuinely a plain signed int per its declaration (not a wrong-type detection); literal rule match, graded TP low severity/idiomatic per the established INT13-C-genuinely-correct precedent.",hostap_full_audit_0.4.169,med
EXP43-C,hostap,src/tls/libtommath.c,2928,FP,No restrict qualifier anywhere in libtommath.c (grep confirms 0 uses); confirmed no-restrict EXP43-C FP class extended to internal bignum helpers (mp_sqr/mp_mul/redux/etc).,hostap_full_audit_0.4.169,high
EXP43-C,hostap,src/tls/libtommath.c,2932,FP,No restrict qualifier anywhere in libtommath.c (grep confirms 0 uses); confirmed no-restrict EXP43-C FP class extended to internal bignum helpers (mp_sqr/mp_mul/redux/etc).,hostap_full_audit_0.4.169,high
EXP33-C,hostap,src/tls/libtommath.c,2990,FP,M[1] is initialized on the immediately preceding line via mp_init(&M[1]); flagging the init call itself as 'reading uninitialized data' is a category error.,hostap_full_audit_0.4.169,high
INT14-C,hostap,src/tls/libtommath.c,2995,FP,"Stylistic-pedantry mismatch: ordinary bignum bit-manipulation idiom mixing bitwise/arithmetic ops on the same var/constant, not the signed-bitwise-operand defect INT14-C targets.",hostap_full_audit_0.4.169,high
INT34-C,hostap,src/tls/libtommath.c,2995,FP,"winsize bounded to [2,8] by explicit lookup-table branch in same function, or shift amount is a platform header constant (DIGIT_BIT/CHAR_BIT); rule doesn't see the same-function algorithmic bound.",hostap_full_audit_0.4.169,high
INT34-C,hostap,src/tls/libtommath.c,2995,FP,"winsize bounded to [2,8] by explicit lookup-table branch in same function, or shift amount is a platform header constant (DIGIT_BIT/CHAR_BIT); rule doesn't see the same-function algorithmic bound.",hostap_full_audit_0.4.169,high
INT34-C,hostap,src/tls/libtommath.c,2997,FP,"winsize bounded to [2,8] by explicit lookup-table branch in same function, or shift amount is a platform header constant (DIGIT_BIT/CHAR_BIT); rule doesn't see the same-function algorithmic bound.",hostap_full_audit_0.4.169,high
ARR00-C,hostap,src/tls/libtommath.c,3000,FP,M[] cleanup loop (mp_clear) matches exactly the init range set up earlier in the same function (mp_init(&M[1]) + loop over 1<<(winsize-1)..2^winsize-1); not an uninitialized read.,hostap_full_audit_0.4.169,high
INT14-C,hostap,src/tls/libtommath.c,3020,FP,"Stylistic-pedantry mismatch: ordinary bignum bit-manipulation idiom mixing bitwise/arithmetic ops on the same var/constant, not the signed-bitwise-operand defect INT14-C targets.",hostap_full_audit_0.4.169,high
INT14-C,hostap,src/tls/libtommath.c,3020,FP,"Stylistic-pedantry mismatch: ordinary bignum bit-manipulation idiom mixing bitwise/arithmetic ops on the same var/constant, not the signed-bitwise-operand defect INT14-C targets.",hostap_full_audit_0.4.169,high
INT14-C,hostap,src/tls/libtommath.c,3020,FP,"Stylistic-pedantry mismatch: ordinary bignum bit-manipulation idiom mixing bitwise/arithmetic ops on the same var/constant, not the signed-bitwise-operand defect INT14-C targets.",hostap_full_audit_0.4.169,high
INT34-C,hostap,src/tls/libtommath.c,3020,FP,"winsize bounded to [2,8] by explicit lookup-table branch in same function, or shift amount is a platform header constant (DIGIT_BIT/CHAR_BIT); rule doesn't see the same-function algorithmic bound.",hostap_full_audit_0.4.169,high
INT35-C,hostap,src/tls/libtommath.c,3020,FP,sizeof(mp_word)*CHAR_BIT used only as a conservative fast-path cutoff heuristic; literal rule match but low severity/harmless on all real mp_word typedefs (no padding bits).,hostap_full_audit_0.4.169,med
MSC13-C,hostap,src/tls/libtommath.c,3021,FP,"'redux' (function pointer) is read via call-syntax redux(...) at multiple points later in this same function; tool doesn't recognize a call-site invocation as a read of the variable. Function-pointer-variable blindness, same root cause as the DCL31-C redux misfire.",hostap_full_audit_0.4.169,high
INT34-C,hostap,src/tls/libtommath.c,3090,FP,"winsize bounded to [2,8] by explicit lookup-table branch in same function, or shift amount is a platform header constant (DIGIT_BIT/CHAR_BIT); rule doesn't see the same-function algorithmic bound.",hostap_full_audit_0.4.169,high
EXP43-C,hostap,src/tls/libtommath.c,3095,FP,No restrict qualifier anywhere in libtommath.c (grep confirms 0 uses); confirmed no-restrict EXP43-C FP class extended to internal bignum helpers (mp_sqr/mp_mul/redux/etc).,hostap_full_audit_0.4.169,high
INT34-C,hostap,src/tls/libtommath.c,3095,FP,"winsize bounded to [2,8] by explicit lookup-table branch in same function, or shift amount is a platform header constant (DIGIT_BIT/CHAR_BIT); rule doesn't see the same-function algorithmic bound.",hostap_full_audit_0.4.169,high
ARR00-C,hostap,src/tls/libtommath.c,3095,FP,"M[x] read is preceded in the same function by mp_copy/mp_mod/mp_mul writes that populate exactly this index before use; data-flow miss, not a genuine uninitialized read.",hostap_full_audit_0.4.169,high
INT34-C,hostap,src/tls/libtommath.c,3095,FP,"winsize bounded to [2,8] by explicit lookup-table branch in same function, or shift amount is a platform header constant (DIGIT_BIT/CHAR_BIT); rule doesn't see the same-function algorithmic bound.",hostap_full_audit_0.4.169,high
INT34-C,hostap,src/tls/libtommath.c,3098,FP,"winsize bounded to [2,8] by explicit lookup-table branch in same function, or shift amount is a platform header constant (DIGIT_BIT/CHAR_BIT); rule doesn't see the same-function algorithmic bound.",hostap_full_audit_0.4.169,high
INT34-C,hostap,src/tls/libtommath.c,3104,FP,"winsize bounded to [2,8] by explicit lookup-table branch in same function, or shift amount is a platform header constant (DIGIT_BIT/CHAR_BIT); rule doesn't see the same-function algorithmic bound.",hostap_full_audit_0.4.169,high
INT34-C,hostap,src/tls/libtommath.c,3104,FP,"winsize bounded to [2,8] by explicit lookup-table branch in same function, or shift amount is a platform header constant (DIGIT_BIT/CHAR_BIT); rule doesn't see the same-function algorithmic bound.",hostap_full_audit_0.4.169,high
ARR00-C,hostap,src/tls/libtommath.c,3105,FP,"M[x] read is preceded in the same function by mp_copy/mp_mod/mp_mul writes that populate exactly this index before use; data-flow miss, not a genuine uninitialized read.",hostap_full_audit_0.4.169,high
ARR00-C,hostap,src/tls/libtommath.c,3105,FP,"M[x] read is preceded in the same function by mp_copy/mp_mod/mp_mul writes that populate exactly this index before use; data-flow miss, not a genuine uninitialized read.",hostap_full_audit_0.4.169,high
EXP43-C,hostap,src/tls/libtommath.c,3148,FP,No restrict qualifier anywhere in libtommath.c (grep confirms 0 uses); confirmed no-restrict EXP43-C FP class extended to internal bignum helpers (mp_sqr/mp_mul/redux/etc).,hostap_full_audit_0.4.169,high
INT14-C,hostap,src/tls/libtommath.c,3158,FP,"Stylistic-pedantry mismatch: ordinary bignum bit-manipulation idiom mixing bitwise/arithmetic ops on the same var/constant, not the signed-bitwise-operand defect INT14-C targets.",hostap_full_audit_0.4.169,high
INT34-C,hostap,src/tls/libtommath.c,3158,FP,"winsize bounded to [2,8] by explicit lookup-table branch in same function, or shift amount is a platform header constant (DIGIT_BIT/CHAR_BIT); rule doesn't see the same-function algorithmic bound.",hostap_full_audit_0.4.169,high
EXP43-C,hostap,src/tls/libtommath.c,3165,FP,No restrict qualifier anywhere in libtommath.c (grep confirms 0 uses); confirmed no-restrict EXP43-C FP class extended to internal bignum helpers (mp_sqr/mp_mul/redux/etc).,hostap_full_audit_0.4.169,high
EXP43-C,hostap,src/tls/libtommath.c,3174,FP,No restrict qualifier anywhere in libtommath.c (grep confirms 0 uses); confirmed no-restrict EXP43-C FP class extended to internal bignum helpers (mp_sqr/mp_mul/redux/etc).,hostap_full_audit_0.4.169,high
EXP43-C,hostap,src/tls/libtommath.c,3192,FP,No restrict qualifier anywhere in libtommath.c (grep confirms 0 uses); confirmed no-restrict EXP43-C FP class extended to internal bignum helpers (mp_sqr/mp_mul/redux/etc).,hostap_full_audit_0.4.169,high
INT34-C,hostap,src/tls/libtommath.c,3201,FP,"winsize bounded to [2,8] by explicit lookup-table branch in same function, or shift amount is a platform header constant (DIGIT_BIT/CHAR_BIT); rule doesn't see the same-function algorithmic bound.",hostap_full_audit_0.4.169,high
EXP43-C,hostap,src/tls/libtommath.c,3203,FP,No restrict qualifier anywhere in libtommath.c (grep confirms 0 uses); confirmed no-restrict EXP43-C FP class extended to internal bignum helpers (mp_sqr/mp_mul/redux/etc).,hostap_full_audit_0.4.169,high
INT34-C,hostap,src/tls/libtommath.c,3231,FP,"winsize bounded to [2,8] by explicit lookup-table branch in same function, or shift amount is a platform header constant (DIGIT_BIT/CHAR_BIT); rule doesn't see the same-function algorithmic bound.",hostap_full_audit_0.4.169,high
INT34-C,hostap,src/tls/libtommath.c,3231,FP,"winsize bounded to [2,8] by explicit lookup-table branch in same function, or shift amount is a platform header constant (DIGIT_BIT/CHAR_BIT); rule doesn't see the same-function algorithmic bound.",hostap_full_audit_0.4.169,high
ARR00-C,hostap,src/tls/libtommath.c,3232,FP,M[] cleanup loop (mp_clear) matches exactly the init range set up earlier in the same function (mp_init(&M[1]) + loop over 1<<(winsize-1)..2^winsize-1); not an uninitialized read.,hostap_full_audit_0.4.169,high
DCL13-C,hostap,src/tls/libtommath.c,3250,TP,Genuine unmodified pointer param on a plain internal static bignum helper (not vtable/callback-bound); established plain-internal-helper DCL13-C real-if-low-severity TP class.,hostap_full_audit_0.4.169,med
DCL37-C,hostap,src/tls/libtommath.c,3268,FP,"'_W' is declared block-scope (register mp_word _W; inside the function), not file-scope; established DCL37-C block-scope-misclassified-as-file-scope FP class.",hostap_full_audit_0.4.169,high
DCL37-C,hostap,src/tls/libtommath.c,3268,TP,"'_W' is underscore+uppercase, reserved in ALL scopes per C 7.1.3 regardless of block/file scope; matches the _INT/_STR precedent graded TP.",hostap_full_audit_0.4.169,high
INT13-C,hostap,src/tls/libtommath.c,3302,TP,"'ix' is genuinely declared int (not unsigned) and used with & and >>; literal rule match — same 'genuinely correct per rule text' TP class as the wpa_supplicant_set_suites INT13-C precedent, not the wrong-type FP class.",hostap_full_audit_0.4.169,med
INT13-C,hostap,src/tls/libtommath.c,3303,TP,"'ix' is genuinely declared int (not unsigned) and used with & and >>; literal rule match — same 'genuinely correct per rule text' TP class as the wpa_supplicant_set_suites INT13-C precedent, not the wrong-type FP class.",hostap_full_audit_0.4.169,med
INT13-C,hostap,src/tls/libtommath.c,3303,TP,"'ix' is genuinely declared int (not unsigned) and used with & and >>; literal rule match — same 'genuinely correct per rule text' TP class as the wpa_supplicant_set_suites INT13-C precedent, not the wrong-type FP class.",hostap_full_audit_0.4.169,med
DCL30-C,hostap,src/tls/libtommath.c,3379,FP,"Category error: '*tmpc++ = u;' stores the VALUE of a local scalar into a caller/heap-owned buffer (c->dp), not an address of a local escaping the function; no pointer-to-local is returned or stored anywhere.",hostap_full_audit_0.4.169,high
PRE08-C,hostap,src/common/wpa_common.c,19,FP,"ieee802_11_defs.h/ieee802_11_common.h 8.3-legacy-filename collision, confirmed FP default for hostap",hostap_full_audit_0.4.169,high
MSC17-C,hostap,src/common/wpa_common.c,180,FP,case has explicit return; #ifdef-intervening-next-case fallthrough misfire (confirmed class),hostap_full_audit_0.4.169,high
MSC17-C,hostap,src/common/wpa_common.c,198,FP,case has explicit return before #ifdef CONFIG_SAE next case; same #ifdef-blind class,hostap_full_audit_0.4.169,high
MSC17-C,hostap,src/common/wpa_common.c,220,FP,case has explicit return before #ifdef CONFIG_OWE next case; same #ifdef-blind class,hostap_full_audit_0.4.169,high
API00-C,hostap,src/common/wpa_common.c,374,FP,"internal-only crypto helper, mic always caller-owned fixed buffer; established API00-C internal-API FP class",hostap_full_audit_0.4.169,med
API00-C,hostap,src/common/wpa_common.c,502,FP,addr1 internal-only API param; established API00-C FP class,hostap_full_audit_0.4.169,med
API00-C,hostap,src/common/wpa_common.c,502,FP,addr2 internal-only API param; established API00-C FP class,hostap_full_audit_0.4.169,med
API00-C,hostap,src/common/wpa_common.c,502,FP,nonce1 internal-only API param; established API00-C FP class,hostap_full_audit_0.4.169,med
API00-C,hostap,src/common/wpa_common.c,502,FP,nonce2 internal-only API param; established API00-C FP class,hostap_full_audit_0.4.169,med
API05-C,hostap,src/common/wpa_common.c,502,FP,idiomatic T*ptr+size_t len pair; confirmed API05-C FP class,hostap_full_audit_0.4.169,high
ENV01-C,hostap,src/common/wpa_common.c,509,FP,"fixed macro-sized array, zero getenv() calls in file; wholesale ENV01-C FP class",hostap_full_audit_0.4.169,high
MEM05-C,hostap,src/common/wpa_common.c,509,FP,"compile-time constant-sized array, not a VLA; established MEM05-C FP class",hostap_full_audit_0.4.169,high
ENV01-C,hostap,src/common/wpa_common.c,511,FP,"fixed macro-sized array, zero getenv() calls in file",hostap_full_audit_0.4.169,high
MEM05-C,hostap,src/common/wpa_common.c,511,FP,"compile-time constant-sized array, not a VLA",hostap_full_audit_0.4.169,high
EXP30-C,hostap,src/common/wpa_common.c,673,FP,MAC2STR() args in wpa_printf are side-effect-free macro reads; confirmed EXP30-C FP class,hostap_full_audit_0.4.169,high
API00-C,hostap,src/common/wpa_common.c,708,FP,snonce internal-only API param; established FP class,hostap_full_audit_0.4.169,med
MEM05-C,hostap,src/common/wpa_common.c,712,FP,"u8 nonces[2*NONCE_LEN] fixed-size, not a VLA",hostap_full_audit_0.4.169,high
ARR30-C,hostap,src/common/wpa_common.c,739,FP,"cross-function decl-site conflation: this addr[2] in fils_rmsk_to_pmk (line 713), sqc cites unrelated addr[1] at line 3534 in a different function",hostap_full_audit_0.4.169,high
API00-C,hostap,src/common/wpa_common.c,757,FP,reauth internal-only API param,hostap_full_audit_0.4.169,med
API00-C,hostap,src/common/wpa_common.c,757,FP,"pmkid internal-only API out-param, always caller-owned fixed buffer",hostap_full_audit_0.4.169,med
STR31-C,hostap,src/common/wpa_common.c,760,FP,"const u8 *addr[1] scatter-gather array, not a char/string buffer; confirmed STR31-C misapplication class",hostap_full_audit_0.4.169,high
STR31-C,hostap,src/common/wpa_common.c,761,FP,"size_t len[1] companion array, not a char/string buffer",hostap_full_audit_0.4.169,high
API00-C,hostap,src/common/wpa_common.c,782,FP,pmk internal-only API param,hostap_full_audit_0.4.169,med
API00-C,hostap,src/common/wpa_common.c,782,FP,spa internal-only API param,hostap_full_audit_0.4.169,med
API00-C,hostap,src/common/wpa_common.c,782,FP,aa internal-only API param,hostap_full_audit_0.4.169,med
API00-C,hostap,src/common/wpa_common.c,782,FP,snonce internal-only API param,hostap_full_audit_0.4.169,med
API00-C,hostap,src/common/wpa_common.c,782,FP,anonce internal-only API param,hostap_full_audit_0.4.169,med
API00-C,hostap,src/common/wpa_common.c,782,FP,ptk internal-only API param,hostap_full_audit_0.4.169,med
API00-C,hostap,src/common/wpa_common.c,782,FP,ick internal-only out-param,hostap_full_audit_0.4.169,med
API00-C,hostap,src/common/wpa_common.c,782,FP,ick_len internal-only out-param,hostap_full_audit_0.4.169,med
API00-C,hostap,src/common/wpa_common.c,782,FP,fils_ft_len internal-only out-param,hostap_full_audit_0.4.169,med
API00-C,hostap,src/common/wpa_common.c,782,FP,"dhss_len internal-only API, derived from internal ECDH output size, not raw wire length",hostap_full_audit_0.4.169,med
ENV01-C,hostap,src/common/wpa_common.c,790,FP,"fixed macro-sized array, zero getenv() calls in file",hostap_full_audit_0.4.169,high
MEM05-C,hostap,src/common/wpa_common.c,790,FP,"compile-time constant-sized array, not a VLA",hostap_full_audit_0.4.169,high
EXP30-C,hostap,src/common/wpa_common.c,874,FP,"MAC2STR() args in wpa_printf, side-effect-free; confirmed EXP30-C FP class",hostap_full_audit_0.4.169,high
ARR37-C,hostap,src/common/wpa_common.c,889,FP,"offset is a size_t byte counter used as tmp+offset, not itself a pointer; confirmed ARR37-C scalar-counter FP class",hostap_full_audit_0.4.169,high
ARR37-C,hostap,src/common/wpa_common.c,893,FP,same offset scalar-counter FP class,hostap_full_audit_0.4.169,high
ARR37-C,hostap,src/common/wpa_common.c,899,FP,same offset scalar-counter FP class,hostap_full_audit_0.4.169,high
API00-C,hostap,src/common/wpa_common.c,918,FP,ick internal-only API param,hostap_full_audit_0.4.169,med
API00-C,hostap,src/common/wpa_common.c,918,FP,snonce internal-only API param,hostap_full_audit_0.4.169,med
API00-C,hostap,src/common/wpa_common.c,918,FP,anonce internal-only API param,hostap_full_audit_0.4.169,med
API00-C,hostap,src/common/wpa_common.c,918,FP,sta_addr internal-only API param,hostap_full_audit_0.4.169,med
API00-C,hostap,src/common/wpa_common.c,918,FP,bssid internal-only API param,hostap_full_audit_0.4.169,med
API00-C,hostap,src/common/wpa_common.c,918,FP,g_ap internal-only API param,hostap_full_audit_0.4.169,med
API00-C,hostap,src/common/wpa_common.c,918,FP,key_auth_sta internal-only out-param,hostap_full_audit_0.4.169,med
API00-C,hostap,src/common/wpa_common.c,918,FP,key_auth_ap internal-only out-param,hostap_full_audit_0.4.169,med
API00-C,hostap,src/common/wpa_common.c,918,FP,key_auth_len internal-only out-param,hostap_full_audit_0.4.169,med
EXP30-C,hostap,src/common/wpa_common.c,930,FP,"MAC2STR() args in wpa_printf, side-effect-free; confirmed EXP30-C FP class",hostap_full_audit_0.4.169,high
ARR30-C,hostap,src/common/wpa_common.c,945,FP,"this addr[6] in fils_key_auth_sk (line 925), sqc cites unrelated addr[1] decl at line 3534 in a different function; index 1 in-bounds",hostap_full_audit_0.4.169,high
ARR30-C,hostap,src/common/wpa_common.c,947,FP,"same addr[6] cross-function conflation, index 2 in-bounds",hostap_full_audit_0.4.169,high
ARR30-C,hostap,src/common/wpa_common.c,949,FP,"same addr[6] cross-function conflation, index 3 in-bounds",hostap_full_audit_0.4.169,high
ARR30-C,hostap,src/common/wpa_common.c,952,FP,"same addr[6] cross-function conflation, index 4 in-bounds",hostap_full_audit_0.4.169,high
ARR30-C,hostap,src/common/wpa_common.c,954,FP,"same addr[6] cross-function conflation, index 5 in-bounds",hostap_full_audit_0.4.169,high
ARR30-C,hostap,src/common/wpa_common.c,979,FP,"same addr[6] cross-function conflation, index 1 in-bounds",hostap_full_audit_0.4.169,high
ARR30-C,hostap,src/common/wpa_common.c,980,FP,"same addr[6] cross-function conflation, index 2 in-bounds",hostap_full_audit_0.4.169,high
ARR30-C,hostap,src/common/wpa_common.c,981,FP,"same addr[6] cross-function conflation, index 3 in-bounds",hostap_full_audit_0.4.169,high
ARR30-C,hostap,src/common/wpa_common.c,983,FP,"same addr[6] cross-function conflation, index 4 in-bounds",hostap_full_audit_0.4.169,high
ARR30-C,hostap,src/common/wpa_common.c,985,FP,"same addr[6] cross-function conflation, index 5 in-bounds",hostap_full_audit_0.4.169,high
MSC01-C,hostap,src/common/wpa_common.c,992,FP,guard-clause if(left>=2)/else-if(left==1) chain; left==0 needs no action (end of parse); confirmed MSC01-C no-final-else FP class,hostap_full_audit_0.4.169,high
API00-C,hostap,src/common/wpa_common.c,1010,FP,sta_addr internal-only API param,hostap_full_audit_0.4.169,med
API00-C,hostap,src/common/wpa_common.c,1010,FP,ap_addr internal-only API param,hostap_full_audit_0.4.169,med
ARR00-C,hostap,src/common/wpa_common.c,1152,FP,opt param is a pointer into the same ies buffer as ie (caller advances ies into opt before calling); same-underlying-buffer alias-derivation FP class,hostap_full_audit_0.4.169,high
ARR36-C,hostap,src/common/wpa_common.c,1152,FP,same alias-derivation FP: opt/pos and ie/end are the same buffer,hostap_full_audit_0.4.169,high
INT14-C,hostap,src/common/wpa_common.c,1152,FP,"stylistic pedantry mismatch with CERT INT14-C intent; pos used bitwise (id/len byte reads) and arithmetically (end-pos) on unrelated sub-expressions, no real defect",hostap_full_audit_0.4.169,high
ARR00-C,hostap,src/common/wpa_common.c,1154,FP,same alias-derivation FP as line 1152,hostap_full_audit_0.4.169,high
ARR36-C,hostap,src/common/wpa_common.c,1154,FP,same alias-derivation FP as line 1152,hostap_full_audit_0.4.169,high
ARR00-C,hostap,src/common/wpa_common.c,1159,FP,same alias-derivation FP as line 1152,hostap_full_audit_0.4.169,high
ARR36-C,hostap,src/common/wpa_common.c,1159,FP,same alias-derivation FP as line 1152,hostap_full_audit_0.4.169,high
MSC17-C,hostap,src/common/wpa_common.c,1193,FP,case FTIE_SUBELEM_IGTK has explicit break; before #ifdef CONFIG_OCV next case; #ifdef-blind fallthrough class,hostap_full_audit_0.4.169,high
STR00-C,hostap,src/common/wpa_common.c,1217,FP,"pos is declared const u8* (unsigned char*), not plain char; wrong-type-claim STR00-C class",hostap_full_audit_0.4.169,high
STR00-C,hostap,src/common/wpa_common.c,1232,FP,"same wrong-type-claim: pos is const u8*, not char",hostap_full_audit_0.4.169,high
STR00-C,hostap,src/common/wpa_common.c,1247,FP,"same wrong-type-claim: pos is const u8*, not char",hostap_full_audit_0.4.169,high
INT14-C,hostap,src/common/wpa_common.c,1274,FP,stylistic pedantry mismatch with CERT INT14-C intent; pos byte-index bitwise op vs unrelated pointer arithmetic,hostap_full_audit_0.4.169,high
EXP34-C,hostap,src/common/wpa_common.c,1277,TP,flags array access via pos; low-severity but plausible if a preceding malformed-subelement path leaves pos unvalidated -- did not fully trace bound,hostap_full_audit_0.4.169,low
API00-C,hostap,src/common/wpa_common.c,1328,FP,"ies_len internal-only API, derived from internally-parsed IE buffers not raw unchecked wire length",hostap_full_audit_0.4.169,med
ARR01-C,hostap,src/common/wpa_common.c,1340,FP,"sizeof(*parse) idiom for os_memset sizing, not a decayed-array misuse; confirmed ARR01-C sizeof(*ptr) FP class",hostap_full_audit_0.4.169,high
MEM10-C,hostap,src/common/wpa_common.c,1341,FP,ordinary ad-hoc NULL check present and sufficient; confirmed MEM10-C stylistic-pedantry FP class,hostap_full_audit_0.4.169,high
ARR36-C,hostap,src/common/wpa_common.c,1351,FP,"parse->ric was assigned from pos, itself derived from the same ies buffer; alias-derivation-through-struct-field FP class",hostap_full_audit_0.4.169,high
ARR36-C,hostap,src/common/wpa_common.c,1356,FP,same parse->ric/ies alias-derivation FP class,hostap_full_audit_0.4.169,high
EXP43-C,hostap,src/common/wpa_common.c,1368,FP,wpa_parse_wpa_ie_rsn's params are not restrict-qualified; confirmed no-restrict EXP43-C FP class,hostap_full_audit_0.4.169,high
INT32-C,hostap,src/common/wpa_common.c,1432,FP,"pos-2 is pointer arithmetic (const u8* pos), not a signed integer subtraction; category error",hostap_full_audit_0.4.169,high
EXP30-C,hostap,src/common/wpa_common.c,1448,FP,wpabuf_head()/wpabuf_len() pure accessor calls; confirmed EXP30-C pure-accessor FP class,hostap_full_audit_0.4.169,high
EXP33-C,hostap,src/common/wpa_common.c,1469,FP,"elems filled by ieee802_11_parse_elems(ies, ies_len, &elems, 0) earlier in the function; confirmed output-param-written-by-callee EXP33-C FP class",hostap_full_audit_0.4.169,high
ARR36-C,hostap,src/common/wpa_common.c,1507,FP,parse->ric alias-derivation FP class (col 10),hostap_full_audit_0.4.169,high
ARR36-C,hostap,src/common/wpa_common.c,1507,FP,"parse->ric alias-derivation FP class (col 42, second pointer subtraction on same line)",hostap_full_audit_0.4.169,high
MSC07-C,hostap,src/common/wpa_common.c,1522,FP,"fail: label is reached via goto from earlier branches; goto-label-blindness MSC07-C FP class, code is not actually unreachable",hostap_full_audit_0.4.169,high
API00-C,hostap,src/common/wpa_common.c,1618,FP,spa internal-only API param,hostap_full_audit_0.4.169,med
API00-C,hostap,src/common/wpa_common.c,1618,FP,bssid internal-only API param,hostap_full_audit_0.4.169,med
API00-C,hostap,src/common/wpa_common.c,1618,FP,"dhss_len internal-only API, derived from internal ECDH output size",hostap_full_audit_0.4.169,med
API00-C,hostap,src/common/wpa_common.c,1618,FP,kdk_len internal-only API param,hostap_full_audit_0.4.169,med
ENV01-C,hostap,src/common/wpa_common.c,1625,FP,"fixed macro-sized array, zero getenv() calls in file",hostap_full_audit_0.4.169,high
MEM05-C,hostap,src/common/wpa_common.c,1625,FP,"compile-time constant-sized array, not a VLA",hostap_full_audit_0.4.169,high
CON43-C,hostap,src/common/wpa_common.c,1686,FP,"single-threaded PASN derivation, alg written by the immediately preceding call, no concurrent access; extends the no-pthread CON-family FP class",hostap_full_audit_0.4.169,high
MSC17-C,hostap,src/common/wpa_common.c,1687,FP,"case RSN_HASH_SHA512's break; sits inside #ifdef CONFIG_SHA512, guarded consistently with pasn_select_hash_alg's own build-time gating; #ifdef-blind fallthrough class",hostap_full_audit_0.4.169,high
MSC17-C,hostap,src/common/wpa_common.c,1696,FP,case RSN_HASH_SHA384's break; similarly #ifdef CONFIG_SHA384-gated; same class as line 1687,hostap_full_audit_0.4.169,high
EXP30-C,hostap,src/common/wpa_common.c,1718,FP,"MAC2STR() args in wpa_printf, side-effect-free; confirmed EXP30-C FP class",hostap_full_audit_0.4.169,high
ARR37-C,hostap,src/common/wpa_common.c,1734,FP,"pos = &tmp[...] is array-backed (tmp is a fixed local array, sizeof(tmp) used earlier); confirmed array-backed ARR37-C FP class",hostap_full_audit_0.4.169,high
ARR37-C,hostap,src/common/wpa_common.c,1739,FP,same array-backed pos/tmp FP class,hostap_full_audit_0.4.169,high
EXP05-C,hostap,src/common/wpa_common.c,1796,FP,"buf=(u8*)label is only ever read (passed as const input to prf/hash functions), never written; confirmed read-only cast-away-const EXP05-C FP class",hostap_full_audit_0.4.169,high
API00-C,hostap,src/common/wpa_common.c,1855,FP,addr1 internal-only API param,hostap_full_audit_0.4.169,med
API00-C,hostap,src/common/wpa_common.c,1855,FP,addr2 internal-only API param,hostap_full_audit_0.4.169,med
API00-C,hostap,src/common/wpa_common.c,1855,FP,"data_len internal-only API, bounded by IEEE 802.11 frame size in practice",hostap_full_audit_0.4.169,med
API00-C,hostap,src/common/wpa_common.c,1855,FP,"frame_len internal-only API, bounded by IEEE 802.11 frame size in practice",hostap_full_audit_0.4.169,med
INT30-C,hostap,src/common/wpa_common.c,1899,FP,"data_len/frame_len are internal PASN-derived lengths bounded by 802.11 frame sizes (~2304B max), nowhere near SIZE_MAX wrap threshold; extends the proven-bounded-value INT30-C FP class",hostap_full_audit_0.4.169,med
API00-C,hostap,src/common/wpa_common.c,1951,FP,data internal-only API param,hostap_full_audit_0.4.169,med
ARR01-C,hostap,src/common/wpa_common.c,2020,FP,"sizeof(*data) idiom for os_memset sizing, confirmed ARR01-C sizeof(*ptr) FP class",hostap_full_audit_0.4.169,high
MSC01-C,hostap,src/common/wpa_common.c,2085,FP,"guard-clause if(left>=2)/else-if(left==1) chain, left==0 is a valid end-of-parse state needing no action",hostap_full_audit_0.4.169,high
INT14-C,hostap,src/common/wpa_common.c,2108,FP,"stylistic pedantry mismatch with CERT INT14-C intent, same class as line 1152/1274",hostap_full_audit_0.4.169,high
MSC01-C,hostap,src/common/wpa_common.c,2113,FP,"guard-clause chain, same class as line 2085",hostap_full_audit_0.4.169,high
MSC01-C,hostap,src/common/wpa_common.c,2134,FP,"guard-clause chain, same class as line 2085",hostap_full_audit_0.4.169,high
ARR01-C,hostap,src/common/wpa_common.c,2219,FP,"sizeof(*data) idiom for os_memset sizing, confirmed ARR01-C sizeof(*ptr) FP class",hostap_full_audit_0.4.169,high
MSC01-C,hostap,src/common/wpa_common.c,2253,FP,"guard-clause chain, same class as line 2085",hostap_full_audit_0.4.169,high
MSC01-C,hostap,src/common/wpa_common.c,2274,FP,"guard-clause chain, same class as line 2085",hostap_full_audit_0.4.169,high
MSC01-C,hostap,src/common/wpa_common.c,2295,FP,"guard-clause chain, same class as line 2085",hostap_full_audit_0.4.169,high
API00-C,hostap,src/common/wpa_common.c,2333,FP,xxkey internal-only API param,hostap_full_audit_0.4.169,med
API00-C,hostap,src/common/wpa_common.c,2333,FP,mdid internal-only API param,hostap_full_audit_0.4.169,med
API00-C,hostap,src/common/wpa_common.c,2333,FP,s0kh_id internal-only API param,hostap_full_audit_0.4.169,med
ENV01-C,hostap,src/common/wpa_common.c,2339,FP,"fixed macro-sized buf array, zero getenv() calls in file",hostap_full_audit_0.4.169,high
MEM05-C,hostap,src/common/wpa_common.c,2339,FP,"compile-time constant-sized array, not a VLA",hostap_full_audit_0.4.169,high
DCL22-C,hostap,src/common/wpa_common.c,2341,FP,pos is an ordinary local pointer with no setjmp/longjmp or signal-handler context; confirmed DCL22-C FP class,hostap_full_audit_0.4.169,high
MEM05-C,hostap,src/common/wpa_common.c,2341,FP,"u8 r0_key_data[64+16] fixed-size, not a VLA",hostap_full_audit_0.4.169,high
EXP33-C,hostap,src/common/wpa_common.c,2397,FP,"buf is populated via pos=buf; *pos++=...; os_memcpy(pos,...) writes before this use; write-through-aliased-pointer not tracked as write to buf",hostap_full_audit_0.4.169,high
EXP33-C,hostap,src/common/wpa_common.c,2425,FP,"r0_key_data is written as the output buffer of sha{256,384,512}_prf just above, with an res<0 guard before this read; correlated write not seen by tool",hostap_full_audit_0.4.169,high
ARR30-C,hostap,src/common/wpa_common.c,2427,TP,"variable-index access into r0_key_data[80]; q is bounded to known MAC lengths but flagged generically, low-severity if genuinely reachable with out-of-range q",hostap_full_audit_0.4.169,low
ARR30-C,hostap,src/common/wpa_common.c,2434,FP,"addr[2] cross-function conflation, this decl is in wpa_derive_pmk_r0 (line 2342); sqc cites unrelated addr[1] at line 3534",hostap_full_audit_0.4.169,high
ARR30-C,hostap,src/common/wpa_common.c,2434,TP,"second part of same finding line: variable-index r0_key_data[q] access, same low-severity note as line 2427",hostap_full_audit_0.4.169,low
EXP33-C,hostap,src/common/wpa_common.c,2454,FP,"hash written by shaXXX_vector(2,addr,len,hash) just above with res<0 guard before this read; correlated write not seen by tool",hostap_full_audit_0.4.169,high
API00-C,hostap,src/common/wpa_common.c,2466,FP,r1kh_id internal-only API param,hostap_full_audit_0.4.169,med
API00-C,hostap,src/common/wpa_common.c,2466,FP,s1kh_id internal-only API param,hostap_full_audit_0.4.169,med
ARR30-C,hostap,src/common/wpa_common.c,2482,FP,"addr[4] cross-function conflation, this decl is in wpa_derive_pmk_r1_name (line 2467); sqc cites unrelated addr[1] at line 3534",hostap_full_audit_0.4.169,high
ARR30-C,hostap,src/common/wpa_common.c,2484,FP,"same addr[4] cross-function conflation, index 2 in-bounds",hostap_full_audit_0.4.169,high
ARR30-C,hostap,src/common/wpa_common.c,2486,FP,"same addr[4] cross-function conflation, index 3 in-bounds",hostap_full_audit_0.4.169,high
EXP33-C,hostap,src/common/wpa_common.c,2512,FP,"hash written by shaXXX_vector(4,addr,len,hash) just above with res<0 guard before this read",hostap_full_audit_0.4.169,high
EXP33-C,hostap,src/common/wpa_common.c,2513,FP,title is assigned in the same if-branch as the res-setting shaXXX_vector call that succeeds when reached; correlated conditional assignment not seen by tool,hostap_full_audit_0.4.169,high
API00-C,hostap,src/common/wpa_common.c,2523,FP,r1kh_id internal-only API param,hostap_full_audit_0.4.169,med
API00-C,hostap,src/common/wpa_common.c,2523,FP,s1kh_id internal-only API param,hostap_full_audit_0.4.169,med
API00-C,hostap,src/common/wpa_common.c,2523,FP,"pmk_r0_len internal-only API, always a known SHA output length",hostap_full_audit_0.4.169,med
MEM05-C,hostap,src/common/wpa_common.c,2528,FP,"u8 buf[FT_R1KH_ID_LEN+ETH_ALEN] fixed-size, not a VLA",hostap_full_audit_0.4.169,high
DCL22-C,hostap,src/common/wpa_common.c,2529,FP,"pos is an ordinary local pointer, no setjmp/signal context; confirmed DCL22-C FP class",hostap_full_audit_0.4.169,high
EXP33-C,hostap,src/common/wpa_common.c,2548,FP,"buf populated via pos=buf; os_memcpy(pos,...) writes before this use; write-through-aliased-pointer not tracked",hostap_full_audit_0.4.169,high
API00-C,hostap,src/common/wpa_common.c,2574,FP,snonce internal-only API param,hostap_full_audit_0.4.169,med
API00-C,hostap,src/common/wpa_common.c,2574,FP,anonce internal-only API param,hostap_full_audit_0.4.169,med
API00-C,hostap,src/common/wpa_common.c,2574,FP,sta_addr internal-only API param,hostap_full_audit_0.4.169,med
API00-C,hostap,src/common/wpa_common.c,2574,FP,bssid internal-only API param,hostap_full_audit_0.4.169,med
MEM05-C,hostap,src/common/wpa_common.c,2581,FP,"fixed-size local array, not a VLA",hostap_full_audit_0.4.169,high
DCL22-C,hostap,src/common/wpa_common.c,2582,FP,"pos is an ordinary local pointer, no setjmp/signal context",hostap_full_audit_0.4.169,high
ENV01-C,hostap,src/common/wpa_common.c,2585,FP,"fixed macro-sized array, zero getenv() calls in file",hostap_full_audit_0.4.169,high
MEM05-C,hostap,src/common/wpa_common.c,2585,FP,"compile-time constant-sized array, not a VLA",hostap_full_audit_0.4.169,high
EXP30-C,hostap,src/common/wpa_common.c,2615,FP,wpa_hexdump_key logging accessor args are side-effect-free; confirmed EXP30-C FP class,hostap_full_audit_0.4.169,high
EXP33-C,hostap,src/common/wpa_common.c,2646,FP,"buf populated via pos=buf; os_memcpy(pos,...) writes before this use; write-through-aliased-pointer not tracked",hostap_full_audit_0.4.169,high
ARR30-C,hostap,src/common/wpa_common.c,2682,FP,Cross-function buffer-size conflation: cites size-1 addr[1] from unrelated fils_domain_name_hash:3534; real array is addr[6].,hostap_full_audit_0.4.169,high
ARR30-C,hostap,src/common/wpa_common.c,2684,FP,"Same cross-function addr[1]@3534 conflation; real array addr[6], index in bounds.",hostap_full_audit_0.4.169,high
ARR30-C,hostap,src/common/wpa_common.c,2686,FP,"Same cross-function addr[1]@3534 conflation; real array addr[6], index in bounds.",hostap_full_audit_0.4.169,high
ARR30-C,hostap,src/common/wpa_common.c,2688,FP,"Same cross-function addr[1]@3534 conflation; real array addr[6], index in bounds.",hostap_full_audit_0.4.169,high
ARR30-C,hostap,src/common/wpa_common.c,2690,FP,"Same cross-function addr[1]@3534 conflation; real array addr[6], index in bounds.",hostap_full_audit_0.4.169,high
API00-C,hostap,src/common/wpa_common.c,2752,FP,"Internal-only API FP class: aa always a fixed address, closed internal call sites.",hostap_full_audit_0.4.169,high
API00-C,hostap,src/common/wpa_common.c,2752,FP,"Internal-only API FP class: spa always a fixed address, closed internal call sites.",hostap_full_audit_0.4.169,high
DCL00-C,hostap,src/common/wpa_common.c,2755,TP,"title = ""PMK Name"" never modified; genuine const-qualification opportunity, low severity.",hostap_full_audit_0.4.169,med
STR05-C,hostap,src/common/wpa_common.c,2755,TP,String literal assigned to non-const char* title; genuine low-severity finding.,hostap_full_audit_0.4.169,med
ARR30-C,hostap,src/common/wpa_common.c,2761,FP,"Cross-function conflation: real addr[3] in rsn_pmkid, index 1 in bounds; cited size from unrelated line 3534.",hostap_full_audit_0.4.169,high
ARR30-C,hostap,src/common/wpa_common.c,2762,FP,"Cross-function conflation: real addr[3] in rsn_pmkid, index 2 in bounds; cited size from unrelated line 3534.",hostap_full_audit_0.4.169,high
API00-C,hostap,src/common/wpa_common.c,2795,FP,"Internal-only API FP class (rsn_pmkid_suite_b, aa).",hostap_full_audit_0.4.169,high
API00-C,hostap,src/common/wpa_common.c,2795,FP,"Internal-only API FP class (rsn_pmkid_suite_b, spa).",hostap_full_audit_0.4.169,high
API00-C,hostap,src/common/wpa_common.c,2795,FP,"Internal-only API FP class (rsn_pmkid_suite_b, pmkid).",hostap_full_audit_0.4.169,high
DCL00-C,hostap,src/common/wpa_common.c,2798,TP,title never modified; genuine low-severity const opportunity.,hostap_full_audit_0.4.169,med
STR05-C,hostap,src/common/wpa_common.c,2798,TP,String literal to non-const pointer; genuine low-severity finding.,hostap_full_audit_0.4.169,med
ARR30-C,hostap,src/common/wpa_common.c,2804,FP,"Cross-function conflation: real addr[3] in rsn_pmkid_suite_b, index 1 in bounds.",hostap_full_audit_0.4.169,high
ARR30-C,hostap,src/common/wpa_common.c,2805,FP,"Cross-function conflation: real addr[3] in rsn_pmkid_suite_b, index 2 in bounds.",hostap_full_audit_0.4.169,high
API00-C,hostap,src/common/wpa_common.c,2828,FP,"Internal-only API FP class (rsn_pmkid_suite_b_192, aa).",hostap_full_audit_0.4.169,high
API00-C,hostap,src/common/wpa_common.c,2828,FP,"Internal-only API FP class (rsn_pmkid_suite_b_192, spa).",hostap_full_audit_0.4.169,high
API00-C,hostap,src/common/wpa_common.c,2828,FP,"Internal-only API FP class (rsn_pmkid_suite_b_192, pmkid).",hostap_full_audit_0.4.169,high
DCL00-C,hostap,src/common/wpa_common.c,2831,TP,title never modified; genuine low-severity const opportunity.,hostap_full_audit_0.4.169,med
STR05-C,hostap,src/common/wpa_common.c,2831,TP,String literal to non-const pointer; genuine low-severity finding.,hostap_full_audit_0.4.169,med
ARR30-C,hostap,src/common/wpa_common.c,2837,FP,"Cross-function conflation: real addr[3] in rsn_pmkid_suite_b_192, index 1 in bounds.",hostap_full_audit_0.4.169,high
ARR30-C,hostap,src/common/wpa_common.c,2838,FP,"Cross-function conflation: real addr[3] in rsn_pmkid_suite_b_192, index 2 in bounds.",hostap_full_audit_0.4.169,high
MSC17-C,hostap,src/common/wpa_common.c,2856,FP,"Confirmed #ifdef-intervening-case-label MSC17-C FP: case returns ""NONE"" then #ifdef CONFIG_WEP precedes next case.",hostap_full_audit_0.4.169,high
MSC17-C,hostap,src/common/wpa_common.c,2915,FP,Same #ifdef-intervening MSC17-C FP class; case returns then #ifdef CONFIG_IEEE80211R precedes next case.,hostap_full_audit_0.4.169,high
API00-C,hostap,src/common/wpa_common.c,3058,FP,"Internal-only API FP class (wpa_insert_pmkid, ies).",hostap_full_audit_0.4.169,high
API00-C,hostap,src/common/wpa_common.c,3058,FP,"Internal-only API FP class (wpa_insert_pmkid, ies_len).",hostap_full_audit_0.4.169,high
DCL13-C,hostap,src/common/wpa_common.c,3058,FP,"Extends pos=buf alias-mutation DCL13-C FP: ies IS modified through start/rpos aliases (os_memmove, start[1]+=2).",hostap_full_audit_0.4.169,high
EXP43-C,hostap,src/common/wpa_common.c,3091,FP,"os_memmove is the overlap-safe primitive (memmove wrapper, no restrict); confirmed EXP43-C FP class.",hostap_full_audit_0.4.169,high
MSC37-C,hostap,src/common/wpa_common.c,3221,FP,Preprocessor-branch-blind MSC37-C: #ifdef/#else both branches return; function cannot fall off end.,hostap_full_audit_0.4.169,high
INT32-C,hostap,src/common/wpa_common.c,3371,FP,"start is char*, not a signed int; pointer-bump arithmetic mislabeled as integer overflow (confirmed FP class).",hostap_full_audit_0.4.169,high
MSC01-C,hostap,src/common/wpa_common.c,3385,FP,Chain has a real final else (:3407-3410) after intervening #ifdef CONFIG_NO_TKIP/CONFIG_WEP blocks; factually wrong per confirmed pattern.,hostap_full_audit_0.4.169,high
API00-C,hostap,src/common/wpa_common.c,3424,FP,"Internal-only API FP class (wpa_write_ciphers, start).",hostap_full_audit_0.4.169,high
DCL13-C,hostap,src/common/wpa_common.c,3424,TP,"end is genuinely never modified, only used in end-pos arithmetic; real const-qualification opportunity.",hostap_full_audit_0.4.169,med
ARR36-C,hostap,src/common/wpa_common.c,3430,FP,"Confirmed pos/end buffer-bound-pair ARR36-C FP: pos initialized from start, subtraction is end-pos not end-start, same buffer.",hostap_full_audit_0.4.169,high
ARR36-C,hostap,src/common/wpa_common.c,3432,FP,Same pos/end buffer-bound-pair FP class.,hostap_full_audit_0.4.169,high
ARR36-C,hostap,src/common/wpa_common.c,3437,FP,Same pos/end buffer-bound-pair FP class.,hostap_full_audit_0.4.169,high
ARR36-C,hostap,src/common/wpa_common.c,3439,FP,Same pos/end buffer-bound-pair FP class.,hostap_full_audit_0.4.169,high
ARR36-C,hostap,src/common/wpa_common.c,3444,FP,Same pos/end buffer-bound-pair FP class.,hostap_full_audit_0.4.169,high
ARR36-C,hostap,src/common/wpa_common.c,3446,FP,Same pos/end buffer-bound-pair FP class.,hostap_full_audit_0.4.169,high
ARR36-C,hostap,src/common/wpa_common.c,3451,FP,Same pos/end buffer-bound-pair FP class.,hostap_full_audit_0.4.169,high
ARR36-C,hostap,src/common/wpa_common.c,3453,FP,Same pos/end buffer-bound-pair FP class.,hostap_full_audit_0.4.169,high
ARR36-C,hostap,src/common/wpa_common.c,3458,FP,Same pos/end buffer-bound-pair FP class.,hostap_full_audit_0.4.169,high
ARR36-C,hostap,src/common/wpa_common.c,3460,FP,Same pos/end buffer-bound-pair FP class.,hostap_full_audit_0.4.169,high
ARR36-C,hostap,src/common/wpa_common.c,3465,FP,Same pos/end buffer-bound-pair FP class.,hostap_full_audit_0.4.169,high
ARR36-C,hostap,src/common/wpa_common.c,3467,FP,Same pos/end buffer-bound-pair FP class.,hostap_full_audit_0.4.169,high
ARR36-C,hostap,src/common/wpa_common.c,3472,FP,Same pos/end buffer-bound-pair FP class.,hostap_full_audit_0.4.169,high
ARR36-C,hostap,src/common/wpa_common.c,3474,FP,Same pos/end buffer-bound-pair FP class.,hostap_full_audit_0.4.169,high
ARR36-C,hostap,src/common/wpa_common.c,3479,FP,Same pos/end buffer-bound-pair FP class.,hostap_full_audit_0.4.169,high
ARR36-C,hostap,src/common/wpa_common.c,3481,FP,Same pos/end buffer-bound-pair FP class.,hostap_full_audit_0.4.169,high
ARR36-C,hostap,src/common/wpa_common.c,3486,FP,Same pos/end buffer-bound-pair FP class.,hostap_full_audit_0.4.169,high
ARR36-C,hostap,src/common/wpa_common.c,3488,FP,Same pos/end buffer-bound-pair FP class.,hostap_full_audit_0.4.169,high
ARR36-C,hostap,src/common/wpa_common.c,3493,FP,Same pos/end buffer-bound-pair FP class.,hostap_full_audit_0.4.169,high
ARR36-C,hostap,src/common/wpa_common.c,3495,FP,Same pos/end buffer-bound-pair FP class.,hostap_full_audit_0.4.169,high
INT13-C,hostap,src/common/wpa_common.c,3514,TP,pairwise genuinely declared plain int and used with & as a bitmask; real if low-severity portability finding.,hostap_full_audit_0.4.169,low
INT13-C,hostap,src/common/wpa_common.c,3516,TP,Same genuine plain-int-bitmask finding.,hostap_full_audit_0.4.169,low
INT13-C,hostap,src/common/wpa_common.c,3518,TP,Same genuine plain-int-bitmask finding.,hostap_full_audit_0.4.169,low
INT13-C,hostap,src/common/wpa_common.c,3521,TP,Same genuine plain-int-bitmask finding.,hostap_full_audit_0.4.169,low
API00-C,hostap,src/common/wpa_common.c,3529,FP,"Internal-only API FP class (fils_domain_name_hash, domain).",hostap_full_audit_0.4.169,high
API00-C,hostap,src/common/wpa_common.c,3529,FP,"Internal-only API FP class (fils_domain_name_hash, hash).",hostap_full_audit_0.4.169,high
EXP40-C,hostap,src/common/wpa_common.c,3531,FP,Factually wrong: neither buf (plain char[255]) nor wpos involves a const-qualified type at all; garbled message.,hostap_full_audit_0.4.169,high
STR31-C,hostap,src/common/wpa_common.c,3534,FP,"Misapplied to a non-char array: const u8 *addr[1] is an array of 1 pointer, not a character buffer (confirmed STR31-C misfire class).",hostap_full_audit_0.4.169,high
STR00-C,hostap,src/common/wpa_common.c,3538,TP,Plain char *pos dereferenced and passed to isalpha() without unsigned char cast; genuine UB risk on non-ASCII bytes.,hostap_full_audit_0.4.169,med
STR37-C,hostap,src/common/wpa_common.c,3538,TP,Same isalpha() unsigned-char-cast gap; genuine finding.,hostap_full_audit_0.4.169,med
STR00-C,hostap,src/common/wpa_common.c,3538,TP,Same gap for isupper() call.,hostap_full_audit_0.4.169,med
STR37-C,hostap,src/common/wpa_common.c,3538,TP,Same isupper() unsigned-char-cast gap; genuine finding.,hostap_full_audit_0.4.169,med
STR34-C,hostap,src/common/wpa_common.c,3539,FP,"Misapplied direction: tolower()'s int result is narrowed into char *wpos++, not a sign-extending widen; category error, not the sign-extension case STR34-C targets.",hostap_full_audit_0.4.169,med
STR37-C,hostap,src/common/wpa_common.c,3539,TP,tolower(*pos) argument genuinely not cast to unsigned char; same gap as isalpha/isupper.,hostap_full_audit_0.4.169,med
MEM33-C,hostap,src/common/wpa_common.c,3541,FP,"Category error: *wpos++ = *pos is a plain char assignment, no struct/flexible-array-member involved (confirmed MEM33-C misfire class).",hostap_full_audit_0.4.169,high
STR34-C,hostap,src/common/wpa_common.c,3541,FP,"Plain char-to-char assignment, no widening (confirmed STR34-C char-to-char FP class).",hostap_full_audit_0.4.169,high
STR34-C,hostap,src/common/wpa_common.c,3541,FP,"Same plain char-to-char assignment, no larger type involved.",hostap_full_audit_0.4.169,high
STR34-C,hostap,src/common/wpa_common.c,3541,FP,Duplicate of same char-to-char misfire.,hostap_full_audit_0.4.169,high
MSC01-C,hostap,src/common/wpa_common.c,3579,FP,"No-final-else is intentional: unrecognized WMM OUI subtype is silently ignored by design, not a missed case a reviewer would flag.",hostap_full_audit_0.4.169,med
INT14-C,hostap,src/common/wpa_common.c,3614,FP,"Conflation: bitwise ops occur on p[0]/p[1] (dereferenced elements), not on pointer p itself, which only does pointer arithmetic.",hostap_full_audit_0.4.169,high
API00-C,hostap,src/common/wpa_common.c,3849,FP,"Internal-only API FP class (wpa_parse_kde_ies, buf).",hostap_full_audit_0.4.169,high
API00-C,hostap,src/common/wpa_common.c,3849,FP,"Internal-only API FP class (wpa_parse_kde_ies, ie).",hostap_full_audit_0.4.169,high
ARR01-C,hostap,src/common/wpa_common.c,3855,FP,"sizeof(*ie) is the correct idiom for a struct pointer parameter, not a decayed-array misuse.",hostap_full_audit_0.4.169,high
EXP33-C,hostap,src/common/wpa_common.c,3856,FP,pos is assigned (pos = buf) in the same for-init statement immediately before use; not an uninitialized read.,hostap_full_audit_0.4.169,high
INT14-C,hostap,src/common/wpa_common.c,3856,FP,No bitwise op on pos itself anywhere in the function; only pointer arithmetic and pos[N] indexing.,hostap_full_audit_0.4.169,high
ARR00-C,hostap,src/common/wpa_common.c,3940,FP,pos points into a validated dynamic-length buffer (dlen bound-checked against end-pos before dispatch); pos[2] index misread as declared array size 2.,hostap_full_audit_0.4.169,high
ARR00-C,hostap,src/common/wpa_common.c,3944,FP,Same category error; pos+3 is within the already length-validated element span.,hostap_full_audit_0.4.169,high
API00-C,hostap,src/common/wpa_common.c,4006,FP,"Internal-only API FP class (wpa_pasn_build_auth_header, bssid).",hostap_full_audit_0.4.169,high
API00-C,hostap,src/common/wpa_common.c,4006,FP,"Internal-only API FP class (wpa_pasn_build_auth_header, src).",hostap_full_audit_0.4.169,high
API00-C,hostap,src/common/wpa_common.c,4006,FP,"Internal-only API FP class (wpa_pasn_build_auth_header, dst).",hostap_full_audit_0.4.169,high
EXP33-C,hostap,src/common/wpa_common.c,4050,FP,sizeof(*hdr) does not evaluate/dereference hdr; confirmed sizeof(*ptr)-misidentified-as-deref class.,hostap_full_audit_0.4.169,high
MSC17-C,hostap,src/common/wpa_common.c,4078,FP,Confirmed #ifdef-intervening-case MSC17-C FP: break; then #ifdef CONFIG_SAE precedes next case.,hostap_full_audit_0.4.169,high
EXP33-C,hostap,src/common/wpa_common.c,4160,FP,sizeof(*params) does not dereference params; same confirmed misfire class.,hostap_full_audit_0.4.169,high
INT14-C,hostap,src/common/wpa_common.c,4282,FP,Cross-function conflation: bitwise op is on data->capabilities (member) in this function; a different function's local named data does pointer arithmetic.,hostap_full_audit_0.4.169,high
API00-C,hostap,src/common/wpa_common.c,4348,FP,"Internal-only API FP class (wpa_pasn_parse_parameter_ie, data).",hostap_full_audit_0.4.169,high
EXP05-C,hostap,src/common/wpa_common.c,4351,TP,"params is cast from const u8 *data to non-const struct pointer; genuine low-severity cast-away-const per established disposition, even though this function only reads through it.",hostap_full_audit_0.4.169,low
EXP36-C,hostap,src/common/wpa_common.c,4351,TP,Cast from u8* (align 1) to struct pointer (align 4) on wire-derived data with alignment unproven in-function; genuine low-severity per established disposition.,hostap_full_audit_0.4.169,low
INT14-C,hostap,src/common/wpa_common.c,4352,FP,"Conflation: bitwise & is on params->control (member), arithmetic is on params pointer itself; not the same operand.",hostap_full_audit_0.4.169,high
ARR01-C,hostap,src/common/wpa_common.c,4367,FP,sizeof(*pasn_params) is the correct idiom for a struct pointer parameter.,hostap_full_audit_0.4.169,high
MSC13-C,hostap,src/common/wpa_common.c,4423,TP,pos += pasn_params->pubkey_len is the function's last write to pos; never read again before return.,hostap_full_audit_0.4.169,med
DCL13-C,hostap,src/common/wpa_common.c,4496,FP,"snonce IS modified through the pos alias (WPA_PUT_BE24(pos, ...) writes into the snonce buffer); extends the pos=buf alias-mutation DCL13-C FP class.",hostap_full_audit_0.4.169,high
DCL22-C,hostap,src/common/wpa_common.c,4498,FP,No signal handler or setjmp/longjmp context in this function at all; confirmed DCL22-C no-signal-context misfire class.,hostap_full_audit_0.4.169,high
MEM33-C,hostap,src/common/ieee802_11_common.c,242,FP,"MEM33-C misfires: not a flexible-array struct assignment, just '*total_len = &elems->X_len' (size_t* assignment), category error",hostap_full_audit_0.4.169,high
MEM33-C,hostap,src/common/ieee802_11_common.c,247,FP,"MEM33-C misfires: not a flexible-array struct assignment, just '*total_len = &elems->X_len' (size_t* assignment), category error",hostap_full_audit_0.4.169,high
MEM33-C,hostap,src/common/ieee802_11_common.c,252,FP,"MEM33-C misfires: not a flexible-array struct assignment, just '*total_len = &elems->X_len' (size_t* assignment), category error",hostap_full_audit_0.4.169,high
MEM33-C,hostap,src/common/ieee802_11_common.c,257,FP,"MEM33-C misfires: not a flexible-array struct assignment, just '*total_len = &elems->X_len' (size_t* assignment), category error",hostap_full_audit_0.4.169,high
MEM33-C,hostap,src/common/ieee802_11_common.c,262,FP,"MEM33-C misfires: not a flexible-array struct assignment, just '*total_len = &elems->X_len' (size_t* assignment), category error",hostap_full_audit_0.4.169,high
EXP33-C,hostap,src/common/ieee802_11_common.c,283,FP,"for_each_element-family macro initializes the loop var in its for-init clause; sqc's macro-expansion blindness misses this, same class as confirmed for_each_element PRE FPs",hostap_full_audit_0.4.169,high
EXP33-C,hostap,src/common/ieee802_11_common.c,463,FP,"for_each_element-family macro initializes the loop var in its for-init clause; sqc's macro-expansion blindness misses this, same class as confirmed for_each_element PRE FPs",hostap_full_audit_0.4.169,high
EXP33-C,hostap,src/common/ieee802_11_common.c,1018,FP,"sizeof(*ml) idiom - sizeof never evaluates its operand, not a real deref; confirmed EXP33-C sizeof(*ptr) FP class",hostap_full_audit_0.4.169,high
EXP33-C,hostap,src/common/ieee802_11_common.c,1215,FP,"for_each_element-family macro initializes the loop var in its for-init clause; sqc's macro-expansion blindness misses this, same class as confirmed for_each_element PRE FPs",hostap_full_audit_0.4.169,high
EXP33-C,hostap,src/common/ieee802_11_common.c,1228,FP,"for_each_element-family macro initializes the loop var in its for-init clause; sqc's macro-expansion blindness misses this, same class as confirmed for_each_element PRE FPs",hostap_full_audit_0.4.169,high
EXP33-C,hostap,src/common/ieee802_11_common.c,2436,FP,"for_each_element-family macro initializes the loop var in its for-init clause; sqc's macro-expansion blindness misses this, same class as confirmed for_each_element PRE FPs",hostap_full_audit_0.4.169,high
EXP33-C,hostap,src/common/ieee802_11_common.c,2608,FP,"for_each_element-family macro initializes the loop var in its for-init clause; sqc's macro-expansion blindness misses this, same class as confirmed for_each_element PRE FPs",hostap_full_audit_0.4.169,high
EXP33-C,hostap,src/common/ieee802_11_common.c,2632,FP,"for_each_element-family macro initializes the loop var in its for-init clause; sqc's macro-expansion blindness misses this, same class as confirmed for_each_element PRE FPs",hostap_full_audit_0.4.169,high
EXP33-C,hostap,src/common/ieee802_11_common.c,2646,FP,"for_each_element-family macro initializes the loop var in its for-init clause; sqc's macro-expansion blindness misses this, same class as confirmed for_each_element PRE FPs",hostap_full_audit_0.4.169,high
EXP34-C,hostap,src/common/ieee802_11_common.c,284,FP,elem is macro-initialized non-NULL by for_each_element's init clause before any deref; not a real null-deref path,hostap_full_audit_0.4.169,high
EXP34-C,hostap,src/common/ieee802_11_common.c,464,FP,elem is macro-initialized non-NULL by for_each_element's init clause before any deref; not a real null-deref path,hostap_full_audit_0.4.169,high
EXP34-C,hostap,src/common/ieee802_11_common.c,1229,FP,elem is macro-initialized non-NULL by for_each_element's init clause before any deref; not a real null-deref path,hostap_full_audit_0.4.169,high
EXP34-C,hostap,src/common/ieee802_11_common.c,2441,FP,elem is macro-initialized non-NULL by for_each_element's init clause before any deref; not a real null-deref path,hostap_full_audit_0.4.169,high
EXP34-C,hostap,src/common/ieee802_11_common.c,2609,FP,elem is macro-initialized non-NULL by for_each_element's init clause before any deref; not a real null-deref path,hostap_full_audit_0.4.169,high
EXP34-C,hostap,src/common/ieee802_11_common.c,2633,FP,elem is macro-initialized non-NULL by for_each_element's init clause before any deref; not a real null-deref path,hostap_full_audit_0.4.169,high
EXP34-C,hostap,src/common/ieee802_11_common.c,2647,FP,elem is macro-initialized non-NULL by for_each_element's init clause before any deref; not a real null-deref path,hostap_full_audit_0.4.169,high
MSC37-C,hostap,src/common/ieee802_11_common.c,453,FP,"__ieee802_11_parse_elems always returns (falls to done: return unknown?...;) on every path; goto/label-blind CFG misfire, matches confirmed MSC37-C goto-blindness class",hostap_full_audit_0.4.169,high
DCL37-C,hostap,src/common/ieee802_11_common.c,453,TP,"genuine double-underscore reserved identifier (C 7.1.3), matches confirmed __AKM/__must_check DCL37-C TP precedent",hostap_full_audit_0.4.169,high
ARR01-C,hostap,src/common/ieee802_11_common.c,738,FP,sizeof(*elems) is the CORRECT idiom for sizing an alloc via a pointer param; confirmed ARR01-C sizeof(*ptr) misapplication class,hostap_full_audit_0.4.169,high
MSC01-C,hostap,src/common/ieee802_11_common.c,755,FP,switch on ids[i] intentionally no-ops on unmatched EIDs (clear-if-present table); confirmed MSC01-C switch-no-default stylistic-pedantry FP class,hostap_full_audit_0.4.169,med
ARR01-C,hostap,src/common/ieee802_11_common.c,863,FP,"sizeof(elems->mb_ies) is a genuine fixed-size struct member via ->, not a decayed array param; confirmed ARR01-C sizeof(ptr->member) FP class",hostap_full_audit_0.4.169,high
MSC01-C,hostap,src/common/ieee802_11_common.c,909,FP,"same intentional narrow-dispatch switch shape as :755 (clear_ext_ids), confirmed FP class",hostap_full_audit_0.4.169,med
MSC37-C,hostap,src/common/ieee802_11_common.c,1004,FP,ieee802_11_parse_link_profile always reaches out: return res on every path (while-loop exit or goto out); goto-label-blind CFG misfire,hostap_full_audit_0.4.169,high
EXP33-C,hostap,src/common/ieee802_11_common.c,1035,FP,"non_inherit is declared then unconditionally assigned via get_ie_ext() before its first read (line 1129 assign, 1131 read); no real use-before-init",hostap_full_audit_0.4.169,med
API00-C,hostap,src/common/ieee802_11_common.c,1187,FP,"thin wrapper forwarding to ieee802_11_parse_link_profile, which itself dereferences mlbuf unconditionally via wpabuf_head/len; internal-only-API no-NULL-check FP class",hostap_full_audit_0.4.169,high
API00-C,hostap,src/common/ieee802_11_common.c,1196,FP,same thin-wrapper shape as :1187 (ieee802_11_parse_link_assoc_resp),hostap_full_audit_0.4.169,high
MEM10-C,hostap,src/common/ieee802_11_common.c,1212,FP,plain if(ptr==NULL) guard is present and sufficient; confirmed MEM10-C ad-hoc-NULL-check stylistic FP class,hostap_full_audit_0.4.169,high
EXP43-C,hostap,src/common/ieee802_11_common.c,1249,FP,"wpabuf_put_data(buf, elem->data+4, ...): buf is a freshly wpabuf_alloc'd buffer, elem->data points into the unrelated ies buffer - no aliasing, no restrict qualifiers either",hostap_full_audit_0.4.169,high
DCL30-C,hostap,src/common/ieee802_11_common.c,1252,FP,"buf is a local pointer VARIABLE pointing to heap storage from wpabuf_alloc(), not automatic-storage memory; confirmed DCL30-C local-var-vs-local-storage confusion class",hostap_full_audit_0.4.169,high
API00-C,hostap,src/common/ieee802_11_common.c,1256,FP,get_hdr_bssid is an internal-only helper always called with a valid frame header pointer; internal-API no-NULL-check FP class,hostap_full_audit_0.4.169,high
MSC17-C,hostap,src/common/ieee802_11_common.c,1272,FP,WLAN_FC_TYPE_DATA case body ends in a nested switch whose every case/default returns - control never falls through to the next outer case; fallthrough-detection blind to all-returning nested switch,hostap_full_audit_0.4.169,high
DCL13-C,hostap,src/common/ieee802_11_common.c,1296,FP,wmm_ac_params IS modified: 'ac = &wmm_ac_params[num]; ac->aifs = v;' etc mutate the array through an aliased pointer; DCL13-C alias-blind to the write,hostap_full_audit_0.4.169,high
DCL13-C,hostap,src/common/ieee802_11_common.c,1398,FP,"tx_queue IS modified via 'queue = &tx_queue[num]; queue->aifs = atoi(val);' etc, same alias-blindness as :1296",hostap_full_audit_0.4.169,high
ERR07-C,hostap,src/common/ieee802_11_common.c,1325,FP,atoi() result is immediately range-checked right after (bounds enforced before any use); confirmed ERR07-C/ERR34-C FP-when-immediately-checked class,hostap_full_audit_0.4.169,high
ERR34-C,hostap,src/common/ieee802_11_common.c,1325,FP,atoi() result is immediately range-checked right after (bounds enforced before any use); confirmed ERR07-C/ERR34-C FP-when-immediately-checked class,hostap_full_audit_0.4.169,high
ERR07-C,hostap,src/common/ieee802_11_common.c,1332,FP,atoi() result is immediately range-checked right after (bounds enforced before any use); confirmed ERR07-C/ERR34-C FP-when-immediately-checked class,hostap_full_audit_0.4.169,high
ERR34-C,hostap,src/common/ieee802_11_common.c,1332,FP,atoi() result is immediately range-checked right after (bounds enforced before any use); confirmed ERR07-C/ERR34-C FP-when-immediately-checked class,hostap_full_audit_0.4.169,high
ERR07-C,hostap,src/common/ieee802_11_common.c,1339,FP,atoi() result is immediately range-checked right after (bounds enforced before any use); confirmed ERR07-C/ERR34-C FP-when-immediately-checked class,hostap_full_audit_0.4.169,high
ERR34-C,hostap,src/common/ieee802_11_common.c,1339,FP,atoi() result is immediately range-checked right after (bounds enforced before any use); confirmed ERR07-C/ERR34-C FP-when-immediately-checked class,hostap_full_audit_0.4.169,high
ERR07-C,hostap,src/common/ieee802_11_common.c,1346,FP,atoi() result is immediately range-checked right after (bounds enforced before any use); confirmed ERR07-C/ERR34-C FP-when-immediately-checked class,hostap_full_audit_0.4.169,high
ERR34-C,hostap,src/common/ieee802_11_common.c,1346,FP,atoi() result is immediately range-checked right after (bounds enforced before any use); confirmed ERR07-C/ERR34-C FP-when-immediately-checked class,hostap_full_audit_0.4.169,high
ERR07-C,hostap,src/common/ieee802_11_common.c,1353,FP,atoi() result is immediately range-checked right after (bounds enforced before any use); confirmed ERR07-C/ERR34-C FP-when-immediately-checked class,hostap_full_audit_0.4.169,high
ERR34-C,hostap,src/common/ieee802_11_common.c,1353,FP,atoi() result is immediately range-checked right after (bounds enforced before any use); confirmed ERR07-C/ERR34-C FP-when-immediately-checked class,hostap_full_audit_0.4.169,high
ERR07-C,hostap,src/common/ieee802_11_common.c,1429,FP,atoi() result is immediately range-checked right after (bounds enforced before any use); confirmed ERR07-C/ERR34-C FP-when-immediately-checked class,hostap_full_audit_0.4.169,high
ERR34-C,hostap,src/common/ieee802_11_common.c,1429,FP,atoi() result is immediately range-checked right after (bounds enforced before any use); confirmed ERR07-C/ERR34-C FP-when-immediately-checked class,hostap_full_audit_0.4.169,high
ERR07-C,hostap,src/common/ieee802_11_common.c,1436,FP,atoi() result is immediately range-checked right after (bounds enforced before any use); confirmed ERR07-C/ERR34-C FP-when-immediately-checked class,hostap_full_audit_0.4.169,high
ERR34-C,hostap,src/common/ieee802_11_common.c,1436,FP,atoi() result is immediately range-checked right after (bounds enforced before any use); confirmed ERR07-C/ERR34-C FP-when-immediately-checked class,hostap_full_audit_0.4.169,high
ERR07-C,hostap,src/common/ieee802_11_common.c,1443,FP,atoi() result is immediately range-checked right after (bounds enforced before any use); confirmed ERR07-C/ERR34-C FP-when-immediately-checked class,hostap_full_audit_0.4.169,high
ERR34-C,hostap,src/common/ieee802_11_common.c,1443,FP,atoi() result is immediately range-checked right after (bounds enforced before any use); confirmed ERR07-C/ERR34-C FP-when-immediately-checked class,hostap_full_audit_0.4.169,high
ERR07-C,hostap,src/common/ieee802_11_common.c,1376,TP,i=atoi(value) in hostapd_config_read_int10 has NO downstream range check anywhere in this function before use in i*10+d; matches config_file.c 'zero downstream validation = genuine TP' disposition,hostap_full_audit_0.4.169,med
ERR34-C,hostap,src/common/ieee802_11_common.c,1376,TP,same unguarded atoi() as above,hostap_full_audit_0.4.169,med
INT30-C,hostap,src/common/ieee802_11_common.c,1385,FP,INT30-C is the UNSIGNED-wrap rule but i/d are plain signed int; rule misapplied to a signed-typed operation,hostap_full_audit_0.4.169,high
INT32-C,hostap,src/common/ieee802_11_common.c,1385,TP,"i*10+d: i is an unguarded atoi() result (int, no range check) added to d in [0,9]; genuine unguarded signed-overflow-capable arithmetic, config-admin-trust lowers severity but not correctness",hostap_full_audit_0.4.169,med
INT32-C,hostap,src/common/ieee802_11_common.c,1385,TP,i*10: same unguarded atoi() result multiplied by 10 with no prior bound; same reasoning as the addition finding on this line,hostap_full_audit_0.4.169,med
ARR02-C,hostap,src/common/ieee802_11_common.c,1759,FP,file-scope array whose size is exactly its own brace initializer's element count (never varies); confirmed ARR02-C initializer-sized-array FP class,hostap_full_audit_0.4.169,high
ARR02-C,hostap,src/common/ieee802_11_common.c,1763,FP,file-scope array whose size is exactly its own brace initializer's element count (never varies); confirmed ARR02-C initializer-sized-array FP class,hostap_full_audit_0.4.169,high
ARR02-C,hostap,src/common/ieee802_11_common.c,1770,FP,file-scope array whose size is exactly its own brace initializer's element count (never varies); confirmed ARR02-C initializer-sized-array FP class,hostap_full_audit_0.4.169,high
ARR02-C,hostap,src/common/ieee802_11_common.c,1774,FP,file-scope array whose size is exactly its own brace initializer's element count (never varies); confirmed ARR02-C initializer-sized-array FP class,hostap_full_audit_0.4.169,high
ARR02-C,hostap,src/common/ieee802_11_common.c,2485,FP,file-scope array whose size is exactly its own brace initializer's element count (never varies); confirmed ARR02-C initializer-sized-array FP class,hostap_full_audit_0.4.169,high
MEM10-C,hostap,src/common/ieee802_11_common.c,1783,FP,plain if(country==NULL) guard is present and sufficient; confirmed MEM10-C stylistic FP class,hostap_full_audit_0.4.169,high
MSC17-C,hostap,src/common/ieee802_11_common.c,1797,FP,stacked/grouped case labels sharing one body (e.g. 'case 12: case 32: case 33: if(...) return -1; return ...;') with no code between the labels - not a real fallthrough; confirmed MSC17-C stacked-case-labels FP class,hostap_full_audit_0.4.169,high
MSC17-C,hostap,src/common/ieee802_11_common.c,1798,FP,stacked/grouped case labels sharing one body (e.g. 'case 12: case 32: case 33: if(...) return -1; return ...;') with no code between the labels - not a real fallthrough; confirmed MSC17-C stacked-case-labels FP class,hostap_full_audit_0.4.169,high
MSC17-C,hostap,src/common/ieee802_11_common.c,1803,FP,stacked/grouped case labels sharing one body (e.g. 'case 12: case 32: case 33: if(...) return -1; return ...;') with no code between the labels - not a real fallthrough; confirmed MSC17-C stacked-case-labels FP class,hostap_full_audit_0.4.169,high
MSC17-C,hostap,src/common/ieee802_11_common.c,1804,FP,stacked/grouped case labels sharing one body (e.g. 'case 12: case 32: case 33: if(...) return -1; return ...;') with no code between the labels - not a real fallthrough; confirmed MSC17-C stacked-case-labels FP class,hostap_full_audit_0.4.169,high
MSC17-C,hostap,src/common/ieee802_11_common.c,1805,FP,stacked/grouped case labels sharing one body (e.g. 'case 12: case 32: case 33: if(...) return -1; return ...;') with no code between the labels - not a real fallthrough; confirmed MSC17-C stacked-case-labels FP class,hostap_full_audit_0.4.169,high
MSC17-C,hostap,src/common/ieee802_11_common.c,1806,FP,stacked/grouped case labels sharing one body (e.g. 'case 12: case 32: case 33: if(...) return -1; return ...;') with no code between the labels - not a real fallthrough; confirmed MSC17-C stacked-case-labels FP class,hostap_full_audit_0.4.169,high
MSC17-C,hostap,src/common/ieee802_11_common.c,1807,FP,stacked/grouped case labels sharing one body (e.g. 'case 12: case 32: case 33: if(...) return -1; return ...;') with no code between the labels - not a real fallthrough; confirmed MSC17-C stacked-case-labels FP class,hostap_full_audit_0.4.169,high
MSC17-C,hostap,src/common/ieee802_11_common.c,1812,FP,stacked/grouped case labels sharing one body (e.g. 'case 12: case 32: case 33: if(...) return -1; return ...;') with no code between the labels - not a real fallthrough; confirmed MSC17-C stacked-case-labels FP class,hostap_full_audit_0.4.169,high
MSC17-C,hostap,src/common/ieee802_11_common.c,1817,FP,stacked/grouped case labels sharing one body (e.g. 'case 12: case 32: case 33: if(...) return -1; return ...;') with no code between the labels - not a real fallthrough; confirmed MSC17-C stacked-case-labels FP class,hostap_full_audit_0.4.169,high
MSC17-C,hostap,src/common/ieee802_11_common.c,1818,FP,stacked/grouped case labels sharing one body (e.g. 'case 12: case 32: case 33: if(...) return -1; return ...;') with no code between the labels - not a real fallthrough; confirmed MSC17-C stacked-case-labels FP class,hostap_full_audit_0.4.169,high
MSC17-C,hostap,src/common/ieee802_11_common.c,1819,FP,stacked/grouped case labels sharing one body (e.g. 'case 12: case 32: case 33: if(...) return -1; return ...;') with no code between the labels - not a real fallthrough; confirmed MSC17-C stacked-case-labels FP class,hostap_full_audit_0.4.169,high
MSC17-C,hostap,src/common/ieee802_11_common.c,1820,FP,stacked/grouped case labels sharing one body (e.g. 'case 12: case 32: case 33: if(...) return -1; return ...;') with no code between the labels - not a real fallthrough; confirmed MSC17-C stacked-case-labels FP class,hostap_full_audit_0.4.169,high
MSC17-C,hostap,src/common/ieee802_11_common.c,1854,FP,stacked/grouped case labels sharing one body (e.g. 'case 12: case 32: case 33: if(...) return -1; return ...;') with no code between the labels - not a real fallthrough; confirmed MSC17-C stacked-case-labels FP class,hostap_full_audit_0.4.169,high
MSC17-C,hostap,src/common/ieee802_11_common.c,1855,FP,stacked/grouped case labels sharing one body (e.g. 'case 12: case 32: case 33: if(...) return -1; return ...;') with no code between the labels - not a real fallthrough; confirmed MSC17-C stacked-case-labels FP class,hostap_full_audit_0.4.169,high
MSC17-C,hostap,src/common/ieee802_11_common.c,1860,FP,stacked/grouped case labels sharing one body (e.g. 'case 12: case 32: case 33: if(...) return -1; return ...;') with no code between the labels - not a real fallthrough; confirmed MSC17-C stacked-case-labels FP class,hostap_full_audit_0.4.169,high
MSC17-C,hostap,src/common/ieee802_11_common.c,1861,FP,stacked/grouped case labels sharing one body (e.g. 'case 12: case 32: case 33: if(...) return -1; return ...;') with no code between the labels - not a real fallthrough; confirmed MSC17-C stacked-case-labels FP class,hostap_full_audit_0.4.169,high
MSC17-C,hostap,src/common/ieee802_11_common.c,1862,FP,stacked/grouped case labels sharing one body (e.g. 'case 12: case 32: case 33: if(...) return -1; return ...;') with no code between the labels - not a real fallthrough; confirmed MSC17-C stacked-case-labels FP class,hostap_full_audit_0.4.169,high
MSC17-C,hostap,src/common/ieee802_11_common.c,1863,FP,stacked/grouped case labels sharing one body (e.g. 'case 12: case 32: case 33: if(...) return -1; return ...;') with no code between the labels - not a real fallthrough; confirmed MSC17-C stacked-case-labels FP class,hostap_full_audit_0.4.169,high
MSC17-C,hostap,src/common/ieee802_11_common.c,1864,FP,stacked/grouped case labels sharing one body (e.g. 'case 12: case 32: case 33: if(...) return -1; return ...;') with no code between the labels - not a real fallthrough; confirmed MSC17-C stacked-case-labels FP class,hostap_full_audit_0.4.169,high
MSC17-C,hostap,src/common/ieee802_11_common.c,1869,FP,stacked/grouped case labels sharing one body (e.g. 'case 12: case 32: case 33: if(...) return -1; return ...;') with no code between the labels - not a real fallthrough; confirmed MSC17-C stacked-case-labels FP class,hostap_full_audit_0.4.169,high
MSC17-C,hostap,src/common/ieee802_11_common.c,1870,FP,stacked/grouped case labels sharing one body (e.g. 'case 12: case 32: case 33: if(...) return -1; return ...;') with no code between the labels - not a real fallthrough; confirmed MSC17-C stacked-case-labels FP class,hostap_full_audit_0.4.169,high
MSC17-C,hostap,src/common/ieee802_11_common.c,1871,FP,stacked/grouped case labels sharing one body (e.g. 'case 12: case 32: case 33: if(...) return -1; return ...;') with no code between the labels - not a real fallthrough; confirmed MSC17-C stacked-case-labels FP class,hostap_full_audit_0.4.169,high
MSC17-C,hostap,src/common/ieee802_11_common.c,1906,FP,stacked/grouped case labels sharing one body (e.g. 'case 12: case 32: case 33: if(...) return -1; return ...;') with no code between the labels - not a real fallthrough; confirmed MSC17-C stacked-case-labels FP class,hostap_full_audit_0.4.169,high
MSC17-C,hostap,src/common/ieee802_11_common.c,1907,FP,stacked/grouped case labels sharing one body (e.g. 'case 12: case 32: case 33: if(...) return -1; return ...;') with no code between the labels - not a real fallthrough; confirmed MSC17-C stacked-case-labels FP class,hostap_full_audit_0.4.169,high
MSC17-C,hostap,src/common/ieee802_11_common.c,1916,FP,stacked/grouped case labels sharing one body (e.g. 'case 12: case 32: case 33: if(...) return -1; return ...;') with no code between the labels - not a real fallthrough; confirmed MSC17-C stacked-case-labels FP class,hostap_full_audit_0.4.169,high
MSC17-C,hostap,src/common/ieee802_11_common.c,1917,FP,stacked/grouped case labels sharing one body (e.g. 'case 12: case 32: case 33: if(...) return -1; return ...;') with no code between the labels - not a real fallthrough; confirmed MSC17-C stacked-case-labels FP class,hostap_full_audit_0.4.169,high
MSC17-C,hostap,src/common/ieee802_11_common.c,1918,FP,stacked/grouped case labels sharing one body (e.g. 'case 12: case 32: case 33: if(...) return -1; return ...;') with no code between the labels - not a real fallthrough; confirmed MSC17-C stacked-case-labels FP class,hostap_full_audit_0.4.169,high
MSC17-C,hostap,src/common/ieee802_11_common.c,1919,FP,stacked/grouped case labels sharing one body (e.g. 'case 12: case 32: case 33: if(...) return -1; return ...;') with no code between the labels - not a real fallthrough; confirmed MSC17-C stacked-case-labels FP class,hostap_full_audit_0.4.169,high
MSC17-C,hostap,src/common/ieee802_11_common.c,1920,FP,stacked/grouped case labels sharing one body (e.g. 'case 12: case 32: case 33: if(...) return -1; return ...;') with no code between the labels - not a real fallthrough; confirmed MSC17-C stacked-case-labels FP class,hostap_full_audit_0.4.169,high
MSC17-C,hostap,src/common/ieee802_11_common.c,1921,FP,stacked/grouped case labels sharing one body (e.g. 'case 12: case 32: case 33: if(...) return -1; return ...;') with no code between the labels - not a real fallthrough; confirmed MSC17-C stacked-case-labels FP class,hostap_full_audit_0.4.169,high
MSC17-C,hostap,src/common/ieee802_11_common.c,1922,FP,stacked/grouped case labels sharing one body (e.g. 'case 12: case 32: case 33: if(...) return -1; return ...;') with no code between the labels - not a real fallthrough; confirmed MSC17-C stacked-case-labels FP class,hostap_full_audit_0.4.169,high
MSC17-C,hostap,src/common/ieee802_11_common.c,1923,FP,stacked/grouped case labels sharing one body (e.g. 'case 12: case 32: case 33: if(...) return -1; return ...;') with no code between the labels - not a real fallthrough; confirmed MSC17-C stacked-case-labels FP class,hostap_full_audit_0.4.169,high
MSC17-C,hostap,src/common/ieee802_11_common.c,1928,FP,stacked/grouped case labels sharing one body (e.g. 'case 12: case 32: case 33: if(...) return -1; return ...;') with no code between the labels - not a real fallthrough; confirmed MSC17-C stacked-case-labels FP class,hostap_full_audit_0.4.169,high
MSC17-C,hostap,src/common/ieee802_11_common.c,1929,FP,stacked/grouped case labels sharing one body (e.g. 'case 12: case 32: case 33: if(...) return -1; return ...;') with no code between the labels - not a real fallthrough; confirmed MSC17-C stacked-case-labels FP class,hostap_full_audit_0.4.169,high
MSC17-C,hostap,src/common/ieee802_11_common.c,1930,FP,stacked/grouped case labels sharing one body (e.g. 'case 12: case 32: case 33: if(...) return -1; return ...;') with no code between the labels - not a real fallthrough; confirmed MSC17-C stacked-case-labels FP class,hostap_full_audit_0.4.169,high
MSC17-C,hostap,src/common/ieee802_11_common.c,1931,FP,stacked/grouped case labels sharing one body (e.g. 'case 12: case 32: case 33: if(...) return -1; return ...;') with no code between the labels - not a real fallthrough; confirmed MSC17-C stacked-case-labels FP class,hostap_full_audit_0.4.169,high
MSC17-C,hostap,src/common/ieee802_11_common.c,1932,FP,stacked/grouped case labels sharing one body (e.g. 'case 12: case 32: case 33: if(...) return -1; return ...;') with no code between the labels - not a real fallthrough; confirmed MSC17-C stacked-case-labels FP class,hostap_full_audit_0.4.169,high
MSC17-C,hostap,src/common/ieee802_11_common.c,1933,FP,stacked/grouped case labels sharing one body (e.g. 'case 12: case 32: case 33: if(...) return -1; return ...;') with no code between the labels - not a real fallthrough; confirmed MSC17-C stacked-case-labels FP class,hostap_full_audit_0.4.169,high
MSC17-C,hostap,src/common/ieee802_11_common.c,1963,FP,stacked/grouped case labels sharing one body (e.g. 'case 12: case 32: case 33: if(...) return -1; return ...;') with no code between the labels - not a real fallthrough; confirmed MSC17-C stacked-case-labels FP class,hostap_full_audit_0.4.169,high
MSC17-C,hostap,src/common/ieee802_11_common.c,1964,FP,stacked/grouped case labels sharing one body (e.g. 'case 12: case 32: case 33: if(...) return -1; return ...;') with no code between the labels - not a real fallthrough; confirmed MSC17-C stacked-case-labels FP class,hostap_full_audit_0.4.169,high
MSC17-C,hostap,src/common/ieee802_11_common.c,1969,FP,stacked/grouped case labels sharing one body (e.g. 'case 12: case 32: case 33: if(...) return -1; return ...;') with no code between the labels - not a real fallthrough; confirmed MSC17-C stacked-case-labels FP class,hostap_full_audit_0.4.169,high
MSC17-C,hostap,src/common/ieee802_11_common.c,1970,FP,stacked/grouped case labels sharing one body (e.g. 'case 12: case 32: case 33: if(...) return -1; return ...;') with no code between the labels - not a real fallthrough; confirmed MSC17-C stacked-case-labels FP class,hostap_full_audit_0.4.169,high
MSC17-C,hostap,src/common/ieee802_11_common.c,1971,FP,stacked/grouped case labels sharing one body (e.g. 'case 12: case 32: case 33: if(...) return -1; return ...;') with no code between the labels - not a real fallthrough; confirmed MSC17-C stacked-case-labels FP class,hostap_full_audit_0.4.169,high
MSC17-C,hostap,src/common/ieee802_11_common.c,1976,FP,stacked/grouped case labels sharing one body (e.g. 'case 12: case 32: case 33: if(...) return -1; return ...;') with no code between the labels - not a real fallthrough; confirmed MSC17-C stacked-case-labels FP class,hostap_full_audit_0.4.169,high
MSC17-C,hostap,src/common/ieee802_11_common.c,2001,FP,stacked/grouped case labels sharing one body (e.g. 'case 12: case 32: case 33: if(...) return -1; return ...;') with no code between the labels - not a real fallthrough; confirmed MSC17-C stacked-case-labels FP class,hostap_full_audit_0.4.169,high
MSC17-C,hostap,src/common/ieee802_11_common.c,2006,FP,stacked/grouped case labels sharing one body (e.g. 'case 12: case 32: case 33: if(...) return -1; return ...;') with no code between the labels - not a real fallthrough; confirmed MSC17-C stacked-case-labels FP class,hostap_full_audit_0.4.169,high
MSC17-C,hostap,src/common/ieee802_11_common.c,2007,FP,stacked/grouped case labels sharing one body (e.g. 'case 12: case 32: case 33: if(...) return -1; return ...;') with no code between the labels - not a real fallthrough; confirmed MSC17-C stacked-case-labels FP class,hostap_full_audit_0.4.169,high
MSC17-C,hostap,src/common/ieee802_11_common.c,2008,FP,stacked/grouped case labels sharing one body (e.g. 'case 12: case 32: case 33: if(...) return -1; return ...;') with no code between the labels - not a real fallthrough; confirmed MSC17-C stacked-case-labels FP class,hostap_full_audit_0.4.169,high
MSC17-C,hostap,src/common/ieee802_11_common.c,2009,FP,stacked/grouped case labels sharing one body (e.g. 'case 12: case 32: case 33: if(...) return -1; return ...;') with no code between the labels - not a real fallthrough; confirmed MSC17-C stacked-case-labels FP class,hostap_full_audit_0.4.169,high
MSC17-C,hostap,src/common/ieee802_11_common.c,2010,FP,stacked/grouped case labels sharing one body (e.g. 'case 12: case 32: case 33: if(...) return -1; return ...;') with no code between the labels - not a real fallthrough; confirmed MSC17-C stacked-case-labels FP class,hostap_full_audit_0.4.169,high
MSC17-C,hostap,src/common/ieee802_11_common.c,2015,FP,stacked/grouped case labels sharing one body (e.g. 'case 12: case 32: case 33: if(...) return -1; return ...;') with no code between the labels - not a real fallthrough; confirmed MSC17-C stacked-case-labels FP class,hostap_full_audit_0.4.169,high
MSC17-C,hostap,src/common/ieee802_11_common.c,2016,FP,stacked/grouped case labels sharing one body (e.g. 'case 12: case 32: case 33: if(...) return -1; return ...;') with no code between the labels - not a real fallthrough; confirmed MSC17-C stacked-case-labels FP class,hostap_full_audit_0.4.169,high
MSC17-C,hostap,src/common/ieee802_11_common.c,2025,FP,stacked/grouped case labels sharing one body (e.g. 'case 12: case 32: case 33: if(...) return -1; return ...;') with no code between the labels - not a real fallthrough; confirmed MSC17-C stacked-case-labels FP class,hostap_full_audit_0.4.169,high
MSC17-C,hostap,src/common/ieee802_11_common.c,2026,FP,stacked/grouped case labels sharing one body (e.g. 'case 12: case 32: case 33: if(...) return -1; return ...;') with no code between the labels - not a real fallthrough; confirmed MSC17-C stacked-case-labels FP class,hostap_full_audit_0.4.169,high
MSC17-C,hostap,src/common/ieee802_11_common.c,2031,FP,stacked/grouped case labels sharing one body (e.g. 'case 12: case 32: case 33: if(...) return -1; return ...;') with no code between the labels - not a real fallthrough; confirmed MSC17-C stacked-case-labels FP class,hostap_full_audit_0.4.169,high
MSC17-C,hostap,src/common/ieee802_11_common.c,2040,FP,stacked/grouped case labels sharing one body (e.g. 'case 12: case 32: case 33: if(...) return -1; return ...;') with no code between the labels - not a real fallthrough; confirmed MSC17-C stacked-case-labels FP class,hostap_full_audit_0.4.169,high
MSC17-C,hostap,src/common/ieee802_11_common.c,2041,FP,stacked/grouped case labels sharing one body (e.g. 'case 12: case 32: case 33: if(...) return -1; return ...;') with no code between the labels - not a real fallthrough; confirmed MSC17-C stacked-case-labels FP class,hostap_full_audit_0.4.169,high
MSC17-C,hostap,src/common/ieee802_11_common.c,2042,FP,stacked/grouped case labels sharing one body (e.g. 'case 12: case 32: case 33: if(...) return -1; return ...;') with no code between the labels - not a real fallthrough; confirmed MSC17-C stacked-case-labels FP class,hostap_full_audit_0.4.169,high
MSC17-C,hostap,src/common/ieee802_11_common.c,2043,FP,stacked/grouped case labels sharing one body (e.g. 'case 12: case 32: case 33: if(...) return -1; return ...;') with no code between the labels - not a real fallthrough; confirmed MSC17-C stacked-case-labels FP class,hostap_full_audit_0.4.169,high
MSC17-C,hostap,src/common/ieee802_11_common.c,2044,FP,stacked/grouped case labels sharing one body (e.g. 'case 12: case 32: case 33: if(...) return -1; return ...;') with no code between the labels - not a real fallthrough; confirmed MSC17-C stacked-case-labels FP class,hostap_full_audit_0.4.169,high
DCL13-C,hostap,src/common/ieee802_11_common.c,2157,TP,"supp_rates_11b_only's elems param is genuinely never written (read-only helper), not bound to any vtable/callback typedef; confirmed plain-helper read-only-param DCL13-C low-value TP class",hostap_full_audit_0.4.169,low
PRE00-C,hostap,src/common/ieee802_11_common.c,2187,FP,x/r/s is used only as a case-label target and inside # stringify - neither is runtime evaluation; confirmed X-macro PRE00-C 'stringizing isn't evaluation' FP class,hostap_full_audit_0.4.169,high
PRE00-C,hostap,src/common/ieee802_11_common.c,2243,FP,x/r/s is used only as a case-label target and inside # stringify - neither is runtime evaluation; confirmed X-macro PRE00-C 'stringizing isn't evaluation' FP class,hostap_full_audit_0.4.169,high
PRE00-C,hostap,src/common/ieee802_11_common.c,2314,FP,x/r/s is used only as a case-label target and inside # stringify - neither is runtime evaluation; confirmed X-macro PRE00-C 'stringizing isn't evaluation' FP class,hostap_full_audit_0.4.169,high
PRE01-C,hostap,src/common/ieee802_11_common.c,2187,FP,"x used in 'case x:' (label, not an expression needing precedence protection) and in '#x' (stringify); not a real parenthesization hazard",hostap_full_audit_0.4.169,high
PRE05-C,hostap,src/common/ieee802_11_common.c,2187,FP,"the macro parameter is a plain enum-suffix identifier, never itself a macro needing pre-expansion before #/## - matches confirmed __AKM-family PRE05-C non-applicability",hostap_full_audit_0.4.169,med
PRE11-C,hostap,src/common/ieee802_11_common.c,2187,TP,macro definition literally ends with a trailing ';' (case x: return #x;); confirmed genuine PRE11-C TP for this X-macro family,hostap_full_audit_0.4.169,high
PRE12-C,hostap,src/common/ieee802_11_common.c,2187,FP,same non-evaluation reasoning as the PRE00-C finding on this line,hostap_full_audit_0.4.169,high
PRE05-C,hostap,src/common/ieee802_11_common.c,2243,FP,"the macro parameter is a plain enum-suffix identifier, never itself a macro needing pre-expansion before #/## - matches confirmed __AKM-family PRE05-C non-applicability",hostap_full_audit_0.4.169,med
PRE11-C,hostap,src/common/ieee802_11_common.c,2243,TP,macro definition literally ends with a trailing ';' (case x: return #x;); confirmed genuine PRE11-C TP for this X-macro family,hostap_full_audit_0.4.169,high
PRE12-C,hostap,src/common/ieee802_11_common.c,2243,FP,same non-evaluation reasoning as the PRE00-C finding on this line,hostap_full_audit_0.4.169,high
PRE05-C,hostap,src/common/ieee802_11_common.c,2314,FP,"the macro parameter is a plain enum-suffix identifier, never itself a macro needing pre-expansion before #/## - matches confirmed __AKM-family PRE05-C non-applicability",hostap_full_audit_0.4.169,med
PRE11-C,hostap,src/common/ieee802_11_common.c,2314,TP,macro definition literally ends with a trailing ';' (case x: return #x;); confirmed genuine PRE11-C TP for this X-macro family,hostap_full_audit_0.4.169,high
PRE12-C,hostap,src/common/ieee802_11_common.c,2314,FP,same non-evaluation reasoning as the PRE00-C finding on this line,hostap_full_audit_0.4.169,high
DCL31-C,hostap,src/common/ieee802_11_common.c,2192,FP,"sqc misparses the bare macro invocation 'C2S(WLAN_FC_STYPE_...)' /'S2S(...)' immediately after the #define as if it were a function named C2S/S2S calling/defining itself - category error, not a real function at all",hostap_full_audit_0.4.169,high
MEM05-C,hostap,src/common/ieee802_11_common.c,2192,FP,"sqc misparses the bare macro invocation 'C2S(WLAN_FC_STYPE_...)' /'S2S(...)' immediately after the #define as if it were a function named C2S/S2S calling/defining itself - category error, not a real function at all",hostap_full_audit_0.4.169,high
MSC04-C,hostap,src/common/ieee802_11_common.c,2192,FP,"sqc misparses the bare macro invocation 'C2S(WLAN_FC_STYPE_...)' /'S2S(...)' immediately after the #define as if it were a function named C2S/S2S calling/defining itself - category error, not a real function at all",hostap_full_audit_0.4.169,high
MSC37-C,hostap,src/common/ieee802_11_common.c,2192,FP,"sqc misparses the bare macro invocation 'C2S(WLAN_FC_STYPE_...)' /'S2S(...)' immediately after the #define as if it were a function named C2S/S2S calling/defining itself - category error, not a real function at all",hostap_full_audit_0.4.169,high
DCL31-C,hostap,src/common/ieee802_11_common.c,2316,FP,"sqc misparses the bare macro invocation 'C2S(WLAN_FC_STYPE_...)' /'S2S(...)' immediately after the #define as if it were a function named C2S/S2S calling/defining itself - category error, not a real function at all",hostap_full_audit_0.4.169,high
DCL13-C,hostap,src/common/ieee802_11_common.c,2456,TP,"mb_ies_by_info's info param is genuinely read-only (only os_memset elsewhere, never written here), plain public helper not bound to a vtable; low-value TP",hostap_full_audit_0.4.169,low
MSC37-C,hostap,src/common/ieee802_11_common.c,2552,FP,"switch(hw_mode) covers every named case plus a default that returns; every path returns, exhaustiveness-with-default blindness",hostap_full_audit_0.4.169,high
API00-C,hostap,src/common/ieee802_11_common.c,2656,FP,"mbo_add_ie's attr_len is always a small, locally-constructed MBO attribute length from internal callers (wnm_ap.c, ieee802_11_shared.c, mbo.c), never externally-controlled near-SIZE_MAX data; internal-only-API FP class",hostap_full_audit_0.4.169,high
API00-C,hostap,src/common/ieee802_11_common.c,2680,FP,"both real-world callers (ieee802_11.c:4001, events.c:3131) NULL-check multi_ap_ie before calling; internal-only-API no-NULL-check FP class",hostap_full_audit_0.4.169,high
API00-C,hostap,src/common/ieee802_11_common.c,2680,FP,multi_ap_len is always >=4 by construction: it's only set from elen inside ieee802_11_parse_vendor_specific after an elen<4 rejection; no real underflow/overflow path reaches this callee,hostap_full_audit_0.4.169,high
ARR01-C,hostap,src/common/ieee802_11_common.c,2687,FP,"sizeof(*multi_ap) is the correct idiom for zeroing a struct via its pointer param, not a decayed-array misuse",hostap_full_audit_0.4.169,high
EXP33-C,hostap,src/common/ieee802_11_common.c,2693,FP,for_each_element macro inits elem before loop body; confirmed macro FP class,hostap_full_audit_0.4.169,high
EXP34-C,hostap,src/common/ieee802_11_common.c,2694,FP,same for_each_element macro FP class; elem non-null by loop invariant,hostap_full_audit_0.4.169,high
EXP34-C,hostap,src/common/ieee802_11_common.c,2700,FP,"pos=elem->data, elen>=1 guard proves valid; same macro FP class",hostap_full_audit_0.4.169,high
API00-C,hostap,src/common/ieee802_11_common.c,2769,FP,confirmed internal-only-API no-NULL-check pedantry pattern,hostap_full_audit_0.4.169,high
EXP40-C,hostap,src/common/ieee802_11_common.c,2772,FP,pos and buf are both plain non-const u8*; no const involved at all,hostap_full_audit_0.4.169,high
ARR02-C,hostap,src/common/ieee802_11_common.c,2820,FP,"size implied by braced initializer, consumed only via ARRAY_SIZE()",hostap_full_audit_0.4.169,high
ARR02-C,hostap,src/common/ieee802_11_common.c,2842,FP,same ARRAY_SIZE-consumed initializer-sized array pattern,hostap_full_audit_0.4.169,high
ARR02-C,hostap,src/common/ieee802_11_common.c,2859,FP,same ARRAY_SIZE-consumed initializer-sized array pattern,hostap_full_audit_0.4.169,high
ARR02-C,hostap,src/common/ieee802_11_common.c,2883,FP,same ARRAY_SIZE-consumed initializer-sized array pattern,hostap_full_audit_0.4.169,high
ARR37-C,hostap,src/common/ieee802_11_common.c,2956,FP,op initialized from &global_op_class[0]; genuinely points into an array,hostap_full_audit_0.4.169,high
DCL30-C,hostap,src/common/ieee802_11_common.c,2961,FP,"op points into file-scope static const table, not automatic storage",hostap_full_audit_0.4.169,high
FLP02-C,hostap,src/common/ieee802_11_common.c,3016,FP,plain integer bitwise-equality on u8 idx; no floating point involved,hostap_full_audit_0.4.169,high
FLP02-C,hostap,src/common/ieee802_11_common.c,3019,FP,plain integer bitwise-equality on u8 idx; no floating point involved,hostap_full_audit_0.4.169,high
API00-C,hostap,src/common/ieee802_11_common.c,3047,FP,"internal helper, no real overflow risk in freq arithmetic",hostap_full_audit_0.4.169,med
INT13-C,hostap,src/common/ieee802_11_common.c,3053,TP,"freq genuinely plain signed int used with bitwise &, literal rule match",hostap_full_audit_0.4.169,med
INT14-C,hostap,src/common/ieee802_11_common.c,3053,TP,"freq genuinely used both bitwise and arithmetically, same variable",hostap_full_audit_0.4.169,med
INT10-C,hostap,src/common/ieee802_11_common.c,3056,FP,is_6ghz_freq() guard earlier in function proves operand always positive,hostap_full_audit_0.4.169,high
API00-C,hostap,src/common/ieee802_11_common.c,3074,FP,"internal helper, channel arithmetic has no real overflow risk",hostap_full_audit_0.4.169,med
INT10-C,hostap,src/common/ieee802_11_common.c,3085,TP,"no in-function guard on channel signedness before modulo, unlike 3056",hostap_full_audit_0.4.169,low
API00-C,hostap,src/common/ieee802_11_common.c,3106,FP,"internal API; while(pos) loop itself is the validation, rule ignores it",hostap_full_audit_0.4.169,high
API00-C,hostap,src/common/ieee802_11_common.c,3106,FP,internal-only-API no-overflow-validation pedantry pattern,hostap_full_audit_0.4.169,med
API05-C,hostap,src/common/ieee802_11_common.c,3106,FP,confirmed pointer+size_t companion-param idiom (nei_rep/nei_rep_len),hostap_full_audit_0.4.169,high
ARR30-C,hostap,src/common/ieee802_11_common.c,3117,FP,"bounded by explicit per-iteration checks inside loop body, not condition",hostap_full_audit_0.4.169,high
ERR01-C,hostap,src/common/ieee802_11_common.c,3148,TP,strtol's errno genuinely never checked after the call,hostap_full_audit_0.4.169,med
ERR30-C,hostap,src/common/ieee802_11_common.c,3148,TP,"no errno=0 reset before strtol, unlike the confirmed guarded FP shape",hostap_full_audit_0.4.169,med
EXP34-C,hostap,src/common/ieee802_11_common.c,3151,FP,strtol() standard-guarantees a non-null endptr after any call,hostap_full_audit_0.4.169,high
ERR07-C,hostap,src/common/ieee802_11_common.c,3157,TP,atoi() result stored with zero downstream range check,hostap_full_audit_0.4.169,med
ERR34-C,hostap,src/common/ieee802_11_common.c,3157,TP,atoi() result stored with zero downstream range check,hostap_full_audit_0.4.169,med
MEM10-C,hostap,src/common/ieee802_11_common.c,3159,FP,stylistic ad-hoc-NULL-check pedantry; check is present,hostap_full_audit_0.4.169,high
ERR07-C,hostap,src/common/ieee802_11_common.c,3165,TP,atoi() result stored with zero downstream range check,hostap_full_audit_0.4.169,med
ERR34-C,hostap,src/common/ieee802_11_common.c,3165,TP,atoi() result stored with zero downstream range check,hostap_full_audit_0.4.169,med
MEM10-C,hostap,src/common/ieee802_11_common.c,3167,FP,stylistic ad-hoc-NULL-check pedantry; check is present,hostap_full_audit_0.4.169,high
ERR07-C,hostap,src/common/ieee802_11_common.c,3173,TP,atoi() result stored with zero downstream range check,hostap_full_audit_0.4.169,med
ERR34-C,hostap,src/common/ieee802_11_common.c,3173,TP,atoi() result stored with zero downstream range check,hostap_full_audit_0.4.169,med
INT14-C,hostap,src/common/ieee802_11_common.c,3186,FP,confirmed parity-check-then-arithmetic INT14-C stylistic pedantry class,hostap_full_audit_0.4.169,high
API00-C,hostap,src/common/ieee802_11_common.c,3208,FP,"internal helper, capab used only in bounded /8 %8 arithmetic",hostap_full_audit_0.4.169,med
INT14-C,hostap,src/common/ieee802_11_common.c,3210,FP,"bitwise & applies to ie[]/BIT(capab%8), not to capab itself; misattribution",hostap_full_audit_0.4.169,high
INT14-C,hostap,src/common/ieee802_11_common.c,3225,FP,"bitwise & applies to rsnxe[0] element, arithmetic is pointer math; misattribution",hostap_full_audit_0.4.169,high
INT14-C,hostap,src/common/ieee802_11_common.c,3232,FP,"loop counter i only used arithmetically as shift count, not itself bitwise",hostap_full_audit_0.4.169,med
INT14-C,hostap,src/common/ieee802_11_common.c,3312,FP,struct-by-value param; bitwise/arithmetic ops hit different member fields,hostap_full_audit_0.4.169,high
INT14-C,hostap,src/common/ieee802_11_common.c,3312,FP,struct-by-value param; bitwise/arithmetic ops hit different member fields,hostap_full_audit_0.4.169,high
MSC17-C,hostap,src/common/ieee802_11_common.c,3327,FP,"NEW pattern: stacked empty case labels sharing one body, nothing to fall through",hostap_full_audit_0.4.169,high
MSC17-C,hostap,src/common/ieee802_11_common.c,3332,FP,"stacked empty case labels sharing one body, no fallthrough risk",hostap_full_audit_0.4.169,high
MSC17-C,hostap,src/common/ieee802_11_common.c,3337,FP,"stacked empty case labels sharing one body, no fallthrough risk",hostap_full_audit_0.4.169,high
MSC17-C,hostap,src/common/ieee802_11_common.c,3342,FP,"stacked empty case labels sharing one body, no fallthrough risk",hostap_full_audit_0.4.169,high
MSC17-C,hostap,src/common/ieee802_11_common.c,3345,FP,"stacked empty case labels sharing one body, no fallthrough risk",hostap_full_audit_0.4.169,high
MSC17-C,hostap,src/common/ieee802_11_common.c,3348,FP,"stacked empty case labels sharing one body, no fallthrough risk",hostap_full_audit_0.4.169,high
MSC17-C,hostap,src/common/ieee802_11_common.c,3363,FP,"stacked empty case labels sharing one body, no fallthrough risk",hostap_full_audit_0.4.169,high
MSC17-C,hostap,src/common/ieee802_11_common.c,3390,FP,"stacked empty case labels sharing one body, no fallthrough risk",hostap_full_audit_0.4.169,high
MSC17-C,hostap,src/common/ieee802_11_common.c,3395,FP,"stacked empty case labels sharing one body, no fallthrough risk",hostap_full_audit_0.4.169,high
MSC17-C,hostap,src/common/ieee802_11_common.c,3400,FP,"stacked empty case labels sharing one body, no fallthrough risk",hostap_full_audit_0.4.169,high
MSC17-C,hostap,src/common/ieee802_11_common.c,3405,FP,"stacked empty case labels sharing one body, no fallthrough risk",hostap_full_audit_0.4.169,high
MSC17-C,hostap,src/common/ieee802_11_common.c,3408,FP,"stacked empty case labels sharing one body, no fallthrough risk",hostap_full_audit_0.4.169,high
MSC17-C,hostap,src/common/ieee802_11_common.c,3411,FP,"stacked empty case labels sharing one body, no fallthrough risk",hostap_full_audit_0.4.169,high
ARR37-C,hostap,src/common/ieee802_11_common.c,3499,FP,pos=&data[N] genuinely points into caller's data array,hostap_full_audit_0.4.169,high
ARR37-C,hostap,src/common/ieee802_11_common.c,3499,FP,pos=&data[N] genuinely points into caller's data array,hostap_full_audit_0.4.169,high
ARR37-C,hostap,src/common/ieee802_11_common.c,3501,FP,pos genuinely points into caller's data array,hostap_full_audit_0.4.169,high
ARR36-C,hostap,src/common/ieee802_11_common.c,3503,FP,pos and end/data are all derived from the same data param buffer,hostap_full_audit_0.4.169,high
ARR37-C,hostap,src/common/ieee802_11_common.c,3505,FP,pos genuinely points into caller's data array,hostap_full_audit_0.4.169,high
ARR37-C,hostap,src/common/ieee802_11_common.c,3512,FP,pos genuinely points into caller's data array,hostap_full_audit_0.4.169,high
ARR37-C,hostap,src/common/ieee802_11_common.c,3512,FP,pos genuinely points into caller's data array,hostap_full_audit_0.4.169,high
ARR37-C,hostap,src/common/ieee802_11_common.c,3513,FP,pos genuinely points into caller's data array,hostap_full_audit_0.4.169,high
DCL30-C,hostap,src/common/ieee802_11_common.c,3517,FP,"buf is a local pointer variable but points to wpabuf heap storage, not stack",hostap_full_audit_0.4.169,high
API09-C,hostap,src/common/ieee802_11_common.c,3535,FP,"returns a fragment count, not the accumulated size (that's the *defrag_len out-param)",hostap_full_audit_0.4.169,med
EXP05-C,hostap,src/common/ieee802_11_common.c,3555,TP,cast away const then written through via os_memmove into caller's buffer,hostap_full_audit_0.4.169,med
ARR36-C,hostap,src/common/ieee802_11_common.c,3556,FP,buf/pos both derive from the same mlbuf buffer across caller/callee boundary,hostap_full_audit_0.4.169,high
ARR36-C,hostap,src/common/ieee802_11_common.c,3561,FP,buf/pos both derive from the same mlbuf buffer across caller/callee boundary,hostap_full_audit_0.4.169,high
ARR36-C,hostap,src/common/ieee802_11_common.c,3569,FP,buf/pos both derive from the same mlbuf buffer across caller/callee boundary,hostap_full_audit_0.4.169,high
EXP43-C,hostap,src/common/ieee802_11_common.c,3572,FP,os_memmove is specifically the overlap-safe primitive,hostap_full_audit_0.4.169,high
ARR00-C,hostap,src/common/ieee802_11_common.c,3572,FP,bound-checked earlier (elen > end-pos guard); pos[1] byte confused with buffer extent,hostap_full_audit_0.4.169,high
INT32-C,hostap,src/common/ieee802_11_common.c,3572,FP,"pos+2 is pointer arithmetic, not signed integer addition; category error",hostap_full_audit_0.4.169,high
ARR00-C,hostap,src/common/ieee802_11_common.c,3572,FP,bound-checked earlier (elen > end-pos guard); pos[1] byte confused with buffer extent,hostap_full_audit_0.4.169,high
INT32-C,hostap,src/common/ieee802_11_common.c,3572,FP,"pos+2 is pointer arithmetic, not signed integer addition; category error",hostap_full_audit_0.4.169,high
EXP33-C,hostap,src/common/ieee802_11_common.c,3593,FP,"for_each_element_extid macro FP class, same as 2693",hostap_full_audit_0.4.169,high
EXP34-C,hostap,src/common/ieee802_11_common.c,3594,FP,"for_each_element_extid macro FP class, same as 2694",hostap_full_audit_0.4.169,high
API00-C,hostap,src/common/ieee802_11_common.c,3622,FP,internal-only-API no-NULL-check pedantry pattern,hostap_full_audit_0.4.169,med
API00-C,hostap,src/common/ieee802_11_common.c,3667,FP,internal-only-API no-NULL-check pedantry pattern,hostap_full_audit_0.4.169,med
EXP05-C,hostap,src/common/ieee802_11_common.c,3669,TP,"cast-away-const, read-only; graded TP per this file's established disposition",hostap_full_audit_0.4.169,low
INT14-C,hostap,src/common/ieee802_11_common.c,3695,FP,"bitwise & applies to buf[link_id_pos] element, not link_id_pos itself; misattribution",hostap_full_audit_0.4.169,high
INT14-C,hostap,src/common/ieee802_11_common.c,3746,FP,i used only as shift-count arithmetic; the & applies to the shifted mcs_map value,hostap_full_audit_0.4.169,med
INT34-C,hostap,src/common/ieee802_11_common.c,3746,FP,"static helper only called with fixed small constants (max shift 14, well under width)",hostap_full_audit_0.4.169,med
DCL13-C,hostap,src/common/ieee802_11_common.c,3761,TP,"plain internal helper; elems genuinely only read, never modified",hostap_full_audit_0.4.169,med
ARR37-C,hostap,src/common/ieee802_11_common.c,3780,FP,mcs_160 genuinely points into hecaps->optional[] array,hostap_full_audit_0.4.169,high
ARR37-C,hostap,src/common/ieee802_11_common.c,3780,FP,mcs_160 genuinely points into hecaps->optional[] array,hostap_full_audit_0.4.169,high
ARR37-C,hostap,src/common/ieee802_11_common.c,3784,FP,mcs_80p80 genuinely points into hecaps->optional[] array,hostap_full_audit_0.4.169,high
ARR37-C,hostap,src/common/ieee802_11_common.c,3784,FP,mcs_80p80 genuinely points into hecaps->optional[] array,hostap_full_audit_0.4.169,high
MSC01-C,hostap,src/common/ieee802_11_common.c,3805,FP,no-final-else pedantry; default max_nss=1 already correctly initialized,hostap_full_audit_0.4.169,high
DCL13-C,hostap,src/common/ieee802_11_common.c,3819,TP,"plain internal helper; elems genuinely only read, never modified",hostap_full_audit_0.4.169,med
ARR36-C,hostap,src/common/ieee802_11_common.c,3886,FP,"seg0/seg1 are plain u8 scalars, not pointers; no pointer subtraction at all",hostap_full_audit_0.4.169,high
ARR36-C,hostap,src/common/ieee802_11_common.c,3926,FP,"seg0/seg1 are plain u8 scalars, not pointers; no pointer subtraction at all",hostap_full_audit_0.4.169,high
DCL13-C,hostap,src/common/ieee802_11_common.c,4015,TP,"plain internal helper; elems genuinely only read, never modified",hostap_full_audit_0.4.169,med
