rule,project,file,line,verdict,reason,provenance,confidence
API02-C,hostap,wpa_supplicant/ctrl_iface.c,78,FP,freq_range_to_channel_list returns a self-terminating int_array_add_unique sentinel array (0-terminated); same 'self-terminating sentinel array' API02-C FP class as dpp.h:614 opclasses,41plus_b1,high
DCL13-C,hostap,wpa_supplicant/ctrl_iface.c,82,TP,"val's pointee/val itself never modified in set_bssid_filter (only a separate pos alias is walked); genuine (low-severity) const opportunity, not a callback/vtable-bound signature",41plus_b1,low
ARR30-C,hostap,wpa_supplicant/ctrl_iface.c,89,FP,"while(pos) loop is bounded by NUL/space termination via os_strchr, standard NUL-terminated string scan pattern (categorical: ARR30-C bounded-string-scan FP)",41plus_b1,high
DCL13-C,hostap,wpa_supplicant/ctrl_iface.c,119,TP,"val never modified in set_disallow_aps (only pos alias walked); genuine low-severity const opportunity, ordinary internal helper not a callback contract",41plus_b1,low
ARR30-C,hostap,wpa_supplicant/ctrl_iface.c,134,FP,"outer while(pos) loop in set_disallow_aps is bounded by os_strchr(pos,' ') advancing to NUL/space; finding mislabels the loop variable as 'end' but the loop at this line uses 'pos' and is a standard bounded NUL-terminated scan",41plus_b1,high
INT14-C,hostap,wpa_supplicant/ctrl_iface.c,139,FP,"'pos' itself only ever used in pointer arithmetic (pos+=6); the bitwise op '&' is applied to the derived expression (end-pos), not to pos directly -- INT14-C base-identifier conflation, same family as the confirmed p2p_invitation.c:282/wmm.c:251 entries",41plus_b1,med
EXP33-C,hostap,wpa_supplicant/ctrl_iface.c,156,FP,"addr[ETH_ALEN] is written by hwaddr_aton2(pos, addr) (write-only output-param call) a few lines earlier on the success path before this os_memcpy read; sizeof/output-param write not seen by the rule",41plus_b1,high
ARR30-C,hostap,wpa_supplicant/ctrl_iface.c,163,FP,"end++ loop breaks on '\0' or ' ', a standard bounded NUL-terminated string scan (categorical ARR30-C bounded-scan FP)",41plus_b1,high
INT14-C,hostap,wpa_supplicant/ctrl_iface.c,178,FP,"bitwise '&' and comparisons are applied to the derived value (end-pos), not to 'end' itself, which is only ever used in pointer subtraction; INT14-C base-identifier conflation family",41plus_b1,med
ARR00-C,hostap,wpa_supplicant/ctrl_iface.c,180,FP,"ssid was just freshly realloc'd/reassigned (ssid=ns) a few lines earlier on the success path; the only os_free(ssid) sites are in sibling error branches that return -1 immediately -- branch-blind free-tracking (categorical: mutually-exclusive-branch free/access conflation, ARR00-C sub-pattern)",41plus_b1,high
ARR00-C,hostap,wpa_supplicant/ctrl_iface.c,188,FP,"same branch-blind free-tracking as line 180: os_free(ssid) only occurs on sibling immediately-returning error paths, never before this access",41plus_b1,high
ARR00-C,hostap,wpa_supplicant/ctrl_iface.c,190,FP,same branch-blind free-tracking pattern as 180/188,41plus_b1,high
ARR00-C,hostap,wpa_supplicant/ctrl_iface.c,191,FP,same branch-blind free-tracking pattern as 180/188/190,41plus_b1,high
MEM30-C,hostap,wpa_supplicant/ctrl_iface.c,207,FP,bssid is only freed on sibling error branches that return -1 immediately; this wpa_hexdump call is reached solely via the loop's normal-completion path -- mutually-exclusive-branch free-tracking conflation (categorical pattern),41plus_b1,high
MEM30-C,hostap,wpa_supplicant/ctrl_iface.c,217,FP,wpa_s itself is never freed anywhere in this function; taint appears to have propagated from the (falsely-flagged-freed) local 'bssid' onto wpa_s via 'wpa_s->disallow_aps_bssid = bssid' -- new extension of the branch-blind free-tracking bug where freed-taint bleeds from an assigned field value onto the containing struct pointer,41plus_b1,high
MEM30-C,hostap,wpa_supplicant/ctrl_iface.c,217,FP,wpa_s itself is never freed anywhere in this function; taint appears to have propagated from the (falsely-flagged-freed) local 'bssid' onto wpa_s via 'wpa_s->disallow_aps_bssid = bssid' -- new extension of the branch-blind free-tracking bug where freed-taint bleeds from an assigned field value onto the containing struct pointer,41plus_b1,high
MEM30-C,hostap,wpa_supplicant/ctrl_iface.c,220,FP,same wpa_s-taint-propagation-from-bssid bug as line 217,41plus_b1,high
MEM30-C,hostap,wpa_supplicant/ctrl_iface.c,224,FP,same wpa_s-taint-propagation-from-bssid bug as line 217,41plus_b1,high
MEM30-C,hostap,wpa_supplicant/ctrl_iface.c,224,FP,same wpa_s-taint-propagation-from-bssid bug as line 217,41plus_b1,high
MEM30-C,hostap,wpa_supplicant/ctrl_iface.c,224,FP,same wpa_s-taint-propagation-from-bssid bug as line 217,41plus_b1,high
MEM30-C,hostap,wpa_supplicant/ctrl_iface.c,225,FP,same wpa_s-taint-propagation-from-bssid bug as line 217,41plus_b1,high
DCL13-C,hostap,wpa_supplicant/ctrl_iface.c,244,FP,"wpa_s->conf is forwarded into wpa_config_set_blob(), which mutates *config (config->blobs=blob) -- const-qualifying wpa_s would require casting away const on the forwarded conf pointer; extension of the confirmed DCL13-C forwarding-to-non-const-mutator FP class",41plus_b1,med
EXP40-C,hostap,wpa_supplicant/ctrl_iface.c,246,FP,"neither 'pos' nor 'name' is const-qualified anywhere in this statement (both plain char*); the rule's own 'const pointer' premise doesn't exist in the code, same fabricated-const-cast bug as the confirmed wmm.c:104 EXP40-C entry",41plus_b1,high
MEM10-C,hostap,wpa_supplicant/ctrl_iface.c,251,FP,"plain if (ptr==NULL) guard is a normal, sufficient validation; categorical MEM10-C stylistic-pedantry FP",41plus_b1,high
STR34-C,hostap,wpa_supplicant/ctrl_iface.c,253,FP,"*pos++ = '\0' assigns a literal constant to a plain char lvalue, no widening char-to-larger-type conversion occurs; categorical STR34-C plain-constant-assignment FP",41plus_b1,high
INT32-C,hostap,wpa_supplicant/ctrl_iface.c,253,FP,"pos is char* (a pointer), not a signed integer type -- pointer increment can't overflow at INT_MAX; mislabeled-pointer-as-integer, same family as the confirmed INT30-C pointer-as-unsigned-int FP class",41plus_b1,high
INT14-C,hostap,wpa_supplicant/ctrl_iface.c,255,FP,"classic parity-test-then-arithmetic idiom (len & 1 to check for odd length, then len/2 to size the allocation) on an unsigned size_t; matches the confirmed INT14-C stylistic-pedantry FP class (wpabuf.c:330)",41plus_b1,high
EXP33-C,hostap,wpa_supplicant/ctrl_iface.c,259,FP,"sizeof(*blob) never evaluates its operand (non-VLA); classic sizeof(*ptr)-before-assignment FP idiom, seen throughout hostap",41plus_b1,high
ERR07-C,hostap,wpa_supplicant/ctrl_iface.c,290,FP,atoi(cmd) used purely as a boolean truthiness test (if (atoi(cmd))) to pick pno start-vs-stop; malformed input collapsing to 0 is behaviorally identical to a legitimate '0'/off input -- no information is lost,41plus_b1,med
ERR34-C,hostap,wpa_supplicant/ctrl_iface.c,290,FP,same boolean-truthiness-test reasoning as ERR07-C above,41plus_b1,med
ERR07-C,hostap,wpa_supplicant/ctrl_iface.c,380,TP,"relative_rssi is range-checked against 0-100, but 0 is itself a valid in-range value, so a malformed non-numeric string silently parses as an indistinguishable, accepted '0' -- the range check doesn't actually catch conversion failure",41plus_b1,med
ERR34-C,hostap,wpa_supplicant/ctrl_iface.c,380,TP,"same reasoning as ERR07-C: 0 is a valid in-range rssi value, so malformed input is silently accepted, not rejected",41plus_b1,med
ERR07-C,hostap,wpa_supplicant/ctrl_iface.c,400,TP,"adjust_rssi range [-100,100] includes 0, so malformed non-numeric input silently parses as an accepted 0, indistinguishable from legitimate input",41plus_b1,med
ERR34-C,hostap,wpa_supplicant/ctrl_iface.c,400,TP,same reasoning as ERR07-C above,41plus_b1,med
MSC13-C,hostap,wpa_supplicant/ctrl_iface.c,454,FP,"dso is read extensively after this assignment (dl_list_del(&dso->list)/os_free(dso), the '!dso' check, and the dso-> field writes at the end of the function) -- assignment inside a dl_list_for_each loop not recognized as read afterward, matching the confirmed dl_list_for_each MSC13-C dead-assignment FP class (eth_p_oui.c:93/110)",41plus_b1,high
ERR34-C,hostap,wpa_supplicant/ctrl_iface.c,471,FP,"the code already checks sscanf's return value against the expected field count (!= 5), which is the correct/idiomatic sscanf error-detection method; the finding's own text ('lacks error detection') is factually wrong here",41plus_b1,high
FIO47-C,hostap,wpa_supplicant/ctrl_iface.c,471,FP,"'argument 1' in the finding is the format-string literal itself, not a data argument -- format-string self-reference bug, not a real type mismatch",41plus_b1,high
INT05-C,hostap,wpa_supplicant/ctrl_iface.c,471,FP,sscanf %d doesn't use an errno/ERANGE mechanism the way strtol does; the return-count check (!=5) already validates the parse succeeded for this internal CONFIG_TESTING_OPTIONS-only debug interface,41plus_b1,med
MSC24-C,hostap,wpa_supplicant/ctrl_iface.c,471,FP,"sscanf is a standard, still-supported C function, not one of the obsolescent gets()/rewind()-class functions MSC24-C actually targets; sscanf_s is optional Annex K, not universally available",41plus_b1,high
EXP05-C,hostap,wpa_supplicant/ctrl_iface.c,471,FP,"pos is const char* and is passed as sscanf's first (also const char*) parameter -- no cast, let alone a const-removing one, exists anywhere in this call",41plus_b1,high
ERR07-C,hostap,wpa_supplicant/ctrl_iface.c,511,TP,atoi(value) result for EAPOL::heldPeriod is forwarded directly into eapol_sm_configure with no local validation of the parsed value,41plus_b1,med
ERR34-C,hostap,wpa_supplicant/ctrl_iface.c,511,TP,same reasoning as ERR07-C above,41plus_b1,med
ERR07-C,hostap,wpa_supplicant/ctrl_iface.c,514,TP,EAPOL::authPeriod atoi(value) forwarded directly with no local validation,41plus_b1,med
ERR34-C,hostap,wpa_supplicant/ctrl_iface.c,514,TP,same reasoning as ERR07-C above,41plus_b1,med
ERR07-C,hostap,wpa_supplicant/ctrl_iface.c,517,TP,EAPOL::startPeriod atoi(value) forwarded directly with no local validation,41plus_b1,med
ERR34-C,hostap,wpa_supplicant/ctrl_iface.c,517,TP,same reasoning as ERR07-C above,41plus_b1,med
ERR07-C,hostap,wpa_supplicant/ctrl_iface.c,520,TP,EAPOL::maxStart atoi(value) forwarded directly with no local validation,41plus_b1,med
ERR34-C,hostap,wpa_supplicant/ctrl_iface.c,520,TP,same reasoning as ERR07-C above,41plus_b1,med
ERR07-C,hostap,wpa_supplicant/ctrl_iface.c,536,TP,"RSNA_PMK_LIFETIME atoi(value) result isn't itself range-checked; only wpa_sm_set_param's own return is checked, which doesn't guarantee the raw conversion was validated",41plus_b1,low
ERR34-C,hostap,wpa_supplicant/ctrl_iface.c,536,TP,same reasoning as ERR07-C above,41plus_b1,low
ARR00-C,hostap,wpa_supplicant/ctrl_iface.c,539,FP,"value[-1] refers to the byte immediately before the current 'value' pointer position, which was advanced past that byte via '*value++ = 0' -- it's a valid, in-bounds byte within the same cmd buffer, not a real negative array index; sqc treats an advanced pointer as if it still indexed from array element 0",41plus_b1,high
ERR07-C,hostap,wpa_supplicant/ctrl_iface.c,546,TP,"RSNA_PMK_REAUTH_THRESHOLD, same unvalidated atoi()-forwarded-to-setter shape as line 536",41plus_b1,low
ERR34-C,hostap,wpa_supplicant/ctrl_iface.c,546,TP,same reasoning as ERR07-C above,41plus_b1,low
ARR00-C,hostap,wpa_supplicant/ctrl_iface.c,549,FP,same advanced-pointer[-1]-is-in-bounds reasoning as line 539,41plus_b1,high
ERR07-C,hostap,wpa_supplicant/ctrl_iface.c,555,TP,"RSNA_SA_TIMEOUT, same unvalidated atoi()-forwarded-to-setter shape as line 536",41plus_b1,low
ERR34-C,hostap,wpa_supplicant/ctrl_iface.c,555,TP,same reasoning as ERR07-C above,41plus_b1,low
ARR00-C,hostap,wpa_supplicant/ctrl_iface.c,558,FP,same advanced-pointer[-1]-is-in-bounds reasoning as line 539,41plus_b1,high
ERR07-C,hostap,wpa_supplicant/ctrl_iface.c,563,TP,wps_fragment_size = atoi(value) is a plain unchecked field assignment,41plus_b1,med
ERR34-C,hostap,wpa_supplicant/ctrl_iface.c,563,TP,same reasoning as ERR07-C above,41plus_b1,med
ERR33-C,hostap,wpa_supplicant/ctrl_iface.c,567,TP,"wps_version_number: val is range-checked against 0-0xff, but 0 is itself in-range, so a malformed non-numeric string silently parses as an accepted, indistinguishable 0 -- errno/endptr are never consulted",41plus_b1,med
ERR00-C,hostap,wpa_supplicant/ctrl_iface.c,567,TP,same reasoning as ERR33-C above,41plus_b1,med
ERR30-C,hostap,wpa_supplicant/ctrl_iface.c,567,TP,errno never reset to 0 before this strtol call,41plus_b1,med
ERR07-C,hostap,wpa_supplicant/ctrl_iface.c,580,TP,wps_testing_stub_cred = atoi(value) is a plain unchecked assignment,41plus_b1,med
ERR34-C,hostap,wpa_supplicant/ctrl_iface.c,580,TP,same reasoning as ERR07-C above,41plus_b1,med
ERR07-C,hostap,wpa_supplicant/ctrl_iface.c,584,TP,wps_corrupt_pkhash = atoi(value) is a plain unchecked assignment,41plus_b1,med
ERR34-C,hostap,wpa_supplicant/ctrl_iface.c,584,TP,same reasoning as ERR07-C above,41plus_b1,med
ERR33-C,hostap,wpa_supplicant/ctrl_iface.c,591,TP,"wps_force_auth_types = strtol(value, NULL, 0) has no range/errno/endptr checking at all",41plus_b1,high
ERR00-C,hostap,wpa_supplicant/ctrl_iface.c,591,TP,same reasoning as ERR33-C above,41plus_b1,high
ERR30-C,hostap,wpa_supplicant/ctrl_iface.c,591,TP,errno never reset to 0 before this strtol call,41plus_b1,high
ERR33-C,hostap,wpa_supplicant/ctrl_iface.c,598,TP,"wps_force_encr_types = strtol(value, NULL, 0) has no range/errno/endptr checking at all",41plus_b1,high
ERR00-C,hostap,wpa_supplicant/ctrl_iface.c,598,TP,same reasoning as ERR33-C above,41plus_b1,high
ERR30-C,hostap,wpa_supplicant/ctrl_iface.c,598,TP,errno never reset to 0 before this strtol call,41plus_b1,high
ERR07-C,hostap,wpa_supplicant/ctrl_iface.c,603,TP,atoi(value) passed directly to wpa_drv_ampdu with no local validation of the parsed value itself,41plus_b1,low
ERR34-C,hostap,wpa_supplicant/ctrl_iface.c,603,TP,same reasoning as ERR07-C above,41plus_b1,low
ERR33-C,hostap,wpa_supplicant/ctrl_iface.c,608,TP,"tdls_testing = strtol(value, NULL, 0) has zero error checking: no errno reset, no errno check, no endptr check",41plus_b1,high
ERR00-C,hostap,wpa_supplicant/ctrl_iface.c,608,TP,same reasoning as ERR33-C above,41plus_b1,high
ERR30-C,hostap,wpa_supplicant/ctrl_iface.c,608,TP,errno is never set to 0 before this strtol call,41plus_b1,high
ERR07-C,hostap,wpa_supplicant/ctrl_iface.c,612,FP,disabled = atoi(value) is used purely as a boolean (if (disabled) ... else ...) toggling TDLS enable/disable; malformed input collapsing to 0 behaves identically to a legitimate '0' (enable) request,41plus_b1,med
ERR34-C,hostap,wpa_supplicant/ctrl_iface.c,612,FP,same boolean-truthiness reasoning as ERR07-C above,41plus_b1,med
MSC01-C,hostap,wpa_supplicant/ctrl_iface.c,617,FP,if(disabled){...} else if(...tdls enable...){...} is a deliberate toggle guard-clause -- omitted final else means the enable-succeeded no-op case needs no action; categorical MSC01-C guard-clause FP,41plus_b1,high
ERR07-C,hostap,wpa_supplicant/ctrl_iface.c,624,FP,"disabled = atoi(value) for radio_disabled is used purely as a boolean throughout (wpa_drv_radio_disable(wpa_s,disabled), if(disabled)); malformed input collapsing to 0 is behaviorally identical to legitimate '0'",41plus_b1,med
ERR34-C,hostap,wpa_supplicant/ctrl_iface.c,624,FP,same boolean-truthiness reasoning as ERR07-C above,41plus_b1,med
MSC01-C,hostap,wpa_supplicant/ctrl_iface.c,627,FP,if(driver call fails){error} else if(disabled){set inactive} is a deliberate guard-clause toggle -- the omitted final else (enable case) needs no action; categorical MSC01-C guard-clause FP,41plus_b1,high
ERR07-C,hostap,wpa_supplicant/ctrl_iface.c,636,FP,be = atoi(value) is only ever tested as a boolean (if(be) wpa_s->sta_uapsd|=BIT(0)); malformed input->0 is indistinguishable from a legitimate 0/off value,41plus_b1,med
ERR34-C,hostap,wpa_supplicant/ctrl_iface.c,636,FP,same boolean-truthiness reasoning as ERR07-C above,41plus_b1,med
ERR07-C,hostap,wpa_supplicant/ctrl_iface.c,641,FP,"bk = atoi(pos) is only ever tested as a boolean bit flag, same reasoning as line 636",41plus_b1,med
ERR34-C,hostap,wpa_supplicant/ctrl_iface.c,641,FP,same boolean-truthiness reasoning as ERR07-C above,41plus_b1,med
ERR07-C,hostap,wpa_supplicant/ctrl_iface.c,646,FP,"vi = atoi(pos) is only ever tested as a boolean bit flag, same reasoning as line 636",41plus_b1,med
ERR34-C,hostap,wpa_supplicant/ctrl_iface.c,646,FP,same boolean-truthiness reasoning as ERR07-C above,41plus_b1,med
ERR07-C,hostap,wpa_supplicant/ctrl_iface.c,651,FP,"vo = atoi(pos) is only ever tested as a boolean bit flag, same reasoning as line 636",41plus_b1,med
ERR34-C,hostap,wpa_supplicant/ctrl_iface.c,651,FP,same boolean-truthiness reasoning as ERR07-C above,41plus_b1,med
ERR07-C,hostap,wpa_supplicant/ctrl_iface.c,666,TP,atoi(value) passed directly into wpa_drv_set_p2p_powersave with no local validation of the parsed value,41plus_b1,low
ERR34-C,hostap,wpa_supplicant/ctrl_iface.c,666,TP,same reasoning as ERR07-C above,41plus_b1,low
ERR07-C,hostap,wpa_supplicant/ctrl_iface.c,669,FP,"!!atoi(value) explicitly collapses the result to a 0/1 boolean; any malformed input maps to false, exactly the intended off-state",41plus_b1,high
ERR34-C,hostap,wpa_supplicant/ctrl_iface.c,669,FP,same explicit-boolean reasoning as ERR07-C above,41plus_b1,high
ERR07-C,hostap,wpa_supplicant/ctrl_iface.c,680,FP,"no_keep_alive = !!atoi(value), explicit boolean collapse, malformed input -> false",41plus_b1,high
ERR34-C,hostap,wpa_supplicant/ctrl_iface.c,680,FP,same explicit-boolean reasoning as ERR07-C above,41plus_b1,high
ERR07-C,hostap,wpa_supplicant/ctrl_iface.c,689,TP,dpp_init_max_tries = atoi(value) is a plain unchecked numeric field assignment,41plus_b1,med
ERR34-C,hostap,wpa_supplicant/ctrl_iface.c,689,TP,same reasoning as ERR07-C above,41plus_b1,med
ERR07-C,hostap,wpa_supplicant/ctrl_iface.c,691,TP,"dpp_init_retry_time = atoi(value), plain unchecked assignment",41plus_b1,med
ERR34-C,hostap,wpa_supplicant/ctrl_iface.c,691,TP,same reasoning as ERR07-C above,41plus_b1,med
ERR07-C,hostap,wpa_supplicant/ctrl_iface.c,693,TP,"dpp_resp_wait_time = atoi(value), plain unchecked assignment",41plus_b1,med
ERR34-C,hostap,wpa_supplicant/ctrl_iface.c,693,TP,same reasoning as ERR07-C above,41plus_b1,med
ERR07-C,hostap,wpa_supplicant/ctrl_iface.c,695,TP,"dpp_resp_max_tries = atoi(value), plain unchecked assignment",41plus_b1,med
ERR34-C,hostap,wpa_supplicant/ctrl_iface.c,695,TP,same reasoning as ERR07-C above,41plus_b1,med
ERR07-C,hostap,wpa_supplicant/ctrl_iface.c,697,TP,"dpp_resp_retry_time = atoi(value), plain unchecked assignment",41plus_b1,med
ERR34-C,hostap,wpa_supplicant/ctrl_iface.c,697,TP,same reasoning as ERR07-C above,41plus_b1,med
INT30-C,hostap,wpa_supplicant/ctrl_iface.c,709,FP,"sizeof(dpp_pkex_ephemeral_key_override) is a fixed 600-byte compile-time array size (src/common/dpp_pkex.c:24); 2*600=1200 is nowhere near SIZE_MAX -- no realistic wrap path, extends the confirmed 'bounded compile-time constant' INT30/33/ARR30 FP family",41plus_b1,high
INT30-C,hostap,wpa_supplicant/ctrl_iface.c,719,FP,sizeof(dpp_protocol_key_override) is a fixed 600-byte array; same no-realistic-wrap reasoning as line 709,41plus_b1,high
INT30-C,hostap,wpa_supplicant/ctrl_iface.c,729,FP,"sizeof(dpp_nonce_override) is DPP_MAX_NONCE_LEN, a small fixed buffer; same no-realistic-wrap reasoning as line 709",41plus_b1,high
ERR07-C,hostap,wpa_supplicant/ctrl_iface.c,736,TP,"dpp_version_override = atoi(value), plain unchecked assignment",41plus_b1,med
ERR34-C,hostap,wpa_supplicant/ctrl_iface.c,736,TP,same reasoning as ERR07-C above,41plus_b1,med
ERR07-C,hostap,wpa_supplicant/ctrl_iface.c,741,FP,"ext_mgmt_frame_handling = !!atoi(value), explicit boolean collapse",41plus_b1,high
ERR34-C,hostap,wpa_supplicant/ctrl_iface.c,741,FP,same explicit-boolean reasoning as ERR07-C above,41plus_b1,high
ERR07-C,hostap,wpa_supplicant/ctrl_iface.c,743,FP,"ext_eapol_frame_io = !!atoi(value), explicit boolean collapse",41plus_b1,high
ERR34-C,hostap,wpa_supplicant/ctrl_iface.c,743,FP,same explicit-boolean reasoning as ERR07-C above,41plus_b1,high
ERR07-C,hostap,wpa_supplicant/ctrl_iface.c,752,TP,"extra_roc_dur = atoi(value), plain unchecked numeric assignment",41plus_b1,med
ERR34-C,hostap,wpa_supplicant/ctrl_iface.c,752,TP,same reasoning as ERR07-C above,41plus_b1,med
ERR07-C,hostap,wpa_supplicant/ctrl_iface.c,755,TP,"test_failure = atoi(value), plain unchecked assignment",41plus_b1,med
ERR34-C,hostap,wpa_supplicant/ctrl_iface.c,755,TP,same reasoning as ERR07-C above,41plus_b1,med
ERR07-C,hostap,wpa_supplicant/ctrl_iface.c,757,FP,"p2p_go_csa_on_inv = !!atoi(value), explicit boolean collapse",41plus_b1,high
ERR34-C,hostap,wpa_supplicant/ctrl_iface.c,757,FP,same explicit-boolean reasoning as ERR07-C above,41plus_b1,high
ERR07-C,hostap,wpa_supplicant/ctrl_iface.c,759,FP,"ignore_auth_resp = !!atoi(value), explicit boolean collapse",41plus_b1,high
ERR34-C,hostap,wpa_supplicant/ctrl_iface.c,759,FP,same explicit-boolean reasoning as ERR07-C above,41plus_b1,high
ERR07-C,hostap,wpa_supplicant/ctrl_iface.c,761,FP,"ignore_assoc_disallow = !!atoi(value), explicit boolean collapse",41plus_b1,high
ERR34-C,hostap,wpa_supplicant/ctrl_iface.c,761,FP,same explicit-boolean reasoning as ERR07-C above,41plus_b1,high
ERR07-C,hostap,wpa_supplicant/ctrl_iface.c,763,FP,"disable_sa_query = !!atoi(value), explicit boolean collapse",41plus_b1,high
ERR34-C,hostap,wpa_supplicant/ctrl_iface.c,763,FP,same explicit-boolean reasoning as ERR07-C above,41plus_b1,high
ERR07-C,hostap,wpa_supplicant/ctrl_iface.c,765,FP,"ignore_sae_h2e_only = !!atoi(value), explicit boolean collapse",41plus_b1,high
ERR34-C,hostap,wpa_supplicant/ctrl_iface.c,765,FP,same explicit-boolean reasoning as ERR07-C above,41plus_b1,high
ERR07-C,hostap,wpa_supplicant/ctrl_iface.c,769,TP,group = atoi(pos) inside extra_sae_rejected_groups is only skipped when it parses to exactly 0; a malformed string with a valid numeric prefix and trailing garbage (e.g. '19x') silently parses as a genuine-looking group number and is accepted -- not a pure boolean test,41plus_b1,med
ERR34-C,hostap,wpa_supplicant/ctrl_iface.c,769,TP,same reasoning as ERR07-C above,41plus_b1,med
ERR07-C,hostap,wpa_supplicant/ctrl_iface.c,771,TP,"ft_rsnxe_used = atoi(value), plain unchecked assignment",41plus_b1,med
ERR34-C,hostap,wpa_supplicant/ctrl_iface.c,771,TP,same reasoning as ERR07-C above,41plus_b1,med
ERR07-C,hostap,wpa_supplicant/ctrl_iface.c,781,TP,"oci_freq_override_eapol = atoi(value), plain unchecked assignment",41plus_b1,med
ERR34-C,hostap,wpa_supplicant/ctrl_iface.c,781,TP,same reasoning as ERR07-C above,41plus_b1,med
ERR07-C,hostap,wpa_supplicant/ctrl_iface.c,795,TP,"oci_freq_override_saquery_req = atoi(value), plain unchecked assignment",41plus_b1,med
ERR34-C,hostap,wpa_supplicant/ctrl_iface.c,795,TP,same reasoning as ERR07-C above,41plus_b1,med
ERR07-C,hostap,wpa_supplicant/ctrl_iface.c,797,TP,"oci_freq_override_saquery_resp = atoi(value), plain unchecked assignment",41plus_b1,med
ERR34-C,hostap,wpa_supplicant/ctrl_iface.c,797,TP,same reasoning as ERR07-C above,41plus_b1,med
ERR07-C,hostap,wpa_supplicant/ctrl_iface.c,799,TP,"oci_freq_override_eapol_g2 = atoi(value), plain unchecked assignment",41plus_b1,med
ERR34-C,hostap,wpa_supplicant/ctrl_iface.c,799,TP,same reasoning as ERR07-C above,41plus_b1,med
ERR07-C,hostap,wpa_supplicant/ctrl_iface.c,801,TP,"oci_freq_override_ft_assoc = atoi(value), plain unchecked assignment",41plus_b1,med
ERR34-C,hostap,wpa_supplicant/ctrl_iface.c,801,TP,same reasoning as ERR07-C above,41plus_b1,med
ERR07-C,hostap,wpa_supplicant/ctrl_iface.c,803,TP,"oci_freq_override_fils_assoc = atoi(value), plain unchecked assignment",41plus_b1,med
ERR34-C,hostap,wpa_supplicant/ctrl_iface.c,803,TP,same reasoning as ERR07-C above,41plus_b1,med
ERR07-C,hostap,wpa_supplicant/ctrl_iface.c,808,TP,"oci_freq_override_wnm_sleep = atoi(value), plain unchecked assignment",41plus_b1,med
ERR34-C,hostap,wpa_supplicant/ctrl_iface.c,808,TP,same reasoning as ERR07-C above,41plus_b1,med
ERR07-C,hostap,wpa_supplicant/ctrl_iface.c,813,TP,"oci_freq_override_fils_assoc = atoi(value) (second override site), plain unchecked assignment",41plus_b1,med
ERR34-C,hostap,wpa_supplicant/ctrl_iface.c,813,TP,same reasoning as ERR07-C above,41plus_b1,med
ERR07-C,hostap,wpa_supplicant/ctrl_iface.c,815,TP,atoi() result used with no subsequent range/error check - genuine ERR07-C gap,41plus_b2,med
ERR34-C,hostap,wpa_supplicant/ctrl_iface.c,815,TP,"atoi() lacks conversion-error detection, no validation follows - genuine gap",41plus_b2,med
ERR07-C,hostap,wpa_supplicant/ctrl_iface.c,835,FP,atoi() result is range/validity-checked immediately after (e.g. bounds or ==0 check) - error path effectively caught,41plus_b2,high
ERR34-C,hostap,wpa_supplicant/ctrl_iface.c,835,FP,"same: subsequent range check catches atoi's error-indicating 0 return, no real gap",41plus_b2,high
ERR07-C,hostap,wpa_supplicant/ctrl_iface.c,852,TP,atoi() result used with no subsequent range/error check - genuine ERR07-C gap,41plus_b2,med
ERR34-C,hostap,wpa_supplicant/ctrl_iface.c,852,TP,"atoi() lacks conversion-error detection, no validation follows - genuine gap",41plus_b2,med
ERR07-C,hostap,wpa_supplicant/ctrl_iface.c,869,FP,atoi() result immediately coerced to boolean (!!/ternary/!) so its error return (0) is indistinguishable from and harmless as a legitimate 0/false value,41plus_b2,med
ERR34-C,hostap,wpa_supplicant/ctrl_iface.c,869,FP,boolean-coercion makes the missing error-detection inert - no real defect,41plus_b2,med
ERR07-C,hostap,wpa_supplicant/ctrl_iface.c,871,FP,atoi() result immediately coerced to boolean (!!/ternary/!) so its error return (0) is indistinguishable from and harmless as a legitimate 0/false value,41plus_b2,med
ERR34-C,hostap,wpa_supplicant/ctrl_iface.c,871,FP,boolean-coercion makes the missing error-detection inert - no real defect,41plus_b2,med
ERR07-C,hostap,wpa_supplicant/ctrl_iface.c,874,FP,atoi() result immediately coerced to boolean (!!/ternary/!) so its error return (0) is indistinguishable from and harmless as a legitimate 0/false value,41plus_b2,med
ERR34-C,hostap,wpa_supplicant/ctrl_iface.c,874,FP,boolean-coercion makes the missing error-detection inert - no real defect,41plus_b2,med
ERR07-C,hostap,wpa_supplicant/ctrl_iface.c,879,TP,atoi() result used with no subsequent range/error check - genuine ERR07-C gap,41plus_b2,med
ERR34-C,hostap,wpa_supplicant/ctrl_iface.c,879,TP,"atoi() lacks conversion-error detection, no validation follows - genuine gap",41plus_b2,med
ERR07-C,hostap,wpa_supplicant/ctrl_iface.c,901,TP,atoi() result used with no subsequent range/error check - genuine ERR07-C gap,41plus_b2,med
ERR34-C,hostap,wpa_supplicant/ctrl_iface.c,901,TP,"atoi() lacks conversion-error detection, no validation follows - genuine gap",41plus_b2,med
ERR07-C,hostap,wpa_supplicant/ctrl_iface.c,903,TP,atoi() result used with no subsequent range/error check - genuine ERR07-C gap,41plus_b2,med
ERR34-C,hostap,wpa_supplicant/ctrl_iface.c,903,TP,"atoi() lacks conversion-error detection, no validation follows - genuine gap",41plus_b2,med
ERR07-C,hostap,wpa_supplicant/ctrl_iface.c,905,TP,atoi() result used with no subsequent range/error check - genuine ERR07-C gap,41plus_b2,med
ERR34-C,hostap,wpa_supplicant/ctrl_iface.c,905,TP,"atoi() lacks conversion-error detection, no validation follows - genuine gap",41plus_b2,med
ERR33-C,hostap,wpa_supplicant/ctrl_iface.c,908,TP,strtoul() return value truly never checked for errors anywhere in this branch,41plus_b2,high
ERR00-C,hostap,wpa_supplicant/ctrl_iface.c,908,TP,same underlying gap - no error check on strtoul() return,41plus_b2,med
ERR30-C,hostap,wpa_supplicant/ctrl_iface.c,908,TP,errno not reset before strtoul() call - genuine gap for this testing-option field,41plus_b2,med
ERR07-C,hostap,wpa_supplicant/ctrl_iface.c,912,FP,atoi() result immediately coerced to boolean (!!/ternary/!) so its error return (0) is indistinguishable from and harmless as a legitimate 0/false value,41plus_b2,med
ERR34-C,hostap,wpa_supplicant/ctrl_iface.c,912,FP,boolean-coercion makes the missing error-detection inert - no real defect,41plus_b2,med
ARR00-C,hostap,wpa_supplicant/ctrl_iface.c,926,FP,"value[-1] restores the delimiter byte (space/'=') that was previously NUL'd in-place by *value++ = '\0' earlier in the same buffer - valid memory within the cmd string, not an actual negative/out-of-bounds access",41plus_b2,high
ERR07-C,hostap,wpa_supplicant/ctrl_iface.c,931,FP,atoi() result is range/validity-checked immediately after (e.g. bounds or ==0 check) - error path effectively caught,41plus_b2,high
ERR34-C,hostap,wpa_supplicant/ctrl_iface.c,931,FP,"same: subsequent range check catches atoi's error-indicating 0 return, no real gap",41plus_b2,high
ERR07-C,hostap,wpa_supplicant/ctrl_iface.c,939,FP,atoi() result is range/validity-checked immediately after (e.g. bounds or ==0 check) - error path effectively caught,41plus_b2,high
ERR34-C,hostap,wpa_supplicant/ctrl_iface.c,939,FP,"same: subsequent range check catches atoi's error-indicating 0 return, no real gap",41plus_b2,high
ERR07-C,hostap,wpa_supplicant/ctrl_iface.c,966,TP,atoi() result used with no subsequent range/error check - genuine ERR07-C gap,41plus_b2,med
ERR34-C,hostap,wpa_supplicant/ctrl_iface.c,966,TP,"atoi() lacks conversion-error detection, no validation follows - genuine gap",41plus_b2,med
ERR07-C,hostap,wpa_supplicant/ctrl_iface.c,974,FP,atoi() result immediately coerced to boolean (!!/ternary/!) so its error return (0) is indistinguishable from and harmless as a legitimate 0/false value,41plus_b2,med
ERR34-C,hostap,wpa_supplicant/ctrl_iface.c,974,FP,boolean-coercion makes the missing error-detection inert - no real defect,41plus_b2,med
ERR07-C,hostap,wpa_supplicant/ctrl_iface.c,975,TP,atoi() result passed directly as raw int to wpa_drv_roaming with no local validation,41plus_b2,low
ERR34-C,hostap,wpa_supplicant/ctrl_iface.c,975,TP,same - no error/range check on the converted value before use,41plus_b2,low
ERR07-C,hostap,wpa_supplicant/ctrl_iface.c,987,FP,atoi() result immediately coerced to boolean (!!/ternary/!) so its error return (0) is indistinguishable from and harmless as a legitimate 0/false value,41plus_b2,med
ERR34-C,hostap,wpa_supplicant/ctrl_iface.c,987,FP,boolean-coercion makes the missing error-detection inert - no real defect,41plus_b2,med
ERR07-C,hostap,wpa_supplicant/ctrl_iface.c,991,FP,atoi() result immediately coerced to boolean (!!/ternary/!) so its error return (0) is indistinguishable from and harmless as a legitimate 0/false value,41plus_b2,med
ERR34-C,hostap,wpa_supplicant/ctrl_iface.c,991,FP,boolean-coercion makes the missing error-detection inert - no real defect,41plus_b2,med
ERR07-C,hostap,wpa_supplicant/ctrl_iface.c,993,FP,atoi() result immediately coerced to boolean (!!/ternary/!) so its error return (0) is indistinguishable from and harmless as a legitimate 0/false value,41plus_b2,med
ERR34-C,hostap,wpa_supplicant/ctrl_iface.c,993,FP,boolean-coercion makes the missing error-detection inert - no real defect,41plus_b2,med
ARR00-C,hostap,wpa_supplicant/ctrl_iface.c,996,FP,"value[-1] restores the delimiter byte (space/'=') that was previously NUL'd in-place by *value++ = '\0' earlier in the same buffer - valid memory within the cmd string, not an actual negative/out-of-bounds access",41plus_b2,high
MSC01-C,hostap,wpa_supplicant/ctrl_iface.c,1002,FP,"if/else-if chain has no final else because the implicit fall-through case is already the correct default behavior (e.g. ret retains its valid value, or the variable already holds its validly-parsed default) - stylistic pedantry, not a missing-case defect",41plus_b2,high
DCL13-C,hostap,wpa_supplicant/ctrl_iface.c,1010,TP,"plain internal helper (wpa_supplicant_ctrl_iface_get), param genuinely never modified/forwarded to a non-const-requiring call - real (low-severity) const opportunity, not the eloop/EAP-vtable dispatch-contract FP class",41plus_b2,med
API05-C,hostap,wpa_supplicant/ctrl_iface.c,1011,FP,"CONFIRMED categorical FP: idiomatic 'T *ptr, size_t len' (buf/buflen or reply/max_len pair) or plain NUL-terminated string parameter - not a real conformant-array-syntax gap",41plus_b2,high
API05-C,hostap,wpa_supplicant/ctrl_iface.c,1011,FP,"CONFIRMED categorical FP: idiomatic 'T *ptr, size_t len' (buf/buflen or reply/max_len pair) or plain NUL-terminated string parameter - not a real conformant-array-syntax gap",41plus_b2,high
DCL13-C,hostap,wpa_supplicant/ctrl_iface.c,1065,TP,"plain internal helper (wpa_supplicant_ctrl_iface_preauth), param genuinely never modified/forwarded to a non-const-requiring call - real (low-severity) const opportunity, not the eloop/EAP-vtable dispatch-contract FP class",41plus_b2,med
DCL13-C,hostap,wpa_supplicant/ctrl_iface.c,1181,TP,"plain internal helper (ctrl_iface_get_capability_tdls), param genuinely never modified/forwarded to a non-const-requiring call - real (low-severity) const opportunity, not the eloop/EAP-vtable dispatch-contract FP class",41plus_b2,med
API05-C,hostap,wpa_supplicant/ctrl_iface.c,1181,FP,"CONFIRMED categorical FP: idiomatic 'T *ptr, size_t len' (buf/buflen or reply/max_len pair) or plain NUL-terminated string parameter - not a real conformant-array-syntax gap",41plus_b2,high
DCL13-C,hostap,wpa_supplicant/ctrl_iface.c,1197,TP,"plain internal helper (wpa_supplicant_ctrl_iface_tdls_chan_switch), param genuinely never modified/forwarded to a non-const-requiring call - real (low-severity) const opportunity, not the eloop/EAP-vtable dispatch-contract FP class",41plus_b2,med
STR34-C,hostap,wpa_supplicant/ctrl_iface.c,1215,FP,"plain char-to-char (or char-to-'\0'-literal) assignment, no widening conversion occurs - extends the confirmed STR34-C no-widening FP class",41plus_b2,high
ERR33-C,hostap,wpa_supplicant/ctrl_iface.c,1217,TP,"endptr check (pos==end) only catches non-numeric input, not ERANGE overflow of oper_class (u8) - errno path genuinely unchecked",41plus_b2,med
ERR01-C,hostap,wpa_supplicant/ctrl_iface.c,1217,TP,"errno never checked after strtol(), so an overflowing op-class string silently truncates",41plus_b2,med
ERR30-C,hostap,wpa_supplicant/ctrl_iface.c,1217,TP,errno not reset to 0 before the strtol() call - genuine gap for the overflow-detection path,41plus_b2,med
ERR07-C,hostap,wpa_supplicant/ctrl_iface.c,1225,FP,atoi() result is range/validity-checked immediately after (e.g. bounds or ==0 check) - error path effectively caught,41plus_b2,high
ERR34-C,hostap,wpa_supplicant/ctrl_iface.c,1225,FP,"same: subsequent range check catches atoi's error-indicating 0 return, no real gap",41plus_b2,high
PRE00-C,hostap,wpa_supplicant/ctrl_iface.c,1231,FP,"macro parameter 'str' is only ever used as a stringified token (#str) or a struct field-designator (freq_params.str), never evaluated as a runtime expression - extends the confirmed X-macro/field-designator PRE-rule FP class (dl_list.h, wnm_ap.c W2S)",41plus_b2,med
PRE01-C,hostap,wpa_supplicant/ctrl_iface.c,1231,FP,"macro parameter 'str' is only ever used as a stringified token (#str) or a struct field-designator (freq_params.str), never evaluated as a runtime expression - extends the confirmed X-macro/field-designator PRE-rule FP class (dl_list.h, wnm_ap.c W2S)",41plus_b2,med
PRE05-C,hostap,wpa_supplicant/ctrl_iface.c,1231,FP,"macro parameter 'str' is only ever used as a stringified token (#str) or a struct field-designator (freq_params.str), never evaluated as a runtime expression - extends the confirmed X-macro/field-designator PRE-rule FP class (dl_list.h, wnm_ap.c W2S)",41plus_b2,med
PRE12-C,hostap,wpa_supplicant/ctrl_iface.c,1231,FP,"macro parameter 'str' is only ever used as a stringified token (#str) or a struct field-designator (freq_params.str), never evaluated as a runtime expression - extends the confirmed X-macro/field-designator PRE-rule FP class (dl_list.h, wnm_ap.c W2S)",41plus_b2,med
DCL13-C,hostap,wpa_supplicant/ctrl_iface.c,1270,TP,"plain internal helper (wpa_supplicant_ctrl_iface_tdls_cancel_chan_switch), param genuinely never modified/forwarded to a non-const-requiring call - real (low-severity) const opportunity, not the eloop/EAP-vtable dispatch-contract FP class",41plus_b2,med
DCL13-C,hostap,wpa_supplicant/ctrl_iface.c,1295,TP,"plain internal helper (wpa_supplicant_ctrl_iface_tdls_link_status), param genuinely never modified/forwarded to a non-const-requiring call - real (low-severity) const opportunity, not the eloop/EAP-vtable dispatch-contract FP class",41plus_b2,med
API05-C,hostap,wpa_supplicant/ctrl_iface.c,1295,FP,"CONFIRMED categorical FP: idiomatic 'T *ptr, size_t len' (buf/buflen or reply/max_len pair) or plain NUL-terminated string parameter - not a real conformant-array-syntax gap",41plus_b2,high
API05-C,hostap,wpa_supplicant/ctrl_iface.c,1296,FP,"CONFIRMED categorical FP: idiomatic 'T *ptr, size_t len' (buf/buflen or reply/max_len pair) or plain NUL-terminated string parameter - not a real conformant-array-syntax gap",41plus_b2,high
ERR34-C,hostap,wpa_supplicant/ctrl_iface.c,1334,FP,"sscanf() return value IS checked (== 1) as the success condition - error detection is present, contradicting the rule's premise",41plus_b2,high
EXP20-C,hostap,wpa_supplicant/ctrl_iface.c,1334,FP,"sscanf()'s documented contract defines return value == number of successfully converted items; testing '== 1' for one format specifier is the textually correct success check, not a boolean equality-with-1 antipattern",41plus_b2,high
FIO47-C,hostap,wpa_supplicant/ctrl_iface.c,1334,FP,"scanf-family conversions require a pointer argument by design (&params.field for %i) - the rule flags the correct pointer-out-param as a type mismatch, misunderstanding scanf calling convention",41plus_b2,high
INT05-C,hostap,wpa_supplicant/ctrl_iface.c,1334,FP,"errno/ERANGE behavior for sscanf() overflow is implementation-defined/unreliable across platforms, not a clear actionable gap here",41plus_b2,med
MSC24-C,hostap,wpa_supplicant/ctrl_iface.c,1334,FP,"sscanf_s is an optional Annex K function unavailable on glibc/Linux - not a portable replacement, recommending it here is impractical",41plus_b2,high
ERR34-C,hostap,wpa_supplicant/ctrl_iface.c,1335,FP,"sscanf() return value IS checked (== 1) as the success condition - error detection is present, contradicting the rule's premise",41plus_b2,high
EXP20-C,hostap,wpa_supplicant/ctrl_iface.c,1335,FP,"sscanf()'s documented contract defines return value == number of successfully converted items; testing '== 1' for one format specifier is the textually correct success check, not a boolean equality-with-1 antipattern",41plus_b2,high
FIO47-C,hostap,wpa_supplicant/ctrl_iface.c,1335,FP,"scanf-family conversions require a pointer argument by design (&params.field for %i) - the rule flags the correct pointer-out-param as a type mismatch, misunderstanding scanf calling convention",41plus_b2,high
INT05-C,hostap,wpa_supplicant/ctrl_iface.c,1335,FP,"errno/ERANGE behavior for sscanf() overflow is implementation-defined/unreliable across platforms, not a clear actionable gap here",41plus_b2,med
MSC24-C,hostap,wpa_supplicant/ctrl_iface.c,1335,FP,"sscanf_s is an optional Annex K function unavailable on glibc/Linux - not a portable replacement, recommending it here is impractical",41plus_b2,high
ERR34-C,hostap,wpa_supplicant/ctrl_iface.c,1336,FP,"sscanf() return value IS checked (== 1) as the success condition - error detection is present, contradicting the rule's premise",41plus_b2,high
EXP20-C,hostap,wpa_supplicant/ctrl_iface.c,1336,FP,"sscanf()'s documented contract defines return value == number of successfully converted items; testing '== 1' for one format specifier is the textually correct success check, not a boolean equality-with-1 antipattern",41plus_b2,high
FIO47-C,hostap,wpa_supplicant/ctrl_iface.c,1336,FP,"scanf-family conversions require a pointer argument by design (&params.field for %i) - the rule flags the correct pointer-out-param as a type mismatch, misunderstanding scanf calling convention",41plus_b2,high
INT05-C,hostap,wpa_supplicant/ctrl_iface.c,1336,FP,"errno/ERANGE behavior for sscanf() overflow is implementation-defined/unreliable across platforms, not a clear actionable gap here",41plus_b2,med
MSC24-C,hostap,wpa_supplicant/ctrl_iface.c,1336,FP,"sscanf_s is an optional Annex K function unavailable on glibc/Linux - not a portable replacement, recommending it here is impractical",41plus_b2,high
ERR34-C,hostap,wpa_supplicant/ctrl_iface.c,1338,FP,"sscanf() return value IS checked (== 1) as the success condition - error detection is present, contradicting the rule's premise",41plus_b2,high
EXP20-C,hostap,wpa_supplicant/ctrl_iface.c,1338,FP,"sscanf()'s documented contract defines return value == number of successfully converted items; testing '== 1' for one format specifier is the textually correct success check, not a boolean equality-with-1 antipattern",41plus_b2,high
FIO47-C,hostap,wpa_supplicant/ctrl_iface.c,1338,FP,"scanf-family conversions require a pointer argument by design (&params.field for %i) - the rule flags the correct pointer-out-param as a type mismatch, misunderstanding scanf calling convention",41plus_b2,high
INT05-C,hostap,wpa_supplicant/ctrl_iface.c,1338,FP,"errno/ERANGE behavior for sscanf() overflow is implementation-defined/unreliable across platforms, not a clear actionable gap here",41plus_b2,med
MSC24-C,hostap,wpa_supplicant/ctrl_iface.c,1338,FP,"sscanf_s is an optional Annex K function unavailable on glibc/Linux - not a portable replacement, recommending it here is impractical",41plus_b2,high
ERR34-C,hostap,wpa_supplicant/ctrl_iface.c,1340,FP,"sscanf() return value IS checked (== 1) as the success condition - error detection is present, contradicting the rule's premise",41plus_b2,high
EXP20-C,hostap,wpa_supplicant/ctrl_iface.c,1340,FP,"sscanf()'s documented contract defines return value == number of successfully converted items; testing '== 1' for one format specifier is the textually correct success check, not a boolean equality-with-1 antipattern",41plus_b2,high
FIO47-C,hostap,wpa_supplicant/ctrl_iface.c,1340,FP,"scanf-family conversions require a pointer argument by design (&params.field for %i) - the rule flags the correct pointer-out-param as a type mismatch, misunderstanding scanf calling convention",41plus_b2,high
INT05-C,hostap,wpa_supplicant/ctrl_iface.c,1340,FP,"errno/ERANGE behavior for sscanf() overflow is implementation-defined/unreliable across platforms, not a clear actionable gap here",41plus_b2,med
MSC24-C,hostap,wpa_supplicant/ctrl_iface.c,1340,FP,"sscanf_s is an optional Annex K function unavailable on glibc/Linux - not a portable replacement, recommending it here is impractical",41plus_b2,high
ERR34-C,hostap,wpa_supplicant/ctrl_iface.c,1342,FP,"sscanf() return value IS checked (== 1) as the success condition - error detection is present, contradicting the rule's premise",41plus_b2,high
EXP20-C,hostap,wpa_supplicant/ctrl_iface.c,1342,FP,"sscanf()'s documented contract defines return value == number of successfully converted items; testing '== 1' for one format specifier is the textually correct success check, not a boolean equality-with-1 antipattern",41plus_b2,high
FIO47-C,hostap,wpa_supplicant/ctrl_iface.c,1342,FP,"scanf-family conversions require a pointer argument by design (&params.field for %i) - the rule flags the correct pointer-out-param as a type mismatch, misunderstanding scanf calling convention",41plus_b2,high
INT05-C,hostap,wpa_supplicant/ctrl_iface.c,1342,FP,"errno/ERANGE behavior for sscanf() overflow is implementation-defined/unreliable across platforms, not a clear actionable gap here",41plus_b2,med
MSC24-C,hostap,wpa_supplicant/ctrl_iface.c,1342,FP,"sscanf_s is an optional Annex K function unavailable on glibc/Linux - not a portable replacement, recommending it here is impractical",41plus_b2,high
DCL13-C,hostap,wpa_supplicant/ctrl_iface.c,1367,TP,"plain internal helper (wmm_ac_ctrl_delts), param genuinely never modified/forwarded to a non-const-requiring call - real (low-severity) const opportunity, not the eloop/EAP-vtable dispatch-contract FP class",41plus_b2,med
ERR07-C,hostap,wpa_supplicant/ctrl_iface.c,1369,TP,atoi() result used with no subsequent range/error check - genuine ERR07-C gap,41plus_b2,med
ERR34-C,hostap,wpa_supplicant/ctrl_iface.c,1369,TP,"atoi() lacks conversion-error detection, no validation follows - genuine gap",41plus_b2,med
EXP40-C,hostap,wpa_supplicant/ctrl_iface.c,1409,FP,"'bssid' is a plain (non-const) local u8 array - there is no const-qualified pointer here at all, so 'pointer to const assigned without cast' is a false premise",41plus_b2,high
DCL37-C,hostap,wpa_supplicant/ctrl_iface.c,1409,FP,"'_bssid'/'_p2p_dev_addr' are ordinary block-scope local variables inside a function, not file-scope identifiers - extends the confirmed DCL37-C block-scope-misapplied pattern",41plus_b2,high
DCL37-C,hostap,wpa_supplicant/ctrl_iface.c,1414,FP,"'_bssid'/'_p2p_dev_addr' are ordinary block-scope local variables inside a function, not file-scope identifiers - extends the confirmed DCL37-C block-scope-misapplied pattern",41plus_b2,high
ERR07-C,hostap,wpa_supplicant/ctrl_iface.c,1434,TP,atoi() result used with no subsequent range/error check - genuine ERR07-C gap,41plus_b2,med
ERR34-C,hostap,wpa_supplicant/ctrl_iface.c,1434,TP,"atoi() lacks conversion-error detection, no validation follows - genuine gap",41plus_b2,med
MSC01-C,hostap,wpa_supplicant/ctrl_iface.c,1435,FP,"if/else-if chain has no final else because the implicit fall-through case is already the correct default behavior (e.g. ret retains its valid value, or the variable already holds its validly-parsed default) - stylistic pedantry, not a missing-case defect",41plus_b2,high
ERR07-C,hostap,wpa_supplicant/ctrl_iface.c,1445,TP,atoi() result used with no subsequent range/error check - genuine ERR07-C gap,41plus_b2,med
ERR34-C,hostap,wpa_supplicant/ctrl_iface.c,1445,TP,"atoi() lacks conversion-error detection, no validation follows - genuine gap",41plus_b2,med
API05-C,hostap,wpa_supplicant/ctrl_iface.c,1459,FP,"CONFIRMED categorical FP: idiomatic 'T *ptr, size_t len' (buf/buflen or reply/max_len pair) or plain NUL-terminated string parameter - not a real conformant-array-syntax gap",41plus_b2,high
API05-C,hostap,wpa_supplicant/ctrl_iface.c,1459,FP,"CONFIRMED categorical FP: idiomatic 'T *ptr, size_t len' (buf/buflen or reply/max_len pair) or plain NUL-terminated string parameter - not a real conformant-array-syntax gap",41plus_b2,high
EXP40-C,hostap,wpa_supplicant/ctrl_iface.c,1462,FP,"'bssid' is a plain (non-const) local u8 array - there is no const-qualified pointer here at all, so 'pointer to const assigned without cast' is a false premise",41plus_b2,high
DCL37-C,hostap,wpa_supplicant/ctrl_iface.c,1462,FP,"'_bssid'/'_p2p_dev_addr' are ordinary block-scope local variables inside a function, not file-scope identifiers - extends the confirmed DCL37-C block-scope-misapplied pattern",41plus_b2,high
STR34-C,hostap,wpa_supplicant/ctrl_iface.c,1468,FP,"plain char-to-char (or char-to-'\0'-literal) assignment, no widening conversion occurs - extends the confirmed STR34-C no-widening FP class",41plus_b2,high
MSC01-C,hostap,wpa_supplicant/ctrl_iface.c,1476,FP,"if/else-if chain has no final else because the implicit fall-through case is already the correct default behavior (e.g. ret retains its valid value, or the variable already holds its validly-parsed default) - stylistic pedantry, not a missing-case defect",41plus_b2,high
STR34-C,hostap,wpa_supplicant/ctrl_iface.c,1490,FP,"plain char-to-char (or char-to-'\0'-literal) assignment, no widening conversion occurs - extends the confirmed STR34-C no-widening FP class",41plus_b2,high
ERR07-C,hostap,wpa_supplicant/ctrl_iface.c,1491,TP,atoi() result used with no subsequent range/error check - genuine ERR07-C gap,41plus_b2,med
ERR34-C,hostap,wpa_supplicant/ctrl_iface.c,1491,TP,"atoi() lacks conversion-error detection, no validation follows - genuine gap",41plus_b2,med
EXP33-C,hostap,wpa_supplicant/ctrl_iface.c,1517,FP,'ret' is always set via wps_generate_pin() before the only path (goto done) that reaches this line - rule doesn't track goto-target initialization from the preceding branch,41plus_b2,high
DCL13-C,hostap,wpa_supplicant/ctrl_iface.c,1525,TP,"plain internal helper (wpa_supplicant_ctrl_iface_wps_pin), param genuinely never modified/forwarded to a non-const-requiring call - real (low-severity) const opportunity, not the eloop/EAP-vtable dispatch-contract FP class",41plus_b2,med
API05-C,hostap,wpa_supplicant/ctrl_iface.c,1525,FP,"CONFIRMED categorical FP: idiomatic 'T *ptr, size_t len' (buf/buflen or reply/max_len pair) or plain NUL-terminated string parameter - not a real conformant-array-syntax gap",41plus_b2,high
API05-C,hostap,wpa_supplicant/ctrl_iface.c,1525,FP,"CONFIRMED categorical FP: idiomatic 'T *ptr, size_t len' (buf/buflen or reply/max_len pair) or plain NUL-terminated string parameter - not a real conformant-array-syntax gap",41plus_b2,high
MSC41-C,hostap,wpa_supplicant/ctrl_iface.c,1532,FP,"'WPS_CHECK_PIN' is just the debug-log label/tag argument, not secret data; the actual PIN value is in 'cmd' and is correctly routed through the dedicated *_key hexdump logging function",41plus_b2,high
STR34-C,hostap,wpa_supplicant/ctrl_iface.c,1537,FP,"plain char-to-char (or char-to-'\0'-literal) assignment, no widening conversion occurs - extends the confirmed STR34-C no-widening FP class",41plus_b2,high
STR34-C,hostap,wpa_supplicant/ctrl_iface.c,1537,FP,"plain char-to-char (or char-to-'\0'-literal) assignment, no widening conversion occurs - extends the confirmed STR34-C no-widening FP class",41plus_b2,high
ERR07-C,hostap,wpa_supplicant/ctrl_iface.c,1551,FP,pin_val is validated immediately via wps_pin_valid() checksum check right after conversion,41plus_b2,high
ERR34-C,hostap,wpa_supplicant/ctrl_iface.c,1551,FP,same - functional validation follows the conversion,41plus_b2,high
EXP33-C,hostap,wpa_supplicant/ctrl_iface.c,1561,FP,"'pin' is unconditionally NUL-terminated at line 1547 before this read; the format string only reads up to the NUL, never touching the trailing uninitialized bytes",41plus_b2,high
EXP40-C,hostap,wpa_supplicant/ctrl_iface.c,1574,FP,"'bssid' is a plain (non-const) local u8 array - there is no const-qualified pointer here at all, so 'pointer to const assigned without cast' is a false premise",41plus_b2,high
DCL37-C,hostap,wpa_supplicant/ctrl_iface.c,1574,FP,"'_bssid'/'_p2p_dev_addr' are ordinary block-scope local variables inside a function, not file-scope identifiers - extends the confirmed DCL37-C block-scope-misapplied pattern",41plus_b2,high
MSC01-C,hostap,wpa_supplicant/ctrl_iface.c,1578,FP,"if/else-if chain has no final else because the implicit fall-through case is already the correct default behavior (e.g. ret retains its valid value, or the variable already holds its validly-parsed default) - stylistic pedantry, not a missing-case defect",41plus_b2,high
API05-C,hostap,wpa_supplicant/ctrl_iface.c,1587,FP,"CONFIRMED categorical FP: idiomatic 'T *ptr, size_t len' (buf/buflen or reply/max_len pair) or plain NUL-terminated string parameter - not a real conformant-array-syntax gap",41plus_b2,high
API05-C,hostap,wpa_supplicant/ctrl_iface.c,1587,FP,"CONFIRMED categorical FP: idiomatic 'T *ptr, size_t len' (buf/buflen or reply/max_len pair) or plain NUL-terminated string parameter - not a real conformant-array-syntax gap",41plus_b2,high
STR34-C,hostap,wpa_supplicant/ctrl_iface.c,1596,FP,"plain char-to-char (or char-to-'\0'-literal) assignment, no widening conversion occurs - extends the confirmed STR34-C no-widening FP class",41plus_b2,high
EXP30-C,hostap,wpa_supplicant/ctrl_iface.c,1608,FP,CONFIRMED pattern: wpabuf_head()/wpabuf_len() are pure accessor functions with no side effects - not unsequenced side effects,41plus_b2,high
API05-C,hostap,wpa_supplicant/ctrl_iface.c,1620,FP,"CONFIRMED categorical FP: idiomatic 'T *ptr, size_t len' (buf/buflen or reply/max_len pair) or plain NUL-terminated string parameter - not a real conformant-array-syntax gap",41plus_b2,high
API05-C,hostap,wpa_supplicant/ctrl_iface.c,1620,FP,"CONFIRMED categorical FP: idiomatic 'T *ptr, size_t len' (buf/buflen or reply/max_len pair) or plain NUL-terminated string parameter - not a real conformant-array-syntax gap",41plus_b2,high
EXP30-C,hostap,wpa_supplicant/ctrl_iface.c,1637,FP,CONFIRMED pattern: wpabuf_head()/wpabuf_len() are pure accessor functions with no side effects - not unsequenced side effects,41plus_b2,high
STR34-C,hostap,wpa_supplicant/ctrl_iface.c,1659,FP,"plain char-to-char (or char-to-'\0'-literal) assignment, no widening conversion occurs - extends the confirmed STR34-C no-widening FP class",41plus_b2,high
ERR07-C,hostap,wpa_supplicant/ctrl_iface.c,1661,TP,atoi() result used with no subsequent range/error check - genuine ERR07-C gap,41plus_b2,med
ERR34-C,hostap,wpa_supplicant/ctrl_iface.c,1661,TP,"atoi() lacks conversion-error detection, no validation follows - genuine gap",41plus_b2,med
INT14-C,hostap,wpa_supplicant/ctrl_iface.c,1665,FP,'len' used for a parity check (len & 0x01) then unrelated arithmetic (len /= 2) - extends the confirmed INT14-C stylistic-pedantry-mismatch pattern (wpabuf.c:330),41plus_b2,high
API05-C,hostap,wpa_supplicant/ctrl_iface.c,1685,FP,"CONFIRMED categorical FP: idiomatic 'T *ptr, size_t len' (buf/buflen or reply/max_len pair) or plain NUL-terminated string parameter - not a real conformant-array-syntax gap",41plus_b2,high
EXP30-C,hostap,wpa_supplicant/ctrl_iface.c,1695,FP,CONFIRMED pattern: wpabuf_head()/wpabuf_len() are pure accessor functions with no side effects - not unsequenced side effects,41plus_b2,high
API05-C,hostap,wpa_supplicant/ctrl_iface.c,1708,FP,"CONFIRMED categorical FP: idiomatic 'T *ptr, size_t len' (buf/buflen or reply/max_len pair) or plain NUL-terminated string parameter - not a real conformant-array-syntax gap",41plus_b2,high
EXP30-C,hostap,wpa_supplicant/ctrl_iface.c,1720,FP,CONFIRMED pattern: wpabuf_head()/wpabuf_len() are pure accessor functions with no side effects - not unsequenced side effects,41plus_b2,high
API05-C,hostap,wpa_supplicant/ctrl_iface.c,1733,FP,"CONFIRMED categorical FP: idiomatic 'T *ptr, size_t len' (buf/buflen or reply/max_len pair) or plain NUL-terminated string parameter - not a real conformant-array-syntax gap",41plus_b2,high
API05-C,hostap,wpa_supplicant/ctrl_iface.c,1733,FP,"CONFIRMED categorical FP: idiomatic 'T *ptr, size_t len' (buf/buflen or reply/max_len pair) or plain NUL-terminated string parameter - not a real conformant-array-syntax gap",41plus_b2,high
STR34-C,hostap,wpa_supplicant/ctrl_iface.c,1742,FP,"plain char-to-char (or char-to-'\0'-literal) assignment, no widening conversion occurs - extends the confirmed STR34-C no-widening FP class",41plus_b2,high
API05-C,hostap,wpa_supplicant/ctrl_iface.c,1770,FP,"CONFIRMED categorical FP: idiomatic 'T *ptr, size_t len' (buf/buflen or reply/max_len pair) or plain NUL-terminated string parameter - not a real conformant-array-syntax gap",41plus_b2,high
API05-C,hostap,wpa_supplicant/ctrl_iface.c,1771,FP,"CONFIRMED categorical FP: idiomatic 'T *ptr, size_t len' (buf/buflen or reply/max_len pair) or plain NUL-terminated string parameter - not a real conformant-array-syntax gap",41plus_b2,high
EXP30-C,hostap,wpa_supplicant/ctrl_iface.c,1780,FP,CONFIRMED pattern: wpabuf_head()/wpabuf_len() are pure accessor functions with no side effects - not unsequenced side effects,41plus_b2,high
API05-C,hostap,wpa_supplicant/ctrl_iface.c,1793,FP,"CONFIRMED categorical FP: idiomatic 'T *ptr, size_t len' (buf/buflen or reply/max_len pair) or plain NUL-terminated string parameter - not a real conformant-array-syntax gap",41plus_b2,high
EXP30-C,hostap,wpa_supplicant/ctrl_iface.c,1803,FP,wpabuf_head()/wpabuf_len() are side-effect-free accessor calls — confirmed EXP30-C pure-accessor-args FP class,41plus_b3,high
API05-C,hostap,wpa_supplicant/ctrl_iface.c,1816,FP,Pointer param is a NUL-terminated C string or already paired with a size_t companion in this signature — confirmed API05-C ptr+len/plain-C-string categorical FP,41plus_b3,high
API05-C,hostap,wpa_supplicant/ctrl_iface.c,1816,FP,Pointer param is a NUL-terminated C string or already paired with a size_t companion in this signature — confirmed API05-C ptr+len/plain-C-string categorical FP,41plus_b3,high
STR34-C,hostap,wpa_supplicant/ctrl_iface.c,1825,FP,"Plain char-to-char assignment (*ptr++ = literal char), no widening conversion — confirmed categorical FP (STR34-C char-to-char pattern)",41plus_b3,high
STR34-C,hostap,wpa_supplicant/ctrl_iface.c,1836,FP,"Plain char-to-char assignment (*ptr++ = literal char), no widening conversion — confirmed categorical FP (STR34-C char-to-char pattern)",41plus_b3,high
DCL13-C,hostap,wpa_supplicant/ctrl_iface.c,1862,FP,"cmd's pointee IS modified (role/pos alias into the same cmd buffer, *pos++='\0') — DCL13-C misses the mutation through an aliased local pointer variable",41plus_b3,med
STR30-C,hostap,wpa_supplicant/ctrl_iface.c,1874,FP,"freq points into the caller-supplied cmd buffer (via strstr), not a string literal — STR30-C misfire",41plus_b3,high
STR34-C,hostap,wpa_supplicant/ctrl_iface.c,1874,FP,"Plain char-to-char assignment (*ptr++ = literal char), no widening conversion — confirmed categorical FP (STR34-C char-to-char pattern)",41plus_b3,high
ERR07-C,hostap,wpa_supplicant/ctrl_iface.c,1876,TP,atoi() used on ctrl_iface command text with no strtol/range/error checking on the parsed value — genuine ERR07-C/ERR34-C violation,41plus_b3,low
ERR34-C,hostap,wpa_supplicant/ctrl_iface.c,1876,TP,atoi() used on ctrl_iface command text with no strtol/range/error checking on the parsed value — genuine ERR07-C/ERR34-C violation,41plus_b3,low
STR34-C,hostap,wpa_supplicant/ctrl_iface.c,1886,FP,"Plain char-to-char assignment (*ptr++ = literal char), no widening conversion — confirmed categorical FP (STR34-C char-to-char pattern)",41plus_b3,high
STR34-C,hostap,wpa_supplicant/ctrl_iface.c,1894,FP,"Plain char-to-char assignment (*ptr++ = literal char), no widening conversion — confirmed categorical FP (STR34-C char-to-char pattern)",41plus_b3,high
STR34-C,hostap,wpa_supplicant/ctrl_iface.c,1901,FP,"Plain char-to-char assignment (*ptr++ = literal char), no widening conversion — confirmed categorical FP (STR34-C char-to-char pattern)",41plus_b3,high
INT14-C,hostap,wpa_supplicant/ctrl_iface.c,1904,FP,len used in a parity bitmask test (len & 0x01) then arithmetic elsewhere — confirmed INT14-C stylistic-pedantry FP class,41plus_b3,med
STR34-C,hostap,wpa_supplicant/ctrl_iface.c,1994,FP,"Plain char-to-char assignment (*ptr++ = literal char), no widening conversion — confirmed categorical FP (STR34-C char-to-char pattern)",41plus_b3,high
STR34-C,hostap,wpa_supplicant/ctrl_iface.c,2005,FP,"Plain char-to-char assignment (*ptr++ = literal char), no widening conversion — confirmed categorical FP (STR34-C char-to-char pattern)",41plus_b3,high
STR34-C,hostap,wpa_supplicant/ctrl_iface.c,2010,FP,"Plain char-to-char assignment (*ptr++ = literal char), no widening conversion — confirmed categorical FP (STR34-C char-to-char pattern)",41plus_b3,high
STR34-C,hostap,wpa_supplicant/ctrl_iface.c,2015,FP,"Plain char-to-char assignment (*ptr++ = literal char), no widening conversion — confirmed categorical FP (STR34-C char-to-char pattern)",41plus_b3,high
STR34-C,hostap,wpa_supplicant/ctrl_iface.c,2020,FP,"Plain char-to-char assignment (*ptr++ = literal char), no widening conversion — confirmed categorical FP (STR34-C char-to-char pattern)",41plus_b3,high
API05-C,hostap,wpa_supplicant/ctrl_iface.c,2033,FP,Pointer param is a NUL-terminated C string or already paired with a size_t companion in this signature — confirmed API05-C ptr+len/plain-C-string categorical FP,41plus_b3,high
API05-C,hostap,wpa_supplicant/ctrl_iface.c,2033,FP,Pointer param is a NUL-terminated C string or already paired with a size_t companion in this signature — confirmed API05-C ptr+len/plain-C-string categorical FP,41plus_b3,high
STR34-C,hostap,wpa_supplicant/ctrl_iface.c,2045,FP,"Plain char-to-char assignment (*ptr++ = literal char), no widening conversion — confirmed categorical FP (STR34-C char-to-char pattern)",41plus_b3,high
ERR07-C,hostap,wpa_supplicant/ctrl_iface.c,2054,TP,atoi() used on ctrl_iface command text with no strtol/range/error checking on the parsed value — genuine ERR07-C/ERR34-C violation,41plus_b3,low
ERR34-C,hostap,wpa_supplicant/ctrl_iface.c,2054,TP,atoi() used on ctrl_iface command text with no strtol/range/error checking on the parsed value — genuine ERR07-C/ERR34-C violation,41plus_b3,low
STR34-C,hostap,wpa_supplicant/ctrl_iface.c,2075,FP,"Plain char-to-char assignment (*ptr++ = literal char), no widening conversion — confirmed categorical FP (STR34-C char-to-char pattern)",41plus_b3,high
ERR07-C,hostap,wpa_supplicant/ctrl_iface.c,2076,TP,atoi() used on ctrl_iface command text with no strtol/range/error checking on the parsed value — genuine ERR07-C/ERR34-C violation,41plus_b3,low
ERR34-C,hostap,wpa_supplicant/ctrl_iface.c,2076,TP,atoi() used on ctrl_iface command text with no strtol/range/error checking on the parsed value — genuine ERR07-C/ERR34-C violation,41plus_b3,low
EXP40-C,hostap,wpa_supplicant/ctrl_iface.c,2094,FP,neither side of the assignment is const-qualified in this signature — EXP40-C fires despite no const pointer being present (confirmed rule-bug pattern),41plus_b3,high
STR34-C,hostap,wpa_supplicant/ctrl_iface.c,2099,FP,"Plain char-to-char assignment (*ptr++ = literal char), no widening conversion — confirmed categorical FP (STR34-C char-to-char pattern)",41plus_b3,high
STR34-C,hostap,wpa_supplicant/ctrl_iface.c,2102,FP,"Plain char-to-char assignment (*ptr++ = literal char), no widening conversion — confirmed categorical FP (STR34-C char-to-char pattern)",41plus_b3,high
EXP40-C,hostap,wpa_supplicant/ctrl_iface.c,2113,FP,neither side of the assignment is const-qualified in this signature — EXP40-C fires despite no const pointer being present (confirmed rule-bug pattern),41plus_b3,high
STR34-C,hostap,wpa_supplicant/ctrl_iface.c,2117,FP,"Plain char-to-char assignment (*ptr++ = literal char), no widening conversion — confirmed categorical FP (STR34-C char-to-char pattern)",41plus_b3,high
EXP40-C,hostap,wpa_supplicant/ctrl_iface.c,2125,FP,neither side of the assignment is const-qualified in this signature — EXP40-C fires despite no const pointer being present (confirmed rule-bug pattern),41plus_b3,high
STR34-C,hostap,wpa_supplicant/ctrl_iface.c,2129,FP,"Plain char-to-char assignment (*ptr++ = literal char), no widening conversion — confirmed categorical FP (STR34-C char-to-char pattern)",41plus_b3,high
INT32-C,hostap,wpa_supplicant/ctrl_iface.c,2129,FP,"'id' here is a char* (os_strchr result), not a signed integer — INT32-C misclassifies a pointer increment as integer overflow",41plus_b3,high
ERR07-C,hostap,wpa_supplicant/ctrl_iface.c,2130,TP,atoi() used on ctrl_iface command text with no strtol/range/error checking on the parsed value — genuine ERR07-C/ERR34-C violation,41plus_b3,low
ERR34-C,hostap,wpa_supplicant/ctrl_iface.c,2130,TP,atoi() used on ctrl_iface command text with no strtol/range/error checking on the parsed value — genuine ERR07-C/ERR34-C violation,41plus_b3,low
STR34-C,hostap,wpa_supplicant/ctrl_iface.c,2147,FP,"Plain char-to-char assignment (*ptr++ = literal char), no widening conversion — confirmed categorical FP (STR34-C char-to-char pattern)",41plus_b3,high
STR34-C,hostap,wpa_supplicant/ctrl_iface.c,2152,FP,"Plain char-to-char assignment (*ptr++ = literal char), no widening conversion — confirmed categorical FP (STR34-C char-to-char pattern)",41plus_b3,high
STR34-C,hostap,wpa_supplicant/ctrl_iface.c,2157,FP,"Plain char-to-char assignment (*ptr++ = literal char), no widening conversion — confirmed categorical FP (STR34-C char-to-char pattern)",41plus_b3,high
STR34-C,hostap,wpa_supplicant/ctrl_iface.c,2162,FP,"Plain char-to-char assignment (*ptr++ = literal char), no widening conversion — confirmed categorical FP (STR34-C char-to-char pattern)",41plus_b3,high
STR34-C,hostap,wpa_supplicant/ctrl_iface.c,2167,FP,"Plain char-to-char assignment (*ptr++ = literal char), no widening conversion — confirmed categorical FP (STR34-C char-to-char pattern)",41plus_b3,high
API05-C,hostap,wpa_supplicant/ctrl_iface.c,2180,FP,Pointer param is a NUL-terminated C string or already paired with a size_t companion in this signature — confirmed API05-C ptr+len/plain-C-string categorical FP,41plus_b3,high
API05-C,hostap,wpa_supplicant/ctrl_iface.c,2180,FP,Pointer param is a NUL-terminated C string or already paired with a size_t companion in this signature — confirmed API05-C ptr+len/plain-C-string categorical FP,41plus_b3,high
STR34-C,hostap,wpa_supplicant/ctrl_iface.c,2190,FP,"Plain char-to-char assignment (*ptr++ = literal char), no widening conversion — confirmed categorical FP (STR34-C char-to-char pattern)",41plus_b3,high
EXP30-C,hostap,wpa_supplicant/ctrl_iface.c,2203,FP,wpabuf_head()/wpabuf_len() are side-effect-free accessor calls — confirmed EXP30-C pure-accessor-args FP class,41plus_b3,high
DCL13-C,hostap,wpa_supplicant/ctrl_iface.c,2220,TP,"wpa_s genuinely read-only here; only wpa_s->ibss_rsn (a field) is forwarded into ibss_rsn_start, not wpa_s itself — real (if low-severity) TP per the field-vs-pointer-forwarding distinction",41plus_b3,low
MSC37-C,hostap,wpa_supplicant/ctrl_iface.c,2238,FP,every branch (including the #ifdef/#else alternative) explicitly returns; preprocessor-branch-blind MSC37-C misfire (extends confirmed dbus_common.c:341 pattern),41plus_b3,high
STR34-C,hostap,wpa_supplicant/ctrl_iface.c,2249,FP,"Plain char-to-char assignment (*ptr++ = literal char), no widening conversion — confirmed categorical FP (STR34-C char-to-char pattern)",41plus_b3,high
STR34-C,hostap,wpa_supplicant/ctrl_iface.c,2254,FP,"Plain char-to-char assignment (*ptr++ = literal char), no widening conversion — confirmed categorical FP (STR34-C char-to-char pattern)",41plus_b3,high
ERR07-C,hostap,wpa_supplicant/ctrl_iface.c,2255,TP,atoi() used on ctrl_iface command text with no strtol/range/error checking on the parsed value — genuine ERR07-C/ERR34-C violation,41plus_b3,low
ERR34-C,hostap,wpa_supplicant/ctrl_iface.c,2255,TP,atoi() used on ctrl_iface command text with no strtol/range/error checking on the parsed value — genuine ERR07-C/ERR34-C violation,41plus_b3,low
DCL37-C,hostap,wpa_supplicant/ctrl_iface.c,2307,FP,"block-scope local variable inside a function, not file-scope — confirmed DCL37-C block-scope misapplication pattern",41plus_b3,high
ENV01-C,hostap,wpa_supplicant/ctrl_iface.c,2309,FP,plain fixed-size local buffer (SSID_MAX_LEN); no getenv/putenv anywhere in the function — confirmed ENV01-C wholesale-misfire pattern,41plus_b3,high
DCL37-C,hostap,wpa_supplicant/ctrl_iface.c,2311,FP,"block-scope local variable inside a function, not file-scope — confirmed DCL37-C block-scope misapplication pattern",41plus_b3,high
PRE32-C,hostap,wpa_supplicant/ctrl_iface.c,2419,FP,no strstr (or any macro-eligible) call at this line at all — the #ifdef is inside an if-condition several lines above; finding is misattributed,41plus_b3,high
EXP45-C,hostap,wpa_supplicant/ctrl_iface.c,2475,FP,"assignment is already wrapped in its own parens (hs20 = ...) — the exact CERT-recommended mitigation to signal deliberate assignment, so this is compliant, not a violation",41plus_b3,med
INT32-C,hostap,wpa_supplicant/ctrl_iface.c,2482,FP,"rel_num is (hs20[6]&0xf0)>>4, bounded 0-15; rel_num+1 maxes at 16, no realistic signed overflow — rule doesn't see the bounded protocol-derived range",41plus_b3,med
EXP40-C,hostap,wpa_supplicant/ctrl_iface.c,2572,FP,neither side of the assignment is const-qualified in this signature — EXP40-C fires despite no const pointer being present (confirmed rule-bug pattern),41plus_b3,high
DCL13-C,hostap,wpa_supplicant/ctrl_iface.c,2674,TP,"wpa_s is read-only in this function (only wpa_s->conf/wpa_config_get_network reads) — genuine, if trivial, const-eligible TP",41plus_b3,low
STR34-C,hostap,wpa_supplicant/ctrl_iface.c,2686,FP,"Plain char-to-char assignment (*ptr++ = literal char), no widening conversion — confirmed categorical FP (STR34-C char-to-char pattern)",41plus_b3,high
ERR07-C,hostap,wpa_supplicant/ctrl_iface.c,2687,TP,atoi() used on ctrl_iface command text with no strtol/range/error checking on the parsed value — genuine ERR07-C/ERR34-C violation,41plus_b3,low
ERR34-C,hostap,wpa_supplicant/ctrl_iface.c,2687,TP,atoi() used on ctrl_iface command text with no strtol/range/error checking on the parsed value — genuine ERR07-C/ERR34-C violation,41plus_b3,low
CON07-C,hostap,wpa_supplicant/ctrl_iface.c,2708,FP,"'cmd' is an ordinary function parameter (local pointer), not a shared static variable — CON07-C misclassifies the variable's storage class",41plus_b3,high
API05-C,hostap,wpa_supplicant/ctrl_iface.c,2709,FP,Pointer param is a NUL-terminated C string or already paired with a size_t companion in this signature — confirmed API05-C ptr+len/plain-C-string categorical FP,41plus_b3,high
API05-C,hostap,wpa_supplicant/ctrl_iface.c,2709,FP,Pointer param is a NUL-terminated C string or already paired with a size_t companion in this signature — confirmed API05-C ptr+len/plain-C-string categorical FP,41plus_b3,high
CON07-C,hostap,wpa_supplicant/ctrl_iface.c,2761,FP,"'cmd' is an ordinary function parameter (local pointer), not a shared static variable — CON07-C misclassifies the variable's storage class",41plus_b3,high
DCL13-C,hostap,wpa_supplicant/ctrl_iface.c,2761,TP,"wpa_s is entirely unused in this function body (only cmd/buf/buflen and globals are used) — trivially const-eligible, real TP",41plus_b3,low
API05-C,hostap,wpa_supplicant/ctrl_iface.c,2762,FP,Pointer param is a NUL-terminated C string or already paired with a size_t companion in this signature — confirmed API05-C ptr+len/plain-C-string categorical FP,41plus_b3,high
API05-C,hostap,wpa_supplicant/ctrl_iface.c,2762,FP,Pointer param is a NUL-terminated C string or already paired with a size_t companion in this signature — confirmed API05-C ptr+len/plain-C-string categorical FP,41plus_b3,high
STR34-C,hostap,wpa_supplicant/ctrl_iface.c,2787,FP,"Plain char-to-char assignment (*ptr++ = literal char), no widening conversion — confirmed categorical FP (STR34-C char-to-char pattern)",41plus_b3,high
STR34-C,hostap,wpa_supplicant/ctrl_iface.c,2794,FP,"Plain char-to-char assignment (*ptr++ = literal char), no widening conversion — confirmed categorical FP (STR34-C char-to-char pattern)",41plus_b3,high
ERR07-C,hostap,wpa_supplicant/ctrl_iface.c,2801,TP,atoi() used on ctrl_iface command text with no strtol/range/error checking on the parsed value — genuine ERR07-C/ERR34-C violation,41plus_b3,low
ERR34-C,hostap,wpa_supplicant/ctrl_iface.c,2801,TP,atoi() used on ctrl_iface command text with no strtol/range/error checking on the parsed value — genuine ERR07-C/ERR34-C violation,41plus_b3,low
DCL13-C,hostap,wpa_supplicant/ctrl_iface.c,2809,TP,"wpa_s used read-only (wpa_s->conf->ssid, wpa_s->current_ssid) — genuine, if low-severity, TP",41plus_b3,low
API05-C,hostap,wpa_supplicant/ctrl_iface.c,2809,FP,Pointer param is a NUL-terminated C string or already paired with a size_t companion in this signature — confirmed API05-C ptr+len/plain-C-string categorical FP,41plus_b3,high
API05-C,hostap,wpa_supplicant/ctrl_iface.c,2809,FP,Pointer param is a NUL-terminated C string or already paired with a size_t companion in this signature — confirmed API05-C ptr+len/plain-C-string categorical FP,41plus_b3,high
DCL13-C,hostap,wpa_supplicant/ctrl_iface.c,2809,FP,"buf's pointee IS modified (pos=buf; os_snprintf(pos,...); pos+=ret writes through the aliased pos) — DCL13-C misses the mutation via an aliased local pointer",41plus_b3,med
ERR07-C,hostap,wpa_supplicant/ctrl_iface.c,2827,TP,atoi() used on ctrl_iface command text with no strtol/range/error checking on the parsed value — genuine ERR07-C/ERR34-C violation,41plus_b3,low
ERR34-C,hostap,wpa_supplicant/ctrl_iface.c,2827,TP,atoi() used on ctrl_iface command text with no strtol/range/error checking on the parsed value — genuine ERR07-C/ERR34-C violation,41plus_b3,low
STR34-C,hostap,wpa_supplicant/ctrl_iface.c,2827,FP,"Plain char-to-char assignment (*ptr++ = literal char), no widening conversion — confirmed categorical FP (STR34-C char-to-char pattern)",41plus_b3,high
ARR36-C,hostap,wpa_supplicant/ctrl_iface.c,2878,FP,pos/end paired bounds-parameter idiom threaded through this parser helper; both derive from the same caller buffer — confirmed ARR36-C paired-bounds FP pattern,41plus_b3,high
ARR36-C,hostap,wpa_supplicant/ctrl_iface.c,2879,FP,pos/end paired bounds-parameter idiom threaded through this parser helper; both derive from the same caller buffer — confirmed ARR36-C paired-bounds FP pattern,41plus_b3,high
API05-C,hostap,wpa_supplicant/ctrl_iface.c,2890,FP,Pointer param is a NUL-terminated C string or already paired with a size_t companion in this signature — confirmed API05-C ptr+len/plain-C-string categorical FP,41plus_b3,high
API05-C,hostap,wpa_supplicant/ctrl_iface.c,2890,FP,Pointer param is a NUL-terminated C string or already paired with a size_t companion in this signature — confirmed API05-C ptr+len/plain-C-string categorical FP,41plus_b3,high
API05-C,hostap,wpa_supplicant/ctrl_iface.c,2890,FP,Pointer param is a NUL-terminated C string or already paired with a size_t companion in this signature — confirmed API05-C ptr+len/plain-C-string categorical FP,41plus_b3,high
ARR36-C,hostap,wpa_supplicant/ctrl_iface.c,2897,FP,pos/end paired bounds-parameter idiom threaded through this parser helper; both derive from the same caller buffer — confirmed ARR36-C paired-bounds FP pattern,41plus_b3,high
ARR36-C,hostap,wpa_supplicant/ctrl_iface.c,2898,FP,pos/end paired bounds-parameter idiom threaded through this parser helper; both derive from the same caller buffer — confirmed ARR36-C paired-bounds FP pattern,41plus_b3,high
ARR36-C,hostap,wpa_supplicant/ctrl_iface.c,2903,FP,pos/end paired bounds-parameter idiom threaded through this parser helper; both derive from the same caller buffer — confirmed ARR36-C paired-bounds FP pattern,41plus_b3,high
ARR36-C,hostap,wpa_supplicant/ctrl_iface.c,2904,FP,pos/end paired bounds-parameter idiom threaded through this parser helper; both derive from the same caller buffer — confirmed ARR36-C paired-bounds FP pattern,41plus_b3,high
ARR36-C,hostap,wpa_supplicant/ctrl_iface.c,2912,FP,pos/end paired bounds-parameter idiom threaded through this parser helper; both derive from the same caller buffer — confirmed ARR36-C paired-bounds FP pattern,41plus_b3,high
ARR36-C,hostap,wpa_supplicant/ctrl_iface.c,2914,FP,pos/end paired bounds-parameter idiom threaded through this parser helper; both derive from the same caller buffer — confirmed ARR36-C paired-bounds FP pattern,41plus_b3,high
ARR36-C,hostap,wpa_supplicant/ctrl_iface.c,2919,FP,pos/end paired bounds-parameter idiom threaded through this parser helper; both derive from the same caller buffer — confirmed ARR36-C paired-bounds FP pattern,41plus_b3,high
ARR36-C,hostap,wpa_supplicant/ctrl_iface.c,2921,FP,pos/end paired bounds-parameter idiom threaded through this parser helper; both derive from the same caller buffer — confirmed ARR36-C paired-bounds FP pattern,41plus_b3,high
ARR36-C,hostap,wpa_supplicant/ctrl_iface.c,2926,FP,pos/end paired bounds-parameter idiom threaded through this parser helper; both derive from the same caller buffer — confirmed ARR36-C paired-bounds FP pattern,41plus_b3,high
ARR36-C,hostap,wpa_supplicant/ctrl_iface.c,2928,FP,pos/end paired bounds-parameter idiom threaded through this parser helper; both derive from the same caller buffer — confirmed ARR36-C paired-bounds FP pattern,41plus_b3,high
ARR36-C,hostap,wpa_supplicant/ctrl_iface.c,2933,FP,pos/end paired bounds-parameter idiom threaded through this parser helper; both derive from the same caller buffer — confirmed ARR36-C paired-bounds FP pattern,41plus_b3,high
ARR36-C,hostap,wpa_supplicant/ctrl_iface.c,2935,FP,pos/end paired bounds-parameter idiom threaded through this parser helper; both derive from the same caller buffer — confirmed ARR36-C paired-bounds FP pattern,41plus_b3,high
ARR36-C,hostap,wpa_supplicant/ctrl_iface.c,2940,FP,pos/end paired bounds-parameter idiom threaded through this parser helper; both derive from the same caller buffer — confirmed ARR36-C paired-bounds FP pattern,41plus_b3,high
ARR36-C,hostap,wpa_supplicant/ctrl_iface.c,2942,FP,pos/end paired bounds-parameter idiom threaded through this parser helper; both derive from the same caller buffer — confirmed ARR36-C paired-bounds FP pattern,41plus_b3,high
ARR36-C,hostap,wpa_supplicant/ctrl_iface.c,2948,FP,pos/end paired bounds-parameter idiom threaded through this parser helper; both derive from the same caller buffer — confirmed ARR36-C paired-bounds FP pattern,41plus_b3,high
ARR36-C,hostap,wpa_supplicant/ctrl_iface.c,2950,FP,pos/end paired bounds-parameter idiom threaded through this parser helper; both derive from the same caller buffer — confirmed ARR36-C paired-bounds FP pattern,41plus_b3,high
ARR36-C,hostap,wpa_supplicant/ctrl_iface.c,2955,FP,pos/end paired bounds-parameter idiom threaded through this parser helper; both derive from the same caller buffer — confirmed ARR36-C paired-bounds FP pattern,41plus_b3,high
ARR36-C,hostap,wpa_supplicant/ctrl_iface.c,2957,FP,pos/end paired bounds-parameter idiom threaded through this parser helper; both derive from the same caller buffer — confirmed ARR36-C paired-bounds FP pattern,41plus_b3,high
ARR36-C,hostap,wpa_supplicant/ctrl_iface.c,2962,FP,pos/end paired bounds-parameter idiom threaded through this parser helper; both derive from the same caller buffer — confirmed ARR36-C paired-bounds FP pattern,41plus_b3,high
ARR36-C,hostap,wpa_supplicant/ctrl_iface.c,2964,FP,pos/end paired bounds-parameter idiom threaded through this parser helper; both derive from the same caller buffer — confirmed ARR36-C paired-bounds FP pattern,41plus_b3,high
ARR36-C,hostap,wpa_supplicant/ctrl_iface.c,2969,FP,pos/end paired bounds-parameter idiom threaded through this parser helper; both derive from the same caller buffer — confirmed ARR36-C paired-bounds FP pattern,41plus_b3,high
ARR36-C,hostap,wpa_supplicant/ctrl_iface.c,2971,FP,pos/end paired bounds-parameter idiom threaded through this parser helper; both derive from the same caller buffer — confirmed ARR36-C paired-bounds FP pattern,41plus_b3,high
ARR36-C,hostap,wpa_supplicant/ctrl_iface.c,2977,FP,pos/end paired bounds-parameter idiom threaded through this parser helper; both derive from the same caller buffer — confirmed ARR36-C paired-bounds FP pattern,41plus_b3,high
ARR36-C,hostap,wpa_supplicant/ctrl_iface.c,2979,FP,pos/end paired bounds-parameter idiom threaded through this parser helper; both derive from the same caller buffer — confirmed ARR36-C paired-bounds FP pattern,41plus_b3,high
ARR36-C,hostap,wpa_supplicant/ctrl_iface.c,2984,FP,pos/end paired bounds-parameter idiom threaded through this parser helper; both derive from the same caller buffer — confirmed ARR36-C paired-bounds FP pattern,41plus_b3,high
ARR36-C,hostap,wpa_supplicant/ctrl_iface.c,2986,FP,pos/end paired bounds-parameter idiom threaded through this parser helper; both derive from the same caller buffer — confirmed ARR36-C paired-bounds FP pattern,41plus_b3,high
ARR36-C,hostap,wpa_supplicant/ctrl_iface.c,2993,FP,pos/end paired bounds-parameter idiom threaded through this parser helper; both derive from the same caller buffer — confirmed ARR36-C paired-bounds FP pattern,41plus_b3,high
ARR36-C,hostap,wpa_supplicant/ctrl_iface.c,2995,FP,pos/end paired bounds-parameter idiom threaded through this parser helper; both derive from the same caller buffer — confirmed ARR36-C paired-bounds FP pattern,41plus_b3,high
ARR36-C,hostap,wpa_supplicant/ctrl_iface.c,3003,FP,pos/end paired bounds-parameter idiom threaded through this parser helper; both derive from the same caller buffer — confirmed ARR36-C paired-bounds FP pattern,41plus_b3,high
ARR36-C,hostap,wpa_supplicant/ctrl_iface.c,3005,FP,pos/end paired bounds-parameter idiom threaded through this parser helper; both derive from the same caller buffer — confirmed ARR36-C paired-bounds FP pattern,41plus_b3,high
ARR36-C,hostap,wpa_supplicant/ctrl_iface.c,3013,FP,pos/end paired bounds-parameter idiom threaded through this parser helper; both derive from the same caller buffer — confirmed ARR36-C paired-bounds FP pattern,41plus_b3,high
ARR36-C,hostap,wpa_supplicant/ctrl_iface.c,3015,FP,pos/end paired bounds-parameter idiom threaded through this parser helper; both derive from the same caller buffer — confirmed ARR36-C paired-bounds FP pattern,41plus_b3,high
ARR36-C,hostap,wpa_supplicant/ctrl_iface.c,3020,FP,pos/end paired bounds-parameter idiom threaded through this parser helper; both derive from the same caller buffer — confirmed ARR36-C paired-bounds FP pattern,41plus_b3,high
ARR36-C,hostap,wpa_supplicant/ctrl_iface.c,3022,FP,pos/end paired bounds-parameter idiom threaded through this parser helper; both derive from the same caller buffer — confirmed ARR36-C paired-bounds FP pattern,41plus_b3,high
ARR36-C,hostap,wpa_supplicant/ctrl_iface.c,3028,FP,pos/end paired bounds-parameter idiom threaded through this parser helper; both derive from the same caller buffer — confirmed ARR36-C paired-bounds FP pattern,41plus_b3,high
ARR36-C,hostap,wpa_supplicant/ctrl_iface.c,3030,FP,pos/end paired bounds-parameter idiom threaded through this parser helper; both derive from the same caller buffer — confirmed ARR36-C paired-bounds FP pattern,41plus_b3,high
ARR36-C,hostap,wpa_supplicant/ctrl_iface.c,3035,FP,pos/end paired bounds-parameter idiom threaded through this parser helper; both derive from the same caller buffer — confirmed ARR36-C paired-bounds FP pattern,41plus_b3,high
ARR36-C,hostap,wpa_supplicant/ctrl_iface.c,3037,FP,pos/end paired bounds-parameter idiom threaded through this parser helper; both derive from the same caller buffer — confirmed ARR36-C paired-bounds FP pattern,41plus_b3,high
ARR36-C,hostap,wpa_supplicant/ctrl_iface.c,3046,FP,pos/end paired bounds-parameter idiom threaded through this parser helper; both derive from the same caller buffer — confirmed ARR36-C paired-bounds FP pattern,41plus_b3,high
ARR36-C,hostap,wpa_supplicant/ctrl_iface.c,3048,FP,pos/end paired bounds-parameter idiom threaded through this parser helper; both derive from the same caller buffer — confirmed ARR36-C paired-bounds FP pattern,41plus_b3,high
ARR36-C,hostap,wpa_supplicant/ctrl_iface.c,3056,FP,pos/end paired bounds-parameter idiom threaded through this parser helper; both derive from the same caller buffer — confirmed ARR36-C paired-bounds FP pattern,41plus_b3,high
ARR36-C,hostap,wpa_supplicant/ctrl_iface.c,3058,FP,pos/end paired bounds-parameter idiom threaded through this parser helper; both derive from the same caller buffer — confirmed ARR36-C paired-bounds FP pattern,41plus_b3,high
ARR36-C,hostap,wpa_supplicant/ctrl_iface.c,3066,FP,pos/end paired bounds-parameter idiom threaded through this parser helper; both derive from the same caller buffer — confirmed ARR36-C paired-bounds FP pattern,41plus_b3,high
ARR36-C,hostap,wpa_supplicant/ctrl_iface.c,3068,FP,pos/end paired bounds-parameter idiom threaded through this parser helper; both derive from the same caller buffer — confirmed ARR36-C paired-bounds FP pattern,41plus_b3,high
ARR36-C,hostap,wpa_supplicant/ctrl_iface.c,3077,FP,pos/end paired bounds-parameter idiom threaded through this parser helper; both derive from the same caller buffer — confirmed ARR36-C paired-bounds FP pattern,41plus_b3,high
ARR36-C,hostap,wpa_supplicant/ctrl_iface.c,3078,FP,pos/end paired bounds-parameter idiom threaded through this parser helper; both derive from the same caller buffer — confirmed ARR36-C paired-bounds FP pattern,41plus_b3,high
ARR36-C,hostap,wpa_supplicant/ctrl_iface.c,3083,FP,pos/end paired bounds-parameter idiom threaded through this parser helper; both derive from the same caller buffer — confirmed ARR36-C paired-bounds FP pattern,41plus_b3,high
ARR36-C,hostap,wpa_supplicant/ctrl_iface.c,3084,FP,pos/end paired bounds-parameter idiom threaded through this parser helper; both derive from the same caller buffer — confirmed ARR36-C paired-bounds FP pattern,41plus_b3,high
DCL13-C,hostap,wpa_supplicant/ctrl_iface.c,3093,TP,"wpa_s used read-only (wpa_s->own_addr) — genuine, if trivial, TP",41plus_b3,low
DCL13-C,hostap,wpa_supplicant/ctrl_iface.c,3094,TP,"end is never modified or reassigned, only used for end-pos distance — genuine, if trivial, TP",41plus_b3,low
MEM10-C,hostap,wpa_supplicant/ctrl_iface.c,3100,FP,"plain if (ptr == NULL) guard — confirmed MEM10-C stylistic-pedantry FP (check is present, just not via a dedicated helper)",41plus_b3,high
ARR36-C,hostap,wpa_supplicant/ctrl_iface.c,3111,FP,pos/end paired bounds-parameter idiom threaded through this parser helper; both derive from the same caller buffer — confirmed ARR36-C paired-bounds FP pattern,41plus_b3,high
ARR36-C,hostap,wpa_supplicant/ctrl_iface.c,3112,FP,pos/end paired bounds-parameter idiom threaded through this parser helper; both derive from the same caller buffer — confirmed ARR36-C paired-bounds FP pattern,41plus_b3,high
MSC37-C,hostap,wpa_supplicant/ctrl_iface.c,3120,FP,every branch (including the #ifdef/#else alternative) explicitly returns; preprocessor-branch-blind MSC37-C misfire (extends confirmed dbus_common.c:341 pattern),41plus_b3,high
API05-C,hostap,wpa_supplicant/ctrl_iface.c,3137,FP,Pointer param is a NUL-terminated C string or already paired with a size_t companion in this signature — confirmed API05-C ptr+len/plain-C-string categorical FP,41plus_b3,high
DCL13-C,hostap,wpa_supplicant/ctrl_iface.c,3137,FP,buf's pointee IS modified (pos=buf; os_snprintf writes through pos) — DCL13-C misses the aliased-pointer mutation,41plus_b3,med
API05-C,hostap,wpa_supplicant/ctrl_iface.c,3301,FP,Pointer param is a NUL-terminated C string or already paired with a size_t companion in this signature — confirmed API05-C ptr+len/plain-C-string categorical FP,41plus_b3,high
DCL13-C,hostap,wpa_supplicant/ctrl_iface.c,3301,FP,buf's pointee IS modified (pos=buf; os_snprintf writes through pos) — DCL13-C misses the aliased-pointer mutation,41plus_b3,med
API05-C,hostap,wpa_supplicant/ctrl_iface.c,3330,FP,Pointer param is a NUL-terminated C string or already paired with a size_t companion in this signature — confirmed API05-C ptr+len/plain-C-string categorical FP,41plus_b3,high
API05-C,hostap,wpa_supplicant/ctrl_iface.c,3330,FP,Pointer param is a NUL-terminated C string or already paired with a size_t companion in this signature — confirmed API05-C ptr+len/plain-C-string categorical FP,41plus_b3,high
MEM05-C,hostap,wpa_supplicant/ctrl_iface.c,3332,FP,"ifname[IFNAMSIZ + 1] is a fixed-size array sized by a compile-time macro constant, not a VLA — confirmed ENV01/MEM05 misfire pattern",41plus_b3,high
DCL13-C,hostap,wpa_supplicant/ctrl_iface.c,3351,TP,"cmd used strictly read-only (only atoi(cmd)) — genuine, if trivial, TP",41plus_b3,low
ERR07-C,hostap,wpa_supplicant/ctrl_iface.c,3356,TP,atoi() used on ctrl_iface command text with no strtol/range/error checking on the parsed value — genuine ERR07-C/ERR34-C violation,41plus_b3,low
ERR34-C,hostap,wpa_supplicant/ctrl_iface.c,3356,TP,atoi() used on ctrl_iface command text with no strtol/range/error checking on the parsed value — genuine ERR07-C/ERR34-C violation,41plus_b3,low
EXP34-C,hostap,wpa_supplicant/ctrl_iface.c,3412,FP,"wpa_s guaranteed non-NULL: loop only breaks with found=1 when wpa_s matched, checked before this line (categorical: guard-clause-before-deref)",41plus_b4,high
STR34-C,hostap,wpa_supplicant/ctrl_iface.c,3457,FP,"plain char-to-char pointer-increment assignment, no widening conversion occurs (confirmed STR34-C char-to-char FP pattern)",41plus_b4,high
ERR07-C,hostap,wpa_supplicant/ctrl_iface.c,3458,TP,"atoi() genuinely used with no range/format validation on the parsed value; literal rule violation, low severity on local ctrl_iface",41plus_b4,low
ERR34-C,hostap,wpa_supplicant/ctrl_iface.c,3458,TP,"atoi() genuinely used with no range/format validation on the parsed value; literal rule violation, low severity on local ctrl_iface",41plus_b4,low
INT14-C,hostap,wpa_supplicant/ctrl_iface.c,3487,FP,parity test (payload_len & 1) followed by unrelated arithmetic on same var; confirmed INT14-C stylistic-pedantry FP pattern,41plus_b4,high
ERR07-C,hostap,wpa_supplicant/ctrl_iface.c,3527,TP,"atoi() genuinely used with no range/format validation on the parsed value; literal rule violation, low severity on local ctrl_iface",41plus_b4,low
ERR34-C,hostap,wpa_supplicant/ctrl_iface.c,3527,TP,"atoi() genuinely used with no range/format validation on the parsed value; literal rule violation, low severity on local ctrl_iface",41plus_b4,low
STR34-C,hostap,wpa_supplicant/ctrl_iface.c,3545,FP,"'pos + 6' is pointer arithmetic passed as an argument, not a char-to-int conversion; STR34-C category error",41plus_b4,high
ERR07-C,hostap,wpa_supplicant/ctrl_iface.c,3571,TP,"atoi() genuinely used with no range/format validation on the parsed value; literal rule violation, low severity on local ctrl_iface",41plus_b4,low
ERR34-C,hostap,wpa_supplicant/ctrl_iface.c,3571,TP,"atoi() genuinely used with no range/format validation on the parsed value; literal rule violation, low severity on local ctrl_iface",41plus_b4,low
ERR07-C,hostap,wpa_supplicant/ctrl_iface.c,3610,TP,"atoi() genuinely used with no range/format validation on the parsed value; literal rule violation, low severity on local ctrl_iface",41plus_b4,low
ERR34-C,hostap,wpa_supplicant/ctrl_iface.c,3610,TP,"atoi() genuinely used with no range/format validation on the parsed value; literal rule violation, low severity on local ctrl_iface",41plus_b4,low
API05-C,hostap,wpa_supplicant/ctrl_iface.c,3633,FP,idiomatic ptr+len pair or bare NUL-terminated C-string parameter; confirmed API05-C conformant-array FP class,41plus_b4,high
ERR07-C,hostap,wpa_supplicant/ctrl_iface.c,3663,TP,"atoi() genuinely used with no range/format validation on the parsed value; literal rule violation, low severity on local ctrl_iface",41plus_b4,low
ERR34-C,hostap,wpa_supplicant/ctrl_iface.c,3663,TP,"atoi() genuinely used with no range/format validation on the parsed value; literal rule violation, low severity on local ctrl_iface",41plus_b4,low
MSC01-C,hostap,wpa_supplicant/ctrl_iface.c,3730,FP,"deliberate independent guard-clause if/else-if chain; omitted final else is a correct no-op, not a missing case (confirmed MSC01-C FP pattern)",41plus_b4,high
STR34-C,hostap,wpa_supplicant/ctrl_iface.c,3749,FP,"plain char-to-char pointer-increment assignment, no widening conversion occurs (confirmed STR34-C char-to-char FP pattern)",41plus_b4,high
STR34-C,hostap,wpa_supplicant/ctrl_iface.c,3754,FP,"plain char-to-char pointer-increment assignment, no widening conversion occurs (confirmed STR34-C char-to-char FP pattern)",41plus_b4,high
ERR07-C,hostap,wpa_supplicant/ctrl_iface.c,3756,TP,"atoi() genuinely used with no range/format validation on the parsed value; literal rule violation, low severity on local ctrl_iface",41plus_b4,low
ERR34-C,hostap,wpa_supplicant/ctrl_iface.c,3756,TP,"atoi() genuinely used with no range/format validation on the parsed value; literal rule violation, low severity on local ctrl_iface",41plus_b4,low
DCL13-C,hostap,wpa_supplicant/ctrl_iface.c,3788,TP,"plain internal helper; wpa_s only read, never forwarded to a vtable/callback, so const-qualification is a genuine (low-value) opportunity",41plus_b4,low
API05-C,hostap,wpa_supplicant/ctrl_iface.c,3788,FP,idiomatic ptr+len pair or bare NUL-terminated C-string parameter; confirmed API05-C conformant-array FP class,41plus_b4,high
API05-C,hostap,wpa_supplicant/ctrl_iface.c,3788,FP,idiomatic ptr+len pair or bare NUL-terminated C-string parameter; confirmed API05-C conformant-array FP class,41plus_b4,high
STR34-C,hostap,wpa_supplicant/ctrl_iface.c,3799,FP,"plain char-to-char pointer-increment assignment, no widening conversion occurs (confirmed STR34-C char-to-char FP pattern)",41plus_b4,high
ERR07-C,hostap,wpa_supplicant/ctrl_iface.c,3801,TP,"atoi() genuinely used with no range/format validation on the parsed value; literal rule violation, low severity on local ctrl_iface",41plus_b4,low
ERR34-C,hostap,wpa_supplicant/ctrl_iface.c,3801,TP,"atoi() genuinely used with no range/format validation on the parsed value; literal rule violation, low severity on local ctrl_iface",41plus_b4,low
DCL13-C,hostap,wpa_supplicant/ctrl_iface.c,3832,TP,"plain internal helper; wpa_s only read, never forwarded to a vtable/callback, so const-qualification is a genuine (low-value) opportunity",41plus_b4,low
STR34-C,hostap,wpa_supplicant/ctrl_iface.c,3843,FP,"plain char-to-char pointer-increment assignment, no widening conversion occurs (confirmed STR34-C char-to-char FP pattern)",41plus_b4,high
INT32-C,hostap,wpa_supplicant/ctrl_iface.c,3843,FP,"'id' is a char* pointer (`char *name, *id, *value;`), not a signed int; INT32-C misclassifies pointer increment as integer arithmetic",41plus_b4,high
STR34-C,hostap,wpa_supplicant/ctrl_iface.c,3848,FP,"plain char-to-char pointer-increment assignment, no widening conversion occurs (confirmed STR34-C char-to-char FP pattern)",41plus_b4,high
ERR07-C,hostap,wpa_supplicant/ctrl_iface.c,3850,TP,"atoi() genuinely used with no range/format validation on the parsed value; literal rule violation, low severity on local ctrl_iface",41plus_b4,low
ERR34-C,hostap,wpa_supplicant/ctrl_iface.c,3850,TP,"atoi() genuinely used with no range/format validation on the parsed value; literal rule violation, low severity on local ctrl_iface",41plus_b4,low
ERR07-C,hostap,wpa_supplicant/ctrl_iface.c,3851,TP,"atoi() genuinely used with no range/format validation on the parsed value; literal rule violation, low severity on local ctrl_iface",41plus_b4,low
ERR34-C,hostap,wpa_supplicant/ctrl_iface.c,3851,TP,"atoi() genuinely used with no range/format validation on the parsed value; literal rule violation, low severity on local ctrl_iface",41plus_b4,low
DCL13-C,hostap,wpa_supplicant/ctrl_iface.c,3887,TP,"plain internal helper; wpa_s only read, never forwarded to a vtable/callback, so const-qualification is a genuine (low-value) opportunity",41plus_b4,low
API05-C,hostap,wpa_supplicant/ctrl_iface.c,3888,FP,idiomatic ptr+len pair or bare NUL-terminated C-string parameter; confirmed API05-C conformant-array FP class,41plus_b4,high
DCL13-C,hostap,wpa_supplicant/ctrl_iface.c,3888,FP,'buf' is aliased via 'pos = buf;' then written through pos (os_snprintf); confirmed DCL13-C aliased-output-buffer FP nuance,41plus_b4,high
API05-C,hostap,wpa_supplicant/ctrl_iface.c,3921,FP,idiomatic ptr+len pair or bare NUL-terminated C-string parameter; confirmed API05-C conformant-array FP class,41plus_b4,high
ERR07-C,hostap,wpa_supplicant/ctrl_iface.c,3989,TP,"atoi() genuinely used with no range/format validation on the parsed value; literal rule violation, low severity on local ctrl_iface",41plus_b4,low
ERR34-C,hostap,wpa_supplicant/ctrl_iface.c,3989,TP,"atoi() genuinely used with no range/format validation on the parsed value; literal rule violation, low severity on local ctrl_iface",41plus_b4,low
STR34-C,hostap,wpa_supplicant/ctrl_iface.c,4008,FP,"plain char-to-char pointer-increment assignment, no widening conversion occurs (confirmed STR34-C char-to-char FP pattern)",41plus_b4,high
STR34-C,hostap,wpa_supplicant/ctrl_iface.c,4013,FP,"plain char-to-char pointer-increment assignment, no widening conversion occurs (confirmed STR34-C char-to-char FP pattern)",41plus_b4,high
ERR07-C,hostap,wpa_supplicant/ctrl_iface.c,4015,TP,"atoi() genuinely used with no range/format validation on the parsed value; literal rule violation, low severity on local ctrl_iface",41plus_b4,low
ERR34-C,hostap,wpa_supplicant/ctrl_iface.c,4015,TP,"atoi() genuinely used with no range/format validation on the parsed value; literal rule violation, low severity on local ctrl_iface",41plus_b4,low
DCL13-C,hostap,wpa_supplicant/ctrl_iface.c,4040,TP,"plain internal helper; wpa_s only read, never forwarded to a vtable/callback, so const-qualification is a genuine (low-value) opportunity",41plus_b4,low
API05-C,hostap,wpa_supplicant/ctrl_iface.c,4041,FP,idiomatic ptr+len pair or bare NUL-terminated C-string parameter; confirmed API05-C conformant-array FP class,41plus_b4,high
API05-C,hostap,wpa_supplicant/ctrl_iface.c,4041,FP,idiomatic ptr+len pair or bare NUL-terminated C-string parameter; confirmed API05-C conformant-array FP class,41plus_b4,high
STR34-C,hostap,wpa_supplicant/ctrl_iface.c,4053,FP,"plain char-to-char pointer-increment assignment, no widening conversion occurs (confirmed STR34-C char-to-char FP pattern)",41plus_b4,high
ERR07-C,hostap,wpa_supplicant/ctrl_iface.c,4055,TP,"atoi() genuinely used with no range/format validation on the parsed value; literal rule violation, low severity on local ctrl_iface",41plus_b4,low
ERR34-C,hostap,wpa_supplicant/ctrl_iface.c,4055,TP,"atoi() genuinely used with no range/format validation on the parsed value; literal rule violation, low severity on local ctrl_iface",41plus_b4,low
DCL13-C,hostap,wpa_supplicant/ctrl_iface.c,4086,TP,"plain internal helper; wpa_s only read, never forwarded to a vtable/callback, so const-qualification is a genuine (low-value) opportunity",41plus_b4,low
ARR02-C,hostap,wpa_supplicant/ctrl_iface.c,4116,FP,"array size always retrieved via ARRAY_SIZE()/sizeof(), never hardcoded separately; confirmed ARR02-C FP class",41plus_b4,high
ARR02-C,hostap,wpa_supplicant/ctrl_iface.c,4131,FP,"array size always retrieved via ARRAY_SIZE()/sizeof(), never hardcoded separately; confirmed ARR02-C FP class",41plus_b4,high
DCL13-C,hostap,wpa_supplicant/ctrl_iface.c,4140,TP,"'capa' is only read (bitwise tests on capa->enc/key_mgmt/flags), never forwarded to a vtable call; genuine low-value const opportunity",41plus_b4,low
API05-C,hostap,wpa_supplicant/ctrl_iface.c,4141,FP,idiomatic ptr+len pair or bare NUL-terminated C-string parameter; confirmed API05-C conformant-array FP class,41plus_b4,high
DCL13-C,hostap,wpa_supplicant/ctrl_iface.c,4180,TP,"'capa' is only read (bitwise tests on capa->enc/key_mgmt/flags), never forwarded to a vtable call; genuine low-value const opportunity",41plus_b4,low
API05-C,hostap,wpa_supplicant/ctrl_iface.c,4181,FP,idiomatic ptr+len pair or bare NUL-terminated C-string parameter; confirmed API05-C conformant-array FP class,41plus_b4,high
DCL13-C,hostap,wpa_supplicant/ctrl_iface.c,4228,TP,"'capa' is only read (bitwise tests on capa->enc/key_mgmt/flags), never forwarded to a vtable call; genuine low-value const opportunity",41plus_b4,low
API05-C,hostap,wpa_supplicant/ctrl_iface.c,4229,FP,idiomatic ptr+len pair or bare NUL-terminated C-string parameter; confirmed API05-C conformant-array FP class,41plus_b4,high
DCL13-C,hostap,wpa_supplicant/ctrl_iface.c,4229,FP,'buf' is aliased via 'pos = buf;' then written through pos (os_snprintf); confirmed DCL13-C aliased-output-buffer FP nuance,41plus_b4,high
DCL13-C,hostap,wpa_supplicant/ctrl_iface.c,4293,TP,"'capa' is only read (bitwise tests on capa->enc/key_mgmt/flags), never forwarded to a vtable call; genuine low-value const opportunity",41plus_b4,low
API05-C,hostap,wpa_supplicant/ctrl_iface.c,4294,FP,idiomatic ptr+len pair or bare NUL-terminated C-string parameter; confirmed API05-C conformant-array FP class,41plus_b4,high
API05-C,hostap,wpa_supplicant/ctrl_iface.c,4295,FP,idiomatic ptr+len pair or bare NUL-terminated C-string parameter; confirmed API05-C conformant-array FP class,41plus_b4,high
STR00-C,hostap,wpa_supplicant/ctrl_iface.c,4321,FP,"'iftype' is declared 'enum wpa_driver_if_type', not char; STR00-C's own type claim is factually wrong (confirmed pattern)",41plus_b4,high
DCL13-C,hostap,wpa_supplicant/ctrl_iface.c,4506,TP,"'capa' is only read (bitwise tests on capa->enc/key_mgmt/flags), never forwarded to a vtable call; genuine low-value const opportunity",41plus_b4,low
API05-C,hostap,wpa_supplicant/ctrl_iface.c,4507,FP,idiomatic ptr+len pair or bare NUL-terminated C-string parameter; confirmed API05-C conformant-array FP class,41plus_b4,high
DCL13-C,hostap,wpa_supplicant/ctrl_iface.c,4549,TP,"'capa' is only read (bitwise tests on capa->enc/key_mgmt/flags), never forwarded to a vtable call; genuine low-value const opportunity",41plus_b4,low
API05-C,hostap,wpa_supplicant/ctrl_iface.c,4550,FP,idiomatic ptr+len pair or bare NUL-terminated C-string parameter; confirmed API05-C conformant-array FP class,41plus_b4,high
DCL13-C,hostap,wpa_supplicant/ctrl_iface.c,4636,TP,"'capa' is only read (bitwise tests on capa->enc/key_mgmt/flags), never forwarded to a vtable call; genuine low-value const opportunity",41plus_b4,low
API05-C,hostap,wpa_supplicant/ctrl_iface.c,4637,FP,idiomatic ptr+len pair or bare NUL-terminated C-string parameter; confirmed API05-C conformant-array FP class,41plus_b4,high
DCL13-C,hostap,wpa_supplicant/ctrl_iface.c,4685,TP,"plain internal helper; wpa_s only read, never forwarded to a vtable/callback, so const-qualification is a genuine (low-value) opportunity",41plus_b4,low
API05-C,hostap,wpa_supplicant/ctrl_iface.c,4686,FP,idiomatic ptr+len pair or bare NUL-terminated C-string parameter; confirmed API05-C conformant-array FP class,41plus_b4,high
DCL13-C,hostap,wpa_supplicant/ctrl_iface.c,4686,FP,'buf' is aliased via 'pos = buf;' then written through pos (os_snprintf); confirmed DCL13-C aliased-output-buffer FP nuance,41plus_b4,high
DCL13-C,hostap,wpa_supplicant/ctrl_iface.c,4735,TP,"plain internal helper; wpa_s only read, never forwarded to a vtable/callback, so const-qualification is a genuine (low-value) opportunity",41plus_b4,low
API05-C,hostap,wpa_supplicant/ctrl_iface.c,4736,FP,idiomatic ptr+len pair or bare NUL-terminated C-string parameter; confirmed API05-C conformant-array FP class,41plus_b4,high
DCL13-C,hostap,wpa_supplicant/ctrl_iface.c,4736,FP,'buf' is aliased via 'pos = buf;' then written through pos (os_snprintf); confirmed DCL13-C aliased-output-buffer FP nuance,41plus_b4,high
API05-C,hostap,wpa_supplicant/ctrl_iface.c,4793,FP,idiomatic ptr+len pair or bare NUL-terminated C-string parameter; confirmed API05-C conformant-array FP class,41plus_b4,high
API05-C,hostap,wpa_supplicant/ctrl_iface.c,4793,FP,idiomatic ptr+len pair or bare NUL-terminated C-string parameter; confirmed API05-C conformant-array FP class,41plus_b4,high
ARR30-C,hostap,wpa_supplicant/ctrl_iface.c,4809,FP,next_param scans within fixed 'char field[50]' already length-checked via os_strlcpy; provably bounded NUL-terminated scan,41plus_b4,high
STR34-C,hostap,wpa_supplicant/ctrl_iface.c,4810,FP,"plain char-to-char pointer-increment assignment, no widening conversion occurs (confirmed STR34-C char-to-char FP pattern)",41plus_b4,high
STR34-C,hostap,wpa_supplicant/ctrl_iface.c,4815,FP,"plain char-to-char pointer-increment assignment, no widening conversion occurs (confirmed STR34-C char-to-char FP pattern)",41plus_b4,high
EXP40-C,hostap,wpa_supplicant/ctrl_iface.c,4945,FP,no const-qualified pointer exists in scope (buf/pos both plain char*); EXP40-C fires on a scenario that doesn't exist (confirmed rule bug),41plus_b4,high
DCL13-C,hostap,wpa_supplicant/ctrl_iface.c,5038,TP,"'end' is a plain bounds pointer, genuinely never written in the function; real (low-value) const opportunity",41plus_b4,low
EXP40-C,hostap,wpa_supplicant/ctrl_iface.c,5041,FP,no const-qualified pointer exists in scope (buf/pos both plain char*); EXP40-C fires on a scenario that doesn't exist (confirmed rule bug),41plus_b4,high
MEM10-C,hostap,wpa_supplicant/ctrl_iface.c,5046,FP,"fires on an ordinary if (ptr == NULL) guard; stylistic, confirmed MEM10-C FP class",41plus_b4,high
DCL30-C,hostap,wpa_supplicant/ctrl_iface.c,5047,FP,"returns 'start'/'pos', a local alias of the function's own 'pos' parameter (caller-owned buffer), not real automatic storage; confirmed DCL30-C parameter-alias FP class",41plus_b4,high
ARR36-C,hostap,wpa_supplicant/ctrl_iface.c,5049,FP,pos/end both derive from the same caller buffer threaded through parser helper params; confirmed ARR36-C pos/end-through-helper FP class,41plus_b4,high
ARR36-C,hostap,wpa_supplicant/ctrl_iface.c,5050,FP,pos/end both derive from the same caller buffer threaded through parser helper params; confirmed ARR36-C pos/end-through-helper FP class,41plus_b4,high
DCL30-C,hostap,wpa_supplicant/ctrl_iface.c,5051,FP,"returns 'start'/'pos', a local alias of the function's own 'pos' parameter (caller-owned buffer), not real automatic storage; confirmed DCL30-C parameter-alias FP class",41plus_b4,high
INT32-C,hostap,wpa_supplicant/ctrl_iface.c,5052,FP,ret is bounded by end-pos and validated via os_snprintf_error() before every 'pos += ret'; no realistic overflow path,41plus_b4,med
ARR36-C,hostap,wpa_supplicant/ctrl_iface.c,5056,FP,pos/end both derive from the same caller buffer threaded through parser helper params; confirmed ARR36-C pos/end-through-helper FP class,41plus_b4,high
ARR36-C,hostap,wpa_supplicant/ctrl_iface.c,5057,FP,pos/end both derive from the same caller buffer threaded through parser helper params; confirmed ARR36-C pos/end-through-helper FP class,41plus_b4,high
DCL30-C,hostap,wpa_supplicant/ctrl_iface.c,5058,FP,"returns 'start'/'pos', a local alias of the function's own 'pos' parameter (caller-owned buffer), not real automatic storage; confirmed DCL30-C parameter-alias FP class",41plus_b4,high
INT32-C,hostap,wpa_supplicant/ctrl_iface.c,5059,FP,ret is bounded by end-pos and validated via os_snprintf_error() before every 'pos += ret'; no realistic overflow path,41plus_b4,med
ARR36-C,hostap,wpa_supplicant/ctrl_iface.c,5062,FP,pos/end both derive from the same caller buffer threaded through parser helper params; confirmed ARR36-C pos/end-through-helper FP class,41plus_b4,high
ARR36-C,hostap,wpa_supplicant/ctrl_iface.c,5063,FP,pos/end both derive from the same caller buffer threaded through parser helper params; confirmed ARR36-C pos/end-through-helper FP class,41plus_b4,high
DCL30-C,hostap,wpa_supplicant/ctrl_iface.c,5064,FP,"returns 'start'/'pos', a local alias of the function's own 'pos' parameter (caller-owned buffer), not real automatic storage; confirmed DCL30-C parameter-alias FP class",41plus_b4,high
INT32-C,hostap,wpa_supplicant/ctrl_iface.c,5065,FP,ret is bounded by end-pos and validated via os_snprintf_error() before every 'pos += ret'; no realistic overflow path,41plus_b4,med
DCL30-C,hostap,wpa_supplicant/ctrl_iface.c,5067,FP,"returns 'start'/'pos', a local alias of the function's own 'pos' parameter (caller-owned buffer), not real automatic storage; confirmed DCL30-C parameter-alias FP class",41plus_b4,high
DCL13-C,hostap,wpa_supplicant/ctrl_iface.c,5073,TP,"'end' is a plain bounds pointer, genuinely never written in the function; real (low-value) const opportunity",41plus_b4,low
EXP40-C,hostap,wpa_supplicant/ctrl_iface.c,5075,FP,no const-qualified pointer exists in scope (buf/pos both plain char*); EXP40-C fires on a scenario that doesn't exist (confirmed rule bug),41plus_b4,high
ARR36-C,hostap,wpa_supplicant/ctrl_iface.c,5090,FP,pos/end both derive from the same caller buffer threaded through parser helper params; confirmed ARR36-C pos/end-through-helper FP class,41plus_b4,high
ARR36-C,hostap,wpa_supplicant/ctrl_iface.c,5091,FP,pos/end both derive from the same caller buffer threaded through parser helper params; confirmed ARR36-C pos/end-through-helper FP class,41plus_b4,high
INT32-C,hostap,wpa_supplicant/ctrl_iface.c,5093,FP,ret is bounded by end-pos and validated via os_snprintf_error() before every 'pos += ret'; no realistic overflow path,41plus_b4,med
ARR36-C,hostap,wpa_supplicant/ctrl_iface.c,5099,FP,pos/end both derive from the same caller buffer threaded through parser helper params; confirmed ARR36-C pos/end-through-helper FP class,41plus_b4,high
ARR36-C,hostap,wpa_supplicant/ctrl_iface.c,5101,FP,pos/end both derive from the same caller buffer threaded through parser helper params; confirmed ARR36-C pos/end-through-helper FP class,41plus_b4,high
INT32-C,hostap,wpa_supplicant/ctrl_iface.c,5103,FP,ret is bounded by end-pos and validated via os_snprintf_error() before every 'pos += ret'; no realistic overflow path,41plus_b4,med
ARR36-C,hostap,wpa_supplicant/ctrl_iface.c,5111,FP,pos/end both derive from the same caller buffer threaded through parser helper params; confirmed ARR36-C pos/end-through-helper FP class,41plus_b4,high
ARR36-C,hostap,wpa_supplicant/ctrl_iface.c,5113,FP,pos/end both derive from the same caller buffer threaded through parser helper params; confirmed ARR36-C pos/end-through-helper FP class,41plus_b4,high
INT32-C,hostap,wpa_supplicant/ctrl_iface.c,5115,FP,ret is bounded by end-pos and validated via os_snprintf_error() before every 'pos += ret'; no realistic overflow path,41plus_b4,med
ARR36-C,hostap,wpa_supplicant/ctrl_iface.c,5123,FP,pos/end both derive from the same caller buffer threaded through parser helper params; confirmed ARR36-C pos/end-through-helper FP class,41plus_b4,high
ARR36-C,hostap,wpa_supplicant/ctrl_iface.c,5124,FP,pos/end both derive from the same caller buffer threaded through parser helper params; confirmed ARR36-C pos/end-through-helper FP class,41plus_b4,high
INT32-C,hostap,wpa_supplicant/ctrl_iface.c,5126,FP,ret is bounded by end-pos and validated via os_snprintf_error() before every 'pos += ret'; no realistic overflow path,41plus_b4,med
ARR36-C,hostap,wpa_supplicant/ctrl_iface.c,5128,FP,pos/end both derive from the same caller buffer threaded through parser helper params; confirmed ARR36-C pos/end-through-helper FP class,41plus_b4,high
INT32-C,hostap,wpa_supplicant/ctrl_iface.c,5131,FP,ret is bounded by end-pos and validated via os_snprintf_error() before every 'pos += ret'; no realistic overflow path,41plus_b4,med
MSC13-C,hostap,wpa_supplicant/ctrl_iface.c,5132,TP,'ie += realms * 2;' is the last write to ie in this branch; function returns immediately after without reading it again - genuine dead store,41plus_b4,high
ARR36-C,hostap,wpa_supplicant/ctrl_iface.c,5133,FP,pos/end both derive from the same caller buffer threaded through parser helper params; confirmed ARR36-C pos/end-through-helper FP class,41plus_b4,high
ARR36-C,hostap,wpa_supplicant/ctrl_iface.c,5134,FP,pos/end both derive from the same caller buffer threaded through parser helper params; confirmed ARR36-C pos/end-through-helper FP class,41plus_b4,high
INT32-C,hostap,wpa_supplicant/ctrl_iface.c,5136,FP,ret is bounded by end-pos and validated via os_snprintf_error() before every 'pos += ret'; no realistic overflow path,41plus_b4,med
DCL13-C,hostap,wpa_supplicant/ctrl_iface.c,5144,TP,"'end' is a plain bounds pointer, genuinely never written in the function; real (low-value) const opportunity",41plus_b4,low
EXP40-C,hostap,wpa_supplicant/ctrl_iface.c,5146,FP,no const-qualified pointer exists in scope (buf/pos both plain char*); EXP40-C fires on a scenario that doesn't exist (confirmed rule bug),41plus_b4,high
ARR36-C,hostap,wpa_supplicant/ctrl_iface.c,5176,FP,pos/end both derive from the same caller buffer threaded through parser helper params; confirmed ARR36-C pos/end-through-helper FP class,41plus_b4,high
ARR36-C,hostap,wpa_supplicant/ctrl_iface.c,5181,FP,pos/end both derive from the same caller buffer threaded through parser helper params; confirmed ARR36-C pos/end-through-helper FP class,41plus_b4,high
INT32-C,hostap,wpa_supplicant/ctrl_iface.c,5183,FP,ret is bounded by end-pos and validated via os_snprintf_error() before every 'pos += ret'; no realistic overflow path,41plus_b4,med
ARR36-C,hostap,wpa_supplicant/ctrl_iface.c,5186,FP,pos/end both derive from the same caller buffer threaded through parser helper params; confirmed ARR36-C pos/end-through-helper FP class,41plus_b4,high
ARR36-C,hostap,wpa_supplicant/ctrl_iface.c,5188,FP,pos/end both derive from the same caller buffer threaded through parser helper params; confirmed ARR36-C pos/end-through-helper FP class,41plus_b4,high
INT32-C,hostap,wpa_supplicant/ctrl_iface.c,5192,FP,ret is bounded by end-pos and validated via os_snprintf_error() before every 'pos += ret'; no realistic overflow path,41plus_b4,med
ARR36-C,hostap,wpa_supplicant/ctrl_iface.c,5196,FP,pos/end both derive from the same caller buffer threaded through parser helper params; confirmed ARR36-C pos/end-through-helper FP class,41plus_b4,high
ARR36-C,hostap,wpa_supplicant/ctrl_iface.c,5199,FP,pos/end both derive from the same caller buffer threaded through parser helper params; confirmed ARR36-C pos/end-through-helper FP class,41plus_b4,high
INT32-C,hostap,wpa_supplicant/ctrl_iface.c,5203,FP,ret is bounded by end-pos and validated via os_snprintf_error() before every 'pos += ret'; no realistic overflow path,41plus_b4,med
ARR36-C,hostap,wpa_supplicant/ctrl_iface.c,5207,FP,pos/end both derive from the same caller buffer threaded through parser helper params; confirmed ARR36-C pos/end-through-helper FP class,41plus_b4,high
ARR36-C,hostap,wpa_supplicant/ctrl_iface.c,5210,FP,pos/end both derive from the same caller buffer threaded through parser helper params; confirmed ARR36-C pos/end-through-helper FP class,41plus_b4,high
INT32-C,hostap,wpa_supplicant/ctrl_iface.c,5214,FP,ret is bounded by end-pos and validated via os_snprintf_error() before every 'pos += ret'; no realistic overflow path,41plus_b4,med
ARR36-C,hostap,wpa_supplicant/ctrl_iface.c,5218,FP,pos/end both derive from the same caller buffer threaded through parser helper params; confirmed ARR36-C pos/end-through-helper FP class,41plus_b4,high
ARR36-C,hostap,wpa_supplicant/ctrl_iface.c,5220,FP,pos/end both derive from the same caller buffer threaded through parser helper params; confirmed ARR36-C pos/end-through-helper FP class,41plus_b4,high
INT32-C,hostap,wpa_supplicant/ctrl_iface.c,5224,FP,ret is bounded by end-pos and validated via os_snprintf_error() before every 'pos += ret'; no realistic overflow path,41plus_b4,med
ARR36-C,hostap,wpa_supplicant/ctrl_iface.c,5228,FP,pos/end both derive from the same caller buffer threaded through parser helper params; confirmed ARR36-C pos/end-through-helper FP class,41plus_b4,high
ARR36-C,hostap,wpa_supplicant/ctrl_iface.c,5230,FP,pos/end both derive from the same caller buffer threaded through parser helper params; confirmed ARR36-C pos/end-through-helper FP class,41plus_b4,high
INT32-C,hostap,wpa_supplicant/ctrl_iface.c,5234,FP,ret is bounded by end-pos and validated via os_snprintf_error() before every 'pos += ret'; no realistic overflow path,41plus_b4,med
ARR36-C,hostap,wpa_supplicant/ctrl_iface.c,5238,FP,pos/end both derive from the same caller buffer threaded through parser helper params; confirmed ARR36-C pos/end-through-helper FP class,41plus_b4,high
ARR36-C,hostap,wpa_supplicant/ctrl_iface.c,5241,FP,pos/end both derive from the same caller buffer threaded through parser helper params; confirmed ARR36-C pos/end-through-helper FP class,41plus_b4,high
INT32-C,hostap,wpa_supplicant/ctrl_iface.c,5245,FP,ret is bounded by end-pos and validated via os_snprintf_error() before every 'pos += ret'; no realistic overflow path,41plus_b4,med
ARR36-C,hostap,wpa_supplicant/ctrl_iface.c,5248,FP,pos/end both derive from the same caller buffer threaded through parser helper params; confirmed ARR36-C pos/end-through-helper FP class,41plus_b4,high
ARR36-C,hostap,wpa_supplicant/ctrl_iface.c,5249,FP,pos/end both derive from the same caller buffer threaded through parser helper params; confirmed ARR36-C pos/end-through-helper FP class,41plus_b4,high
INT32-C,hostap,wpa_supplicant/ctrl_iface.c,5251,FP,ret is bounded by end-pos and validated via os_snprintf_error() before every 'pos += ret'; no realistic overflow path,41plus_b4,med
DCL13-C,hostap,wpa_supplicant/ctrl_iface.c,5263,TP,"'end' is a plain bounds pointer, genuinely never written in the function; real (low-value) const opportunity",41plus_b4,low
EXP40-C,hostap,wpa_supplicant/ctrl_iface.c,5266,FP,no const-qualified pointer exists in scope (buf/pos both plain char*); EXP40-C fires on a scenario that doesn't exist (confirmed rule bug),41plus_b4,high
ARR36-C,hostap,wpa_supplicant/ctrl_iface.c,5288,FP,pos/end both derive from the same caller buffer threaded through parser helper params; confirmed ARR36-C pos/end-through-helper FP class,41plus_b4,high
ARR36-C,hostap,wpa_supplicant/ctrl_iface.c,5291,FP,pos/end both derive from the same caller buffer threaded through parser helper params; confirmed ARR36-C pos/end-through-helper FP class,41plus_b4,high
INT32-C,hostap,wpa_supplicant/ctrl_iface.c,5293,FP,ret is bounded by end-pos and validated via os_snprintf_error() before every 'pos += ret'; no realistic overflow path,41plus_b4,med
ARR36-C,hostap,wpa_supplicant/ctrl_iface.c,5305,FP,"ARR36-C: paired buf/end bounds-parameter idiom (categorical_patterns.md, extends wps.c precedent) -- pos/end both derive from same buffer in print_ml()",41plus_b5,high
ARR36-C,hostap,wpa_supplicant/ctrl_iface.c,5306,FP,"ARR36-C: paired buf/end bounds-parameter idiom (categorical_patterns.md, extends wps.c precedent) -- pos/end both derive from same buffer in print_ml()",41plus_b5,high
INT32-C,hostap,wpa_supplicant/ctrl_iface.c,5308,FP,"INT32-C: os_snprintf_error(end-pos,ret) already validates 0<=ret<end-pos before pos+=ret; overflow provably impossible (rule doesn't see the guard, cf. INT33-C/INT30-C precedent)",41plus_b5,high
ARR36-C,hostap,wpa_supplicant/ctrl_iface.c,5317,FP,"ARR36-C: paired buf/end bounds-parameter idiom (categorical_patterns.md, extends wps.c precedent) -- pos/end both derive from same buffer in print_ml()",41plus_b5,high
ARR36-C,hostap,wpa_supplicant/ctrl_iface.c,5318,FP,"ARR36-C: paired buf/end bounds-parameter idiom (categorical_patterns.md, extends wps.c precedent) -- pos/end both derive from same buffer in print_ml()",41plus_b5,high
INT32-C,hostap,wpa_supplicant/ctrl_iface.c,5320,FP,"INT32-C: os_snprintf_error(end-pos,ret) already validates 0<=ret<end-pos before pos+=ret; overflow provably impossible (rule doesn't see the guard, cf. INT33-C/INT30-C precedent)",41plus_b5,high
ARR36-C,hostap,wpa_supplicant/ctrl_iface.c,5329,FP,"ARR36-C: paired buf/end bounds-parameter idiom (categorical_patterns.md, extends wps.c precedent) -- pos/end both derive from same buffer in print_ml()",41plus_b5,high
ARR36-C,hostap,wpa_supplicant/ctrl_iface.c,5331,FP,"ARR36-C: paired buf/end bounds-parameter idiom (categorical_patterns.md, extends wps.c precedent) -- pos/end both derive from same buffer in print_ml()",41plus_b5,high
INT32-C,hostap,wpa_supplicant/ctrl_iface.c,5333,FP,"INT32-C: os_snprintf_error(end-pos,ret) already validates 0<=ret<end-pos before pos+=ret; overflow provably impossible (rule doesn't see the guard, cf. INT33-C/INT30-C precedent)",41plus_b5,high
ARR36-C,hostap,wpa_supplicant/ctrl_iface.c,5342,FP,"ARR36-C: paired buf/end bounds-parameter idiom (categorical_patterns.md, extends wps.c precedent) -- pos/end both derive from same buffer in print_ml()",41plus_b5,high
ARR36-C,hostap,wpa_supplicant/ctrl_iface.c,5344,FP,"ARR36-C: paired buf/end bounds-parameter idiom (categorical_patterns.md, extends wps.c precedent) -- pos/end both derive from same buffer in print_ml()",41plus_b5,high
INT32-C,hostap,wpa_supplicant/ctrl_iface.c,5346,FP,"INT32-C: os_snprintf_error(end-pos,ret) already validates 0<=ret<end-pos before pos+=ret; overflow provably impossible (rule doesn't see the guard, cf. INT33-C/INT30-C precedent)",41plus_b5,high
ARR36-C,hostap,wpa_supplicant/ctrl_iface.c,5355,FP,"ARR36-C: paired buf/end bounds-parameter idiom (categorical_patterns.md, extends wps.c precedent) -- pos/end both derive from same buffer in print_ml()",41plus_b5,high
ARR36-C,hostap,wpa_supplicant/ctrl_iface.c,5357,FP,"ARR36-C: paired buf/end bounds-parameter idiom (categorical_patterns.md, extends wps.c precedent) -- pos/end both derive from same buffer in print_ml()",41plus_b5,high
INT32-C,hostap,wpa_supplicant/ctrl_iface.c,5359,FP,"INT32-C: os_snprintf_error(end-pos,ret) already validates 0<=ret<end-pos before pos+=ret; overflow provably impossible (rule doesn't see the guard, cf. INT33-C/INT30-C precedent)",41plus_b5,high
ARR36-C,hostap,wpa_supplicant/ctrl_iface.c,5368,FP,"ARR36-C: paired buf/end bounds-parameter idiom (categorical_patterns.md, extends wps.c precedent) -- pos/end both derive from same buffer in print_ml()",41plus_b5,high
ARR36-C,hostap,wpa_supplicant/ctrl_iface.c,5370,FP,"ARR36-C: paired buf/end bounds-parameter idiom (categorical_patterns.md, extends wps.c precedent) -- pos/end both derive from same buffer in print_ml()",41plus_b5,high
INT32-C,hostap,wpa_supplicant/ctrl_iface.c,5372,FP,"INT32-C: os_snprintf_error(end-pos,ret) already validates 0<=ret<end-pos before pos+=ret; overflow provably impossible (rule doesn't see the guard, cf. INT33-C/INT30-C precedent)",41plus_b5,high
ARR36-C,hostap,wpa_supplicant/ctrl_iface.c,5381,FP,"ARR36-C: paired buf/end bounds-parameter idiom (categorical_patterns.md, extends wps.c precedent) -- pos/end both derive from same buffer in print_ml()",41plus_b5,high
ARR36-C,hostap,wpa_supplicant/ctrl_iface.c,5382,FP,"ARR36-C: paired buf/end bounds-parameter idiom (categorical_patterns.md, extends wps.c precedent) -- pos/end both derive from same buffer in print_ml()",41plus_b5,high
INT32-C,hostap,wpa_supplicant/ctrl_iface.c,5384,FP,"INT32-C: os_snprintf_error(end-pos,ret) already validates 0<=ret<end-pos before pos+=ret; overflow provably impossible (rule doesn't see the guard, cf. INT33-C/INT30-C precedent)",41plus_b5,high
ARR36-C,hostap,wpa_supplicant/ctrl_iface.c,5389,FP,"ARR36-C: paired buf/end bounds-parameter idiom (categorical_patterns.md, extends wps.c precedent) -- pos/end both derive from same buffer in print_ml()",41plus_b5,high
ARR36-C,hostap,wpa_supplicant/ctrl_iface.c,5390,FP,"ARR36-C: paired buf/end bounds-parameter idiom (categorical_patterns.md, extends wps.c precedent) -- pos/end both derive from same buffer in print_ml()",41plus_b5,high
INT32-C,hostap,wpa_supplicant/ctrl_iface.c,5392,FP,"INT32-C: os_snprintf_error(end-pos,ret) already validates 0<=ret<end-pos before pos+=ret; overflow provably impossible (rule doesn't see the guard, cf. INT33-C/INT30-C precedent)",41plus_b5,high
API05-C,hostap,wpa_supplicant/ctrl_iface.c,5399,FP,"API05-C: buf,buflen is the confirmed idiomatic pointer+size-param pair, not a real conformant-array-syntax gap",41plus_b5,high
DCL13-C,hostap,wpa_supplicant/ctrl_iface.c,5399,FP,"DCL13-C: buf's pointee IS written (via aliased local pos=buf), tool misses the aliasing so wrongly calls buf unmodified",41plus_b5,high
INT14-C,hostap,wpa_supplicant/ctrl_iface.c,5481,FP,"INT14-C: struct-pointer-field mixing pattern (bss->caps bitwise at :5568 vs bss->last_update.sec arithmetic at :5481) -- different fields, category error per wpabuf.c:69 precedent",41plus_b5,high
ERR02-C,hostap,wpa_supplicant/ctrl_iface.c,5689,FP,"ERR02-C: wpa_snprintf_hex is a custom bounded wrapper (returns pos-buf, always <= buf_size), not part of the sprintf family -- confirmed name-substring misfire (categorical_patterns.md ctrl_iface.c:7633)",41plus_b5,high
EXP30-C,hostap,wpa_supplicant/ctrl_iface.c,5689,FP,"EXP30-C: wpabuf_head()/wpabuf_len() are pure side-effect-free accessors, matches confirmed accessor-args-unsequenced FP class",41plus_b5,high
EXP33-C,hostap,wpa_supplicant/ctrl_iface.c,5841,FP,EXP33-C: for_each_element_id expands to for_each_element whose for-loop init-clause assigns elem before any dereference -- extends confirmed dl_list_for_each macro-init FP family,41plus_b5,high
API05-C,hostap,wpa_supplicant/ctrl_iface.c,5861,FP,"API05-C: bare NUL-terminated cmd string param, no companion length needed (self-delimiting) -- extends idiomatic-pointer-param FP class",41plus_b5,high
API05-C,hostap,wpa_supplicant/ctrl_iface.c,5861,FP,"API05-C: buf,buflen paired idiom, confirmed FP class",41plus_b5,high
ERR07-C,hostap,wpa_supplicant/ctrl_iface.c,5892,TP,ERR07-C atoi(cmd+6) for id1: no range/narrow-set check follows; real (low-severity) lack-of-error-detection,41plus_b5,low
ERR34-C,hostap,wpa_supplicant/ctrl_iface.c,5892,TP,"ERR34-C same call, same reasoning",41plus_b5,low
EXP34-C,hostap,wpa_supplicant/ctrl_iface.c,5894,FP,EXP34-C: ctmp checked == NULL and returned at :5883-5886; by :5894 ctmp is provably non-NULL -- rule doesn't see the earlier guard,41plus_b5,high
ERR07-C,hostap,wpa_supplicant/ctrl_iface.c,5895,TP,ERR07-C atoi(ctmp) for id2: no narrow-set check,41plus_b5,low
ERR34-C,hostap,wpa_supplicant/ctrl_iface.c,5895,TP,ERR34-C same call,41plus_b5,low
EXP40-C,hostap,wpa_supplicant/ctrl_iface.c,5906,FP,EXP40-C: tmp and bss are both plain non-const struct wpa_bss*; there is no const pointer anywhere in this assignment -- rule misfires with no const involved at all,41plus_b5,high
ERR07-C,hostap,wpa_supplicant/ctrl_iface.c,5926,TP,"ERR07-C atoi(cmd+3) for i, no validation",41plus_b5,low
ERR34-C,hostap,wpa_supplicant/ctrl_iface.c,5926,TP,ERR34-C same call,41plus_b5,low
ERR07-C,hostap,wpa_supplicant/ctrl_iface.c,5929,TP,"ERR07-C atoi(cmd+5) for i, no validation",41plus_b5,low
ERR34-C,hostap,wpa_supplicant/ctrl_iface.c,5929,TP,ERR34-C same call,41plus_b5,low
ERR07-C,hostap,wpa_supplicant/ctrl_iface.c,5952,TP,"ERR07-C atoi(cmd) for i (BSS index fallback), no validation",41plus_b5,low
ERR34-C,hostap,wpa_supplicant/ctrl_iface.c,5952,TP,ERR34-C same call,41plus_b5,low
ERR33-C,hostap,wpa_supplicant/ctrl_iface.c,5965,TP,"ERR33-C: strtoul(ctmp+5) mask==0 fallback only substitutes a default, doesn't detect/reject malformed input (ERANGE/non-numeric) the way rule requires -- real gap",41plus_b5,low
ERR00-C,hostap,wpa_supplicant/ctrl_iface.c,5965,TP,ERR00-C same reasoning,41plus_b5,low
ERR01-C,hostap,wpa_supplicant/ctrl_iface.c,5965,TP,ERR01-C same reasoning,41plus_b5,low
ERR30-C,hostap,wpa_supplicant/ctrl_iface.c,5965,TP,ERR30-C same reasoning,41plus_b5,low
DCL13-C,hostap,wpa_supplicant/ctrl_iface.c,6006,TP,"DCL13-C: cmd genuinely only read (passed to atoi), never modified in this plain internal helper -- real (if low-severity) const opportunity per the wpa_s/plain-helper clarification, not a vtable/callback contract",41plus_b5,low
ERR07-C,hostap,wpa_supplicant/ctrl_iface.c,6008,TP,"ERR07-C atoi(cmd) unguarded numeric setting parse, no range/narrow-set check follows",41plus_b5,low
ERR34-C,hostap,wpa_supplicant/ctrl_iface.c,6008,TP,"ERR34-C same call, same reasoning",41plus_b5,low
STR34-C,hostap,wpa_supplicant/ctrl_iface.c,6008,FP,"STR34-C: 'cmd' is a char* pointer parameter passed by value to atoi(); no single-char widening/sign-extension conversion occurs at all -- new pattern, confirmed type-confusion rule bug (categorical_patterns.md ctrl_iface.c:2794,2827), extends to atoi() argument-passing shape",41plus_b5,high
DCL13-C,hostap,wpa_supplicant/ctrl_iface.c,6014,TP,"DCL13-C: cmd genuinely only read (passed to atoi), never modified in this plain internal helper -- real (if low-severity) const opportunity per the wpa_s/plain-helper clarification, not a vtable/callback contract",41plus_b5,low
ERR07-C,hostap,wpa_supplicant/ctrl_iface.c,6016,TP,"ERR07-C atoi(cmd) unguarded numeric setting parse, no range/narrow-set check follows",41plus_b5,low
ERR34-C,hostap,wpa_supplicant/ctrl_iface.c,6016,TP,"ERR34-C same call, same reasoning",41plus_b5,low
STR34-C,hostap,wpa_supplicant/ctrl_iface.c,6016,FP,"STR34-C: 'cmd' is a char* pointer parameter passed by value to atoi(); no single-char widening/sign-extension conversion occurs at all -- new pattern, confirmed type-confusion rule bug (categorical_patterns.md ctrl_iface.c:2794,2827), extends to atoi() argument-passing shape",41plus_b5,high
DCL13-C,hostap,wpa_supplicant/ctrl_iface.c,6022,TP,"DCL13-C: cmd genuinely only read (passed to atoi), never modified in this plain internal helper -- real (if low-severity) const opportunity per the wpa_s/plain-helper clarification, not a vtable/callback contract",41plus_b5,low
ERR07-C,hostap,wpa_supplicant/ctrl_iface.c,6024,TP,"ERR07-C atoi(cmd) unguarded numeric setting parse, no range/narrow-set check follows",41plus_b5,low
ERR34-C,hostap,wpa_supplicant/ctrl_iface.c,6024,TP,"ERR34-C same call, same reasoning",41plus_b5,low
STR34-C,hostap,wpa_supplicant/ctrl_iface.c,6024,FP,"STR34-C: 'cmd' is a char* pointer parameter passed by value to atoi(); no single-char widening/sign-extension conversion occurs at all -- new pattern, confirmed type-confusion rule bug (categorical_patterns.md ctrl_iface.c:2794,2827), extends to atoi() argument-passing shape",41plus_b5,high
DCL13-C,hostap,wpa_supplicant/ctrl_iface.c,6030,TP,"DCL13-C: cmd genuinely only read (passed to atoi), never modified in this plain internal helper -- real (if low-severity) const opportunity per the wpa_s/plain-helper clarification, not a vtable/callback contract",41plus_b5,low
ERR07-C,hostap,wpa_supplicant/ctrl_iface.c,6032,TP,"ERR07-C atoi(cmd) unguarded numeric setting parse, no range/narrow-set check follows",41plus_b5,low
ERR34-C,hostap,wpa_supplicant/ctrl_iface.c,6032,TP,"ERR34-C same call, same reasoning",41plus_b5,low
STR34-C,hostap,wpa_supplicant/ctrl_iface.c,6032,FP,"STR34-C: 'cmd' is a char* pointer parameter passed by value to atoi(); no single-char widening/sign-extension conversion occurs at all -- new pattern, confirmed type-confusion rule bug (categorical_patterns.md ctrl_iface.c:2794,2827), extends to atoi() argument-passing shape",41plus_b5,high
DCL13-C,hostap,wpa_supplicant/ctrl_iface.c,6038,TP,"DCL13-C: cmd genuinely only read (passed to atoi), never modified in this plain internal helper -- real (if low-severity) const opportunity per the wpa_s/plain-helper clarification, not a vtable/callback contract",41plus_b5,low
ERR07-C,hostap,wpa_supplicant/ctrl_iface.c,6040,TP,"ERR07-C atoi(cmd) unguarded numeric setting parse, no range/narrow-set check follows",41plus_b5,low
ERR34-C,hostap,wpa_supplicant/ctrl_iface.c,6040,TP,"ERR34-C same call, same reasoning",41plus_b5,low
STR34-C,hostap,wpa_supplicant/ctrl_iface.c,6040,FP,"STR34-C: 'cmd' is a char* pointer parameter passed by value to atoi(); no single-char widening/sign-extension conversion occurs at all -- new pattern, confirmed type-confusion rule bug (categorical_patterns.md ctrl_iface.c:2794,2827), extends to atoi() argument-passing shape",41plus_b5,high
MSC37-C,hostap,wpa_supplicant/ctrl_iface.c,6081,FP,MSC37-C: wpa_supplicant_ctrl_iface_roam's #ifdef CONFIG_NO_SCAN_PROCESSING / #else branches both terminate in an explicit return -- every compiled configuration always returns; extends the confirmed preprocessor-branch-blind MSC17-C/DCL40-C family to MSC37-C,41plus_b5,high
ERR07-C,hostap,wpa_supplicant/ctrl_iface.c,6138,TP,"ERR07-C atoi(cmd) unguarded numeric setting parse, no range/narrow-set check follows",41plus_b5,low
ERR34-C,hostap,wpa_supplicant/ctrl_iface.c,6138,TP,"ERR34-C same call, same reasoning",41plus_b5,low
STR34-C,hostap,wpa_supplicant/ctrl_iface.c,6138,FP,"STR34-C: 'cmd' is a char* pointer parameter passed by value to atoi(); no single-char widening/sign-extension conversion occurs at all -- new pattern, confirmed type-confusion rule bug (categorical_patterns.md ctrl_iface.c:2794,2827), extends to atoi() argument-passing shape",41plus_b5,high
DCL37-C,hostap,wpa_supplicant/ctrl_iface.c,6140,FP,"DCL37-C: _dev_id is a block-scope local variable inside p2p_ctrl_find, not file-scope -- confirmed FP class (p2p_invitation.c precedent)",41plus_b5,high
DCL37-C,hostap,wpa_supplicant/ctrl_iface.c,6141,FP,"DCL37-C: _dev_type, same block-scope-local misapplication",41plus_b5,high
MEM05-C,hostap,wpa_supplicant/ctrl_iface.c,6144,FP,"MEM05-C: P2P_MAX_QUERY_HASH is a #define compile-time constant (=6 in p2p.h); _seek[P2P_MAX_QUERY_HASH+1] is an ordinary fixed array, not a VLA -- confirmed compile-time-constant-array FP class",41plus_b5,high
DCL37-C,hostap,wpa_supplicant/ctrl_iface.c,6144,FP,"DCL37-C: _seek, same block-scope-local misapplication",41plus_b5,high
MSC01-C,hostap,wpa_supplicant/ctrl_iface.c,6159,FP,"MSC01-C: type already has a sensible default (P2P_FIND_START_WITH_FULL) before the if/else-if -- stylistic pedantry, matches confirmed no-final-else FP class",41plus_b5,med
ERR07-C,hostap,wpa_supplicant/ctrl_iface.c,6181,TP,"ERR07-C atoi(pos) for search_delay, no validation",41plus_b5,low
ERR34-C,hostap,wpa_supplicant/ctrl_iface.c,6181,TP,ERR34-C same call,41plus_b5,low
ERR07-C,hostap,wpa_supplicant/ctrl_iface.c,6188,FP,"ERR07-C: freq=atoi(pos2) immediately followed by 'if (freq<=0) return -1' -- malformed/non-numeric input collapses to 0 and is rejected, matches confirmed narrow-check FP precedent (sae_pk_gen.c:48)",41plus_b5,high
ERR34-C,hostap,wpa_supplicant/ctrl_iface.c,6188,FP,"ERR34-C same call, same reasoning",41plus_b5,high
EXP33-C,hostap,wpa_supplicant/ctrl_iface.c,6201,FP,"EXP33-C: seek/_seek not truly at risk -- seek=_seek is assigned every loop iteration right after _seek[seek_count++]=pos, only ever read up to seek_count entries later; rule flags the array itself as uninitialized ignoring the per-iteration write",41plus_b5,high
STR34-C,hostap,wpa_supplicant/ctrl_iface.c,6205,FP,"STR34-C: *term='\0' is a plain char-to-char assignment, no widening conversion -- confirmed plain-char-assignment FP class",41plus_b5,high
EXP34-C,hostap,wpa_supplicant/ctrl_iface.c,6211,FP,"EXP34-C: seek_count>P2P_MAX_QUERY_HASH implies the while loop body executed at least once, which unconditionally sets seek=_seek (non-NULL) beforehand -- rule doesn't see the loop-invariant guarantee",41plus_b5,high
EXP45-C,hostap,wpa_supplicant/ctrl_iface.c,6229,FP,EXP45-C: token=cstr_token(...) is already wrapped in the CERT-recommended extra parens signalling deliberate assignment-as-condition -- confirmed pattern (categorical_patterns.md ctrl_iface.c:2475),41plus_b5,high
EXP43-C,hostap,wpa_supplicant/ctrl_iface.c,6281,FP,"EXP43-C: utf8_unescape(pos,...,info,...) -- pos points into caller's cmd buffer, info is a freshly os_malloc'd distinct allocation; provably non-overlapping, and utf8_unescape's params aren't restrict-qualified at all -- extends confirmed EXP43-C non-restrict/non-overlapping FP class",41plus_b5,high
ERR07-C,hostap,wpa_supplicant/ctrl_iface.c,6302,TP,"ERR07-C atoi(pos+7) for status, no validation",41plus_b5,low
ERR34-C,hostap,wpa_supplicant/ctrl_iface.c,6302,TP,ERR34-C same call,41plus_b5,low
ERR34-C,hostap,wpa_supplicant/ctrl_iface.c,6307,FP,"ERR34-C/INT05-C: explicit '!= 1 || val > 0xffffffffULL' check immediately follows -- return-value AND range are both validated, negating the rule's lack-of-error-detection premise (extends atoi narrow-check precedent to sscanf)",41plus_b5,high
FIO47-C,hostap,wpa_supplicant/ctrl_iface.c,6307,FP,FIO47-C: self-referential type-mismatch bug (categorical_patterns.md 41plus_b6) -- rule quotes the format-string literal itself as the vararg instead of checking &val; guaranteed to misfire on every sscanf numeric conversion,41plus_b5,high
INT05-C,hostap,wpa_supplicant/ctrl_iface.c,6307,TP,"INT05-C: sscanf's numeric conversions don't reliably signal overflow via errno like strtol does; per categorical_patterns.md 41plus_b6 this is judged TP (real, low-severity) even on validated calls, unlike the ERR34/FIO47/MSC24 siblings",41plus_b5,low
MSC24-C,hostap,wpa_supplicant/ctrl_iface.c,6307,FP,"MSC24-C: sscanf not on CERT's actual obsolescent-function list; sscanf_s is optional Annex K, unavailable in glibc -- confirmed FP (categorical_patterns.md 41plus_b6)",41plus_b5,med
EXP33-C,hostap,wpa_supplicant/ctrl_iface.c,6307,FP,"EXP33-C: val is only read at 'val > 0xffffffffULL', evaluated via '||' short-circuit only when the preceding 'sscanf(...) != 1' is false, i.e. only once sscanf has successfully written val -- rule doesn't track short-circuit evaluation order",41plus_b5,high
ERR33-C,hostap,wpa_supplicant/ctrl_iface.c,6313,TP,"ERR33-C: strtol(pos+7) for method, no subsequent check at all",41plus_b5,low
ERR00-C,hostap,wpa_supplicant/ctrl_iface.c,6313,TP,ERR00-C same call,41plus_b5,low
ERR01-C,hostap,wpa_supplicant/ctrl_iface.c,6313,TP,ERR01-C same call,41plus_b5,low
ERR30-C,hostap,wpa_supplicant/ctrl_iface.c,6313,TP,ERR30-C same call,41plus_b5,low
ERR34-C,hostap,wpa_supplicant/ctrl_iface.c,6318,FP,"ERR34-C/INT05-C: explicit '!= 1 || val (session_id) > 0xffffffffULL' check immediately follows -- return-val (session_id)ue AND range are both val (session_id)idated, negating the rule's lack-of-error-detection premise (extends atoi narrow-check precedent to sscanf)",41plus_b5,high
FIO47-C,hostap,wpa_supplicant/ctrl_iface.c,6318,FP,"FIO47-C: self-referential type-mismatch bug (categorical_patterns.md 41plus_b6), same as :6307",41plus_b5,high
INT05-C,hostap,wpa_supplicant/ctrl_iface.c,6318,TP,INT05-C: same as :6307 -- judged TP per categorical_patterns.md 41plus_b6 disposition,41plus_b5,low
MSC24-C,hostap,wpa_supplicant/ctrl_iface.c,6318,FP,MSC24-C: sscanf is not on CERT's actual obsolescent-function list -- same rule-content-scope issue as :6307,41plus_b5,med
ERR33-C,hostap,wpa_supplicant/ctrl_iface.c,6345,TP,"ERR33-C: strtol for role via 'tstCap=' branch -- comment literally says 'force conncap with tstCap (no validity checks)', deliberately unchecked",41plus_b5,low
ERR00-C,hostap,wpa_supplicant/ctrl_iface.c,6345,TP,ERR00-C same call,41plus_b5,low
ERR01-C,hostap,wpa_supplicant/ctrl_iface.c,6345,TP,ERR01-C same call,41plus_b5,low
ERR30-C,hostap,wpa_supplicant/ctrl_iface.c,6345,TP,ERR30-C same call,41plus_b5,low
ERR33-C,hostap,wpa_supplicant/ctrl_iface.c,6349,FP,"ERR33-C: strtol for role via 'role=' branch is immediately narrowed to {P2PS_SETUP_CLIENT, P2PS_SETUP_GROUP_OWNER} else reset to P2PS_SETUP_NONE at :6350-6352 -- matches confirmed narrow-enum-check FP precedent",41plus_b5,high
ERR00-C,hostap,wpa_supplicant/ctrl_iface.c,6349,FP,"ERR00-C same call, same narrow-check reasoning",41plus_b5,high
ERR01-C,hostap,wpa_supplicant/ctrl_iface.c,6349,FP,"ERR01-C same call, same narrow-check reasoning",41plus_b5,high
ERR30-C,hostap,wpa_supplicant/ctrl_iface.c,6349,FP,"ERR30-C same call, same narrow-check reasoning",41plus_b5,high
DCL30-C,hostap,wpa_supplicant/ctrl_iface.c,6357,FP,"DCL30-C: p2ps_prov is a local pointer VARIABLE assigned from os_zalloc() -- points to heap storage, not automatic/stack storage; confirmed local-variable-vs-local-storage FP class",41plus_b5,high
MSC07-C,hostap,wpa_supplicant/ctrl_iface.c,6359,FP,"MSC07-C: invalid_args: is a goto-target label reached from earlier 'goto invalid_args' statements, not genuinely unreachable -- confirmed goto-target FP class",41plus_b5,high
API05-C,hostap,wpa_supplicant/ctrl_iface.c,6448,FP,"API05-C: bare NUL-terminated cmd string param, no companion length needed -- extends idiomatic-pointer-param FP class",41plus_b5,high
API05-C,hostap,wpa_supplicant/ctrl_iface.c,6449,FP,"API05-C: buf,buflen paired idiom, confirmed FP class",41plus_b5,high
ENV01-C,hostap,wpa_supplicant/ctrl_iface.c,6466,FP,"ENV01-C: _group_ssid[SSID_MAX_LEN] is a fixed local array from a #define constant, filled via hexstr2bin from the ctrl-iface cmd string; no getenv/putenv anywhere in this function -- matches confirmed no-getenv-in-file FP class",41plus_b5,med
DCL37-C,hostap,wpa_supplicant/ctrl_iface.c,6466,FP,"DCL37-C: _group_ssid is a block-scope local, not file-scope -- confirmed FP class",41plus_b5,high
MEM03-C,hostap,wpa_supplicant/ctrl_iface.c,6472,FP,"MEM03-C: password is only a pointer alias into the caller-owned cmd buffer (token+9), not a locally-owned sensitive buffer this function allocates -- nothing local to clear; the underlying cmd storage's lifecycle belongs to the caller",41plus_b5,med
ERR07-C,hostap,wpa_supplicant/ctrl_iface.c,6502,TP,"ERR07-C atoi(pos2+12) for persistent_id: garbage input collapses to 0, which could collide with a legitimate network id 0 -- real (if subtle) correctness gap, not narrow-range-guarded",41plus_b5,low
ERR34-C,hostap,wpa_supplicant/ctrl_iface.c,6502,TP,"ERR34-C same call, same reasoning",41plus_b5,low
INT32-C,hostap,wpa_supplicant/ctrl_iface.c,6502,FP,"INT32-C: 'pos2 + 12' is pointer arithmetic (pos2 is char*) offset by a small constant, not signed-integer arithmetic subject to overflow -- rule misclassifies pointer-plus-constant as int addition",41plus_b5,high
EXP34-C,hostap,wpa_supplicant/ctrl_iface.c,6505,FP,EXP34-C: 'ssid == NULL || ssid->disabled != 2 || ssid->mode != ...' -- ssid->mode access is protected by the preceding 'ssid==NULL ||' short-circuit in the same condition; rule doesn't track short-circuit evaluation order,41plus_b5,high
ERR07-C,hostap,wpa_supplicant/ctrl_iface.c,6528,FP,"ERR07-C: go_intent=atoi(pos2) immediately followed by 'if (go_intent<0 || go_intent>15) return -1' -- narrow range validated, matches confirmed narrow-check FP precedent",41plus_b5,high
ERR34-C,hostap,wpa_supplicant/ctrl_iface.c,6528,FP,"ERR34-C same call, same reasoning",41plus_b5,high
ERR07-C,hostap,wpa_supplicant/ctrl_iface.c,6536,FP,ERR07-C: freq=atoi(pos2) immediately followed by 'if (freq<=0) return -1' -- matches confirmed narrow-check FP precedent,41plus_b5,high
ERR34-C,hostap,wpa_supplicant/ctrl_iface.c,6536,FP,"ERR34-C same call, same reasoning",41plus_b5,high
ERR07-C,hostap,wpa_supplicant/ctrl_iface.c,6543,TP,"ERR07-C: freq2=atoi(pos2+7), no validation anywhere",41plus_b5,low
ERR34-C,hostap,wpa_supplicant/ctrl_iface.c,6543,TP,ERR34-C same call,41plus_b5,low
ERR07-C,hostap,wpa_supplicant/ctrl_iface.c,6547,TP,"ERR07-C: chwidth=atoi(pos2+18), no validation",41plus_b5,low
ERR34-C,hostap,wpa_supplicant/ctrl_iface.c,6547,TP,ERR34-C same call,41plus_b5,low
INT32-C,hostap,wpa_supplicant/ctrl_iface.c,6547,FP,"INT32-C: 'pos2 + 18' is pointer arithmetic (pos2 is char*), not signed-int addition -- same misclassification as :6502",41plus_b5,high
STR34-C,hostap,wpa_supplicant/ctrl_iface.c,6586,FP,"STR34-C: *pos++ = '\0' is plain char-to-char assignment, no widening -- confirmed plain-char-assignment FP class",41plus_b5,high
ERR07-C,hostap,wpa_supplicant/ctrl_iface.c,6599,TP,"ERR07-C: bootstrap=atoi(pos2), no validation",41plus_b5,low
ERR34-C,hostap,wpa_supplicant/ctrl_iface.c,6599,TP,ERR34-C same call,41plus_b5,low
DCL13-C,hostap,wpa_supplicant/ctrl_iface.c,6643,TP,"DCL13-C: cmd genuinely only read (atoi(cmd)) in p2p_ctrl_listen, never modified -- real plain-helper const opportunity",41plus_b5,low
ERR07-C,hostap,wpa_supplicant/ctrl_iface.c,6645,TP,"ERR07-C atoi(cmd) unguarded numeric setting parse, no range/narrow-set check follows",41plus_b5,low
ERR34-C,hostap,wpa_supplicant/ctrl_iface.c,6645,TP,"ERR34-C same call, same reasoning",41plus_b5,low
STR34-C,hostap,wpa_supplicant/ctrl_iface.c,6645,FP,"STR34-C: 'cmd' is a char* pointer parameter passed by value to atoi(); no single-char widening/sign-extension conversion occurs at all -- new pattern, confirmed type-confusion rule bug (categorical_patterns.md ctrl_iface.c:2794,2827), extends to atoi() argument-passing shape",41plus_b5,high
MSC01-C,hostap,wpa_supplicant/ctrl_iface.c,6674,FP,"MSC01-C: use already has a sensible default (WPAS_P2P_PD_FOR_GO_NEG) assigned before the if/else-if -- stylistic pedantry, matches confirmed no-final-else FP class",41plus_b5,med
ERR07-C,hostap,wpa_supplicant/ctrl_iface.c,6680,TP,"ERR07-C: bootstrap=atoi(pos2), no validation",41plus_b5,low
ERR34-C,hostap,wpa_supplicant/ctrl_iface.c,6680,TP,ERR34-C same call,41plus_b5,low
DCL13-C,hostap,wpa_supplicant/ctrl_iface.c,6687,TP,"DCL13-C: wpa_s only read (wpa_s->current_ssid) in p2p_get_passphrase, never modified -- real plain-helper const opportunity",41plus_b5,low
API05-C,hostap,wpa_supplicant/ctrl_iface.c,6687,FP,"API05-C: buf,buflen paired idiom, confirmed FP class",41plus_b5,high
API05-C,hostap,wpa_supplicant/ctrl_iface.c,6701,FP,API05-C: bare NUL-terminated cmd string param -- extends idiomatic-pointer-param FP class,41plus_b5,high
API05-C,hostap,wpa_supplicant/ctrl_iface.c,6702,FP,"API05-C: buf,buflen paired idiom, confirmed FP class",41plus_b5,high
API05-C,hostap,wpa_supplicant/ctrl_iface.c,6747,FP,API05-C: bare NUL-terminated cmd string param -- extends idiomatic-pointer-param FP class,41plus_b5,high
API05-C,hostap,wpa_supplicant/ctrl_iface.c,6748,FP,"API05-C: buf,buflen paired idiom, confirmed FP class",41plus_b5,high
ERR34-C,hostap,wpa_supplicant/ctrl_iface.c,6788,FP,"ERR34-C/INT05-C: explicit '!= 1 || id > 0xff' check immediately follows -- return-value AND range are both validated, negating the rule's lack-of-error-detection premise",41plus_b5,high
FIO47-C,hostap,wpa_supplicant/ctrl_iface.c,6788,FP,"FIO47-C: self-referential type-mismatch bug (categorical_patterns.md 41plus_b6), same as :6307/:6318",41plus_b5,high
INT05-C,hostap,wpa_supplicant/ctrl_iface.c,6788,TP,INT05-C: same as :6307/:6318 -- judged TP per categorical_patterns.md 41plus_b6 disposition,41plus_b5,low
MSC24-C,hostap,wpa_supplicant/ctrl_iface.c,6788,FP,MSC24-C: sscanf is not on CERT's actual obsolescent-function list -- same rule-content-scope issue as :6307/:6318,41plus_b5,med
EXP33-C,hostap,wpa_supplicant/ctrl_iface.c,6788,FP,"EXP33-C: id only read at 'id > 0xff', short-circuited after 'sscanf(...) != 1' -- same short-circuit-blindness as :6307/:6318",41plus_b5,high
EXP34-C,hostap,wpa_supplicant/ctrl_iface.c,6792,FP,pos[1] only evaluated after 'pos == NULL ||' short-circuits on the same line; safe guard sqc doesn't recognize (new same-line short-circuit variant of guard-blindness family),41plus_b6,high
STR34-C,hostap,wpa_supplicant/ctrl_iface.c,6800,FP,Plain char-to-char '\0' assignment idiom (no widening) - confirmed STR34-C FP pattern,41plus_b6,high
EXP43-C,hostap,wpa_supplicant/ctrl_iface.c,6807,FP,"utf8_unescape(inp,in_size,outp,out_size) has no restrict qualifier and unescaping's output index never exceeds input index, so in-place use is standards-safe (EXP43-C only applies to restrict-qualified aliasing, per confirmed pattern)",41plus_b6,high
INT14-C,hostap,wpa_supplicant/ctrl_iface.c,6818,FP,len&1 parity check then len/=2 arithmetic on the same variable - confirmed INT14-C parity-then-arithmetic FP pattern,41plus_b6,high
MEM31-C,hostap,wpa_supplicant/ctrl_iface.c,6821,FP,tlvs is unconditionally wpabuf_free()'d at line 6830 on every path through the else-branch before any of these later statements execute; not freed here only because it was already freed earlier in the same function,41plus_b6,high
MEM31-C,hostap,wpa_supplicant/ctrl_iface.c,6837,FP,tlvs is unconditionally wpabuf_free()'d at line 6830 on every path through the else-branch before any of these later statements execute; not freed here only because it was already freed earlier in the same function,41plus_b6,high
ERR34-C,hostap,wpa_supplicant/ctrl_iface.c,6846,FP,sscanf() return value IS checked (!=1 / ==1 inline) right at the call site - ERR34-C 'lacks error detection' premise is factually false here,41plus_b6,high
FIO47-C,hostap,wpa_supplicant/ctrl_iface.c,6846,FP,"FIO47-C engine bug: compares the quoted format-string literal itself (always typed Pointer) against the spec's expected type, instead of the actual vararg pointer - self-referential, guaranteed-mismatch bug, fires on every sscanf() numeric conversion",41plus_b6,high
INT05-C,hostap,wpa_supplicant/ctrl_iface.c,6846,TP,"sscanf() numeric conversion has no errno/ERANGE check on overflow, unlike strtol - literal INT05-C violation, though low severity for local ctrl_iface input",41plus_b6,med
MSC24-C,hostap,wpa_supplicant/ctrl_iface.c,6846,FP,"sscanf() is not among the C standard's actually-deprecated/obsolescent functions (gets/asctime/rewind); recommending the non-portable, rarely-implemented Annex K sscanf_s() is not a valid MSC24-C violation",41plus_b6,med
EXP33-C,hostap,wpa_supplicant/ctrl_iface.c,6848,FP,variable is only used after 'if (sscanf(...) != 1) return -1;' guarantees the sscanf conversion succeeded and wrote through the pointer - extends the output-param EXP33-C FP family to checked-sscanf writes,41plus_b6,high
STR34-C,hostap,wpa_supplicant/ctrl_iface.c,6865,FP,Plain char-to-char '\0' assignment idiom (no widening) - confirmed STR34-C FP pattern,41plus_b6,high
ERR07-C,hostap,wpa_supplicant/ctrl_iface.c,6866,FP,atoi(cmd) result checked via 'if (freq == 0) return -1' immediately after - catches non-numeric/garbage input which atoi maps to 0,41plus_b6,med
ERR34-C,hostap,wpa_supplicant/ctrl_iface.c,6866,FP,atoi(cmd) result checked via 'if (freq == 0) return -1' immediately after - catches non-numeric/garbage input which atoi maps to 0,41plus_b6,med
STR34-C,hostap,wpa_supplicant/ctrl_iface.c,6880,FP,Plain char-to-char '\0' assignment idiom (no widening) - confirmed STR34-C FP pattern,41plus_b6,high
ERR07-C,hostap,wpa_supplicant/ctrl_iface.c,6881,TP,"atoi() result used with no subsequent validation of any kind - real, if low-severity, missing-error-detection per literal ERR07-C/ERR34-C text",41plus_b6,med
ERR34-C,hostap,wpa_supplicant/ctrl_iface.c,6881,TP,"atoi() result used with no subsequent validation of any kind - real, if low-severity, missing-error-detection per literal ERR07-C/ERR34-C text",41plus_b6,med
INT14-C,hostap,wpa_supplicant/ctrl_iface.c,6884,FP,len&1 parity check then len/=2 arithmetic on the same variable - confirmed INT14-C parity-then-arithmetic FP pattern,41plus_b6,high
ERR07-C,hostap,wpa_supplicant/ctrl_iface.c,6906,FP,"cmd is validated to be exactly ""0"" or ""1"" via os_strcmp() before atoi() is ever called - narrow enumerated-set check, confirmed atoi FP pattern",41plus_b6,med
ERR34-C,hostap,wpa_supplicant/ctrl_iface.c,6906,FP,"cmd is validated to be exactly ""0"" or ""1"" via os_strcmp() before atoi() is ever called - narrow enumerated-set check, confirmed atoi FP pattern",41plus_b6,med
STR34-C,hostap,wpa_supplicant/ctrl_iface.c,6922,FP,Plain char-to-char '\0' assignment idiom (no widening) - confirmed STR34-C FP pattern,41plus_b6,high
INT14-C,hostap,wpa_supplicant/ctrl_iface.c,6925,FP,len&1 parity check then len/=2 arithmetic on the same variable - confirmed INT14-C parity-then-arithmetic FP pattern,41plus_b6,high
STR34-C,hostap,wpa_supplicant/ctrl_iface.c,6964,FP,Plain char-to-char '\0' assignment idiom (no widening) - confirmed STR34-C FP pattern,41plus_b6,high
ENV01-C,hostap,wpa_supplicant/ctrl_iface.c,6981,FP,Fixed-size local array/buffer sized by compile-time macro constant(s); no getenv/putenv or VLA anywhere in file - confirmed ENV01-C/MEM05-C misfire-on-fixed-array pattern,41plus_b6,high
MEM05-C,hostap,wpa_supplicant/ctrl_iface.c,6981,FP,Fixed-size local array/buffer sized by compile-time macro constant(s); no getenv/putenv or VLA anywhere in file - confirmed ENV01-C/MEM05-C misfire-on-fixed-array pattern,41plus_b6,high
STR34-C,hostap,wpa_supplicant/ctrl_iface.c,6986,FP,Plain char-to-char '\0' assignment idiom (no widening) - confirmed STR34-C FP pattern,41plus_b6,high
ERR07-C,hostap,wpa_supplicant/ctrl_iface.c,6990,FP,"auto_accept immediately validated via switch(){case NONE/NEW/CLIENT/GROUP_OWNER: break; default: return -1;} - narrow enumerated-set check, confirmed atoi FP pattern",41plus_b6,med
ERR34-C,hostap,wpa_supplicant/ctrl_iface.c,6990,FP,"auto_accept immediately validated via switch(){case NONE/NEW/CLIENT/GROUP_OWNER: break; default: return -1;} - narrow enumerated-set check, confirmed atoi FP pattern",41plus_b6,med
MSC17-C,hostap,wpa_supplicant/ctrl_iface.c,6992,FP,"Stacked/grouped case labels (P2PS_SETUP_NONE/NEW/CLIENT/GROUP_OWNER) share one body ending in 'break;' - standard grouped-case-label idiom, not unintentional fallthrough",41plus_b6,high
STR34-C,hostap,wpa_supplicant/ctrl_iface.c,7006,FP,Plain char-to-char '\0' assignment idiom (no widening) - confirmed STR34-C FP pattern,41plus_b6,high
ERR34-C,hostap,wpa_supplicant/ctrl_iface.c,7009,FP,sscanf() return value IS checked (!=1 / ==1 inline) right at the call site - ERR34-C 'lacks error detection' premise is factually false here,41plus_b6,high
FIO47-C,hostap,wpa_supplicant/ctrl_iface.c,7009,FP,"FIO47-C engine bug: compares the quoted format-string literal itself (always typed Pointer) against the spec's expected type, instead of the actual vararg pointer - self-referential, guaranteed-mismatch bug, fires on every sscanf() numeric conversion",41plus_b6,high
INT05-C,hostap,wpa_supplicant/ctrl_iface.c,7009,TP,"sscanf() numeric conversion has no errno/ERANGE check on overflow, unlike strtol - literal INT05-C violation, though low severity for local ctrl_iface input",41plus_b6,med
MSC24-C,hostap,wpa_supplicant/ctrl_iface.c,7009,FP,"sscanf() is not among the C standard's actually-deprecated/obsolescent functions (gets/asctime/rewind); recommending the non-portable, rarely-implemented Annex K sscanf_s() is not a valid MSC24-C violation",41plus_b6,med
EXP33-C,hostap,wpa_supplicant/ctrl_iface.c,7009,FP,variable is only used after 'if (sscanf(...) != 1) return -1;' guarantees the sscanf conversion succeeded and wrote through the pointer - extends the output-param EXP33-C FP family to checked-sscanf writes,41plus_b6,high
ERR34-C,hostap,wpa_supplicant/ctrl_iface.c,7022,FP,sscanf() return value IS checked (!=1 / ==1 inline) right at the call site - ERR34-C 'lacks error detection' premise is factually false here,41plus_b6,high
FIO47-C,hostap,wpa_supplicant/ctrl_iface.c,7022,FP,"FIO47-C engine bug: compares the quoted format-string literal itself (always typed Pointer) against the spec's expected type, instead of the actual vararg pointer - self-referential, guaranteed-mismatch bug, fires on every sscanf() numeric conversion",41plus_b6,high
INT05-C,hostap,wpa_supplicant/ctrl_iface.c,7022,TP,"sscanf() numeric conversion has no errno/ERANGE check on overflow, unlike strtol - literal INT05-C violation, though low severity for local ctrl_iface input",41plus_b6,med
MSC24-C,hostap,wpa_supplicant/ctrl_iface.c,7022,FP,"sscanf() is not among the C standard's actually-deprecated/obsolescent functions (gets/asctime/rewind); recommending the non-portable, rarely-implemented Annex K sscanf_s() is not a valid MSC24-C violation",41plus_b6,med
EXP33-C,hostap,wpa_supplicant/ctrl_iface.c,7022,FP,variable is only used after 'if (sscanf(...) != 1) return -1;' guarantees the sscanf conversion succeeded and wrote through the pointer - extends the output-param EXP33-C FP family to checked-sscanf writes,41plus_b6,high
ERR34-C,hostap,wpa_supplicant/ctrl_iface.c,7031,FP,sscanf() return value IS checked (!=1 / ==1 inline) right at the call site - ERR34-C 'lacks error detection' premise is factually false here,41plus_b6,high
FIO47-C,hostap,wpa_supplicant/ctrl_iface.c,7031,FP,"FIO47-C engine bug: compares the quoted format-string literal itself (always typed Pointer) against the spec's expected type, instead of the actual vararg pointer - self-referential, guaranteed-mismatch bug, fires on every sscanf() numeric conversion",41plus_b6,high
INT05-C,hostap,wpa_supplicant/ctrl_iface.c,7031,TP,"sscanf() numeric conversion has no errno/ERANGE check on overflow, unlike strtol - literal INT05-C violation, though low severity for local ctrl_iface input",41plus_b6,med
MSC24-C,hostap,wpa_supplicant/ctrl_iface.c,7031,FP,"sscanf() is not among the C standard's actually-deprecated/obsolescent functions (gets/asctime/rewind); recommending the non-portable, rarely-implemented Annex K sscanf_s() is not a valid MSC24-C violation",41plus_b6,med
EXP33-C,hostap,wpa_supplicant/ctrl_iface.c,7034,FP,variable is only used after 'if (sscanf(...) != 1) return -1;' guarantees the sscanf conversion succeeded and wrote through the pointer - extends the output-param EXP33-C FP family to checked-sscanf writes,41plus_b6,high
STR34-C,hostap,wpa_supplicant/ctrl_iface.c,7052,FP,Plain char-to-char '\0' assignment idiom (no widening) - confirmed STR34-C FP pattern,41plus_b6,high
STR34-C,hostap,wpa_supplicant/ctrl_iface.c,7058,FP,Plain char-to-char '\0' assignment idiom (no widening) - confirmed STR34-C FP pattern,41plus_b6,high
EXP43-C,hostap,wpa_supplicant/ctrl_iface.c,7078,FP,"utf8_unescape(inp,in_size,outp,out_size) has no restrict qualifier and unescaping's output index never exceeds input index, so in-place use is standards-safe (EXP43-C only applies to restrict-qualified aliasing, per confirmed pattern)",41plus_b6,high
STR34-C,hostap,wpa_supplicant/ctrl_iface.c,7095,FP,Plain char-to-char '\0' assignment idiom (no widening) - confirmed STR34-C FP pattern,41plus_b6,high
INT14-C,hostap,wpa_supplicant/ctrl_iface.c,7116,FP,len&1 parity check then len/=2 arithmetic on the same variable - confirmed INT14-C parity-then-arithmetic FP pattern,41plus_b6,high
STR34-C,hostap,wpa_supplicant/ctrl_iface.c,7141,FP,Plain char-to-char '\0' assignment idiom (no widening) - confirmed STR34-C FP pattern,41plus_b6,high
ERR34-C,hostap,wpa_supplicant/ctrl_iface.c,7159,FP,sscanf() return value IS checked (!=1 / ==1 inline) right at the call site - ERR34-C 'lacks error detection' premise is factually false here,41plus_b6,high
FIO47-C,hostap,wpa_supplicant/ctrl_iface.c,7159,FP,"FIO47-C engine bug: compares the quoted format-string literal itself (always typed Pointer) against the spec's expected type, instead of the actual vararg pointer - self-referential, guaranteed-mismatch bug, fires on every sscanf() numeric conversion",41plus_b6,high
INT05-C,hostap,wpa_supplicant/ctrl_iface.c,7159,TP,"sscanf() numeric conversion has no errno/ERANGE check on overflow, unlike strtol - literal INT05-C violation, though low severity for local ctrl_iface input",41plus_b6,med
MSC24-C,hostap,wpa_supplicant/ctrl_iface.c,7159,FP,"sscanf() is not among the C standard's actually-deprecated/obsolescent functions (gets/asctime/rewind); recommending the non-portable, rarely-implemented Annex K sscanf_s() is not a valid MSC24-C violation",41plus_b6,med
EXP33-C,hostap,wpa_supplicant/ctrl_iface.c,7162,FP,variable is only used after 'if (sscanf(...) != 1) return -1;' guarantees the sscanf conversion succeeded and wrote through the pointer - extends the output-param EXP33-C FP family to checked-sscanf writes,41plus_b6,high
STR34-C,hostap,wpa_supplicant/ctrl_iface.c,7173,FP,Plain char-to-char '\0' assignment idiom (no widening) - confirmed STR34-C FP pattern,41plus_b6,high
STR34-C,hostap,wpa_supplicant/ctrl_iface.c,7193,FP,Plain char-to-char '\0' assignment idiom (no widening) - confirmed STR34-C FP pattern,41plus_b6,high
DCL37-C,hostap,wpa_supplicant/ctrl_iface.c,7221,FP,"'_peer' is a block-scope local variable inside p2p_ctrl_invite_persistent, not a file-scope identifier; DCL37-C's underscore restriction only applies at file scope (confirmed pattern)",41plus_b6,high
ERR07-C,hostap,wpa_supplicant/ctrl_iface.c,7239,FP,id is validated via wpa_config_get_network() lookup + disabled!=2 check right after - any garbage atoi() result safely fails the lookup,41plus_b6,med
ERR34-C,hostap,wpa_supplicant/ctrl_iface.c,7239,FP,id is validated via wpa_config_get_network() lookup + disabled!=2 check right after - any garbage atoi() result safely fails the lookup,41plus_b6,med
MSC01-C,hostap,wpa_supplicant/ctrl_iface.c,7247,FP,"if/else-if handles two independent, non-exhaustive conditions by design (persistent-id case vs p2p2-without-peer case); falling through with neither true is valid, not a missing-case defect (confirmed pattern)",41plus_b6,high
ERR07-C,hostap,wpa_supplicant/ctrl_iface.c,7256,FP,freq checked via 'if (freq <= 0) return -1' immediately after,41plus_b6,med
ERR34-C,hostap,wpa_supplicant/ctrl_iface.c,7256,FP,freq checked via 'if (freq <= 0) return -1' immediately after,41plus_b6,med
ERR07-C,hostap,wpa_supplicant/ctrl_iface.c,7264,FP,pref_freq checked via 'if (pref_freq <= 0) return -1' immediately after,41plus_b6,med
ERR34-C,hostap,wpa_supplicant/ctrl_iface.c,7264,FP,pref_freq checked via 'if (pref_freq <= 0) return -1' immediately after,41plus_b6,med
ERR07-C,hostap,wpa_supplicant/ctrl_iface.c,7277,FP,freq2 is fed into chwidth_freq2_to_ch_width() whose result is checked '< 0' right after - indirect but real validation,41plus_b6,med
ERR34-C,hostap,wpa_supplicant/ctrl_iface.c,7277,FP,freq2 is fed into chwidth_freq2_to_ch_width() whose result is checked '< 0' right after - indirect but real validation,41plus_b6,med
ERR07-C,hostap,wpa_supplicant/ctrl_iface.c,7281,FP,chwidth is fed into chwidth_freq2_to_ch_width() whose result is checked '< 0' right after - indirect but real validation,41plus_b6,med
ERR34-C,hostap,wpa_supplicant/ctrl_iface.c,7281,FP,chwidth is fed into chwidth_freq2_to_ch_width() whose result is checked '< 0' right after - indirect but real validation,41plus_b6,med
STR34-C,hostap,wpa_supplicant/ctrl_iface.c,7308,FP,Plain char-to-char '\0' assignment idiom (no widening) - confirmed STR34-C FP pattern,41plus_b6,high
ERR34-C,hostap,wpa_supplicant/ctrl_iface.c,7394,FP,sscanf() return value IS checked (!=1 / ==1 inline) right at the call site - ERR34-C 'lacks error detection' premise is factually false here,41plus_b6,high
EXP20-C,hostap,wpa_supplicant/ctrl_iface.c,7394,FP,"format string has exactly one conversion specifier, so sscanf() can only return -1/0/1 here - '==1' is the only meaningful test, not a >1-vs-!=0 hazard EXP20-C assumes",41plus_b6,high
FIO47-C,hostap,wpa_supplicant/ctrl_iface.c,7394,FP,"FIO47-C engine bug: compares the quoted format-string literal itself (always typed Pointer) against the spec's expected type, instead of the actual vararg pointer - self-referential, guaranteed-mismatch bug, fires on every sscanf() numeric conversion",41plus_b6,high
INT05-C,hostap,wpa_supplicant/ctrl_iface.c,7394,TP,"sscanf() numeric conversion has no errno/ERANGE check on overflow, unlike strtol - literal INT05-C violation, though low severity for local ctrl_iface input",41plus_b6,med
MSC24-C,hostap,wpa_supplicant/ctrl_iface.c,7394,FP,"sscanf() is not among the C standard's actually-deprecated/obsolescent functions (gets/asctime/rewind); recommending the non-portable, rarely-implemented Annex K sscanf_s() is not a valid MSC24-C violation",41plus_b6,med
ERR34-C,hostap,wpa_supplicant/ctrl_iface.c,7395,FP,sscanf() return value IS checked (!=1 / ==1 inline) right at the call site - ERR34-C 'lacks error detection' premise is factually false here,41plus_b6,high
EXP20-C,hostap,wpa_supplicant/ctrl_iface.c,7395,FP,"format string has exactly one conversion specifier, so sscanf() can only return -1/0/1 here - '==1' is the only meaningful test, not a >1-vs-!=0 hazard EXP20-C assumes",41plus_b6,high
FIO47-C,hostap,wpa_supplicant/ctrl_iface.c,7395,FP,"FIO47-C engine bug: compares the quoted format-string literal itself (always typed Pointer) against the spec's expected type, instead of the actual vararg pointer - self-referential, guaranteed-mismatch bug, fires on every sscanf() numeric conversion",41plus_b6,high
INT05-C,hostap,wpa_supplicant/ctrl_iface.c,7395,TP,"sscanf() numeric conversion has no errno/ERANGE check on overflow, unlike strtol - literal INT05-C violation, though low severity for local ctrl_iface input",41plus_b6,med
MSC24-C,hostap,wpa_supplicant/ctrl_iface.c,7395,FP,"sscanf() is not among the C standard's actually-deprecated/obsolescent functions (gets/asctime/rewind); recommending the non-portable, rarely-implemented Annex K sscanf_s() is not a valid MSC24-C violation",41plus_b6,med
ERR34-C,hostap,wpa_supplicant/ctrl_iface.c,7396,FP,sscanf() return value IS checked (!=1 / ==1 inline) right at the call site - ERR34-C 'lacks error detection' premise is factually false here,41plus_b6,high
EXP20-C,hostap,wpa_supplicant/ctrl_iface.c,7396,FP,"format string has exactly one conversion specifier, so sscanf() can only return -1/0/1 here - '==1' is the only meaningful test, not a >1-vs-!=0 hazard EXP20-C assumes",41plus_b6,high
FIO47-C,hostap,wpa_supplicant/ctrl_iface.c,7396,FP,"FIO47-C engine bug: compares the quoted format-string literal itself (always typed Pointer) against the spec's expected type, instead of the actual vararg pointer - self-referential, guaranteed-mismatch bug, fires on every sscanf() numeric conversion",41plus_b6,high
INT05-C,hostap,wpa_supplicant/ctrl_iface.c,7396,TP,"sscanf() numeric conversion has no errno/ERANGE check on overflow, unlike strtol - literal INT05-C violation, though low severity for local ctrl_iface input",41plus_b6,med
MSC24-C,hostap,wpa_supplicant/ctrl_iface.c,7396,FP,"sscanf() is not among the C standard's actually-deprecated/obsolescent functions (gets/asctime/rewind); recommending the non-portable, rarely-implemented Annex K sscanf_s() is not a valid MSC24-C violation",41plus_b6,med
ERR34-C,hostap,wpa_supplicant/ctrl_iface.c,7397,FP,sscanf() return value IS checked (!=1 / ==1 inline) right at the call site - ERR34-C 'lacks error detection' premise is factually false here,41plus_b6,high
EXP20-C,hostap,wpa_supplicant/ctrl_iface.c,7397,FP,"format string has exactly one conversion specifier, so sscanf() can only return -1/0/1 here - '==1' is the only meaningful test, not a >1-vs-!=0 hazard EXP20-C assumes",41plus_b6,high
FIO47-C,hostap,wpa_supplicant/ctrl_iface.c,7397,FP,"FIO47-C engine bug: compares the quoted format-string literal itself (always typed Pointer) against the spec's expected type, instead of the actual vararg pointer - self-referential, guaranteed-mismatch bug, fires on every sscanf() numeric conversion",41plus_b6,high
INT05-C,hostap,wpa_supplicant/ctrl_iface.c,7397,TP,"sscanf() numeric conversion has no errno/ERANGE check on overflow, unlike strtol - literal INT05-C violation, though low severity for local ctrl_iface input",41plus_b6,med
MSC24-C,hostap,wpa_supplicant/ctrl_iface.c,7397,FP,"sscanf() is not among the C standard's actually-deprecated/obsolescent functions (gets/asctime/rewind); recommending the non-portable, rarely-implemented Annex K sscanf_s() is not a valid MSC24-C violation",41plus_b6,med
ERR34-C,hostap,wpa_supplicant/ctrl_iface.c,7403,FP,sscanf() return value IS checked (!=1 / ==1 inline) right at the call site - ERR34-C 'lacks error detection' premise is factually false here,41plus_b6,high
EXP20-C,hostap,wpa_supplicant/ctrl_iface.c,7403,FP,"format string has exactly one conversion specifier, so sscanf() can only return -1/0/1 here - '==1' is the only meaningful test, not a >1-vs-!=0 hazard EXP20-C assumes",41plus_b6,high
FIO47-C,hostap,wpa_supplicant/ctrl_iface.c,7403,FP,"FIO47-C engine bug: compares the quoted format-string literal itself (always typed Pointer) against the spec's expected type, instead of the actual vararg pointer - self-referential, guaranteed-mismatch bug, fires on every sscanf() numeric conversion",41plus_b6,high
INT05-C,hostap,wpa_supplicant/ctrl_iface.c,7403,TP,"sscanf() numeric conversion has no errno/ERANGE check on overflow, unlike strtol - literal INT05-C violation, though low severity for local ctrl_iface input",41plus_b6,med
MSC24-C,hostap,wpa_supplicant/ctrl_iface.c,7403,FP,"sscanf() is not among the C standard's actually-deprecated/obsolescent functions (gets/asctime/rewind); recommending the non-portable, rarely-implemented Annex K sscanf_s() is not a valid MSC24-C violation",41plus_b6,med
ENV01-C,hostap,wpa_supplicant/ctrl_iface.c,7436,FP,Fixed-size local array/buffer sized by compile-time macro constant(s); no getenv/putenv or VLA anywhere in file - confirmed ENV01-C/MEM05-C misfire-on-fixed-array pattern,41plus_b6,high
DCL13-C,hostap,wpa_supplicant/ctrl_iface.c,7492,TP,"wpa_s is only read (current_ssid/global/p2p_group) in this plain internal helper, not forwarded to any non-const vtable call - genuine, if low-severity, const opportunity",41plus_b6,med
API05-C,hostap,wpa_supplicant/ctrl_iface.c,7492,FP,"Classic 'T *ptr, size_t len' paired pointer+size parameter idiom (buf/buflen, cmd) - confirmed API05-C conformant-array-syntax FP pattern",41plus_b6,high
API05-C,hostap,wpa_supplicant/ctrl_iface.c,7493,FP,"Classic 'T *ptr, size_t len' paired pointer+size parameter idiom (buf/buflen, cmd) - confirmed API05-C conformant-array-syntax FP pattern",41plus_b6,high
DCL13-C,hostap,wpa_supplicant/ctrl_iface.c,7515,TP,global is only read (global->ifaces traversal) in this plain internal helper - genuine const opportunity,41plus_b6,med
API05-C,hostap,wpa_supplicant/ctrl_iface.c,7529,FP,"Classic 'T *ptr, size_t len' paired pointer+size parameter idiom (buf/buflen, cmd) - confirmed API05-C conformant-array-syntax FP pattern",41plus_b6,high
API05-C,hostap,wpa_supplicant/ctrl_iface.c,7530,FP,"Classic 'T *ptr, size_t len' paired pointer+size parameter idiom (buf/buflen, cmd) - confirmed API05-C conformant-array-syntax FP pattern",41plus_b6,high
DCL13-C,hostap,wpa_supplicant/ctrl_iface.c,7530,FP,"buf's pointee IS modified: pos=buf then os_snprintf(pos,...) writes through it repeatedly - DCL13-C's 'not modified' scan misses the write via the aliased pos variable (real tool miss, same family as p2p_invitation.c:129)",41plus_b6,high
EXP30-C,hostap,wpa_supplicant/ctrl_iface.c,7575,FP,Only one real function call (wps_dev_type_bin2str) among the snprintf args; MAC2STR/other args are plain struct-field reads / pure macro byte-extraction with no side effects - not multiple unsequenced side-effecting calls,41plus_b6,high
EXP40-C,hostap,wpa_supplicant/ctrl_iface.c,7605,FP,"t is declared 'const u8 *'; assigning &array[i] (non-const array) to a const-qualified pointer is a standard-legal implicit qualification-adding conversion, not a const-removal hazard - rule fires on the safe direction",41plus_b6,high
ERR02-C,hostap,wpa_supplicant/ctrl_iface.c,7633,FP,wpa_snprintf_hex() is a custom bounded helper (not libc snprintf) whose return value is used directly (pos += ...); it doesn't share os_snprintf's truncation-signaling contract that os_snprintf_error() checks - name-substring misfire on 'snprintf',41plus_b6,high
EXP30-C,hostap,wpa_supplicant/ctrl_iface.c,7633,FP,wpabuf_head()/wpabuf_len() are side-effect-free accessor getters passed as sibling args - confirmed EXP30-C pure-accessor FP pattern,41plus_b6,high
STR34-C,hostap,wpa_supplicant/ctrl_iface.c,7680,FP,Plain char-to-char '\0' assignment idiom (no widening) - confirmed STR34-C FP pattern,41plus_b6,high
ERR07-C,hostap,wpa_supplicant/ctrl_iface.c,7684,TP,"atoi() result used with no subsequent validation of any kind - real, if low-severity, missing-error-detection per literal ERR07-C/ERR34-C text",41plus_b6,med
ERR34-C,hostap,wpa_supplicant/ctrl_iface.c,7684,TP,"atoi() result used with no subsequent validation of any kind - real, if low-severity, missing-error-detection per literal ERR07-C/ERR34-C text",41plus_b6,med
ERR07-C,hostap,wpa_supplicant/ctrl_iface.c,7689,TP,"atoi() result used with no subsequent validation of any kind - real, if low-severity, missing-error-detection per literal ERR07-C/ERR34-C text",41plus_b6,med
ERR34-C,hostap,wpa_supplicant/ctrl_iface.c,7689,TP,"atoi() result used with no subsequent validation of any kind - real, if low-severity, missing-error-detection per literal ERR07-C/ERR34-C text",41plus_b6,med
ERR07-C,hostap,wpa_supplicant/ctrl_iface.c,7697,TP,"atoi() result used with no subsequent validation of any kind - real, if low-severity, missing-error-detection per literal ERR07-C/ERR34-C text",41plus_b6,med
ERR34-C,hostap,wpa_supplicant/ctrl_iface.c,7697,TP,"atoi() result used with no subsequent validation of any kind - real, if low-severity, missing-error-detection per literal ERR07-C/ERR34-C text",41plus_b6,med
ERR07-C,hostap,wpa_supplicant/ctrl_iface.c,7699,TP,"atoi() result used with no subsequent validation of any kind - real, if low-severity, missing-error-detection per literal ERR07-C/ERR34-C text",41plus_b6,med
ERR34-C,hostap,wpa_supplicant/ctrl_iface.c,7699,TP,"atoi() result used with no subsequent validation of any kind - real, if low-severity, missing-error-detection per literal ERR07-C/ERR34-C text",41plus_b6,med
ERR07-C,hostap,wpa_supplicant/ctrl_iface.c,7714,FP,count checked via combined range validation a few lines later (count<0||count>255||start<0||duration<0),41plus_b6,med
ERR34-C,hostap,wpa_supplicant/ctrl_iface.c,7714,FP,count checked via combined range validation a few lines later (count<0||count>255||start<0||duration<0),41plus_b6,med
ERR07-C,hostap,wpa_supplicant/ctrl_iface.c,7719,FP,start checked via the same combined range validation,41plus_b6,med
ERR34-C,hostap,wpa_supplicant/ctrl_iface.c,7719,FP,start checked via the same combined range validation,41plus_b6,med
ERR07-C,hostap,wpa_supplicant/ctrl_iface.c,7724,FP,duration checked via the same combined range validation,41plus_b6,med
ERR34-C,hostap,wpa_supplicant/ctrl_iface.c,7724,FP,duration checked via the same combined range validation,41plus_b6,med
ERR07-C,hostap,wpa_supplicant/ctrl_iface.c,7735,TP,"atoi() result used with no subsequent validation of any kind - real, if low-severity, missing-error-detection per literal ERR07-C/ERR34-C text",41plus_b6,med
ERR34-C,hostap,wpa_supplicant/ctrl_iface.c,7735,TP,"atoi() result used with no subsequent validation of any kind - real, if low-severity, missing-error-detection per literal ERR07-C/ERR34-C text",41plus_b6,med
ERR07-C,hostap,wpa_supplicant/ctrl_iface.c,7738,TP,"atoi() result used with no subsequent validation of any kind - real, if low-severity, missing-error-detection per literal ERR07-C/ERR34-C text",41plus_b6,med
ERR34-C,hostap,wpa_supplicant/ctrl_iface.c,7738,TP,"atoi() result used with no subsequent validation of any kind - real, if low-severity, missing-error-detection per literal ERR07-C/ERR34-C text",41plus_b6,med
ERR07-C,hostap,wpa_supplicant/ctrl_iface.c,7741,TP,"atoi() result used with no subsequent validation of any kind - real, if low-severity, missing-error-detection per literal ERR07-C/ERR34-C text",41plus_b6,med
ERR34-C,hostap,wpa_supplicant/ctrl_iface.c,7741,TP,"atoi() result used with no subsequent validation of any kind - real, if low-severity, missing-error-detection per literal ERR07-C/ERR34-C text",41plus_b6,med
ERR07-C,hostap,wpa_supplicant/ctrl_iface.c,7744,TP,"atoi() result used with no subsequent validation of any kind - real, if low-severity, missing-error-detection per literal ERR07-C/ERR34-C text",41plus_b6,med
ERR34-C,hostap,wpa_supplicant/ctrl_iface.c,7744,TP,"atoi() result used with no subsequent validation of any kind - real, if low-severity, missing-error-detection per literal ERR07-C/ERR34-C text",41plus_b6,med
ERR07-C,hostap,wpa_supplicant/ctrl_iface.c,7771,TP,"atoi() result used with no subsequent validation of any kind - real, if low-severity, missing-error-detection per literal ERR07-C/ERR34-C text",41plus_b6,med
ERR34-C,hostap,wpa_supplicant/ctrl_iface.c,7771,TP,"atoi() result used with no subsequent validation of any kind - real, if low-severity, missing-error-detection per literal ERR07-C/ERR34-C text",41plus_b6,med
ERR07-C,hostap,wpa_supplicant/ctrl_iface.c,7784,TP,"atoi() result used with no subsequent validation of any kind - real, if low-severity, missing-error-detection per literal ERR07-C/ERR34-C text",41plus_b6,med
ERR34-C,hostap,wpa_supplicant/ctrl_iface.c,7784,TP,"atoi() result used with no subsequent validation of any kind - real, if low-severity, missing-error-detection per literal ERR07-C/ERR34-C text",41plus_b6,med
ERR07-C,hostap,wpa_supplicant/ctrl_iface.c,7791,TP,"atoi() result used with no subsequent validation of any kind - real, if low-severity, missing-error-detection per literal ERR07-C/ERR34-C text",41plus_b6,med
ERR34-C,hostap,wpa_supplicant/ctrl_iface.c,7791,TP,"atoi() result used with no subsequent validation of any kind - real, if low-severity, missing-error-detection per literal ERR07-C/ERR34-C text",41plus_b6,med
ERR07-C,hostap,wpa_supplicant/ctrl_iface.c,7803,TP,"atoi() result used with no subsequent validation of any kind - real, if low-severity, missing-error-detection per literal ERR07-C/ERR34-C text",41plus_b6,med
ERR34-C,hostap,wpa_supplicant/ctrl_iface.c,7803,TP,"atoi() result used with no subsequent validation of any kind - real, if low-severity, missing-error-detection per literal ERR07-C/ERR34-C text",41plus_b6,med
ERR07-C,hostap,wpa_supplicant/ctrl_iface.c,7808,TP,"atoi() result used with no subsequent validation of any kind - real, if low-severity, missing-error-detection per literal ERR07-C/ERR34-C text",41plus_b6,med
ERR34-C,hostap,wpa_supplicant/ctrl_iface.c,7808,TP,"atoi() result used with no subsequent validation of any kind - real, if low-severity, missing-error-detection per literal ERR07-C/ERR34-C text",41plus_b6,med
ERR07-C,hostap,wpa_supplicant/ctrl_iface.c,7813,TP,"atoi() result used with no subsequent validation of any kind - real, if low-severity, missing-error-detection per literal ERR07-C/ERR34-C text",41plus_b6,med
ERR34-C,hostap,wpa_supplicant/ctrl_iface.c,7813,TP,"atoi() result used with no subsequent validation of any kind - real, if low-severity, missing-error-detection per literal ERR07-C/ERR34-C text",41plus_b6,med
ERR07-C,hostap,wpa_supplicant/ctrl_iface.c,7818,TP,"atoi() result used with no subsequent validation of any kind - real, if low-severity, missing-error-detection per literal ERR07-C/ERR34-C text",41plus_b6,med
ERR34-C,hostap,wpa_supplicant/ctrl_iface.c,7818,TP,"atoi() result used with no subsequent validation of any kind - real, if low-severity, missing-error-detection per literal ERR07-C/ERR34-C text",41plus_b6,med
ERR07-C,hostap,wpa_supplicant/ctrl_iface.c,7844,TP,"atoi() result used with no subsequent validation of any kind - real, if low-severity, missing-error-detection per literal ERR07-C/ERR34-C text",41plus_b6,med
ERR34-C,hostap,wpa_supplicant/ctrl_iface.c,7844,TP,"atoi() result used with no subsequent validation of any kind - real, if low-severity, missing-error-detection per literal ERR07-C/ERR34-C text",41plus_b6,med
STR34-C,hostap,wpa_supplicant/ctrl_iface.c,7848,FP,Plain char-to-char '\0' assignment idiom (no widening) - confirmed STR34-C FP pattern,41plus_b6,high
ERR07-C,hostap,wpa_supplicant/ctrl_iface.c,7850,TP,"atoi() result used with no subsequent validation of any kind - real, if low-severity, missing-error-detection per literal ERR07-C/ERR34-C text",41plus_b6,med
ERR34-C,hostap,wpa_supplicant/ctrl_iface.c,7850,TP,"atoi() result used with no subsequent validation of any kind - real, if low-severity, missing-error-detection per literal ERR07-C/ERR34-C text",41plus_b6,med
STR34-C,hostap,wpa_supplicant/ctrl_iface.c,7854,FP,"Plain char '\0' assignment via *pos++, both sides char, no widening — confirmed STR34-C plain-char-assignment FP class",41plus_b7,high
ERR07-C,hostap,wpa_supplicant/ctrl_iface.c,7856,TP,atoi() result used directly with no range/error check before being applied — genuine (if low-severity) ERR07/ERR34-C gap,41plus_b7,med
ERR34-C,hostap,wpa_supplicant/ctrl_iface.c,7856,TP,atoi() result used directly with no range/error check before being applied — genuine (if low-severity) ERR07/ERR34-C gap,41plus_b7,med
ERR07-C,hostap,wpa_supplicant/ctrl_iface.c,7863,FP,!!atoi(...) boolifies the result so a parse failure (0) and a legit 0 both map to false — no exploitable ambiguity,41plus_b7,med
ERR34-C,hostap,wpa_supplicant/ctrl_iface.c,7863,FP,!!atoi(...) boolifies the result so a parse failure (0) and a legit 0 both map to false — no exploitable ambiguity,41plus_b7,med
ERR07-C,hostap,wpa_supplicant/ctrl_iface.c,7869,FP,!!atoi(...) boolifies the result so a parse failure (0) and a legit 0 both map to false — no exploitable ambiguity,41plus_b7,med
ERR34-C,hostap,wpa_supplicant/ctrl_iface.c,7869,FP,!!atoi(...) boolifies the result so a parse failure (0) and a legit 0 both map to false — no exploitable ambiguity,41plus_b7,med
ERR07-C,hostap,wpa_supplicant/ctrl_iface.c,7873,FP,!!atoi(...) boolifies the result so a parse failure (0) and a legit 0 both map to false — no exploitable ambiguity,41plus_b7,med
ERR34-C,hostap,wpa_supplicant/ctrl_iface.c,7873,FP,!!atoi(...) boolifies the result so a parse failure (0) and a legit 0 both map to false — no exploitable ambiguity,41plus_b7,med
ERR07-C,hostap,wpa_supplicant/ctrl_iface.c,7880,TP,atoi() result used directly with no range/error check before being applied — genuine (if low-severity) ERR07/ERR34-C gap,41plus_b7,med
ERR34-C,hostap,wpa_supplicant/ctrl_iface.c,7880,TP,atoi() result used directly with no range/error check before being applied — genuine (if low-severity) ERR07/ERR34-C gap,41plus_b7,med
ERR07-C,hostap,wpa_supplicant/ctrl_iface.c,7885,TP,atoi() result used directly with no range/error check before being applied — genuine (if low-severity) ERR07/ERR34-C gap,41plus_b7,med
ERR34-C,hostap,wpa_supplicant/ctrl_iface.c,7885,TP,atoi() result used directly with no range/error check before being applied — genuine (if low-severity) ERR07/ERR34-C gap,41plus_b7,med
ERR07-C,hostap,wpa_supplicant/ctrl_iface.c,7892,TP,atoi() result used directly with no range/error check before being applied — genuine (if low-severity) ERR07/ERR34-C gap,41plus_b7,med
ERR34-C,hostap,wpa_supplicant/ctrl_iface.c,7892,TP,atoi() result used directly with no range/error check before being applied — genuine (if low-severity) ERR07/ERR34-C gap,41plus_b7,med
ERR07-C,hostap,wpa_supplicant/ctrl_iface.c,7897,TP,atoi() result used directly with no range/error check before being applied — genuine (if low-severity) ERR07/ERR34-C gap,41plus_b7,med
ERR34-C,hostap,wpa_supplicant/ctrl_iface.c,7897,TP,atoi() result used directly with no range/error check before being applied — genuine (if low-severity) ERR07/ERR34-C gap,41plus_b7,med
ERR07-C,hostap,wpa_supplicant/ctrl_iface.c,7902,TP,atoi() result used directly with no range/error check before being applied — genuine (if low-severity) ERR07/ERR34-C gap,41plus_b7,med
ERR34-C,hostap,wpa_supplicant/ctrl_iface.c,7902,TP,atoi() result used directly with no range/error check before being applied — genuine (if low-severity) ERR07/ERR34-C gap,41plus_b7,med
ERR07-C,hostap,wpa_supplicant/ctrl_iface.c,7907,TP,atoi() result used directly with no range/error check before being applied — genuine (if low-severity) ERR07/ERR34-C gap,41plus_b7,med
ERR34-C,hostap,wpa_supplicant/ctrl_iface.c,7907,TP,atoi() result used directly with no range/error check before being applied — genuine (if low-severity) ERR07/ERR34-C gap,41plus_b7,med
ERR07-C,hostap,wpa_supplicant/ctrl_iface.c,7912,TP,atoi() result used directly with no range/error check before being applied — genuine (if low-severity) ERR07/ERR34-C gap,41plus_b7,med
ERR34-C,hostap,wpa_supplicant/ctrl_iface.c,7912,TP,atoi() result used directly with no range/error check before being applied — genuine (if low-severity) ERR07/ERR34-C gap,41plus_b7,med
ERR07-C,hostap,wpa_supplicant/ctrl_iface.c,7917,TP,atoi() result used directly with no range/error check before being applied — genuine (if low-severity) ERR07/ERR34-C gap,41plus_b7,med
ERR34-C,hostap,wpa_supplicant/ctrl_iface.c,7917,TP,atoi() result used directly with no range/error check before being applied — genuine (if low-severity) ERR07/ERR34-C gap,41plus_b7,med
ERR07-C,hostap,wpa_supplicant/ctrl_iface.c,7922,TP,atoi() result used directly with no range/error check before being applied — genuine (if low-severity) ERR07/ERR34-C gap,41plus_b7,med
ERR34-C,hostap,wpa_supplicant/ctrl_iface.c,7922,TP,atoi() result used directly with no range/error check before being applied — genuine (if low-severity) ERR07/ERR34-C gap,41plus_b7,med
STR34-C,hostap,wpa_supplicant/ctrl_iface.c,7963,FP,"Plain char '\0' assignment via *pos++, both sides char, no widening — confirmed STR34-C plain-char-assignment FP class",41plus_b7,high
ERR07-C,hostap,wpa_supplicant/ctrl_iface.c,7964,TP,atoi() result used directly with no range/error check before being applied — genuine (if low-severity) ERR07/ERR34-C gap,41plus_b7,med
ERR34-C,hostap,wpa_supplicant/ctrl_iface.c,7964,TP,atoi() result used directly with no range/error check before being applied — genuine (if low-severity) ERR07/ERR34-C gap,41plus_b7,med
STR34-C,hostap,wpa_supplicant/ctrl_iface.c,7968,FP,"Plain char '\0' assignment via *pos++, both sides char, no widening — confirmed STR34-C plain-char-assignment FP class",41plus_b7,high
ERR07-C,hostap,wpa_supplicant/ctrl_iface.c,7969,TP,atoi() result used directly with no range/error check before being applied — genuine (if low-severity) ERR07/ERR34-C gap,41plus_b7,med
ERR34-C,hostap,wpa_supplicant/ctrl_iface.c,7969,TP,atoi() result used directly with no range/error check before being applied — genuine (if low-severity) ERR07/ERR34-C gap,41plus_b7,med
STR34-C,hostap,wpa_supplicant/ctrl_iface.c,7977,FP,"Plain char '\0' assignment via *pos++, both sides char, no widening — confirmed STR34-C plain-char-assignment FP class",41plus_b7,high
ERR07-C,hostap,wpa_supplicant/ctrl_iface.c,7978,TP,atoi() result used directly with no range/error check before being applied — genuine (if low-severity) ERR07/ERR34-C gap,41plus_b7,med
ERR34-C,hostap,wpa_supplicant/ctrl_iface.c,7978,TP,atoi() result used directly with no range/error check before being applied — genuine (if low-severity) ERR07/ERR34-C gap,41plus_b7,med
ERR07-C,hostap,wpa_supplicant/ctrl_iface.c,7979,TP,atoi() result used directly with no range/error check before being applied — genuine (if low-severity) ERR07/ERR34-C gap,41plus_b7,med
ERR34-C,hostap,wpa_supplicant/ctrl_iface.c,7979,TP,atoi() result used directly with no range/error check before being applied — genuine (if low-severity) ERR07/ERR34-C gap,41plus_b7,med
STR34-C,hostap,wpa_supplicant/ctrl_iface.c,7995,FP,"Plain char '\0' assignment via *pos++, both sides char, no widening — confirmed STR34-C plain-char-assignment FP class",41plus_b7,high
ERR07-C,hostap,wpa_supplicant/ctrl_iface.c,7996,TP,atoi() result used directly with no range/error check before being applied — genuine (if low-severity) ERR07/ERR34-C gap,41plus_b7,med
ERR34-C,hostap,wpa_supplicant/ctrl_iface.c,7996,TP,atoi() result used directly with no range/error check before being applied — genuine (if low-severity) ERR07/ERR34-C gap,41plus_b7,med
ERR07-C,hostap,wpa_supplicant/ctrl_iface.c,7997,TP,atoi() result used directly with no range/error check before being applied — genuine (if low-severity) ERR07/ERR34-C gap,41plus_b7,med
ERR34-C,hostap,wpa_supplicant/ctrl_iface.c,7997,TP,atoi() result used directly with no range/error check before being applied — genuine (if low-severity) ERR07/ERR34-C gap,41plus_b7,med
ERR34-C,hostap,wpa_supplicant/ctrl_iface.c,8027,FP,sscanf's return value IS checked two lines later ('!= 4'); rule's lookahead missed it — extends confirmed ERR33-C short-lookahead FP class,41plus_b7,high
FIO47-C,hostap,wpa_supplicant/ctrl_iface.c,8027,FP,&freq/&period/etc. are int* — the CORRECT argument type for scanf-style %d (unlike printf); rule wrongly applies printf value-type rules to sscanf pointer args,41plus_b7,high
INT05-C,hostap,wpa_supplicant/ctrl_iface.c,8027,TP,sscanf's %d conversion has UB on overflow with no errno/range check anywhere after the call; genuine if low-impact (local P2P testing command),41plus_b7,low
MSC24-C,hostap,wpa_supplicant/ctrl_iface.c,8027,FP,"suggests sscanf_s(), a C11 Annex K function not implemented in glibc or virtually any Linux libc — non-actionable advice for this codebase",41plus_b7,high
DCL13-C,hostap,wpa_supplicant/ctrl_iface.c,8039,TP,"plain internal helper (not an eloop/vtable dispatch-bound signature); param is only read, never forwarded to a non-const call — genuine (if trivial) const opportunity per the 'not automatically FP' clarification",41plus_b7,low
API05-C,hostap,wpa_supplicant/ctrl_iface.c,8039,FP,pointer immediately paired with its own size_t length parameter (buf/buflen or cmd/len idiom) — confirmed API05-C FP class,41plus_b7,high
DCL13-C,hostap,wpa_supplicant/ctrl_iface.c,8060,TP,"plain internal helper (not an eloop/vtable dispatch-bound signature); param is only read, never forwarded to a non-const call — genuine (if trivial) const opportunity per the 'not automatically FP' clarification",41plus_b7,low
DCL30-C,hostap,wpa_supplicant/ctrl_iface.c,8093,FP,"'freqs' is heap memory built via int_array_add_unique()/os_realloc_array(), not automatic storage — confirmed DCL30-C variable-vs-storage FP class",41plus_b7,high
MSC13-C,hostap,wpa_supplicant/ctrl_iface.c,8150,FP,'found' IS read immediately after the dl_list_for_each_reverse loop via 'if (!found)' — confirmed macro-blind MSC13-C FP class,41plus_b7,high
ENV01-C,hostap,wpa_supplicant/ctrl_iface.c,8171,FP,u16 id[MAX_ANQP_INFO_ID] is a #define-sized fixed array; no getenv/putenv anywhere in the file — confirmed ENV01-C wholesale-misfire FP class,41plus_b7,high
ERR07-C,hostap,wpa_supplicant/ctrl_iface.c,8184,TP,atoi() result used directly with no range/error check before being applied — genuine (if low-severity) ERR07/ERR34-C gap,41plus_b7,med
ERR34-C,hostap,wpa_supplicant/ctrl_iface.c,8184,TP,atoi() result used directly with no range/error check before being applied — genuine (if low-severity) ERR07/ERR34-C gap,41plus_b7,med
ERR07-C,hostap,wpa_supplicant/ctrl_iface.c,8194,FP,immediately range-checked (num<=0||num>N) right after the call — confirmed ERR07/ERR34-C range-check-follows FP class,41plus_b7,med
ERR34-C,hostap,wpa_supplicant/ctrl_iface.c,8194,FP,immediately range-checked (num<=0||num>N) right after the call — confirmed ERR07/ERR34-C range-check-follows FP class,41plus_b7,med
STR34-C,hostap,wpa_supplicant/ctrl_iface.c,8194,FP,"'pos'/'cmd' here is a char* pointer variable/parameter passed to atoi(), not a scalar char undergoing widening conversion — rule conflates pointer identifier with a char-to-int conversion; new pattern (batch-local, recurs 4x this file)",41plus_b7,high
ERR07-C,hostap,wpa_supplicant/ctrl_iface.c,8203,FP,immediately range-checked (num<=0||num>N) right after the call — confirmed ERR07/ERR34-C range-check-follows FP class,41plus_b7,med
ERR34-C,hostap,wpa_supplicant/ctrl_iface.c,8203,FP,immediately range-checked (num<=0||num>N) right after the call — confirmed ERR07/ERR34-C range-check-follows FP class,41plus_b7,med
STR34-C,hostap,wpa_supplicant/ctrl_iface.c,8203,FP,"'pos'/'cmd' here is a char* pointer variable/parameter passed to atoi(), not a scalar char undergoing widening conversion — rule conflates pointer identifier with a char-to-int conversion; new pattern (batch-local, recurs 4x this file)",41plus_b7,high
ERR07-C,hostap,wpa_supplicant/ctrl_iface.c,8212,FP,"result only tested for truthiness (0 treated as 'absent'), so parse-failure and legitimate 0 are handled identically — safe",41plus_b7,low
ERR34-C,hostap,wpa_supplicant/ctrl_iface.c,8212,FP,"result only tested for truthiness (0 treated as 'absent'), so parse-failure and legitimate 0 are handled identically — safe",41plus_b7,low
INT14-C,hostap,wpa_supplicant/ctrl_iface.c,8252,FP,len & 1 parity/oddness test immediately followed by len /= 2 on the same variable — confirmed INT14-C stylistic-pedantry FP class,41plus_b7,high
API05-C,hostap,wpa_supplicant/ctrl_iface.c,8294,FP,pointer immediately paired with its own size_t length parameter (buf/buflen or cmd/len idiom) — confirmed API05-C FP class,41plus_b7,high
API05-C,hostap,wpa_supplicant/ctrl_iface.c,8294,FP,pointer immediately paired with its own size_t length parameter (buf/buflen or cmd/len idiom) — confirmed API05-C FP class,41plus_b7,high
ERR07-C,hostap,wpa_supplicant/ctrl_iface.c,8312,TP,atoi() result used directly with no range/error check before being applied — genuine (if low-severity) ERR07/ERR34-C gap,41plus_b7,med
ERR34-C,hostap,wpa_supplicant/ctrl_iface.c,8312,TP,atoi() result used directly with no range/error check before being applied — genuine (if low-severity) ERR07/ERR34-C gap,41plus_b7,med
ERR07-C,hostap,wpa_supplicant/ctrl_iface.c,8331,TP,atoi() result used directly with no range/error check before being applied — genuine (if low-severity) ERR07/ERR34-C gap,41plus_b7,med
ERR34-C,hostap,wpa_supplicant/ctrl_iface.c,8331,TP,atoi() result used directly with no range/error check before being applied — genuine (if low-severity) ERR07/ERR34-C gap,41plus_b7,med
ERR07-C,hostap,wpa_supplicant/ctrl_iface.c,8338,TP,atoi() result used directly with no range/error check before being applied — genuine (if low-severity) ERR07/ERR34-C gap,41plus_b7,med
ERR34-C,hostap,wpa_supplicant/ctrl_iface.c,8338,TP,atoi() result used directly with no range/error check before being applied — genuine (if low-severity) ERR07/ERR34-C gap,41plus_b7,med
ERR07-C,hostap,wpa_supplicant/ctrl_iface.c,8384,FP,immediately range-checked (num<=0||num>N) right after the call — confirmed ERR07/ERR34-C range-check-follows FP class,41plus_b7,med
ERR34-C,hostap,wpa_supplicant/ctrl_iface.c,8384,FP,immediately range-checked (num<=0||num>N) right after the call — confirmed ERR07/ERR34-C range-check-follows FP class,41plus_b7,med
STR34-C,hostap,wpa_supplicant/ctrl_iface.c,8384,FP,"'pos'/'cmd' here is a char* pointer variable/parameter passed to atoi(), not a scalar char undergoing widening conversion — rule conflates pointer identifier with a char-to-int conversion; new pattern (batch-local, recurs 4x this file)",41plus_b7,high
ARR30-C,hostap,wpa_supplicant/ctrl_iface.c,8442,FP,"'dst' here is the full command-string parameter (hs20_get_nai_home_realm_list); the cited 6-byte buffer/line 6752 belongs to an unrelated local 'dst'/'dst_buf' in a different function (p2p_ctrl_serv_disc_req) — cross-function identifier-name conflation, extends the confirmed EXP39-C cross-function conflation pattern to ARR30-C",41plus_b7,high
INT14-C,hostap,wpa_supplicant/ctrl_iface.c,8453,FP,len & 1 parity/oddness test immediately followed by len /= 2 on the same variable — confirmed INT14-C stylistic-pedantry FP class,41plus_b7,high
ERR07-C,hostap,wpa_supplicant/ctrl_iface.c,8527,TP,atoi() result used directly with no range/error check before being applied — genuine (if low-severity) ERR07/ERR34-C gap,41plus_b7,med
ERR34-C,hostap,wpa_supplicant/ctrl_iface.c,8527,TP,atoi() result used directly with no range/error check before being applied — genuine (if low-severity) ERR07/ERR34-C gap,41plus_b7,med
INT14-C,hostap,wpa_supplicant/ctrl_iface.c,8539,FP,len & 1 parity/oddness test immediately followed by len /= 2 on the same variable — confirmed INT14-C stylistic-pedantry FP class,41plus_b7,high
CON07-C,hostap,wpa_supplicant/ctrl_iface.c,8560,FP,"'cmd' is an ordinary function parameter (char *cmd), not a shared static/global variable at all — engine misclassification, new pattern",41plus_b7,high
ERR07-C,hostap,wpa_supplicant/ctrl_iface.c,8565,TP,atoi() result used directly with no range/error check before being applied — genuine (if low-severity) ERR07/ERR34-C gap,41plus_b7,med
ERR34-C,hostap,wpa_supplicant/ctrl_iface.c,8565,TP,atoi() result used directly with no range/error check before being applied — genuine (if low-severity) ERR07/ERR34-C gap,41plus_b7,med
API05-C,hostap,wpa_supplicant/ctrl_iface.c,8603,FP,pointer immediately paired with its own size_t length parameter (buf/buflen or cmd/len idiom) — confirmed API05-C FP class,41plus_b7,high
DCL13-C,hostap,wpa_supplicant/ctrl_iface.c,8603,FP,"'buf' IS written through (pos=buf; os_snprintf(pos,...)); DCL13-C only checks whether the buf pointer variable itself is reassigned, not writes through a derived alias — confirmed DCL13-C output-buffer FP class",41plus_b7,high
FLP03-C,hostap,wpa_supplicant/ctrl_iface.c,8619,FP,"current_tx_rate is 'unsigned long' (kbps counter); '/1000' is plain integer division, no floating point involved — confirmed FLP03-C misclassification FP class",41plus_b7,high
ERR07-C,hostap,wpa_supplicant/ctrl_iface.c,8684,TP,atoi() result used directly with no range/error check before being applied — genuine (if low-severity) ERR07/ERR34-C gap,41plus_b7,med
ERR34-C,hostap,wpa_supplicant/ctrl_iface.c,8684,TP,atoi() result used directly with no range/error check before being applied — genuine (if low-severity) ERR07/ERR34-C gap,41plus_b7,med
ERR07-C,hostap,wpa_supplicant/ctrl_iface.c,8687,TP,atoi() result used directly with no range/error check before being applied — genuine (if low-severity) ERR07/ERR34-C gap,41plus_b7,med
ERR34-C,hostap,wpa_supplicant/ctrl_iface.c,8687,TP,atoi() result used directly with no range/error check before being applied — genuine (if low-severity) ERR07/ERR34-C gap,41plus_b7,med
API00-C,hostap,wpa_supplicant/ctrl_iface.c,8693,FP,"wpas_ctrl_iface_get_pref_freq_list_override is CONFIG_TESTING_OPTIONS-only, called from a small fixed set of internal call sites, never externally nullable — confirmed API00-C internal-API FP class",41plus_b7,high
API00-C,hostap,wpa_supplicant/ctrl_iface.c,8693,FP,"wpas_ctrl_iface_get_pref_freq_list_override is CONFIG_TESTING_OPTIONS-only, called from a small fixed set of internal call sites, never externally nullable — confirmed API00-C internal-API FP class",41plus_b7,high
API00-C,hostap,wpa_supplicant/ctrl_iface.c,8693,FP,"wpas_ctrl_iface_get_pref_freq_list_override is CONFIG_TESTING_OPTIONS-only, called from a small fixed set of internal call sites, never externally nullable — confirmed API00-C internal-API FP class",41plus_b7,high
DCL13-C,hostap,wpa_supplicant/ctrl_iface.c,8693,TP,"plain internal helper (not an eloop/vtable dispatch-bound signature); param is only read, never forwarded to a non-const call — genuine (if trivial) const opportunity per the 'not automatically FP' clarification",41plus_b7,low
ERR07-C,hostap,wpa_supplicant/ctrl_iface.c,8706,TP,atoi() result used directly with no range/error check before being applied — genuine (if low-severity) ERR07/ERR34-C gap,41plus_b7,med
ERR34-C,hostap,wpa_supplicant/ctrl_iface.c,8706,TP,atoi() result used directly with no range/error check before being applied — genuine (if low-severity) ERR07/ERR34-C gap,41plus_b7,med
ERR07-C,hostap,wpa_supplicant/ctrl_iface.c,8720,TP,atoi() result used directly with no range/error check before being applied — genuine (if low-severity) ERR07/ERR34-C gap,41plus_b7,med
ERR34-C,hostap,wpa_supplicant/ctrl_iface.c,8720,TP,atoi() result used directly with no range/error check before being applied — genuine (if low-severity) ERR07/ERR34-C gap,41plus_b7,med
API05-C,hostap,wpa_supplicant/ctrl_iface.c,8734,FP,pointer immediately paired with its own size_t length parameter (buf/buflen or cmd/len idiom) — confirmed API05-C FP class,41plus_b7,high
API05-C,hostap,wpa_supplicant/ctrl_iface.c,8734,FP,pointer immediately paired with its own size_t length parameter (buf/buflen or cmd/len idiom) — confirmed API05-C FP class,41plus_b7,high
DCL13-C,hostap,wpa_supplicant/ctrl_iface.c,8734,FP,"'buf' IS written through (pos=buf; os_snprintf(pos,...)); DCL13-C only checks whether the buf pointer variable itself is reassigned, not writes through a derived alias — confirmed DCL13-C output-buffer FP class",41plus_b7,high
DCL13-C,hostap,wpa_supplicant/ctrl_iface.c,8781,TP,"plain internal helper (not an eloop/vtable dispatch-bound signature); param is only read, never forwarded to a non-const call — genuine (if trivial) const opportunity per the 'not automatically FP' clarification",41plus_b7,low
API05-C,hostap,wpa_supplicant/ctrl_iface.c,8782,FP,pointer immediately paired with its own size_t length parameter (buf/buflen or cmd/len idiom) — confirmed API05-C FP class,41plus_b7,high
INT34-C,hostap,wpa_supplicant/ctrl_iface.c,8796,FP,"shift amount 'i' is bounded by 'for (i = 0; i < 64; i++)' against a 64-bit (1LLU) operand — always in-range; rule doesn't see the loop-bound guard, extends the confirmed 'earlier-guard' INT34-C FP family",41plus_b7,high
INT34-C,hostap,wpa_supplicant/ctrl_iface.c,8798,FP,"shift amount 'i' is bounded by 'for (i = 0; i < 64; i++)' against a 64-bit (1LLU) operand — always in-range; rule doesn't see the loop-bound guard, extends the confirmed 'earlier-guard' INT34-C FP family",41plus_b7,high
DCL13-C,hostap,wpa_supplicant/ctrl_iface.c,8809,TP,"plain internal helper (not an eloop/vtable dispatch-bound signature); param is only read, never forwarded to a non-const call — genuine (if trivial) const opportunity per the 'not automatically FP' clarification",41plus_b7,low
API05-C,hostap,wpa_supplicant/ctrl_iface.c,8810,FP,pointer immediately paired with its own size_t length parameter (buf/buflen or cmd/len idiom) — confirmed API05-C FP class,41plus_b7,high
INT34-C,hostap,wpa_supplicant/ctrl_iface.c,8824,FP,"shift amount 'i' is bounded by 'for (i = 0; i < 64; i++)' against a 64-bit (1LLU) operand — always in-range; rule doesn't see the loop-bound guard, extends the confirmed 'earlier-guard' INT34-C FP family",41plus_b7,high
INT34-C,hostap,wpa_supplicant/ctrl_iface.c,8826,FP,"shift amount 'i' is bounded by 'for (i = 0; i < 64; i++)' against a 64-bit (1LLU) operand — always in-range; rule doesn't see the loop-bound guard, extends the confirmed 'earlier-guard' INT34-C FP family",41plus_b7,high
API05-C,hostap,wpa_supplicant/ctrl_iface.c,8837,FP,pointer immediately paired with its own size_t length parameter (buf/buflen or cmd/len idiom) — confirmed API05-C FP class,41plus_b7,high
API05-C,hostap,wpa_supplicant/ctrl_iface.c,8856,FP,pointer immediately paired with its own size_t length parameter (buf/buflen or cmd/len idiom) — confirmed API05-C FP class,41plus_b7,high
API05-C,hostap,wpa_supplicant/ctrl_iface.c,8857,FP,pointer immediately paired with its own size_t length parameter (buf/buflen or cmd/len idiom) — confirmed API05-C FP class,41plus_b7,high
API05-C,hostap,wpa_supplicant/ctrl_iface.c,8884,FP,pointer immediately paired with its own size_t length parameter (buf/buflen or cmd/len idiom) — confirmed API05-C FP class,41plus_b7,high
API05-C,hostap,wpa_supplicant/ctrl_iface.c,8885,FP,pointer immediately paired with its own size_t length parameter (buf/buflen or cmd/len idiom) — confirmed API05-C FP class,41plus_b7,high
ERR33-C,hostap,wpa_supplicant/ctrl_iface.c,8899,TP,"strtoul()'s numeric result is never checked for ERANGE/overflow (only the trailing-character position is validated) — genuine, if low-severity/locally-trusted, gap",41plus_b7,low
ERR00-C,hostap,wpa_supplicant/ctrl_iface.c,8899,TP,"strtoul()'s numeric result is never checked for ERANGE/overflow (only the trailing-character position is validated) — genuine, if low-severity/locally-trusted, gap",41plus_b7,low
ERR01-C,hostap,wpa_supplicant/ctrl_iface.c,8899,TP,"strtoul()'s numeric result is never checked for ERANGE/overflow (only the trailing-character position is validated) — genuine, if low-severity/locally-trusted, gap",41plus_b7,low
ERR30-C,hostap,wpa_supplicant/ctrl_iface.c,8899,TP,"strtoul()'s numeric result is never checked for ERANGE/overflow (only the trailing-character position is validated) — genuine, if low-severity/locally-trusted, gap",41plus_b7,low
EXP34-C,hostap,wpa_supplicant/ctrl_iface.c,8900,FP,"strtoul()'s endptr output ('pos') is standard-guaranteed to be set into the input string on every call, including failure — it can never be NULL; rule misfire",41plus_b7,high
ERR33-C,hostap,wpa_supplicant/ctrl_iface.c,8903,TP,"strtoul()'s numeric result is never checked for ERANGE/overflow (only the trailing-character position is validated) — genuine, if low-severity/locally-trusted, gap",41plus_b7,low
ERR00-C,hostap,wpa_supplicant/ctrl_iface.c,8903,TP,"strtoul()'s numeric result is never checked for ERANGE/overflow (only the trailing-character position is validated) — genuine, if low-severity/locally-trusted, gap",41plus_b7,low
ERR01-C,hostap,wpa_supplicant/ctrl_iface.c,8903,TP,"strtoul()'s numeric result is never checked for ERANGE/overflow (only the trailing-character position is validated) — genuine, if low-severity/locally-trusted, gap",41plus_b7,low
ERR30-C,hostap,wpa_supplicant/ctrl_iface.c,8903,TP,"strtoul()'s numeric result is never checked for ERANGE/overflow (only the trailing-character position is validated) — genuine, if low-severity/locally-trusted, gap",41plus_b7,low
ARR36-C,hostap,wpa_supplicant/ctrl_iface.c,8910,FP,"'temp' = os_strchr(pos, ' ') points into the very same buffer as 'pos' (both derived from the same cmd string) — classic same-array pointer-subtraction misfire, confirmed ARR36-C FP class",41plus_b7,high
ERR07-C,hostap,wpa_supplicant/ctrl_iface.c,8929,FP,"result only tested for truthiness (0 treated as 'absent'), so parse-failure and legitimate 0 are handled identically — safe",41plus_b7,low
ERR34-C,hostap,wpa_supplicant/ctrl_iface.c,8929,FP,"result only tested for truthiness (0 treated as 'absent'), so parse-failure and legitimate 0 are handled identically — safe",41plus_b7,low
EXP30-C,hostap,wpa_supplicant/ctrl_iface.c,8942,FP,wpabuf_head_u8()/wpabuf_len() are pure accessor calls with no side effects to unsequence — confirmed EXP30-C pure-accessor-args FP class,41plus_b7,high
EXP30-C,hostap,wpa_supplicant/ctrl_iface.c,9177,FP,dl_list_len() and the MAC2STR() macro (pure array-index reads) have no side effects to unsequence — confirmed EXP30-C pure-accessor/macro-arg FP class,41plus_b7,high
API05-C,hostap,wpa_supplicant/ctrl_iface.c,9220,FP,pointer immediately paired with its own size_t length parameter (buf/buflen or cmd/len idiom) — confirmed API05-C FP class,41plus_b7,high
DCL13-C,hostap,wpa_supplicant/ctrl_iface.c,9220,FP,"'buf' IS written through (pos=buf; os_snprintf(pos,...)); DCL13-C only checks whether the buf pointer variable itself is reassigned, not writes through a derived alias — confirmed DCL13-C output-buffer FP class",41plus_b7,high
DCL13-C,hostap,wpa_supplicant/ctrl_iface.c,9248,FP,"eloop timeout-handler callback signature is pinned by eloop_timeout_handler's fixed void(*)(void*,void*) typedef — confirmed EAP/eloop dispatch-contract DCL13-C FP class",41plus_b7,high
API05-C,hostap,wpa_supplicant/ctrl_iface.c,9294,FP,plain NUL-terminated char* string parameter with no companion size at all — conformant-array-syntax fix doesn't even apply; extends confirmed API05-C idiom FP class,41plus_b7,high
API05-C,hostap,wpa_supplicant/ctrl_iface.c,9295,FP,pointer immediately paired with its own size_t length parameter (buf/buflen or cmd/len idiom) — confirmed API05-C FP class,41plus_b7,high
EXP33-C,hostap,wpa_supplicant/ctrl_iface.c,9305,FP,sizeof(*ework) is evaluated at compile time on the pointer's type; ework is not actually dereferenced before its os_zalloc assignment two lines later — confirmed sizeof(*ptr) EXP33-C FP class,41plus_b7,high
ERR07-C,hostap,wpa_supplicant/ctrl_iface.c,9316,TP,atoi() result used directly with no range/error check before being applied — genuine (if low-severity) ERR07/ERR34-C gap,41plus_b7,med
ERR34-C,hostap,wpa_supplicant/ctrl_iface.c,9316,TP,atoi() result used directly with no range/error check before being applied — genuine (if low-severity) ERR07/ERR34-C gap,41plus_b7,med
ERR07-C,hostap,wpa_supplicant/ctrl_iface.c,9320,TP,atoi() result used directly with no range/error check before being applied — genuine (if low-severity) ERR07/ERR34-C gap,41plus_b7,med
ERR34-C,hostap,wpa_supplicant/ctrl_iface.c,9320,TP,atoi() result used directly with no range/error check before being applied — genuine (if low-severity) ERR07/ERR34-C gap,41plus_b7,med
DCL13-C,hostap,wpa_supplicant/ctrl_iface.c,9348,TP,"plain internal helper (not an eloop/vtable dispatch-bound signature); param is only read, never forwarded to a non-const call — genuine (if trivial) const opportunity per the 'not automatically FP' clarification",41plus_b7,low
ERR07-C,hostap,wpa_supplicant/ctrl_iface.c,9351,TP,atoi() result used directly with no range/error check before being applied — genuine (if low-severity) ERR07/ERR34-C gap,41plus_b7,med
ERR34-C,hostap,wpa_supplicant/ctrl_iface.c,9351,TP,atoi() result used directly with no range/error check before being applied — genuine (if low-severity) ERR07/ERR34-C gap,41plus_b7,med
STR34-C,hostap,wpa_supplicant/ctrl_iface.c,9351,FP,"'pos'/'cmd' here is a char* pointer variable/parameter passed to atoi(), not a scalar char undergoing widening conversion — rule conflates pointer identifier with a char-to-int conversion; new pattern (batch-local, recurs 4x this file)",41plus_b7,high
EXP34-C,hostap,wpa_supplicant/ctrl_iface.c,9360,FP,"ework is only reached after 'os_strncmp(work->type, ""ext:"", 4) == 0' gates on records that are always created with a non-NULL ework and whose type is reset away from the ""ext:"" prefix at the same time ework is freed — the NULL path is unreachable given that invariant",41plus_b7,med
API05-C,hostap,wpa_supplicant/ctrl_iface.c,9376,FP,pointer immediately paired with its own size_t length parameter (buf/buflen or cmd/len idiom) — confirmed API05-C FP class,41plus_b7,high
API05-C,hostap,wpa_supplicant/ctrl_iface.c,9377,FP,pointer immediately paired with its own size_t length parameter (buf/buflen or cmd/len idiom) — confirmed API05-C FP class,41plus_b7,high
EXP33-C,hostap,wpa_supplicant/ctrl_iface.c,9396,FP,"'tmp' is the dl_list_for_each_safe macro's own internal next-pointer holder, computed by the macro before the loop body runs — not a real use-before-init; extends the confirmed dl_list_for_each macro-parameter FP class",41plus_b7,high
EXP34-C,hostap,wpa_supplicant/ctrl_iface.c,9405,FP,"ework is only reached after 'os_strncmp(work->type, ""ext:"", 4) == 0' gates on records that are always created with a non-NULL ework and whose type is reset away from the ""ext:"" prefix at the same time ework is freed — the NULL path is unreachable given that invariant",41plus_b7,med
DCL13-C,hostap,wpa_supplicant/ctrl_iface.c,9416,FP,"eloop timeout-handler callback signature is pinned by eloop_timeout_handler's fixed void(*)(void*,void*) typedef — confirmed EAP/eloop dispatch-contract DCL13-C FP class",41plus_b7,high
DCL13-C,hostap,wpa_supplicant/ctrl_iface.c,9416,FP,"eloop timeout-handler callback signature is pinned by eloop_timeout_handler's fixed void(*)(void*,void*) typedef — confirmed EAP/eloop dispatch-contract DCL13-C FP class",41plus_b7,high
DCL13-C,hostap,wpa_supplicant/ctrl_iface.c,9423,TP,wpa_s parameter is entirely unused in this function body — trivially safe (if low-value) const opportunity,41plus_b7,low
ARR30-C,hostap,wpa_supplicant/ctrl_iface.c,9428,FP,"Bounded NUL-terminated scan_id string scan (breaks on ' '/'\0', os_strchr-bounded) - matches confirmed 'ARR30-C on provably-bounded NUL-terminated string scan' pattern",41plus_b8,high
ERR07-C,hostap,wpa_supplicant/ctrl_iface.c,9433,TP,atoi(pos) result stored with no error/range check beyond the separate count bound,41plus_b8,med
ERR34-C,hostap,wpa_supplicant/ctrl_iface.c,9433,TP,"same unchecked atoi() conversion, no error detection",41plus_b8,med
ENV01-C,hostap,wpa_supplicant/ctrl_iface.c,9453,FP,"Fixed-size int scan_id[MAX_SCAN_ID] array, no getenv/putenv anywhere in function - matches confirmed ENV01-C wholesale misfire pattern",41plus_b8,high
INT14-C,hostap,wpa_supplicant/ctrl_iface.c,9488,FP,'pos' is a generically-named local reused across many independent os_strstr assignments in this large function; no single value is actually used with both bitwise and arithmetic ops,41plus_b8,med
ERR07-C,hostap,wpa_supplicant/ctrl_iface.c,9497,TP,!!atoi(pos+8) boolean-coerced but underlying atoi() overflow/error still undetected; literal ERR07-C violation,41plus_b8,low
ERR34-C,hostap,wpa_supplicant/ctrl_iface.c,9497,TP,"same, lacks error detection",41plus_b8,low
ERR07-C,hostap,wpa_supplicant/ctrl_iface.c,9501,TP,manual_scan_use_id = atoi(pos+7) with no validation,41plus_b8,med
ERR34-C,hostap,wpa_supplicant/ctrl_iface.c,9501,TP,same,41plus_b8,med
ERR07-C,hostap,wpa_supplicant/ctrl_iface.c,9532,TP,"!!atoi(pos+15) boolean-coerced, still no error detection per rule text",41plus_b8,low
ERR34-C,hostap,wpa_supplicant/ctrl_iface.c,9532,TP,same,41plus_b8,low
ARR30-C,hostap,wpa_supplicant/ctrl_iface.c,9535,FP,Outer 'ssid ' parse loop terminates via NUL/space-bounded os_strchr traversal - matches confirmed bounded-NUL-scan ARR30-C FP pattern (variable misattributed as 'end' but same root cause),41plus_b8,high
ARR30-C,hostap,wpa_supplicant/ctrl_iface.c,9541,FP,"Inner `while (*end) {... break; end++;}` scan is explicitly NUL/space-terminated - bounded, matches confirmed pattern",41plus_b8,high
INT14-C,hostap,wpa_supplicant/ctrl_iface.c,9556,FP,`(end - pos) & 0x01` parity check immediately followed by `end - pos > ...` comparison on the same subexpression - matches confirmed 'parity-check idiom' INT14-C stylistic-pedantry FP pattern,41plus_b8,high
EXP33-C,hostap,wpa_supplicant/ctrl_iface.c,9604,FP,"os_memcpy(..., scan_id, scan_id_count * sizeof(int)) copies exactly the scan_id_count elements scan_id_list_parse populated (scan_id_count starts at 0 and is only incremented as elements are written) - never reads past initialized data",41plus_b8,med
EXP30-C,hostap,wpa_supplicant/ctrl_iface.c,9665,FP,"wpa_msg args are MAC2STR(dst/src/bssid), pure side-effect-free macro reads - matches confirmed EXP30-C macro-logging-arg FP pattern",41plus_b8,high
ERR07-C,hostap,wpa_supplicant/ctrl_iface.c,9702,TP,freq = atoi(param) unchecked,41plus_b8,med
ERR34-C,hostap,wpa_supplicant/ctrl_iface.c,9702,TP,same,41plus_b8,med
ERR07-C,hostap,wpa_supplicant/ctrl_iface.c,9708,TP,no_cck = atoi(param) unchecked,41plus_b8,med
ERR34-C,hostap,wpa_supplicant/ctrl_iface.c,9708,TP,same,41plus_b8,med
ERR07-C,hostap,wpa_supplicant/ctrl_iface.c,9714,TP,wait_time = atoi(param) unchecked,41plus_b8,med
ERR34-C,hostap,wpa_supplicant/ctrl_iface.c,9714,TP,same,41plus_b8,med
INT14-C,hostap,wpa_supplicant/ctrl_iface.c,9723,FP,"`len = os_strlen(param); if (len & 1) return -1; len /= 2;` - hex-string-length parity-check-then-arithmetic idiom, matches confirmed INT14-C stylistic FP pattern",41plus_b8,high
ERR07-C,hostap,wpa_supplicant/ctrl_iface.c,9771,TP,freq = atoi(param) unchecked,41plus_b8,med
ERR34-C,hostap,wpa_supplicant/ctrl_iface.c,9771,TP,same,41plus_b8,med
ERR07-C,hostap,wpa_supplicant/ctrl_iface.c,9777,TP,datarate = atoi(param) unchecked,41plus_b8,med
ERR34-C,hostap,wpa_supplicant/ctrl_iface.c,9777,TP,same,41plus_b8,med
ERR07-C,hostap,wpa_supplicant/ctrl_iface.c,9783,TP,ssi_signal = atoi(param) unchecked,41plus_b8,med
ERR34-C,hostap,wpa_supplicant/ctrl_iface.c,9783,TP,same,41plus_b8,med
INT14-C,hostap,wpa_supplicant/ctrl_iface.c,9792,FP,Same hex-length parity-check-then-divide idiom as 9723 - confirmed FP pattern,41plus_b8,high
EXP39-C,hostap,wpa_supplicant/ctrl_iface.c,9806,FP,event.rx_mgmt is the only member this function ever writes to this fresh memset union; 'channel_list_changed' write comes from an unrelated function/branch - matches confirmed EXP39-C cross-function/cross-branch union conflation FP pattern,41plus_b8,high
EXP33-C,hostap,wpa_supplicant/ctrl_iface.c,9846,FP,"res = os_zalloc(sizeof(*res) + ...) - sizeof(*res) is compile-time, not a dereference of the not-yet-assigned pointer - matches confirmed sizeof(*ptr) FP idiom",41plus_b8,high
ERR33-C,hostap,wpa_supplicant/ctrl_iface.c,9852,TP,res->flags = strtol(...) return value never checked (no errno/endptr validation) in this DRIVER_EVENT test-string parser,41plus_b8,low
ERR00-C,hostap,wpa_supplicant/ctrl_iface.c,9852,TP,same unchecked strtol,41plus_b8,low
ERR01-C,hostap,wpa_supplicant/ctrl_iface.c,9852,TP,errno not checked after strtol,41plus_b8,low
ERR30-C,hostap,wpa_supplicant/ctrl_iface.c,9852,TP,errno not reset before strtol call,41plus_b8,low
ERR07-C,hostap,wpa_supplicant/ctrl_iface.c,9860,TP,res->freq = atoi(pos+6) unchecked,41plus_b8,med
ERR34-C,hostap,wpa_supplicant/ctrl_iface.c,9860,TP,same,41plus_b8,med
ERR07-C,hostap,wpa_supplicant/ctrl_iface.c,9864,TP,res->beacon_int = atoi(pos+12) unchecked,41plus_b8,med
ERR34-C,hostap,wpa_supplicant/ctrl_iface.c,9864,TP,same,41plus_b8,med
ERR33-C,hostap,wpa_supplicant/ctrl_iface.c,9868,TP,res->caps = strtol(...) unchecked,41plus_b8,low
ERR00-C,hostap,wpa_supplicant/ctrl_iface.c,9868,TP,same,41plus_b8,low
ERR01-C,hostap,wpa_supplicant/ctrl_iface.c,9868,TP,errno not checked,41plus_b8,low
ERR30-C,hostap,wpa_supplicant/ctrl_iface.c,9868,TP,errno not reset,41plus_b8,low
ERR07-C,hostap,wpa_supplicant/ctrl_iface.c,9872,TP,res->qual = atoi(pos+6) unchecked,41plus_b8,med
ERR34-C,hostap,wpa_supplicant/ctrl_iface.c,9872,TP,same,41plus_b8,med
ERR07-C,hostap,wpa_supplicant/ctrl_iface.c,9876,TP,res->noise = atoi(pos+7) unchecked,41plus_b8,med
ERR34-C,hostap,wpa_supplicant/ctrl_iface.c,9876,TP,same,41plus_b8,med
ERR07-C,hostap,wpa_supplicant/ctrl_iface.c,9880,TP,res->level = atoi(pos+7) unchecked,41plus_b8,med
ERR34-C,hostap,wpa_supplicant/ctrl_iface.c,9880,TP,same,41plus_b8,med
ERR33-C,hostap,wpa_supplicant/ctrl_iface.c,9884,TP,res->tsf = strtoll(...) unchecked,41plus_b8,low
ERR01-C,hostap,wpa_supplicant/ctrl_iface.c,9884,TP,errno not checked,41plus_b8,low
ERR30-C,hostap,wpa_supplicant/ctrl_iface.c,9884,TP,errno not reset,41plus_b8,low
ERR07-C,hostap,wpa_supplicant/ctrl_iface.c,9888,TP,res->age = atoi(pos+5) unchecked,41plus_b8,med
ERR34-C,hostap,wpa_supplicant/ctrl_iface.c,9888,TP,same,41plus_b8,med
ERR07-C,hostap,wpa_supplicant/ctrl_iface.c,9892,TP,res->est_throughput = atoi(pos+16) unchecked,41plus_b8,med
ERR34-C,hostap,wpa_supplicant/ctrl_iface.c,9892,TP,same,41plus_b8,med
ERR07-C,hostap,wpa_supplicant/ctrl_iface.c,9896,TP,res->snr = atoi(pos+5) unchecked,41plus_b8,med
ERR34-C,hostap,wpa_supplicant/ctrl_iface.c,9896,TP,same,41plus_b8,med
ERR33-C,hostap,wpa_supplicant/ctrl_iface.c,9900,TP,res->parent_tsf = strtoll(...) unchecked,41plus_b8,low
ERR01-C,hostap,wpa_supplicant/ctrl_iface.c,9900,TP,errno not checked,41plus_b8,low
ERR30-C,hostap,wpa_supplicant/ctrl_iface.c,9900,TP,errno not reset,41plus_b8,low
ARR30-C,hostap,wpa_supplicant/ctrl_iface.c,9961,FP,"str_token(param, ' ', &ctx) tokenizer loop terminates on NULL return - bounded by the NUL-terminated 'param' string, same root cause as confirmed bounded-scan ARR30-C FP pattern",41plus_b8,med
STR34-C,hostap,wpa_supplicant/ctrl_iface.c,9965,FP,"`*pos++ = '\0';` both sides char, no widening conversion - matches confirmed STR34-C char-to-char-assignment FP pattern",41plus_b8,high
ERR07-C,hostap,wpa_supplicant/ctrl_iface.c,9968,TP,ai->reassoc = atoi(pos) unchecked,41plus_b8,med
ERR34-C,hostap,wpa_supplicant/ctrl_iface.c,9968,TP,same,41plus_b8,med
ERR07-C,hostap,wpa_supplicant/ctrl_iface.c,9998,TP,ai->freq = atoi(pos) unchecked,41plus_b8,med
ERR34-C,hostap,wpa_supplicant/ctrl_iface.c,9998,TP,same,41plus_b8,med
ERR07-C,hostap,wpa_supplicant/ctrl_iface.c,10000,TP,wmm_params.info_bitmap = atoi(pos) unchecked,41plus_b8,med
ERR34-C,hostap,wpa_supplicant/ctrl_iface.c,10000,TP,same,41plus_b8,med
ERR07-C,hostap,wpa_supplicant/ctrl_iface.c,10002,TP,wmm_params.uapsd_queues = atoi(pos) unchecked,41plus_b8,med
ERR34-C,hostap,wpa_supplicant/ctrl_iface.c,10002,TP,same,41plus_b8,med
ERR07-C,hostap,wpa_supplicant/ctrl_iface.c,10008,TP,ai->authorized = atoi(pos) unchecked,41plus_b8,med
ERR34-C,hostap,wpa_supplicant/ctrl_iface.c,10008,TP,same,41plus_b8,med
ERR07-C,hostap,wpa_supplicant/ctrl_iface.c,10031,TP,ai->subnet_status = atoi(pos) unchecked,41plus_b8,med
ERR34-C,hostap,wpa_supplicant/ctrl_iface.c,10031,TP,same,41plus_b8,med
ERR07-C,hostap,wpa_supplicant/ctrl_iface.c,10033,TP,ai->fils_erp_next_seq_num = atoi(pos) unchecked,41plus_b8,med
ERR34-C,hostap,wpa_supplicant/ctrl_iface.c,10033,TP,same,41plus_b8,med
MEM31-C,hostap,wpa_supplicant/ctrl_iface.c,10053,FP,req_ies: classic reassign-then-free idiom - wpabuf_free(req_ies) at 'fail:' only ever targets req_ies's current (possibly still-NULL) value since every loop-body free already preceded a fresh reassignment; matches confirmed 'MEM31-C misfired on reassign-then-free local-variable-reuse idiom' pattern (tls_openssl_ocsp.c precedent),41plus_b8,high
MEM31-C,hostap,wpa_supplicant/ctrl_iface.c,10054,FP,resp_ies: same reassign-then-free idiom as req_ies,41plus_b8,high
MEM31-C,hostap,wpa_supplicant/ctrl_iface.c,10055,FP,resp_frame: same reassign-then-free idiom,41plus_b8,high
MEM31-C,hostap,wpa_supplicant/ctrl_iface.c,10056,FP,beacon_ies: same reassign-then-free idiom,41plus_b8,high
MEM31-C,hostap,wpa_supplicant/ctrl_iface.c,10057,FP,key_replay_ctr: same reassign-then-free idiom,41plus_b8,high
MEM31-C,hostap,wpa_supplicant/ctrl_iface.c,10058,FP,ptk_kck: same reassign-then-free idiom,41plus_b8,high
MEM31-C,hostap,wpa_supplicant/ctrl_iface.c,10059,FP,ptk_kek: same reassign-then-free idiom,41plus_b8,high
MEM31-C,hostap,wpa_supplicant/ctrl_iface.c,10060,FP,fils_pmk: same reassign-then-free idiom,41plus_b8,high
STR34-C,hostap,wpa_supplicant/ctrl_iface.c,10078,FP,"`*param++ = '\0';` char-to-char, no widening - matches confirmed STR34-C FP pattern",41plus_b8,high
EXP39-C,hostap,wpa_supplicant/ctrl_iface.c,10093,FP,event.freq_range is the only member this AVOID_FREQUENCIES branch touches on this fresh memset union; 'channel_list_changed' is written only in a mutually-exclusive sibling branch of the same if/else-if chain that can never execute together - union-conflation/mutually-exclusive-branch FP,41plus_b8,high
MEM30-C,hostap,wpa_supplicant/ctrl_iface.c,10093,FP,"os_free(event.freq_range.range) is the actual (first) free of this branch's allocation; sqc appears to be crediting a free from a different, mutually-exclusive branch of the same if/else-if chain as having already run - same root cause as the confirmed mutually-exclusive-branch free-tracking FP family",41plus_b8,high
INT14-C,hostap,wpa_supplicant/ctrl_iface.c,10129,FP,`len = os_strlen(pos); if (len & 1) return -1; len /= 2;` - confirmed hex-length parity-check idiom,41plus_b8,high
INT14-C,hostap,wpa_supplicant/ctrl_iface.c,10168,FP,same hex-length parity-check idiom,41plus_b8,high
EXP34-C,hostap,wpa_supplicant/ctrl_iface.c,10174,FP,os_free(buf) where buf may be NULL (malloc failed) is standard-guaranteed safe - matches confirmed 'EXP34-C flags os_free(NULL) as unchecked deref' FP pattern,41plus_b8,high
API05-C,hostap,wpa_supplicant/ctrl_iface.c,10188,FP,"ipv4_hdr_checksum(const void *buf, size_t len) is the idiomatic ptr+len pair - matches confirmed API05-C FP pattern",41plus_b8,high
INT14-C,hostap,wpa_supplicant/ctrl_iface.c,10195,FP,"sum uses >>, &, += as the standard IP-header-checksum fold algorithm - deliberate, well-known idiom, matches confirmed INT14-C stylistic-pedantry-mismatch pattern",41plus_b8,high
API05-C,hostap,wpa_supplicant/ctrl_iface.c,10207,FP,"wpas_data_test_rx(..., const u8 *buf, size_t len) is the idiomatic ptr+len pair - matches confirmed API05-C FP pattern",41plus_b8,high
EXP33-C,hostap,wpa_supplicant/ctrl_iface.c,10217,FP,"`len < sizeof(*eth) + sizeof(ip)` - sizeof(*eth) on not-yet-assigned 'eth' is compile-time only, not a dereference - matches confirmed sizeof(*ptr) FP idiom",41plus_b8,high
ARR39-C,hostap,wpa_supplicant/ctrl_iface.c,10226,FP,"`&buf[sizeof(*eth)+sizeof(ip)]` on `const u8 *buf` (1-byte pointee) is ordinary byte-pointer offset arithmetic, scale factor 1 - matches confirmed 'ARR39-C misfire on 1-byte-pointee sizeof offset' FP pattern",41plus_b8,high
ARR39-C,hostap,wpa_supplicant/ctrl_iface.c,10234,FP,"Loop bound `ntohs(ip.ip_len) - sizeof(ip)` is a size_t/integer subtraction used as a for-loop bound, not scaled pointer arithmetic - message mischaracterizes the real defect (captured separately by the INT30-C finding on this same line)",41plus_b8,med
INT30-C,hostap,wpa_supplicant/ctrl_iface.c,10234,TP,"ip.ip_len is never validated >= sizeof(ip) before `ntohs(ip.ip_len) - sizeof(ip)`; if a received test frame's IP header claims a length below 20 bytes this size_t subtraction wraps to a huge value, driving the following `for (i=0; i<wrapped;i++) { ...; pos++; }` far out of the 'buf' bounds - genuine integer-underflow-to-OOB-read bug, unlike the other 'earlier-guard' FP family entries which do have a validating check",41plus_b8,high
ARR37-C,hostap,wpa_supplicant/ctrl_iface.c,10240,FP,"'pos' is assigned from `&buf[sizeof(*eth)+sizeof(ip)]`, i.e. legitimately derived from indexing into the array-like 'buf' parameter - rule doesn't recognize buffer-index-derived pointers as array pointers",41plus_b8,med
EXP30-C,hostap,wpa_supplicant/ctrl_iface.c,10245,FP,"wpa_msg args are MAC2STR(eth->ether_dhost/ether_shost), pure side-effect-free macro reads - matches confirmed EXP30-C macro-logging-arg FP pattern",41plus_b8,high
ERR07-C,hostap,wpa_supplicant/ctrl_iface.c,10253,TP,"enabled = atoi(cmd) unchecked, no subsequent validation of the parsed value itself (only truthiness branches on it)",41plus_b8,med
ERR34-C,hostap,wpa_supplicant/ctrl_iface.c,10253,TP,same,41plus_b8,med
STR34-C,hostap,wpa_supplicant/ctrl_iface.c,10253,FP,"'cmd' is a `char *` pointer parameter to atoi(), not a scalar char being widened - rule appears to misapply the char-widening check to a pointer argument",41plus_b8,med
DCL13-C,hostap,wpa_supplicant/ctrl_iface.c,10287,TP,"'cmd' is only read via a local `pos = cmd;` alias in this function, never mutated or forwarded to a non-const call - genuine (low-severity) const opportunity, consistent with the 'plain internal helper, not automatically FP' DCL13-C clarification",41plus_b8,low
MEM05-C,hostap,wpa_supplicant/ctrl_iface.c,10294,FP,"`u8 buf[2 + HWSIM_PACKETLEN]` is a fixed-size array sized by a compile-time #define, not a VLA - matches confirmed ENV01-C/MEM05-C fixed-macro-size-array FP pattern",41plus_b8,high
ERR33-C,hostap,wpa_supplicant/ctrl_iface.c,10318,FP,"val = strtol(pos,&pos2,0) is immediately range-checked (`val<0||val>0xff` -> return -1), which also catches any LONG_MAX/LONG_MIN overflow result - matches confirmed 'ERR* immediately range-checked' FP pattern extended to strtol",41plus_b8,med
ERR01-C,hostap,wpa_supplicant/ctrl_iface.c,10318,FP,same immediate range check neutralizes the need for a separate errno check,41plus_b8,med
ERR30-C,hostap,wpa_supplicant/ctrl_iface.c,10318,FP,same - the following range check already rejects any overflow-driven strtol result,41plus_b8,med
ERR07-C,hostap,wpa_supplicant/ctrl_iface.c,10325,FP,i = atoi(pos+5) is immediately range-checked (`i<sizeof(*ip)||i>HWSIM_IP_LEN` -> return -1) - matches confirmed 'ERR07-C/ERR34-C atoi() immediately range-checked' FP pattern,41plus_b8,high
ERR34-C,hostap,wpa_supplicant/ctrl_iface.c,10325,FP,same immediate range check,41plus_b8,high
EXP33-C,hostap,wpa_supplicant/ctrl_iface.c,10326,FP,`i < sizeof(*ip)` - sizeof(*ip) on not-yet-assigned 'ip' is compile-time only - matches confirmed sizeof(*ptr) FP idiom,41plus_b8,high
EXP33-C,hostap,wpa_supplicant/ctrl_iface.c,10331,FP,"`eth = (struct ether_header *) &buf[2];` only computes an address into the stack buffer, it does not read/dereference any of buf's (admittedly unwritten) bytes",41plus_b8,med
EXP33-C,hostap,wpa_supplicant/ctrl_iface.c,10332,FP,"'dst' was already populated by the earlier `hwaddr_aton2(pos, dst)` output-param call - rule doesn't track initialization through that output-param function, extends the confirmed output-param-uninitialized FP family",41plus_b8,med
EXP33-C,hostap,wpa_supplicant/ctrl_iface.c,10333,FP,"'src' was already populated by the earlier `hwaddr_aton2(pos, src)` output-param call - same as 'dst' above",41plus_b8,med
ARR37-C,hostap,wpa_supplicant/ctrl_iface.c,10335,FP,"'eth' is assigned from `&buf[2]`, i.e. derived from indexing into the array 'buf' - legitimately array-backed, same reasoning as the 'pos' ARR37-C FP at line 10240",41plus_b8,med
ARR39-C,hostap,wpa_supplicant/ctrl_iface.c,10347,FP,"`send_len - sizeof(*ip)` as a for-loop bound: send_len is validated (either the HWSIM_IP_LEN default, comfortably > sizeof(ip), or explicitly checked `i < sizeof(*ip)` -> reject) so no underflow is possible here, unlike the line-10234 case; message also mischaracterizes plain integer arithmetic as pointer-arithmetic scaling",41plus_b8,med
ARR39-C,hostap,wpa_supplicant/ctrl_iface.c,10347,FP,"duplicate finding on the same expression - 'send_len' is a size_t loop counter, not a pointer, so there is no pointer-arithmetic scale factor to double; extends the confirmed 'ARR39-C non-pointer loop bound' FP pattern",41plus_b8,med
EXP30-C,hostap,wpa_supplicant/ctrl_iface.c,10354,FP,"wpa_dbg args are MAC2STR(dst)/MAC2STR(src), pure side-effect-free macro reads - matches confirmed EXP30-C macro-logging-arg FP pattern",41plus_b8,high
INT14-C,hostap,wpa_supplicant/ctrl_iface.c,10372,FP,`len = os_strlen(cmd); if (len & 1 || ...) return -1; len /= 2;` - confirmed hex-length parity-check idiom,41plus_b8,high
ERR07-C,hostap,wpa_supplicant/ctrl_iface.c,10420,FP,count = atoi(cmd) is immediately range-checked (`count <= 0` -> return -1) - matches confirmed 'atoi immediately range-checked' FP pattern,41plus_b8,high
ERR34-C,hostap,wpa_supplicant/ctrl_iface.c,10420,FP,same immediate range check,41plus_b8,high
INT14-C,hostap,wpa_supplicant/ctrl_iface.c,10435,FP,`len = os_strlen(val); if (len & 1) return -1; len /= 2;` - confirmed hex-length parity-check idiom,41plus_b8,high
MEM31-C,hostap,wpa_supplicant/ctrl_iface.c,10442,FP,"buf's ownership is transferred out via `*ret = buf;` (output parameter) right before return - not a leak, rule doesn't track escape through an output-param pointer",41plus_b8,high
DCL30-C,hostap,wpa_supplicant/ctrl_iface.c,10452,FP,"'buf' is a local pointer *variable* whose value is heap memory from wpabuf_alloc()/is NULL - assigning that pointer value through *ret is a plain pointer-value copy, not an address-of-local-storage escape - matches confirmed DCL30-C local-variable-vs-local-storage FP pattern",41plus_b8,high
MEM31-C,hostap,wpa_supplicant/ctrl_iface.c,10453,FP,"Duplicate of the 10442 finding - buf is handed off via *ret, not leaked",41plus_b8,high
DCL13-C,hostap,wpa_supplicant/ctrl_iface.c,10457,TP,"wpa_s is only read (wpa_s->wpa forwarded by value, wpa_s itself never mutated or reassigned) - genuine low-severity const opportunity, per the 'plain internal helper, not automatically FP' DCL13-C clarification",41plus_b8,med
DCL13-C,hostap,wpa_supplicant/ctrl_iface.c,10469,TP,same - wpa_s only read to obtain wpa_s->wpa,41plus_b8,med
DCL13-C,hostap,wpa_supplicant/ctrl_iface.c,10481,TP,same - wpa_s only read to obtain wpa_s->wpa,41plus_b8,med
DCL13-C,hostap,wpa_supplicant/ctrl_iface.c,10493,TP,same - wpa_s only read to obtain wpa_s->wpa,41plus_b8,med
STR34-C,hostap,wpa_supplicant/ctrl_iface.c,10502,FP,"`*pos++ = '\0';` char-to-char, no widening - matches confirmed STR34-C FP pattern",41plus_b8,high
ENV01-C,hostap,wpa_supplicant/ctrl_iface.c,10518,FP,"`u8 zero[WPA_TK_MAX_LEN]` fixed-size key buffer, no getenv/putenv anywhere in the file - matches confirmed ENV01-C wholesale misfire pattern",41plus_b8,high
DCL13-C,hostap,wpa_supplicant/ctrl_iface.c,10543,TP,"wpa_s only read to obtain wpa_s->wpa, forwarded to wpa_sm_key_request - genuine low-severity const opportunity",41plus_b8,med
ERR07-C,hostap,wpa_supplicant/ctrl_iface.c,10548,TP,error = atoi(pos) with no validation before use,41plus_b8,med
ERR34-C,hostap,wpa_supplicant/ctrl_iface.c,10548,TP,same,41plus_b8,med
ERR07-C,hostap,wpa_supplicant/ctrl_iface.c,10552,TP,pairwise = atoi(pos) with no validation before use,41plus_b8,med
ERR34-C,hostap,wpa_supplicant/ctrl_iface.c,10552,TP,same,41plus_b8,med
MSC37-C,hostap,wpa_supplicant/ctrl_iface.c,10558,FP,"Both #ifdef CONFIG_SME branch (`return ret;`) and #else branch (`return -1;`) explicitly return a value - rule loses track of the terminator across the intervening #else/#endif, matches confirmed 'preprocessor-branch-blind fallthrough/return' family extended to MSC37-C",41plus_b8,high
ERR07-C,hostap,wpa_supplicant/ctrl_iface.c,10616,TP,"dtok = atoi(...) unchecked, no validation seen",41plus_b8,med
ERR34-C,hostap,wpa_supplicant/ctrl_iface.c,10616,TP,same,41plus_b8,med
ERR07-C,hostap,wpa_supplicant/ctrl_iface.c,10620,TP,exponent = atoi(...) unchecked,41plus_b8,med
ERR34-C,hostap,wpa_supplicant/ctrl_iface.c,10620,TP,same,41plus_b8,med
ERR07-C,hostap,wpa_supplicant/ctrl_iface.c,10624,TP,mantissa = atoi(...) unchecked,41plus_b8,med
ERR34-C,hostap,wpa_supplicant/ctrl_iface.c,10624,TP,same,41plus_b8,med
ERR07-C,hostap,wpa_supplicant/ctrl_iface.c,10628,TP,min_twt = atoi(...) unchecked,41plus_b8,med
ERR34-C,hostap,wpa_supplicant/ctrl_iface.c,10628,TP,same,41plus_b8,med
ERR07-C,hostap,wpa_supplicant/ctrl_iface.c,10632,TP,setup_cmd = atoi(...) unchecked,41plus_b8,med
ERR34-C,hostap,wpa_supplicant/ctrl_iface.c,10632,TP,same,41plus_b8,med
ERR34-C,hostap,wpa_supplicant/ctrl_iface.c,10636,FP,sscanf's return value IS checked in the same expression (`sscanf(...) != 1) return -1;`) - rule fails to see the inline check,41plus_b8,high
FIO47-C,hostap,wpa_supplicant/ctrl_iface.c,10636,FP,"Format specifier '%llu' correctly matches the `unsigned long long *twt` argument; the finding's own message garbles this as '%u'/Integer/Pointer mismatch - format-string parser bug, not a real mismatch",41plus_b8,high
INT00-C,hostap,wpa_supplicant/ctrl_iface.c,10636,FP,"%llu paired with unsigned long long twt - fully portable/correct specifier, no type-size assumption (confirmed INT00-C %llu pattern)",41plus_b9,high
INT05-C,hostap,wpa_supplicant/ctrl_iface.c,10636,TP,sscanf %llu conversion overflow behavior is unspecified/UB with no errno/ERANGE check on attacker-adjacent twt value,41plus_b9,low
MSC24-C,hostap,wpa_supplicant/ctrl_iface.c,10636,FP,sscanf is not on CERT's actual obsolescent-function list and sscanf_s (Annex K) isn't used/available in this portable codebase - rule misapplied,41plus_b9,med
EXP05-C,hostap,wpa_supplicant/ctrl_iface.c,10636,FP,"tok_s+os_strlen(...) is sscanf's read-only source-string argument, never written through; no cast-away-const occurs at all",41plus_b9,high
ERR07-C,hostap,wpa_supplicant/ctrl_iface.c,10641,TP,atoi() result used directly with no range/validity check before use,41plus_b9,low
ERR34-C,hostap,wpa_supplicant/ctrl_iface.c,10641,TP,atoi() result used directly with no range/validity check before use,41plus_b9,low
ERR07-C,hostap,wpa_supplicant/ctrl_iface.c,10645,TP,atoi() result used directly with no range/validity check before use,41plus_b9,low
ERR34-C,hostap,wpa_supplicant/ctrl_iface.c,10645,TP,atoi() result used directly with no range/validity check before use,41plus_b9,low
ERR07-C,hostap,wpa_supplicant/ctrl_iface.c,10649,TP,atoi() result used directly with no range/validity check before use,41plus_b9,low
ERR34-C,hostap,wpa_supplicant/ctrl_iface.c,10649,TP,atoi() result used directly with no range/validity check before use,41plus_b9,low
ERR07-C,hostap,wpa_supplicant/ctrl_iface.c,10653,TP,atoi() result used directly with no range/validity check before use,41plus_b9,low
ERR34-C,hostap,wpa_supplicant/ctrl_iface.c,10653,TP,atoi() result used directly with no range/validity check before use,41plus_b9,low
ERR07-C,hostap,wpa_supplicant/ctrl_iface.c,10657,TP,atoi() result used directly with no range/validity check before use,41plus_b9,low
ERR34-C,hostap,wpa_supplicant/ctrl_iface.c,10657,TP,atoi() result used directly with no range/validity check before use,41plus_b9,low
ERR07-C,hostap,wpa_supplicant/ctrl_iface.c,10661,TP,atoi() result used directly with no range/validity check before use,41plus_b9,low
ERR34-C,hostap,wpa_supplicant/ctrl_iface.c,10661,TP,atoi() result used directly with no range/validity check before use,41plus_b9,low
ERR07-C,hostap,wpa_supplicant/ctrl_iface.c,10665,TP,atoi() result used directly with no range/validity check before use,41plus_b9,low
ERR34-C,hostap,wpa_supplicant/ctrl_iface.c,10665,TP,atoi() result used directly with no range/validity check before use,41plus_b9,low
ERR07-C,hostap,wpa_supplicant/ctrl_iface.c,10669,TP,atoi() result used directly with no range/validity check before use,41plus_b9,low
ERR34-C,hostap,wpa_supplicant/ctrl_iface.c,10669,TP,atoi() result used directly with no range/validity check before use,41plus_b9,low
ERR07-C,hostap,wpa_supplicant/ctrl_iface.c,10686,TP,atoi() result used directly with no range/validity check before use,41plus_b9,low
ERR34-C,hostap,wpa_supplicant/ctrl_iface.c,10686,TP,atoi() result used directly with no range/validity check before use,41plus_b9,low
EXP40-C,hostap,wpa_supplicant/ctrl_iface.c,10696,FP,"cmd parameter is plain 'char *cmd' (not const) in this function - rule bug, no const pointer involved",41plus_b9,high
ERR07-C,hostap,wpa_supplicant/ctrl_iface.c,10702,FP,frame=atoi(pos) immediately range-checked (0<=frame<NUM_VENDOR_ELEM_FRAMES) before use - confirmed atoi-immediately-range-checked pattern,41plus_b9,high
ERR34-C,hostap,wpa_supplicant/ctrl_iface.c,10702,FP,same range-check as ERR07-C at this line,41plus_b9,high
INT14-C,hostap,wpa_supplicant/ctrl_iface.c,10715,FP,len used in parity test (len & 1) then unrelated arithmetic (len /= 2) on same var - confirmed INT14-C parity-then-arithmetic FP pattern,41plus_b9,high
EXP33-C,hostap,wpa_supplicant/ctrl_iface.c,10728,FP,"ieee802_11_parse_elems() unconditionally os_memset(elems,0,sizeof(*elems)) before any read - confirmed memset-first output-param FP pattern (extends wps_parse_msg precedent)",41plus_b9,high
EXP34-C,hostap,wpa_supplicant/ctrl_iface.c,10734,FP,"wpa_s reassigned via wpas_vendor_elem() which always returns wpa_s or wpa_s->p2pdev, and p2pdev is unconditionally set at interface init - never NULL once ctrl_iface is reachable",41plus_b9,med
API05-C,hostap,wpa_supplicant/ctrl_iface.c,10758,FP,"confirmed API05-C categorical FP - pointer param idiom, not a real conformant-array-syntax gap",41plus_b9,high
DCL13-C,hostap,wpa_supplicant/ctrl_iface.c,10758,TP,"cmd param genuinely only read (atoi(cmd)), never forwarded to a non-const-requiring call - real (low-severity) const opportunity",41plus_b9,low
API05-C,hostap,wpa_supplicant/ctrl_iface.c,10759,FP,confirmed API05-C categorical FP - buf/buflen pointer+size idiom,41plus_b9,high
ERR07-C,hostap,wpa_supplicant/ctrl_iface.c,10761,FP,frame=atoi(cmd) immediately range-checked (0<=frame<NUM_VENDOR_ELEM_FRAMES) before use,41plus_b9,high
ERR34-C,hostap,wpa_supplicant/ctrl_iface.c,10761,FP,same range-check as ERR07-C at this line,41plus_b9,high
STR34-C,hostap,wpa_supplicant/ctrl_iface.c,10761,FP,"message references 'cmd' being widened from char, but cmd is a char* pointer passed to atoi() - no char-to-int widening exists on this line; rule bug",41plus_b9,high
EXP34-C,hostap,wpa_supplicant/ctrl_iface.c,10767,FP,"wpa_s reassigned via wpas_vendor_elem(); p2pdev always initialized non-NULL at interface setup, never NULL when ctrl_iface commands run",41plus_b9,med
INT04-C,hostap,wpa_supplicant/ctrl_iface.c,10767,FP,frame already range-validated (0<=frame<NUM_VENDOR_ELEM_FRAMES) two lines above before use as array index,41plus_b9,high
EXP30-C,hostap,wpa_supplicant/ctrl_iface.c,10770,FP,wpabuf_head_u8()/wpabuf_len() are pure accessor functions with no side effects - confirmed EXP30-C side-effect-free-accessor-args FP pattern,41plus_b9,high
INT04-C,hostap,wpa_supplicant/ctrl_iface.c,10771,FP,frame already range-validated before this array index use,41plus_b9,high
INT04-C,hostap,wpa_supplicant/ctrl_iface.c,10772,FP,frame already range-validated before this array index use,41plus_b9,high
EXP40-C,hostap,wpa_supplicant/ctrl_iface.c,10778,FP,cmd parameter is plain 'char *cmd' (not const) in this function - rule bug,41plus_b9,high
ERR07-C,hostap,wpa_supplicant/ctrl_iface.c,10785,FP,frame=atoi(pos) immediately range-checked (0<=frame<NUM_VENDOR_ELEM_FRAMES) before use,41plus_b9,high
ERR34-C,hostap,wpa_supplicant/ctrl_iface.c,10785,FP,same range-check as ERR07-C at this line,41plus_b9,high
EXP34-C,hostap,wpa_supplicant/ctrl_iface.c,10796,FP,wpa_s reassigned via wpas_vendor_elem(); p2pdev always initialized non-NULL at interface setup,41plus_b9,med
INT14-C,hostap,wpa_supplicant/ctrl_iface.c,10808,FP,len used in parity test (len & 1) then arithmetic (len /= 2) on same var - confirmed INT14-C parity-then-arithmetic FP pattern,41plus_b9,high
EXP33-C,hostap,wpa_supplicant/ctrl_iface.c,10821,FP,ieee802_11_parse_elems() unconditionally memsets elems before any read - confirmed memset-first output-param FP pattern,41plus_b9,high
MEM05-C,hostap,wpa_supplicant/ctrl_iface.c,10861,FP,"lci[256*2+1] is a fixed-size array sized by a compile-time constant expression, not a VLA - confirmed ENV01/MEM05 fixed-size-array misfire pattern",41plus_b9,high
MEM05-C,hostap,wpa_supplicant/ctrl_iface.c,10862,FP,"civic[256*2+1] is a fixed-size array sized by a compile-time constant expression, not a VLA",41plus_b9,high
EXP34-C,hostap,wpa_supplicant/ctrl_iface.c,10863,FP,data=wpabuf_head_u8(neighbor_rep) only reached after an explicit !neighbor_rep||wpabuf_len==0 guard a few lines above - rule doesn't see the earlier guard,41plus_b9,high
EXP34-C,hostap,wpa_supplicant/ctrl_iface.c,10866,FP,"pos=data, same upstream neighbor_rep null/length guard applies - not actually reachable with NULL pos",41plus_b9,high
MSC01-C,hostap,wpa_supplicant/ctrl_iface.c,10900,FP,"switch has exactly the 2 subelement types it cares about; unrecognized subelement types are intentionally/correctly ignored by falling out of the switch - stylistic pedantry, not a missing-case defect",41plus_b9,med
EXP30-C,hostap,wpa_supplicant/ctrl_iface.c,10919,FP,MAC2STR/WPA_GET_LE32/array-index args are all pure reads with no side effects - confirmed EXP30-C macro-arg FP pattern,41plus_b9,high
CON07-C,hostap,wpa_supplicant/ctrl_iface.c,10937,FP,"'cmd' is a function parameter, not a shared static variable - rule bug, no static/global state involved",41plus_b9,high
EXP43-C,hostap,wpa_supplicant/ctrl_iface.c,10970,FP,"wpa_s passed twice as the ctx argument to a callback plus as its own struct pointer for unrelated purposes - not restrict-qualified aliasing, matches confirmed EXP43-C non-restrict-param FP pattern",41plus_b9,high
DCL13-C,hostap,wpa_supplicant/ctrl_iface.c,10980,TP,"wpa_s only used to read wpa_s->eapol (forwarded value, not the wpa_s pointer itself) - genuine low-severity const-eligible param",41plus_b9,low
DCL37-C,hostap,wpa_supplicant/ctrl_iface.c,10992,FP,"_addr/_mask are block-scope locals inside a function, not file-scope identifiers - confirmed DCL37-C block-scope-misapplied pattern",41plus_b9,high
ERR07-C,hostap,wpa_supplicant/ctrl_iface.c,11005,FP,enable=atoi(token+7) immediately range-checked (enable>1 rejected) before use,41plus_b9,high
ERR34-C,hostap,wpa_supplicant/ctrl_iface.c,11005,FP,same range-check as ERR07-C at this line,41plus_b9,high
API05-C,hostap,wpa_supplicant/ctrl_iface.c,11049,FP,confirmed API05-C categorical FP - buf/buflen pointer+size idiom,41plus_b9,high
API05-C,hostap,wpa_supplicant/ctrl_iface.c,11075,FP,confirmed API05-C categorical FP - buf/buflen pointer+size idiom,41plus_b9,high
DCL13-C,hostap,wpa_supplicant/ctrl_iface.c,11092,TP,"wpa_s only used to read wpa_s->conf/wpa_s->wpa (values forwarded, not the wpa_s pointer itself) - genuine low-severity const-eligible param",41plus_b9,low
API05-C,hostap,wpa_supplicant/ctrl_iface.c,11093,FP,confirmed API05-C categorical FP - plain string pointer param idiom,41plus_b9,high
API05-C,hostap,wpa_supplicant/ctrl_iface.c,11093,FP,confirmed API05-C categorical FP - buf/buflen pointer+size idiom,41plus_b9,high
DCL13-C,hostap,wpa_supplicant/ctrl_iface.c,11093,FP,"buf's pointee IS modified: pos=buf then written via os_snprintf(pos2,...) with pos2 aliasing buf - tool misses the write through the aliasing pointer",41plus_b9,high
ERR07-C,hostap,wpa_supplicant/ctrl_iface.c,11101,TP,"atoi(cmd) network id is never validated as a well-formed number, only whether a matching ssid entry exists - malformed input silently maps to network id 0",41plus_b9,low
ERR34-C,hostap,wpa_supplicant/ctrl_iface.c,11101,TP,same as ERR07-C at this line,41plus_b9,low
ERR02-C,hostap,wpa_supplicant/ctrl_iface.c,11129,FP,"wpa_snprintf_hex() always returns bytes actually written (bounded/clamped internally), never an error/negative value - nothing to check",41plus_b9,high
ERR02-C,hostap,wpa_supplicant/ctrl_iface.c,11137,FP,"wpa_snprintf_hex() always returns bytes actually written (bounded/clamped internally), never an error/negative value",41plus_b9,high
DCL13-C,hostap,wpa_supplicant/ctrl_iface.c,11170,TP,"wpa_s only used to read wpa_s->conf/wpa_s->own_addr/wpa_s->wpa (values forwarded, not the wpa_s pointer itself) - genuine low-severity const-eligible param",41plus_b9,low
ERR07-C,hostap,wpa_supplicant/ctrl_iface.c,11187,TP,"atoi(cmd) network id never validated as well-formed, only whether ssid entry exists",41plus_b9,low
ERR34-C,hostap,wpa_supplicant/ctrl_iface.c,11187,TP,same as ERR07-C at this line,41plus_b9,low
EXP33-C,hostap,wpa_supplicant/ctrl_iface.c,11196,FP,"entry=os_zalloc(sizeof(*entry)) - sizeof never evaluates its operand, not a real dereference - confirmed sizeof(*ptr) FP pattern",41plus_b9,high
ERR34-C,hostap,wpa_supplicant/ctrl_iface.c,11229,FP,sscanf's return value IS checked (!=4 goto fail) - the conversion-count validation this rule wants is already present,41plus_b9,high
FIO47-C,hostap,wpa_supplicant/ctrl_iface.c,11229,FP,message conflates the format-string literal itself with argument 1 - the 4 %d specifiers correctly match 4 int* arguments; tool bug in argument counting,41plus_b9,high
INT05-C,hostap,wpa_supplicant/ctrl_iface.c,11229,TP,sscanf %d conversions have no errno/ERANGE overflow check beyond the count check,41plus_b9,low
MSC24-C,hostap,wpa_supplicant/ctrl_iface.c,11229,FP,sscanf is not on CERT's actual obsolescent-function list; rule misapplied,41plus_b9,med
API05-C,hostap,wpa_supplicant/ctrl_iface.c,11270,FP,confirmed API05-C categorical FP pattern (plain string pointer idiom),41plus_b9,high
API05-C,hostap,wpa_supplicant/ctrl_iface.c,11270,FP,confirmed API05-C categorical FP pattern - buf/buflen pointer+size idiom,41plus_b9,high
EXP33-C,hostap,wpa_supplicant/ctrl_iface.c,11312,FP,"req=os_zalloc(sizeof(*req)) - sizeof never evaluates its operand, not a real dereference - confirmed sizeof(*ptr) FP pattern",41plus_b9,high
MSC07-C,hostap,wpa_supplicant/ctrl_iface.c,11329,FP,"following code is a 'fail:' goto-target label reached from earlier failure branches, not unreachable - confirmed MSC07-C goto-label FP pattern",41plus_b9,high
ERR07-C,hostap,wpa_supplicant/ctrl_iface.c,11390,TP,up_limit=atoi(pos+9) used directly with no range check,41plus_b9,low
ERR34-C,hostap,wpa_supplicant/ctrl_iface.c,11390,TP,same as ERR07-C at this line,41plus_b9,low
ERR07-C,hostap,wpa_supplicant/ctrl_iface.c,11396,FP,"stream_timeout=atoi(pos+15) immediately checked (==0 rejected), catching both explicit 0 and atoi-parse-failure",41plus_b9,high
ERR34-C,hostap,wpa_supplicant/ctrl_iface.c,11396,FP,same range-check as ERR07-C at this line,41plus_b9,high
ERR07-C,hostap,wpa_supplicant/ctrl_iface.c,11473,TP,"group=atoi(token+6) only rejected if it still equals the 0xFFFF sentinel; malformed non-numeric input silently becomes group=0, passing the check unnoticed",41plus_b9,med
ERR34-C,hostap,wpa_supplicant/ctrl_iface.c,11473,TP,same as ERR07-C at this line,41plus_b9,med
ERR07-C,hostap,wpa_supplicant/ctrl_iface.c,11475,TP,id=atoi(token+4) used directly with no range check,41plus_b9,low
ERR34-C,hostap,wpa_supplicant/ctrl_iface.c,11475,TP,same as ERR07-C at this line,41plus_b9,low
ERR07-C,hostap,wpa_supplicant/ctrl_iface.c,11549,FP,"freq=atoi(token+5) immediately checked (freq==0 rejected) before use, catching atoi-parse-failure",41plus_b9,high
ERR34-C,hostap,wpa_supplicant/ctrl_iface.c,11549,FP,same range-check as ERR07-C at this line,41plus_b9,high
ERR07-C,hostap,wpa_supplicant/ctrl_iface.c,11551,TP,auth_mode=atoi(token+5) used directly with no range check,41plus_b9,low
ERR34-C,hostap,wpa_supplicant/ctrl_iface.c,11551,TP,same as ERR07-C at this line,41plus_b9,low
ERR07-C,hostap,wpa_supplicant/ctrl_iface.c,11553,TP,forced_pr_freq=atoi(token+15) used directly with no range check,41plus_b9,low
ERR34-C,hostap,wpa_supplicant/ctrl_iface.c,11553,TP,same as ERR07-C at this line,41plus_b9,low
MEM03-C,hostap,wpa_supplicant/ctrl_iface.c,11582,FP,"'password' is just a pointer alias into the caller-owned cmd token string, not a distinct buffer this function allocates/owns - clearing the pointer variable wouldn't zero anything real",41plus_b9,med
EXP33-C,hostap,wpa_supplicant/ctrl_iface.c,11619,TP,"pmk_len is declared without an initializer and only assigned inside the 'pmk=' token branch; if that token is absent, pmk_len is read uninitialized by wpas_pr_set_dev_ik()",41plus_b9,high
CON07-C,hostap,wpa_supplicant/ctrl_iface.c,11631,FP,"'cmd' is a function parameter, not a shared static variable - rule bug",41plus_b9,high
MSC13-C,hostap,wpa_supplicant/ctrl_iface.c,11636,TP,comeback_len's initial 0 is genuinely dead if no 'comeback=' token appears - correctly-working dead-init detection (same class as prior confirmed correct MSC13-C hits),41plus_b9,low
EXP39-C,hostap,wpa_supplicant/ctrl_iface.c,11651,FP,this function never writes 'channel_list_changed' at all - the cited earlier write belongs to an unrelated function's distinct local union variable of the same type; confirmed cross-function union conflation pattern,41plus_b9,high
ARR30-C,hostap,wpa_supplicant/ctrl_iface.c,11674,FP,index bounds-checked immediately above (num_peers==WPAS_MAX_PASN_PEERS rejected before use); cited 'size 6 buffer allocated at line 8007' is an unrelated variable in a different function - cross-function name conflation,41plus_b9,high
ERR07-C,hostap,wpa_supplicant/ctrl_iface.c,11714,TP,peer->group=atoi(token+6) used directly with no range check,41plus_b9,low
ERR34-C,hostap,wpa_supplicant/ctrl_iface.c,11714,TP,same as ERR07-C at this line,41plus_b9,low
ERR07-C,hostap,wpa_supplicant/ctrl_iface.c,11716,TP,peer->network_id=atoi(token+4) used directly with no range check,41plus_b9,low
ERR34-C,hostap,wpa_supplicant/ctrl_iface.c,11716,TP,same as ERR07-C at this line,41plus_b9,low
ARR30-C,hostap,wpa_supplicant/ctrl_iface.c,11792,FP,alen bounds-checked (alen>=INET6_ADDRSTRLEN rejected) immediately above; cited 'addr size 6' buffer is an unrelated local from a different function (mac_rand_scan) - cross-function name conflation,41plus_b9,high
ARR30-C,hostap,wpa_supplicant/ctrl_iface.c,11821,FP,alen bounds-checked (alen>=INET6_ADDRSTRLEN rejected) immediately above; cited 'addr size 6' buffer is an unrelated local from a different function - cross-function name conflation,41plus_b9,high
ERR07-C,hostap,wpa_supplicant/ctrl_iface.c,11840,FP,"atoi() call is guarded by its own '> 0' check in the enclosing if-condition, which rejects atoi-parse-failure (returns 0) before any assignment",41plus_b9,high
ERR34-C,hostap,wpa_supplicant/ctrl_iface.c,11840,FP,same '>0' guard as ERR07-C at this line,41plus_b9,high
ERR07-C,hostap,wpa_supplicant/ctrl_iface.c,11842,FP,"atoi() call is guarded by its own '> 0' check in the enclosing if-condition, which rejects atoi-parse-failure (returns 0) before any assignment",41plus_b9,high
ERR34-C,hostap,wpa_supplicant/ctrl_iface.c,11842,FP,same '>0' guard as ERR07-C at this line,41plus_b9,high
ERR07-C,hostap,wpa_supplicant/ctrl_iface.c,11844,FP,"atoi() call is guarded by its own '> 0' check in the enclosing if-condition, which rejects atoi-parse-failure (returns 0) before any assignment",41plus_b9,high
ERR34-C,hostap,wpa_supplicant/ctrl_iface.c,11844,FP,same '>0' guard as ERR07-C at this line,41plus_b9,high
ERR07-C,hostap,wpa_supplicant/ctrl_iface.c,11849,FP,"atoi() call is guarded by its own '> 0' check in the enclosing if-condition, which rejects atoi-parse-failure (returns 0) before any assignment",41plus_b9,high
ERR34-C,hostap,wpa_supplicant/ctrl_iface.c,11849,FP,same '>0' guard as ERR07-C at this line,41plus_b9,high
ERR07-C,hostap,wpa_supplicant/ctrl_iface.c,11851,FP,"atoi() call is guarded by its own '> 0' check in the enclosing if-condition, which rejects atoi-parse-failure (returns 0) before any assignment",41plus_b9,high
ERR34-C,hostap,wpa_supplicant/ctrl_iface.c,11851,FP,same '>0' guard as ERR07-C at this line,41plus_b9,high
ERR07-C,hostap,wpa_supplicant/ctrl_iface.c,11853,FP,"atoi() call is guarded by its own '> 0' check in the enclosing if-condition, which rejects atoi-parse-failure (returns 0) before any assignment",41plus_b9,high
ERR34-C,hostap,wpa_supplicant/ctrl_iface.c,11853,FP,same '>0' guard as ERR07-C at this line,41plus_b9,high
ERR07-C,hostap,wpa_supplicant/ctrl_iface.c,11858,FP,"atoi() call is guarded by its own '> 0' check in the enclosing if-condition, which rejects atoi-parse-failure (returns 0) before any assignment",41plus_b9,high
ERR34-C,hostap,wpa_supplicant/ctrl_iface.c,11858,FP,same '>0' guard as ERR07-C at this line,41plus_b9,high
ERR07-C,hostap,wpa_supplicant/ctrl_iface.c,11860,FP,"atoi() call is guarded by its own '> 0' check in the enclosing if-condition, which rejects atoi-parse-failure (returns 0) before any assignment",41plus_b9,high
ERR34-C,hostap,wpa_supplicant/ctrl_iface.c,11860,FP,same '>0' guard as ERR07-C at this line,41plus_b9,high
ERR07-C,hostap,wpa_supplicant/ctrl_iface.c,11862,FP,"atoi() call is guarded by its own '> 0' check in the enclosing if-condition, which rejects atoi-parse-failure (returns 0) before any assignment",41plus_b9,high
ERR34-C,hostap,wpa_supplicant/ctrl_iface.c,11862,FP,same '>0' guard as ERR07-C at this line,41plus_b9,high
ERR07-C,hostap,wpa_supplicant/ctrl_iface.c,11933,TP,prot_instance=atoi(pos+14) used directly with no range check,41plus_b9,low
ERR34-C,hostap,wpa_supplicant/ctrl_iface.c,11933,TP,same as ERR07-C at this line,41plus_b9,low
MEM12-C,hostap,wpa_supplicant/ctrl_iface.c,12004,FP,"filter_value/filter_mask are stored into *param on success for the caller (scs_parse_type10) to own/copy - ownership-transfer-to-out-param, not a leak",41plus_b9,high
MSC07-C,hostap,wpa_supplicant/ctrl_iface.c,12005,FP,"'free:' is a goto-target label reached from earlier failure branches, not unreachable",41plus_b9,high
MEM12-C,hostap,wpa_supplicant/ctrl_iface.c,12008,FP,filter_value is freed at the free: label right before this return; filter_mask is always either NULL (never allocated on these paths) or already freed+nulled - nothing leaked,41plus_b9,high
EXP33-C,hostap,wpa_supplicant/ctrl_iface.c,12084,FP,pos2 is declared fresh each while-loop iteration and always assigned via os_strstr() before any read (assign-then-check-then-use pattern) - never read uninitialized,41plus_b9,high
ERR07-C,hostap,wpa_supplicant/ctrl_iface.c,12089,TP,desc_elem.scs_id=atoi(pos1+7) never validated as a well-formed number,41plus_b9,low
ERR34-C,hostap,wpa_supplicant/ctrl_iface.c,12089,TP,same as ERR07-C at this line,41plus_b9,low
EXP33-C,hostap,wpa_supplicant/ctrl_iface.c,12094,FP,"temp[20] is used purely as an os_snprintf() output buffer - write-only, never read before being written",41plus_b9,high
MSC13-C,hostap,wpa_supplicant/ctrl_iface.c,12110,FP,scsid_active is set inside a dl_list_for_each loop and read immediately after via 'if (scsid_active)' - confirmed dl_list_for_each post-loop-read MSC13-C FP pattern,41plus_b9,high
ERR07-C,hostap,wpa_supplicant/ctrl_iface.c,12149,FP,val=atoi(pos1+7) immediately range-checked (0-7) before use,41plus_b9,high
ERR34-C,hostap,wpa_supplicant/ctrl_iface.c,12149,FP,same range-check as ERR07-C at this line,41plus_b9,high
EXP33-C,hostap,wpa_supplicant/ctrl_iface.c,12168,FP,"'n' is declared then assigned via os_realloc() before any read, then null-checked - never read uninitialized",41plus_b9,high
EXP33-C,hostap,wpa_supplicant/ctrl_iface.c,12169,FP,next_tclas_elem is declared then assigned via os_strstr() before any read - never read uninitialized,41plus_b9,high
ERR07-C,hostap,wpa_supplicant/ctrl_iface.c,12171,FP,val=atoi(pos+16) immediately range-checked (!=4 && !=10 rejected) before use,41plus_b9,high
ERR34-C,hostap,wpa_supplicant/ctrl_iface.c,12171,FP,same range-check as ERR07-C at this line,41plus_b9,high
INT32-C,hostap,wpa_supplicant/ctrl_iface.c,12171,FP,"'pos+16' is pointer arithmetic (char*), not signed-integer arithmetic subject to overflow - rule misapplied to a pointer offset",41plus_b9,high
ARR39-C,hostap,wpa_supplicant/ctrl_iface.c,12204,FP,"desc_elem.tclas_elems cast to (u8*) has a 1-byte pointee, so adding num_tclas_elem*sizeof(elem) bytes is correctly-scaled, not double-scaled - confirmed ARR39-C 1-byte-pointee FP pattern",41plus_b9,high
ERR07-C,hostap,wpa_supplicant/ctrl_iface.c,12219,FP,val=atoi(pos1+17) immediately range-checked (!=0 && !=1 rejected) before use,41plus_b9,high
ERR34-C,hostap,wpa_supplicant/ctrl_iface.c,12219,FP,same range-check as ERR07-C at this line,41plus_b9,high
MSC01-C,hostap,wpa_supplicant/ctrl_iface.c,12246,FP,"if/else-if chain over 3 mutually-exclusive string tokens with no matching-none case needed - stylistic pedantry, not a missing-case defect",41plus_b9,med
ERR07-C,hostap,wpa_supplicant/ctrl_iface.c,12255,TP,"min_si=atoi(pos1+7) is never range-validated on its own, only loosely cross-checked against max_si when both are nonzero",41plus_b9,low
ERR34-C,hostap,wpa_supplicant/ctrl_iface.c,12255,TP,same as ERR07-C at this line,41plus_b9,low
ERR07-C,hostap,wpa_supplicant/ctrl_iface.c,12262,TP,"max_si=atoi(pos1+7) is never range-validated on its own, only loosely cross-checked against min_si when both are nonzero",41plus_b9,low
ERR34-C,hostap,wpa_supplicant/ctrl_iface.c,12262,TP,same as ERR07-C at this line,41plus_b9,low
ERR07-C,hostap,wpa_supplicant/ctrl_iface.c,12275,FP,min_data_rate=atoi(pos1+14) is bound-checked a few lines below (>=BIT(24) rejected) before being sent,41plus_b9,high
ERR34-C,hostap,wpa_supplicant/ctrl_iface.c,12275,FP,same bound-check as ERR07-C at this line,41plus_b9,high
ERR07-C,hostap,wpa_supplicant/ctrl_iface.c,12282,FP,ERR07/ERR34 atoi FP: immediately range-checked together with min_data_rate via BIT(24) guard 2 lines later (categorical_patterns.md ERR07/ERR34 range-checked-atoi FP class).,41plus_b10,med
ERR34-C,hostap,wpa_supplicant/ctrl_iface.c,12282,FP,ERR07/ERR34 atoi FP: immediately range-checked together with min_data_rate via BIT(24) guard 2 lines later (categorical_patterns.md ERR07/ERR34 range-checked-atoi FP class).,41plus_b10,med
ERR07-C,hostap,wpa_supplicant/ctrl_iface.c,12293,TP,"atoi() result stored/used with no range or sanity check anywhere afterward -- genuine unchecked conversion (categorical pattern: only FP when immediately range-checked, not the case here).",41plus_b10,med
ERR34-C,hostap,wpa_supplicant/ctrl_iface.c,12293,TP,"atoi() result stored/used with no range or sanity check anywhere afterward -- genuine unchecked conversion (categorical pattern: only FP when immediately range-checked, not the case here).",41plus_b10,med
ERR07-C,hostap,wpa_supplicant/ctrl_iface.c,12299,TP,"atoi() result stored/used with no range or sanity check anywhere afterward -- genuine unchecked conversion (categorical pattern: only FP when immediately range-checked, not the case here).",41plus_b10,med
ERR34-C,hostap,wpa_supplicant/ctrl_iface.c,12299,TP,"atoi() result stored/used with no range or sanity check anywhere afterward -- genuine unchecked conversion (categorical pattern: only FP when immediately range-checked, not the case here).",41plus_b10,med
INT32-C,hostap,wpa_supplicant/ctrl_iface.c,12299,FP,"pos2 is char*; 'pos2+N' is pointer arithmetic, not signed-int addition -- rule misclassifies pointer-typed var as an integer overflow candidate (extends confirmed INT30-C pointer-mistyped family, eap_sake_common.c precedent, to INT32-C).",41plus_b10,high
ERR07-C,hostap,wpa_supplicant/ctrl_iface.c,12305,TP,"atoi() result stored/used with no range or sanity check anywhere afterward -- genuine unchecked conversion (categorical pattern: only FP when immediately range-checked, not the case here).",41plus_b10,med
ERR34-C,hostap,wpa_supplicant/ctrl_iface.c,12305,TP,"atoi() result stored/used with no range or sanity check anywhere afterward -- genuine unchecked conversion (categorical pattern: only FP when immediately range-checked, not the case here).",41plus_b10,med
INT32-C,hostap,wpa_supplicant/ctrl_iface.c,12305,FP,"pos2 is char*; 'pos2+N' is pointer arithmetic, not signed-int addition -- rule misclassifies pointer-typed var as an integer overflow candidate (extends confirmed INT30-C pointer-mistyped family, eap_sake_common.c precedent, to INT32-C).",41plus_b10,high
ERR07-C,hostap,wpa_supplicant/ctrl_iface.c,12311,TP,"atoi() result stored/used with no range or sanity check anywhere afterward -- genuine unchecked conversion (categorical pattern: only FP when immediately range-checked, not the case here).",41plus_b10,med
ERR34-C,hostap,wpa_supplicant/ctrl_iface.c,12311,TP,"atoi() result stored/used with no range or sanity check anywhere afterward -- genuine unchecked conversion (categorical pattern: only FP when immediately range-checked, not the case here).",41plus_b10,med
INT32-C,hostap,wpa_supplicant/ctrl_iface.c,12311,FP,"pos2 is char*; 'pos2+N' is pointer arithmetic, not signed-int addition -- rule misclassifies pointer-typed var as an integer overflow candidate (extends confirmed INT30-C pointer-mistyped family, eap_sake_common.c precedent, to INT32-C).",41plus_b10,high
ERR07-C,hostap,wpa_supplicant/ctrl_iface.c,12317,TP,"atoi() result stored/used with no range or sanity check anywhere afterward -- genuine unchecked conversion (categorical pattern: only FP when immediately range-checked, not the case here).",41plus_b10,med
ERR34-C,hostap,wpa_supplicant/ctrl_iface.c,12317,TP,"atoi() result stored/used with no range or sanity check anywhere afterward -- genuine unchecked conversion (categorical pattern: only FP when immediately range-checked, not the case here).",41plus_b10,med
INT32-C,hostap,wpa_supplicant/ctrl_iface.c,12317,FP,"pos2 is char*; 'pos2+N' is pointer arithmetic, not signed-int addition -- rule misclassifies pointer-typed var as an integer overflow candidate (extends confirmed INT30-C pointer-mistyped family, eap_sake_common.c precedent, to INT32-C).",41plus_b10,high
ERR07-C,hostap,wpa_supplicant/ctrl_iface.c,12324,TP,"atoi() result stored/used with no range or sanity check anywhere afterward -- genuine unchecked conversion (categorical pattern: only FP when immediately range-checked, not the case here).",41plus_b10,med
ERR34-C,hostap,wpa_supplicant/ctrl_iface.c,12324,TP,"atoi() result stored/used with no range or sanity check anywhere afterward -- genuine unchecked conversion (categorical pattern: only FP when immediately range-checked, not the case here).",41plus_b10,med
INT32-C,hostap,wpa_supplicant/ctrl_iface.c,12324,FP,"pos2 is char*; 'pos2+N' is pointer arithmetic, not signed-int addition -- rule misclassifies pointer-typed var as an integer overflow candidate (extends confirmed INT30-C pointer-mistyped family, eap_sake_common.c precedent, to INT32-C).",41plus_b10,high
ERR07-C,hostap,wpa_supplicant/ctrl_iface.c,12330,TP,"atoi() result stored/used with no range or sanity check anywhere afterward -- genuine unchecked conversion (categorical pattern: only FP when immediately range-checked, not the case here).",41plus_b10,med
ERR34-C,hostap,wpa_supplicant/ctrl_iface.c,12330,TP,"atoi() result stored/used with no range or sanity check anywhere afterward -- genuine unchecked conversion (categorical pattern: only FP when immediately range-checked, not the case here).",41plus_b10,med
INT32-C,hostap,wpa_supplicant/ctrl_iface.c,12330,FP,"pos2 is char*; 'pos2+N' is pointer arithmetic, not signed-int addition -- rule misclassifies pointer-typed var as an integer overflow candidate (extends confirmed INT30-C pointer-mistyped family, eap_sake_common.c precedent, to INT32-C).",41plus_b10,high
ERR07-C,hostap,wpa_supplicant/ctrl_iface.c,12336,TP,"atoi() result stored/used with no range or sanity check anywhere afterward -- genuine unchecked conversion (categorical pattern: only FP when immediately range-checked, not the case here).",41plus_b10,med
ERR34-C,hostap,wpa_supplicant/ctrl_iface.c,12336,TP,"atoi() result stored/used with no range or sanity check anywhere afterward -- genuine unchecked conversion (categorical pattern: only FP when immediately range-checked, not the case here).",41plus_b10,med
INT32-C,hostap,wpa_supplicant/ctrl_iface.c,12336,FP,"pos2 is char*; 'pos2+N' is pointer arithmetic, not signed-int addition -- rule misclassifies pointer-typed var as an integer overflow candidate (extends confirmed INT30-C pointer-mistyped family, eap_sake_common.c precedent, to INT32-C).",41plus_b10,high
ARR39-C,hostap,wpa_supplicant/ctrl_iface.c,12347,FP,"(u8*) ptr + count*sizeof(elem) is single-scaled byte-pointer arithmetic, not double scaling (confirmed ARR39-C byte-pointer+sizeof FP class).",41plus_b10,high
MEM12-C,hostap,wpa_supplicant/ctrl_iface.c,12355,FP,"n/n1 are realloc-success-check temporaries immediately assigned into scs_data->scs_desc_elems/desc_elem.tclas_elems; not a separate allocation, already tracked/freed via free_up_scs_desc (extends confirmed MEM12-C false-leak family).",41plus_b10,high
MSC07-C,hostap,wpa_supplicant/ctrl_iface.c,12357,FP,"free_scs_desc: is a goto target reached from many 'goto free_scs_desc;' statements earlier in the function -- reachable, not dead (confirmed goto-target-label MSC07-C FP family).",41plus_b10,high
MEM31-C,hostap,wpa_supplicant/ctrl_iface.c,12359,FP,"free_up_scs_desc() (robust_av.c:816) nulls data->scs_desc_elems/num_scs_desc as its first, unconditional statements before checking/freeing -- calling it twice (once at line 12079, once at cleanup) is safe/idempotent, not a double free.",41plus_b10,high
MEM12-C,hostap,wpa_supplicant/ctrl_iface.c,12360,FP,"n/n1 are realloc-success-check temporaries immediately assigned into scs_data->scs_desc_elems/desc_elem.tclas_elems; not a separate allocation, already tracked/freed via free_up_scs_desc (extends confirmed MEM12-C false-leak family).",41plus_b10,high
MEM30-C,hostap,wpa_supplicant/ctrl_iface.c,12391,FP,"policy is freed only once, at the very end (fail: os_free(policy)); line 12391 executes earlier in the same loop iteration, before any 'goto fail' -- free cannot have happened yet on any real execution path (mutually-exclusive/forward-label branch-blindness family).",41plus_b10,high
ERR07-C,hostap,wpa_supplicant/ctrl_iface.c,12397,FP,ERR07/ERR34 atoi FP: immediately checked == 0 and rejected (goto fail) right after conversion (categorical_patterns.md ERR07/ERR34 range-checked-atoi FP class).,41plus_b10,med
ERR34-C,hostap,wpa_supplicant/ctrl_iface.c,12397,FP,ERR07/ERR34 atoi FP: immediately checked == 0 and rejected (goto fail) right after conversion (categorical_patterns.md ERR07/ERR34 range-checked-atoi FP class).,41plus_b10,med
ERR07-C,hostap,wpa_supplicant/ctrl_iface.c,12411,TP,"atoi() result stored/used with no range or sanity check anywhere afterward -- genuine unchecked conversion (categorical pattern: only FP when immediately range-checked, not the case here).",41plus_b10,med
ERR34-C,hostap,wpa_supplicant/ctrl_iface.c,12411,TP,"atoi() result stored/used with no range or sanity check anywhere afterward -- genuine unchecked conversion (categorical pattern: only FP when immediately range-checked, not the case here).",41plus_b10,med
API05-C,hostap,wpa_supplicant/ctrl_iface.c,12461,FP,"classic char *buf, size_t buflen paired-size parameter idiom -- confirmed categorical API05-C FP.",41plus_b10,high
DCL13-C,hostap,wpa_supplicant/ctrl_iface.c,12461,FP,"buf IS modified: 'pos = buf; ... os_snprintf(pos, end-pos, ...)' writes through the pos alias into buf's storage every iteration -- rule's 'not modified' premise is factually wrong (matches confirmed DCL13-C real-tool-bug class, aes-ccm.c dst precedent).",41plus_b10,high
EXP33-C,hostap,wpa_supplicant/ctrl_iface.c,12477,FP,for_each_link(...) macro expands to 'for ((i)=0; (i)<MAX...; (i)++)' -- i IS initialized in the macro-hidden for-loop header; sqc's macro-blind CFG doesn't see it (extends confirmed macro-blind-loop-header FP family).,41plus_b10,high
FLP03-C,hostap,wpa_supplicant/ctrl_iface.c,12482,FP,"current_tx_rate is 'unsigned long' (driver.h:2631); '/1000' is plain integer division, no floating point involved (confirmed FLP03-C integer-division-misclassified FP class).",41plus_b10,high
ERR07-C,hostap,wpa_supplicant/ctrl_iface.c,12565,FP,ERR07/ERR34 atoi FP: immediately range-checked (link_id<0 || >=MAX_NUM_MLD_LINKS) right after conversion (categorical_patterns.md ERR07/ERR34 range-checked-atoi FP class).,41plus_b10,high
ERR34-C,hostap,wpa_supplicant/ctrl_iface.c,12565,FP,ERR07/ERR34 atoi FP: immediately range-checked (link_id<0 || >=MAX_NUM_MLD_LINKS) right after conversion (categorical_patterns.md ERR07/ERR34 range-checked-atoi FP class).,41plus_b10,high
ERR07-C,hostap,wpa_supplicant/ctrl_iface.c,12593,FP,ERR07/ERR34 atoi FP: immediately range-checked (link_id<0 || >=MAX_NUM_MLD_LINKS) right after conversion (categorical_patterns.md ERR07/ERR34 range-checked-atoi FP class).,41plus_b10,high
ERR34-C,hostap,wpa_supplicant/ctrl_iface.c,12593,FP,ERR07/ERR34 atoi FP: immediately range-checked (link_id<0 || >=MAX_NUM_MLD_LINKS) right after conversion (categorical_patterns.md ERR07/ERR34 range-checked-atoi FP class).,41plus_b10,high
DCL13-C,hostap,wpa_supplicant/ctrl_iface.c,12616,TP,"wpa_s is only read (wpa_s->valid_links, wpa_s->links[]) and never forwarded into a vtable/callback slot -- genuine (low-severity) const opportunity per the 'plain internal function' DCL13-C clarification, not the eloop/EAP dispatch-contract FP class.",41plus_b10,low
API05-C,hostap,wpa_supplicant/ctrl_iface.c,12617,FP,"classic char *buf, size_t buflen paired-size parameter idiom -- confirmed categorical API05-C FP.",41plus_b10,high
DCL13-C,hostap,wpa_supplicant/ctrl_iface.c,12617,FP,"buf IS modified: 'pos = buf; ... os_snprintf(pos, end-pos, ...)' writes through the pos alias into buf's storage every iteration -- rule's 'not modified' premise is factually wrong (matches confirmed DCL13-C real-tool-bug class, aes-ccm.c dst precedent).",41plus_b10,high
EXP33-C,hostap,wpa_supplicant/ctrl_iface.c,12628,FP,for_each_link(...) macro expands to 'for ((i)=0; (i)<MAX...; (i)++)' -- i IS initialized in the macro-hidden for-loop header; sqc's macro-blind CFG doesn't see it (extends confirmed macro-blind-loop-header FP family).,41plus_b10,high
EXP30-C,hostap,wpa_supplicant/ctrl_iface.c,12629,FP,MAC2STR(...) expands to pure array-index reads with no side effects (confirmed EXP30-C side-effect-free macro-arg FP class).,41plus_b10,high
ERR07-C,hostap,wpa_supplicant/ctrl_iface.c,12675,TP,"atoi() result stored/used with no range or sanity check anywhere afterward -- genuine unchecked conversion (categorical pattern: only FP when immediately range-checked, not the case here).",41plus_b10,med
ERR34-C,hostap,wpa_supplicant/ctrl_iface.c,12675,TP,"atoi() result stored/used with no range or sanity check anywhere afterward -- genuine unchecked conversion (categorical pattern: only FP when immediately range-checked, not the case here).",41plus_b10,med
MSC01-C,hostap,wpa_supplicant/ctrl_iface.c,12676,FP,"if/else-if chain over a command-token/dispatch parser where an unmatched case is a deliberate silent no-op/ignore, not a missing-case defect (confirmed MSC01-C guard-clause/dispatch FP class).",41plus_b10,high
ERR07-C,hostap,wpa_supplicant/ctrl_iface.c,12677,TP,"atoi() result stored/used with no range or sanity check anywhere afterward -- genuine unchecked conversion (categorical pattern: only FP when immediately range-checked, not the case here).",41plus_b10,med
ERR34-C,hostap,wpa_supplicant/ctrl_iface.c,12677,TP,"atoi() result stored/used with no range or sanity check anywhere afterward -- genuine unchecked conversion (categorical pattern: only FP when immediately range-checked, not the case here).",41plus_b10,med
API05-C,hostap,wpa_supplicant/ctrl_iface.c,12735,FP,"classic char *buf, size_t buflen paired-size parameter idiom -- confirmed categorical API05-C FP.",41plus_b10,high
API05-C,hostap,wpa_supplicant/ctrl_iface.c,12736,FP,"classic char *buf, size_t buflen paired-size parameter idiom -- confirmed categorical API05-C FP.",41plus_b10,high
ERR07-C,hostap,wpa_supplicant/ctrl_iface.c,12763,TP,"atoi() result stored/used with no range or sanity check anywhere afterward -- genuine unchecked conversion (categorical pattern: only FP when immediately range-checked, not the case here).",41plus_b10,med
ERR34-C,hostap,wpa_supplicant/ctrl_iface.c,12763,TP,"atoi() result stored/used with no range or sanity check anywhere afterward -- genuine unchecked conversion (categorical pattern: only FP when immediately range-checked, not the case here).",41plus_b10,med
ERR07-C,hostap,wpa_supplicant/ctrl_iface.c,12768,TP,"atoi() result stored/used with no range or sanity check anywhere afterward -- genuine unchecked conversion (categorical pattern: only FP when immediately range-checked, not the case here).",41plus_b10,med
ERR34-C,hostap,wpa_supplicant/ctrl_iface.c,12768,TP,"atoi() result stored/used with no range or sanity check anywhere afterward -- genuine unchecked conversion (categorical pattern: only FP when immediately range-checked, not the case here).",41plus_b10,med
ERR07-C,hostap,wpa_supplicant/ctrl_iface.c,12783,TP,"atoi() result stored/used with no range or sanity check anywhere afterward -- genuine unchecked conversion (categorical pattern: only FP when immediately range-checked, not the case here).",41plus_b10,med
ERR34-C,hostap,wpa_supplicant/ctrl_iface.c,12783,TP,"atoi() result stored/used with no range or sanity check anywhere afterward -- genuine unchecked conversion (categorical pattern: only FP when immediately range-checked, not the case here).",41plus_b10,med
ERR07-C,hostap,wpa_supplicant/ctrl_iface.c,12794,TP,"atoi() result stored/used with no range or sanity check anywhere afterward -- genuine unchecked conversion (categorical pattern: only FP when immediately range-checked, not the case here).",41plus_b10,med
ERR34-C,hostap,wpa_supplicant/ctrl_iface.c,12794,TP,"atoi() result stored/used with no range or sanity check anywhere afterward -- genuine unchecked conversion (categorical pattern: only FP when immediately range-checked, not the case here).",41plus_b10,med
MEM31-C,hostap,wpa_supplicant/ctrl_iface.c,12863,FP,"freq_list is freed then immediately reassigned (line 12776/12998) before this final cleanup free -- classic reassign-then-free-later idiom, not a double free (confirmed MEM31-C reassign-in-loop FP class, sae_pk_gen.c:191 precedent).",41plus_b10,high
ERR34-C,hostap,wpa_supplicant/ctrl_iface.c,12875,FP,"sscanf's return value IS checked (== 1) immediately -- proper error detection is present, contradicting the finding's own premise (new sscanf-single-specifier-checked FP sub-shape).",41plus_b10,med
EXP20-C,hostap,wpa_supplicant/ctrl_iface.c,12875,FP,"call has exactly one '%i' conversion specifier and one output arg, so the return value can only be 0, 1, or EOF -- 'may return values > 1' is impossible here (new sscanf-single-specifier FP sub-shape).",41plus_b10,high
FIO47-C,hostap,wpa_supplicant/ctrl_iface.c,12875,FP,engine misparses which call argument binds to the format: reports the literal format-string argument itself as 'argument 1... is Pointer' rather than the actual &int output arg (extends confirmed FIO47-C argument-binding-misparse family).,41plus_b10,high
INT05-C,hostap,wpa_supplicant/ctrl_iface.c,12875,FP,"sscanf's %i does not reliably set errno/ERANGE the way strtol does, so the rule's own suggested remedy (check errno) would not actually detect overflow here -- rule misapplied to an API it doesn't fit.",41plus_b10,med
MSC24-C,hostap,wpa_supplicant/ctrl_iface.c,12875,FP,sscanf_s (Annex K) is optional/non-portable and not used anywhere in this codebase or toolchain -- blanket-fires on every scanf-family call regardless of context.,41plus_b10,med
ERR34-C,hostap,wpa_supplicant/ctrl_iface.c,12903,FP,"sscanf's return value IS checked (== 1) immediately -- proper error detection is present, contradicting the finding's own premise (new sscanf-single-specifier-checked FP sub-shape).",41plus_b10,med
EXP20-C,hostap,wpa_supplicant/ctrl_iface.c,12903,FP,"call has exactly one '%i' conversion specifier and one output arg, so the return value can only be 0, 1, or EOF -- 'may return values > 1' is impossible here (new sscanf-single-specifier FP sub-shape).",41plus_b10,high
FIO47-C,hostap,wpa_supplicant/ctrl_iface.c,12903,FP,engine misparses which call argument binds to the format: reports the literal format-string argument itself as 'argument 1... is Pointer' rather than the actual &int output arg (extends confirmed FIO47-C argument-binding-misparse family).,41plus_b10,high
INT05-C,hostap,wpa_supplicant/ctrl_iface.c,12903,FP,"sscanf's %i does not reliably set errno/ERANGE the way strtol does, so the rule's own suggested remedy (check errno) would not actually detect overflow here -- rule misapplied to an API it doesn't fit.",41plus_b10,med
MSC24-C,hostap,wpa_supplicant/ctrl_iface.c,12903,FP,sscanf_s (Annex K) is optional/non-portable and not used anywhere in this codebase or toolchain -- blanket-fires on every scanf-family call regardless of context.,41plus_b10,med
ERR34-C,hostap,wpa_supplicant/ctrl_iface.c,12939,FP,"sscanf's return value IS checked (== 1) immediately -- proper error detection is present, contradicting the finding's own premise (new sscanf-single-specifier-checked FP sub-shape).",41plus_b10,med
EXP20-C,hostap,wpa_supplicant/ctrl_iface.c,12939,FP,"call has exactly one '%i' conversion specifier and one output arg, so the return value can only be 0, 1, or EOF -- 'may return values > 1' is impossible here (new sscanf-single-specifier FP sub-shape).",41plus_b10,high
FIO47-C,hostap,wpa_supplicant/ctrl_iface.c,12939,FP,engine misparses which call argument binds to the format: reports the literal format-string argument itself as 'argument 1... is Pointer' rather than the actual &int output arg (extends confirmed FIO47-C argument-binding-misparse family).,41plus_b10,high
INT05-C,hostap,wpa_supplicant/ctrl_iface.c,12939,FP,"sscanf's %i does not reliably set errno/ERANGE the way strtol does, so the rule's own suggested remedy (check errno) would not actually detect overflow here -- rule misapplied to an API it doesn't fit.",41plus_b10,med
MSC24-C,hostap,wpa_supplicant/ctrl_iface.c,12939,FP,sscanf_s (Annex K) is optional/non-portable and not used anywhere in this codebase or toolchain -- blanket-fires on every scanf-family call regardless of context.,41plus_b10,med
API05-C,hostap,wpa_supplicant/ctrl_iface.c,12957,FP,"classic char *buf, size_t buflen paired-size parameter idiom -- confirmed categorical API05-C FP.",41plus_b10,high
API05-C,hostap,wpa_supplicant/ctrl_iface.c,12958,FP,"classic char *buf, size_t buflen paired-size parameter idiom -- confirmed categorical API05-C FP.",41plus_b10,high
ERR07-C,hostap,wpa_supplicant/ctrl_iface.c,12985,TP,"atoi() result stored/used with no range or sanity check anywhere afterward -- genuine unchecked conversion (categorical pattern: only FP when immediately range-checked, not the case here).",41plus_b10,med
ERR34-C,hostap,wpa_supplicant/ctrl_iface.c,12985,TP,"atoi() result stored/used with no range or sanity check anywhere afterward -- genuine unchecked conversion (categorical pattern: only FP when immediately range-checked, not the case here).",41plus_b10,med
ERR07-C,hostap,wpa_supplicant/ctrl_iface.c,12990,TP,"atoi() result stored/used with no range or sanity check anywhere afterward -- genuine unchecked conversion (categorical pattern: only FP when immediately range-checked, not the case here).",41plus_b10,med
ERR34-C,hostap,wpa_supplicant/ctrl_iface.c,12990,TP,"atoi() result stored/used with no range or sanity check anywhere afterward -- genuine unchecked conversion (categorical pattern: only FP when immediately range-checked, not the case here).",41plus_b10,med
ERR07-C,hostap,wpa_supplicant/ctrl_iface.c,13005,TP,"atoi() result stored/used with no range or sanity check anywhere afterward -- genuine unchecked conversion (categorical pattern: only FP when immediately range-checked, not the case here).",41plus_b10,med
ERR34-C,hostap,wpa_supplicant/ctrl_iface.c,13005,TP,"atoi() result stored/used with no range or sanity check anywhere afterward -- genuine unchecked conversion (categorical pattern: only FP when immediately range-checked, not the case here).",41plus_b10,med
ERR07-C,hostap,wpa_supplicant/ctrl_iface.c,13016,TP,"atoi() result stored/used with no range or sanity check anywhere afterward -- genuine unchecked conversion (categorical pattern: only FP when immediately range-checked, not the case here).",41plus_b10,med
ERR34-C,hostap,wpa_supplicant/ctrl_iface.c,13016,TP,"atoi() result stored/used with no range or sanity check anywhere afterward -- genuine unchecked conversion (categorical pattern: only FP when immediately range-checked, not the case here).",41plus_b10,med
ERR07-C,hostap,wpa_supplicant/ctrl_iface.c,13055,FP,ERR07/ERR34 atoi FP: wrapped in !! to collapse to strict boolean; malformed input(0) is the safe default (categorical_patterns.md ERR07/ERR34 range-checked-atoi FP class).,41plus_b10,med
ERR34-C,hostap,wpa_supplicant/ctrl_iface.c,13055,FP,ERR07/ERR34 atoi FP: wrapped in !! to collapse to strict boolean; malformed input(0) is the safe default (categorical_patterns.md ERR07/ERR34 range-checked-atoi FP class).,41plus_b10,med
ERR07-C,hostap,wpa_supplicant/ctrl_iface.c,13065,TP,"atoi() result stored/used with no range or sanity check anywhere afterward -- genuine unchecked conversion (categorical pattern: only FP when immediately range-checked, not the case here).",41plus_b10,med
ERR34-C,hostap,wpa_supplicant/ctrl_iface.c,13065,TP,"atoi() result stored/used with no range or sanity check anywhere afterward -- genuine unchecked conversion (categorical pattern: only FP when immediately range-checked, not the case here).",41plus_b10,med
ERR07-C,hostap,wpa_supplicant/ctrl_iface.c,13070,TP,"atoi() result stored/used with no range or sanity check anywhere afterward -- genuine unchecked conversion (categorical pattern: only FP when immediately range-checked, not the case here).",41plus_b10,med
ERR34-C,hostap,wpa_supplicant/ctrl_iface.c,13070,TP,"atoi() result stored/used with no range or sanity check anywhere afterward -- genuine unchecked conversion (categorical pattern: only FP when immediately range-checked, not the case here).",41plus_b10,med
MEM31-C,hostap,wpa_supplicant/ctrl_iface.c,13092,FP,"freq_list is freed then immediately reassigned (line 12776/12998) before this final cleanup free -- classic reassign-then-free-later idiom, not a double free (confirmed MEM31-C reassign-in-loop FP class, sae_pk_gen.c:191 precedent).",41plus_b10,high
ERR34-C,hostap,wpa_supplicant/ctrl_iface.c,13104,FP,"sscanf's return value IS checked (== 1) immediately -- proper error detection is present, contradicting the finding's own premise (new sscanf-single-specifier-checked FP sub-shape).",41plus_b10,med
EXP20-C,hostap,wpa_supplicant/ctrl_iface.c,13104,FP,"call has exactly one '%i' conversion specifier and one output arg, so the return value can only be 0, 1, or EOF -- 'may return values > 1' is impossible here (new sscanf-single-specifier FP sub-shape).",41plus_b10,high
FIO47-C,hostap,wpa_supplicant/ctrl_iface.c,13104,FP,engine misparses which call argument binds to the format: reports the literal format-string argument itself as 'argument 1... is Pointer' rather than the actual &int output arg (extends confirmed FIO47-C argument-binding-misparse family).,41plus_b10,high
INT05-C,hostap,wpa_supplicant/ctrl_iface.c,13104,FP,"sscanf's %i does not reliably set errno/ERANGE the way strtol does, so the rule's own suggested remedy (check errno) would not actually detect overflow here -- rule misapplied to an API it doesn't fit.",41plus_b10,med
MSC24-C,hostap,wpa_supplicant/ctrl_iface.c,13104,FP,sscanf_s (Annex K) is optional/non-portable and not used anywhere in this codebase or toolchain -- blanket-fires on every scanf-family call regardless of context.,41plus_b10,med
ERR34-C,hostap,wpa_supplicant/ctrl_iface.c,13130,FP,"sscanf's return value IS checked (== 1) immediately -- proper error detection is present, contradicting the finding's own premise (new sscanf-single-specifier-checked FP sub-shape).",41plus_b10,med
EXP20-C,hostap,wpa_supplicant/ctrl_iface.c,13130,FP,"call has exactly one '%i' conversion specifier and one output arg, so the return value can only be 0, 1, or EOF -- 'may return values > 1' is impossible here (new sscanf-single-specifier FP sub-shape).",41plus_b10,high
FIO47-C,hostap,wpa_supplicant/ctrl_iface.c,13130,FP,engine misparses which call argument binds to the format: reports the literal format-string argument itself as 'argument 1... is Pointer' rather than the actual &int output arg (extends confirmed FIO47-C argument-binding-misparse family).,41plus_b10,high
INT05-C,hostap,wpa_supplicant/ctrl_iface.c,13130,FP,"sscanf's %i does not reliably set errno/ERANGE the way strtol does, so the rule's own suggested remedy (check errno) would not actually detect overflow here -- rule misapplied to an API it doesn't fit.",41plus_b10,med
MSC24-C,hostap,wpa_supplicant/ctrl_iface.c,13130,FP,sscanf_s (Annex K) is optional/non-portable and not used anywhere in this codebase or toolchain -- blanket-fires on every scanf-family call regardless of context.,41plus_b10,med
ERR34-C,hostap,wpa_supplicant/ctrl_iface.c,13160,FP,"sscanf's return value IS checked (== 1) immediately -- proper error detection is present, contradicting the finding's own premise (new sscanf-single-specifier-checked FP sub-shape).",41plus_b10,med
EXP20-C,hostap,wpa_supplicant/ctrl_iface.c,13160,FP,"call has exactly one '%i' conversion specifier and one output arg, so the return value can only be 0, 1, or EOF -- 'may return values > 1' is impossible here (new sscanf-single-specifier FP sub-shape).",41plus_b10,high
FIO47-C,hostap,wpa_supplicant/ctrl_iface.c,13160,FP,engine misparses which call argument binds to the format: reports the literal format-string argument itself as 'argument 1... is Pointer' rather than the actual &int output arg (extends confirmed FIO47-C argument-binding-misparse family).,41plus_b10,high
INT05-C,hostap,wpa_supplicant/ctrl_iface.c,13160,FP,"sscanf's %i does not reliably set errno/ERANGE the way strtol does, so the rule's own suggested remedy (check errno) would not actually detect overflow here -- rule misapplied to an API it doesn't fit.",41plus_b10,med
MSC24-C,hostap,wpa_supplicant/ctrl_iface.c,13160,FP,sscanf_s (Annex K) is optional/non-portable and not used anywhere in this codebase or toolchain -- blanket-fires on every scanf-family call regardless of context.,41plus_b10,med
ERR34-C,hostap,wpa_supplicant/ctrl_iface.c,13163,FP,"sscanf's return value IS checked (== 1) immediately -- proper error detection is present, contradicting the finding's own premise (new sscanf-single-specifier-checked FP sub-shape).",41plus_b10,med
EXP20-C,hostap,wpa_supplicant/ctrl_iface.c,13163,FP,"call has exactly one '%i' conversion specifier and one output arg, so the return value can only be 0, 1, or EOF -- 'may return values > 1' is impossible here (new sscanf-single-specifier FP sub-shape).",41plus_b10,high
FIO47-C,hostap,wpa_supplicant/ctrl_iface.c,13163,FP,engine misparses which call argument binds to the format: reports the literal format-string argument itself as 'argument 1... is Pointer' rather than the actual &int output arg (extends confirmed FIO47-C argument-binding-misparse family).,41plus_b10,high
INT05-C,hostap,wpa_supplicant/ctrl_iface.c,13163,FP,"sscanf's %i does not reliably set errno/ERANGE the way strtol does, so the rule's own suggested remedy (check errno) would not actually detect overflow here -- rule misapplied to an API it doesn't fit.",41plus_b10,med
MSC24-C,hostap,wpa_supplicant/ctrl_iface.c,13163,FP,sscanf_s (Annex K) is optional/non-portable and not used anywhere in this codebase or toolchain -- blanket-fires on every scanf-family call regardless of context.,41plus_b10,med
ERR34-C,hostap,wpa_supplicant/ctrl_iface.c,13218,FP,"sscanf's return value IS checked (== 1) immediately -- proper error detection is present, contradicting the finding's own premise (new sscanf-single-specifier-checked FP sub-shape).",41plus_b10,med
EXP20-C,hostap,wpa_supplicant/ctrl_iface.c,13218,FP,"call has exactly one '%i' conversion specifier and one output arg, so the return value can only be 0, 1, or EOF -- 'may return values > 1' is impossible here (new sscanf-single-specifier FP sub-shape).",41plus_b10,high
FIO47-C,hostap,wpa_supplicant/ctrl_iface.c,13218,FP,engine misparses which call argument binds to the format: reports the literal format-string argument itself as 'argument 1... is Pointer' rather than the actual &int output arg (extends confirmed FIO47-C argument-binding-misparse family).,41plus_b10,high
INT05-C,hostap,wpa_supplicant/ctrl_iface.c,13218,FP,"sscanf's %i does not reliably set errno/ERANGE the way strtol does, so the rule's own suggested remedy (check errno) would not actually detect overflow here -- rule misapplied to an API it doesn't fit.",41plus_b10,med
MSC24-C,hostap,wpa_supplicant/ctrl_iface.c,13218,FP,sscanf_s (Annex K) is optional/non-portable and not used anywhere in this codebase or toolchain -- blanket-fires on every scanf-family call regardless of context.,41plus_b10,med
ERR34-C,hostap,wpa_supplicant/ctrl_iface.c,13221,FP,"sscanf's return value IS checked (== 1) immediately -- proper error detection is present, contradicting the finding's own premise (new sscanf-single-specifier-checked FP sub-shape).",41plus_b10,med
EXP20-C,hostap,wpa_supplicant/ctrl_iface.c,13221,FP,"call has exactly one '%i' conversion specifier and one output arg, so the return value can only be 0, 1, or EOF -- 'may return values > 1' is impossible here (new sscanf-single-specifier FP sub-shape).",41plus_b10,high
FIO47-C,hostap,wpa_supplicant/ctrl_iface.c,13221,FP,engine misparses which call argument binds to the format: reports the literal format-string argument itself as 'argument 1... is Pointer' rather than the actual &int output arg (extends confirmed FIO47-C argument-binding-misparse family).,41plus_b10,high
INT05-C,hostap,wpa_supplicant/ctrl_iface.c,13221,FP,"sscanf's %i does not reliably set errno/ERANGE the way strtol does, so the rule's own suggested remedy (check errno) would not actually detect overflow here -- rule misapplied to an API it doesn't fit.",41plus_b10,med
MSC24-C,hostap,wpa_supplicant/ctrl_iface.c,13221,FP,sscanf_s (Annex K) is optional/non-portable and not used anywhere in this codebase or toolchain -- blanket-fires on every scanf-family call regardless of context.,41plus_b10,med
MSC41-C,hostap,wpa_supplicant/ctrl_iface.c,13280,FP,"'RX ctrl_iface' is a debug-log title/label string, not the secret itself; the actual data (buf) is a separate runtime argument (confirmed MSC41-C title-string FP class).",41plus_b10,high
INT32-C,hostap,wpa_supplicant/ctrl_iface.c,13311,FP,reply_len/reply_size are bounded by the fixed reply buffer allocated a few hundred lines earlier and each *_get_mib() callee is expected to respect reply_size -- realistic protocol/buffer-size bound the rule doesn't see (confirmed 'rule doesn't see realistic bounds' INT30/32/33 family).,41plus_b10,med
INT32-C,hostap,wpa_supplicant/ctrl_iface.c,13313,FP,reply_len/reply_size are bounded by the fixed reply buffer allocated a few hundred lines earlier and each *_get_mib() callee is expected to respect reply_size -- realistic protocol/buffer-size bound the rule doesn't see (confirmed 'rule doesn't see realistic bounds' INT30/32/33 family).,41plus_b10,med
INT32-C,hostap,wpa_supplicant/ctrl_iface.c,13315,FP,reply_len/reply_size are bounded by the fixed reply buffer allocated a few hundred lines earlier and each *_get_mib() callee is expected to respect reply_size -- realistic protocol/buffer-size bound the rule doesn't see (confirmed 'rule doesn't see realistic bounds' INT30/32/33 family).,41plus_b10,med
INT32-C,hostap,wpa_supplicant/ctrl_iface.c,13317,FP,reply_len/reply_size are bounded by the fixed reply buffer allocated a few hundred lines earlier and each *_get_mib() callee is expected to respect reply_size -- realistic protocol/buffer-size bound the rule doesn't see (confirmed 'rule doesn't see realistic bounds' INT30/32/33 family).,41plus_b10,med
DCL31-C,hostap,wpa_supplicant/ctrl_iface.c,13321,FP,"wpa_supplicant_ctrl_iface_status (line 2276) is a static function defined unconditionally earlier in this same file, ~11000 lines before this call -- genuinely declared/defined, not implicit (new DCL31-C sub-shape: same-file lookup fails across very large distance).",41plus_b10,high
DCL31-C,hostap,wpa_supplicant/ctrl_iface.c,13344,FP,"wpa_supplicant_ctrl_iface_set (line 497) is a static function defined unconditionally earlier in this same file, ~11000 lines before this call -- genuinely declared/defined, not implicit (new DCL31-C sub-shape: same-file lookup fails across very large distance).",41plus_b10,high
MSC01-C,hostap,wpa_supplicant/ctrl_iface.c,13372,FP,"if/else-if chain over a command-token/dispatch parser where an unmatched case is a deliberate silent no-op/ignore, not a missing-case defect (confirmed MSC01-C guard-clause/dispatch FP class).",41plus_b10,high
MSC01-C,hostap,wpa_supplicant/ctrl_iface.c,13390,FP,"if/else-if chain over a command-token/dispatch parser where an unmatched case is a deliberate silent no-op/ignore, not a missing-case defect (confirmed MSC01-C guard-clause/dispatch FP class).",41plus_b10,high
MSC01-C,hostap,wpa_supplicant/ctrl_iface.c,13397,FP,"if/else-if chain over a command-token/dispatch parser where an unmatched case is a deliberate silent no-op/ignore, not a missing-case defect (confirmed MSC01-C guard-clause/dispatch FP class).",41plus_b10,high
MSC01-C,hostap,wpa_supplicant/ctrl_iface.c,13467,FP,"if/else-if chain over a command-token/dispatch parser where an unmatched case is a deliberate silent no-op/ignore, not a missing-case defect (confirmed MSC01-C guard-clause/dispatch FP class).",41plus_b10,high
EXP43-C,hostap,wpa_supplicant/ctrl_iface.c,13764,FP,wpa_s/dst_wpa_s params are plain (non-restrict) pointers -- EXP43-C's aliasing UB only applies to restrict-qualified params; passing the same wpa_s for both intentionally performs an intra-interface duplicate (confirmed EXP43-C no-restrict-qualifier FP class).,41plus_b10,high
ERR07-C,hostap,wpa_supplicant/ctrl_iface.c,13895,FP,ERR07/ERR34 atoi FP: result only ever compared ==0 to set a boolean flag; malformed input(0) maps to the safe default (categorical_patterns.md ERR07/ERR34 range-checked-atoi FP class).,41plus_b10,med
ERR34-C,hostap,wpa_supplicant/ctrl_iface.c,13895,FP,ERR07/ERR34 atoi FP: result only ever compared ==0 to set a boolean flag; malformed input(0) maps to the safe default (categorical_patterns.md ERR07/ERR34 range-checked-atoi FP class).,41plus_b10,med
STR30-C,hostap,wpa_supplicant/ctrl_iface.c,14061,FP,wpas_ctrl_iface_send_twt_setup's second parameter is declared 'const char *cmd' and the function body only reads it (os_strstr/atoi/sscanf) -- it cannot modify the passed string literal; rule's premise is factually wrong.,41plus_b10,high
ERR07-C,hostap,wpa_supplicant/ctrl_iface.c,14167,FP,"ERR07/ERR34 atoi FP: downstream dpp_bootstrap_get_uri lookup on the id fails safely (NULL, caught by if(!uri)) for any bad id (categorical_patterns.md ERR07/ERR34 range-checked-atoi FP class).",41plus_b10,med
ERR34-C,hostap,wpa_supplicant/ctrl_iface.c,14167,FP,"ERR07/ERR34 atoi FP: downstream dpp_bootstrap_get_uri lookup on the id fails safely (NULL, caught by if(!uri)) for any bad id (categorical_patterns.md ERR07/ERR34 range-checked-atoi FP class).",41plus_b10,med
ERR07-C,hostap,wpa_supplicant/ctrl_iface.c,14176,FP,"ERR07/ERR34 atoi FP: downstream dpp_bootstrap_set return value(<0) is checked immediately, covers bad id (categorical_patterns.md ERR07/ERR34 range-checked-atoi FP class).",41plus_b10,med
ERR34-C,hostap,wpa_supplicant/ctrl_iface.c,14176,FP,"ERR07/ERR34 atoi FP: downstream dpp_bootstrap_set return value(<0) is checked immediately, covers bad id (categorical_patterns.md ERR07/ERR34 range-checked-atoi FP class).",41plus_b10,med
EXP30-C,hostap,wpa_supplicant/ctrl_iface.c,14179,FP,"atoi(buf+18) and os_strchr(buf+18,' ') are both pure reads of the same buffer, no side effects to unsequence (extends confirmed EXP30-C side-effect-free-accessor-args class beyond macros to plain library reads).",41plus_b10,high
ERR07-C,hostap,wpa_supplicant/ctrl_iface.c,14179,FP,"ERR07/ERR34 atoi FP: downstream dpp_bootstrap_set return value(<0) is checked immediately, covers bad id (categorical_patterns.md ERR07/ERR34 range-checked-atoi FP class).",41plus_b10,med
ERR34-C,hostap,wpa_supplicant/ctrl_iface.c,14179,FP,"ERR07/ERR34 atoi FP: downstream dpp_bootstrap_set return value(<0) is checked immediately, covers bad id (categorical_patterns.md ERR07/ERR34 range-checked-atoi FP class).",41plus_b10,med
ERR07-C,hostap,wpa_supplicant/ctrl_iface.c,14213,TP,"atoi() result stored/used with no range or sanity check anywhere afterward -- genuine unchecked conversion (categorical pattern: only FP when immediately range-checked, not the case here).",41plus_b10,med
ERR34-C,hostap,wpa_supplicant/ctrl_iface.c,14213,TP,"atoi() result stored/used with no range or sanity check anywhere afterward -- genuine unchecked conversion (categorical pattern: only FP when immediately range-checked, not the case here).",41plus_b10,med
