rule,project,file,line,verdict,reason,provenance,confidence
STR30-C,hostap,wpa_supplicant/dbus/dbus_new_handlers_p2p.c,1713,FP,STR30-C rule-logic bug: dbus_set_error/_const take const char* per dbus-errors.h,hostap_full_audit_0.4.169,high
DCL15-C,hostap,wpa_supplicant/dbus/dbus_new_handlers_p2p.c,1721,FP,"DCL15-C: getter/setter needs extern linkage, registered by address in dbus_new.c property table",hostap_full_audit_0.4.169,high
DCL13-C,hostap,wpa_supplicant/dbus/dbus_new_handlers_p2p.c,1723,FP,DCL13-C user_data pinned by WPADBusPropertyAccessor typedef (categorical_patterns.md),hostap_full_audit_0.4.169,high
DCL31-C,hostap,wpa_supplicant/dbus/dbus_new_handlers_p2p.c,1731,FP,"DCL31-C: libdbus function, header transitively included via dbus_new_helpers.h (categorical_patterns.md)",hostap_full_audit_0.4.169,high
STR30-C,hostap,wpa_supplicant/dbus/dbus_new_handlers_p2p.c,1731,FP,STR30-C rule-logic bug: dbus_set_error/_const take const char* per dbus-errors.h,hostap_full_audit_0.4.169,high
STR30-C,hostap,wpa_supplicant/dbus/dbus_new_handlers_p2p.c,1738,FP,STR30-C rule-logic bug: dbus_set_error/_const take const char* per dbus-errors.h,hostap_full_audit_0.4.169,high
DCL15-C,hostap,wpa_supplicant/dbus/dbus_new_handlers_p2p.c,1746,FP,"DCL15-C: getter/setter needs extern linkage, registered by address in dbus_new.c property table",hostap_full_audit_0.4.169,high
DCL40-C,hostap,wpa_supplicant/dbus/dbus_new_handlers_p2p.c,1746,FP,DCL40-C 31-char collision graded FP: not practically actionable on modern toolchains (established convention),hostap_full_audit_0.4.169,med
DCL13-C,hostap,wpa_supplicant/dbus/dbus_new_handlers_p2p.c,1748,FP,DCL13-C user_data pinned by WPADBusPropertyAccessor typedef (categorical_patterns.md),hostap_full_audit_0.4.169,high
DCL31-C,hostap,wpa_supplicant/dbus/dbus_new_handlers_p2p.c,1756,FP,"DCL31-C: libdbus function, header transitively included via dbus_new_helpers.h (categorical_patterns.md)",hostap_full_audit_0.4.169,high
STR30-C,hostap,wpa_supplicant/dbus/dbus_new_handlers_p2p.c,1756,FP,STR30-C rule-logic bug: dbus_set_error/_const take const char* per dbus-errors.h,hostap_full_audit_0.4.169,high
STR30-C,hostap,wpa_supplicant/dbus/dbus_new_handlers_p2p.c,1763,FP,STR30-C rule-logic bug: dbus_set_error/_const take const char* per dbus-errors.h,hostap_full_audit_0.4.169,high
DCL15-C,hostap,wpa_supplicant/dbus/dbus_new_handlers_p2p.c,1771,FP,"DCL15-C: getter/setter needs extern linkage, registered by address in dbus_new.c property table",hostap_full_audit_0.4.169,high
DCL13-C,hostap,wpa_supplicant/dbus/dbus_new_handlers_p2p.c,1773,FP,DCL13-C user_data pinned by WPADBusPropertyAccessor typedef (categorical_patterns.md),hostap_full_audit_0.4.169,high
DCL31-C,hostap,wpa_supplicant/dbus/dbus_new_handlers_p2p.c,1781,FP,"DCL31-C: libdbus function, header transitively included via dbus_new_helpers.h (categorical_patterns.md)",hostap_full_audit_0.4.169,high
STR30-C,hostap,wpa_supplicant/dbus/dbus_new_handlers_p2p.c,1781,FP,STR30-C rule-logic bug: dbus_set_error/_const take const char* per dbus-errors.h,hostap_full_audit_0.4.169,high
STR30-C,hostap,wpa_supplicant/dbus/dbus_new_handlers_p2p.c,1788,FP,STR30-C rule-logic bug: dbus_set_error/_const take const char* per dbus-errors.h,hostap_full_audit_0.4.169,high
DCL15-C,hostap,wpa_supplicant/dbus/dbus_new_handlers_p2p.c,1796,FP,"DCL15-C: getter/setter needs extern linkage, registered by address in dbus_new.c property table",hostap_full_audit_0.4.169,high
DCL13-C,hostap,wpa_supplicant/dbus/dbus_new_handlers_p2p.c,1798,FP,DCL13-C user_data pinned by WPADBusPropertyAccessor typedef (categorical_patterns.md),hostap_full_audit_0.4.169,high
DCL31-C,hostap,wpa_supplicant/dbus/dbus_new_handlers_p2p.c,1807,FP,"DCL31-C: libdbus function, header transitively included via dbus_new_helpers.h (categorical_patterns.md)",hostap_full_audit_0.4.169,high
STR30-C,hostap,wpa_supplicant/dbus/dbus_new_handlers_p2p.c,1807,FP,STR30-C rule-logic bug: dbus_set_error/_const take const char* per dbus-errors.h,hostap_full_audit_0.4.169,high
DCL31-C,hostap,wpa_supplicant/dbus/dbus_new_handlers_p2p.c,1820,FP,"DCL31-C: libdbus function, header transitively included via dbus_new_helpers.h (categorical_patterns.md)",hostap_full_audit_0.4.169,high
STR30-C,hostap,wpa_supplicant/dbus/dbus_new_handlers_p2p.c,1820,FP,STR30-C rule-logic bug: dbus_set_error/_const take const char* per dbus-errors.h,hostap_full_audit_0.4.169,high
DCL31-C,hostap,wpa_supplicant/dbus/dbus_new_handlers_p2p.c,1840,FP,"DCL31-C: libdbus function, header transitively included via dbus_new_helpers.h (categorical_patterns.md)",hostap_full_audit_0.4.169,high
DCL31-C,hostap,wpa_supplicant/dbus/dbus_new_handlers_p2p.c,1842,FP,"DCL31-C: libdbus function, header transitively included via dbus_new_helpers.h (categorical_patterns.md)",hostap_full_audit_0.4.169,high
STR30-C,hostap,wpa_supplicant/dbus/dbus_new_handlers_p2p.c,1842,FP,STR30-C rule-logic bug: dbus_set_error/_const take const char* per dbus-errors.h,hostap_full_audit_0.4.169,high
DCL31-C,hostap,wpa_supplicant/dbus/dbus_new_handlers_p2p.c,1852,FP,"DCL31-C: libdbus function, header transitively included via dbus_new_helpers.h (categorical_patterns.md)",hostap_full_audit_0.4.169,high
DCL31-C,hostap,wpa_supplicant/dbus/dbus_new_handlers_p2p.c,1853,FP,"DCL31-C: libdbus function, header transitively included via dbus_new_helpers.h (categorical_patterns.md)",hostap_full_audit_0.4.169,high
DCL31-C,hostap,wpa_supplicant/dbus/dbus_new_handlers_p2p.c,1854,FP,"DCL31-C: libdbus function, header transitively included via dbus_new_helpers.h (categorical_patterns.md)",hostap_full_audit_0.4.169,high
STR30-C,hostap,wpa_supplicant/dbus/dbus_new_handlers_p2p.c,1854,FP,STR30-C rule-logic bug: dbus_set_error/_const take const char* per dbus-errors.h,hostap_full_audit_0.4.169,high
DCL15-C,hostap,wpa_supplicant/dbus/dbus_new_handlers_p2p.c,1863,FP,"DCL15-C: getter/setter needs extern linkage, registered by address in dbus_new.c property table",hostap_full_audit_0.4.169,high
DCL13-C,hostap,wpa_supplicant/dbus/dbus_new_handlers_p2p.c,1865,FP,DCL13-C user_data pinned by WPADBusPropertyAccessor typedef (categorical_patterns.md),hostap_full_audit_0.4.169,high
DCL31-C,hostap,wpa_supplicant/dbus/dbus_new_handlers_p2p.c,1875,FP,"DCL31-C: libdbus function, header transitively included via dbus_new_helpers.h (categorical_patterns.md)",hostap_full_audit_0.4.169,high
STR30-C,hostap,wpa_supplicant/dbus/dbus_new_handlers_p2p.c,1875,FP,STR30-C rule-logic bug: dbus_set_error/_const take const char* per dbus-errors.h,hostap_full_audit_0.4.169,high
API00-C,hostap,wpa_supplicant/dbus/dbus_new_handlers_p2p.c,1898,FP,"API00-C: param supplied only by internal D-Bus dispatch machinery, never externally NULL",hostap_full_audit_0.4.169,high
API00-C,hostap,wpa_supplicant/dbus/dbus_new_handlers_p2p.c,1898,FP,"API00-C: param supplied only by internal D-Bus dispatch machinery, never externally NULL",hostap_full_audit_0.4.169,high
DCL15-C,hostap,wpa_supplicant/dbus/dbus_new_handlers_p2p.c,1898,FP,"DCL15-C: getter/setter needs extern linkage, registered by address in dbus_new.c property table",hostap_full_audit_0.4.169,high
DCL13-C,hostap,wpa_supplicant/dbus/dbus_new_handlers_p2p.c,1900,FP,DCL13-C user_data pinned by WPADBusPropertyAccessor typedef (categorical_patterns.md),hostap_full_audit_0.4.169,high
DCL31-C,hostap,wpa_supplicant/dbus/dbus_new_handlers_p2p.c,1908,FP,"DCL31-C: libdbus function, header transitively included via dbus_new_helpers.h (categorical_patterns.md)",hostap_full_audit_0.4.169,high
STR30-C,hostap,wpa_supplicant/dbus/dbus_new_handlers_p2p.c,1908,FP,STR30-C rule-logic bug: dbus_set_error/_const take const char* per dbus-errors.h,hostap_full_audit_0.4.169,high
API00-C,hostap,wpa_supplicant/dbus/dbus_new_handlers_p2p.c,1924,FP,"API00-C: param supplied only by internal D-Bus dispatch machinery, never externally NULL",hostap_full_audit_0.4.169,high
API00-C,hostap,wpa_supplicant/dbus/dbus_new_handlers_p2p.c,1924,FP,"API00-C: param supplied only by internal D-Bus dispatch machinery, never externally NULL",hostap_full_audit_0.4.169,high
DCL15-C,hostap,wpa_supplicant/dbus/dbus_new_handlers_p2p.c,1924,FP,"DCL15-C: getter/setter needs extern linkage, registered by address in dbus_new.c property table",hostap_full_audit_0.4.169,high
DCL40-C,hostap,wpa_supplicant/dbus/dbus_new_handlers_p2p.c,1924,FP,DCL40-C 31-char collision graded FP: not practically actionable on modern toolchains (established convention),hostap_full_audit_0.4.169,med
DCL13-C,hostap,wpa_supplicant/dbus/dbus_new_handlers_p2p.c,1926,FP,DCL13-C user_data pinned by WPADBusPropertyAccessor typedef (categorical_patterns.md),hostap_full_audit_0.4.169,high
DCL31-C,hostap,wpa_supplicant/dbus/dbus_new_handlers_p2p.c,1934,FP,"DCL31-C: libdbus function, header transitively included via dbus_new_helpers.h (categorical_patterns.md)",hostap_full_audit_0.4.169,high
STR30-C,hostap,wpa_supplicant/dbus/dbus_new_handlers_p2p.c,1934,FP,STR30-C rule-logic bug: dbus_set_error/_const take const char* per dbus-errors.h,hostap_full_audit_0.4.169,high
EXP34-C,hostap,wpa_supplicant/dbus/dbus_new_handlers_p2p.c,1967,FP,group->cfg unconditionally set at p2p_group_init (p2p_group.c:65); no path nulls it for a live group reachable here,hostap_full_audit_0.4.169,med
EXP43-C,hostap,wpa_supplicant/dbus/dbus_new_handlers_p2p.c,1972,FP,"os_realloc_array has a single pointer param (os.h:585); no second pointer to overlap with, rule misfires",hostap_full_audit_0.4.169,high
MSC07-C,hostap,wpa_supplicant/dbus/dbus_new_handlers_p2p.c,1983,FP,"MSC07-C goto-label-blindness: label is a real goto target, code is reachable",hostap_full_audit_0.4.169,high
API00-C,hostap,wpa_supplicant/dbus/dbus_new_handlers_p2p.c,1989,FP,"API00-C: param supplied only by internal D-Bus dispatch machinery, never externally NULL",hostap_full_audit_0.4.169,high
API00-C,hostap,wpa_supplicant/dbus/dbus_new_handlers_p2p.c,1989,FP,"API00-C: param supplied only by internal D-Bus dispatch machinery, never externally NULL",hostap_full_audit_0.4.169,high
DCL15-C,hostap,wpa_supplicant/dbus/dbus_new_handlers_p2p.c,1989,FP,"DCL15-C: getter/setter needs extern linkage, registered by address in dbus_new.c property table",hostap_full_audit_0.4.169,high
DCL40-C,hostap,wpa_supplicant/dbus/dbus_new_handlers_p2p.c,1989,FP,DCL40-C 31-char collision graded FP: not practically actionable on modern toolchains (established convention),hostap_full_audit_0.4.169,med
DCL31-C,hostap,wpa_supplicant/dbus/dbus_new_handlers_p2p.c,2002,FP,"DCL31-C: libdbus function, header transitively included via dbus_new_helpers.h (categorical_patterns.md)",hostap_full_audit_0.4.169,high
STR30-C,hostap,wpa_supplicant/dbus/dbus_new_handlers_p2p.c,2002,FP,STR30-C rule-logic bug: dbus_set_error/_const take const char* per dbus-errors.h,hostap_full_audit_0.4.169,high
MSC07-C,hostap,wpa_supplicant/dbus/dbus_new_handlers_p2p.c,2042,FP,"MSC07-C goto-label-blindness: label is a real goto target, code is reachable",hostap_full_audit_0.4.169,high
STR30-C,hostap,wpa_supplicant/dbus/dbus_new_handlers_p2p.c,2043,FP,STR30-C rule-logic bug: dbus_set_error/_const take const char* per dbus-errors.h,hostap_full_audit_0.4.169,high
API00-C,hostap,wpa_supplicant/dbus/dbus_new_handlers_p2p.c,2049,FP,"API00-C: param supplied only by internal D-Bus dispatch machinery, never externally NULL",hostap_full_audit_0.4.169,high
API00-C,hostap,wpa_supplicant/dbus/dbus_new_handlers_p2p.c,2049,FP,"API00-C: param supplied only by internal D-Bus dispatch machinery, never externally NULL",hostap_full_audit_0.4.169,high
DCL15-C,hostap,wpa_supplicant/dbus/dbus_new_handlers_p2p.c,2049,FP,"DCL15-C: getter/setter needs extern linkage, registered by address in dbus_new.c property table",hostap_full_audit_0.4.169,high
DCL13-C,hostap,wpa_supplicant/dbus/dbus_new_handlers_p2p.c,2051,FP,DCL13-C user_data pinned by WPADBusPropertyAccessor typedef (categorical_patterns.md),hostap_full_audit_0.4.169,high
DCL31-C,hostap,wpa_supplicant/dbus/dbus_new_handlers_p2p.c,2059,FP,"DCL31-C: libdbus function, header transitively included via dbus_new_helpers.h (categorical_patterns.md)",hostap_full_audit_0.4.169,high
STR30-C,hostap,wpa_supplicant/dbus/dbus_new_handlers_p2p.c,2059,FP,STR30-C rule-logic bug: dbus_set_error/_const take const char* per dbus-errors.h,hostap_full_audit_0.4.169,high
API00-C,hostap,wpa_supplicant/dbus/dbus_new_handlers_p2p.c,2083,FP,"API00-C: param supplied only by internal D-Bus dispatch machinery, never externally NULL",hostap_full_audit_0.4.169,high
API00-C,hostap,wpa_supplicant/dbus/dbus_new_handlers_p2p.c,2083,FP,"API00-C: param supplied only by internal D-Bus dispatch machinery, never externally NULL",hostap_full_audit_0.4.169,high
DCL15-C,hostap,wpa_supplicant/dbus/dbus_new_handlers_p2p.c,2083,FP,"DCL15-C: getter/setter needs extern linkage, registered by address in dbus_new.c property table",hostap_full_audit_0.4.169,high
DCL13-C,hostap,wpa_supplicant/dbus/dbus_new_handlers_p2p.c,2085,FP,DCL13-C user_data pinned by WPADBusPropertyAccessor typedef (categorical_patterns.md),hostap_full_audit_0.4.169,high
STR30-C,hostap,wpa_supplicant/dbus/dbus_new_handlers_p2p.c,2106,FP,STR30-C rule-logic bug: dbus_set_error/_const take const char* per dbus-errors.h,hostap_full_audit_0.4.169,high
STR30-C,hostap,wpa_supplicant/dbus/dbus_new_handlers_p2p.c,2116,FP,STR30-C rule-logic bug: dbus_set_error/_const take const char* per dbus-errors.h,hostap_full_audit_0.4.169,high
INT30-C,hostap,wpa_supplicant/dbus/dbus_new_handlers_p2p.c,2132,FP,bounded while(i) os_free(paths[--i]) loop guarantees i!=0 before decrement; cannot wrap (established INT30-C bounded-loop FP class),hostap_full_audit_0.4.169,high
API00-C,hostap,wpa_supplicant/dbus/dbus_new_handlers_p2p.c,2148,FP,"API00-C: param supplied only by internal D-Bus dispatch machinery, never externally NULL",hostap_full_audit_0.4.169,high
API00-C,hostap,wpa_supplicant/dbus/dbus_new_handlers_p2p.c,2148,FP,"API00-C: param supplied only by internal D-Bus dispatch machinery, never externally NULL",hostap_full_audit_0.4.169,high
API00-C,hostap,wpa_supplicant/dbus/dbus_new_handlers_p2p.c,2148,FP,"API00-C: param supplied only by internal D-Bus dispatch machinery, never externally NULL",hostap_full_audit_0.4.169,high
DCL15-C,hostap,wpa_supplicant/dbus/dbus_new_handlers_p2p.c,2148,FP,"DCL15-C: getter/setter needs extern linkage, registered by address in dbus_new.c property table",hostap_full_audit_0.4.169,high
DCL40-C,hostap,wpa_supplicant/dbus/dbus_new_handlers_p2p.c,2148,FP,DCL40-C 31-char collision graded FP: not practically actionable on modern toolchains (established convention),hostap_full_audit_0.4.169,med
API00-C,hostap,wpa_supplicant/dbus/dbus_new_handlers_p2p.c,2171,FP,"API00-C: param supplied only by internal D-Bus dispatch machinery, never externally NULL",hostap_full_audit_0.4.169,high
API00-C,hostap,wpa_supplicant/dbus/dbus_new_handlers_p2p.c,2171,FP,"API00-C: param supplied only by internal D-Bus dispatch machinery, never externally NULL",hostap_full_audit_0.4.169,high
DCL15-C,hostap,wpa_supplicant/dbus/dbus_new_handlers_p2p.c,2171,FP,"DCL15-C: getter/setter needs extern linkage, registered by address in dbus_new.c property table",hostap_full_audit_0.4.169,high
DCL13-C,hostap,wpa_supplicant/dbus/dbus_new_handlers_p2p.c,2173,FP,DCL13-C user_data pinned by WPADBusPropertyAccessor typedef (categorical_patterns.md),hostap_full_audit_0.4.169,high
API00-C,hostap,wpa_supplicant/dbus/dbus_new_handlers_p2p.c,2199,FP,"API00-C: param supplied only by internal D-Bus dispatch machinery, never externally NULL",hostap_full_audit_0.4.169,high
API00-C,hostap,wpa_supplicant/dbus/dbus_new_handlers_p2p.c,2199,FP,"API00-C: param supplied only by internal D-Bus dispatch machinery, never externally NULL",hostap_full_audit_0.4.169,high
MSC13-C,hostap,wpa_supplicant/dbus/dbus_new_handlers_p2p.c,2202,TP,reply=NULL initial value is always overwritten before any read (every goto-err site reassigns first) -- genuine dead-initial-assignment (categorical_patterns.md MSC13-C class),hostap_full_audit_0.4.169,med
MSC13-C,hostap,wpa_supplicant/dbus/dbus_new_handlers_p2p.c,2205,FP,"path_buf is used via its alias `path` (declared same line, passed to dbus_message_append_args) -- alias-blindness FP class",hostap_full_audit_0.4.169,high
ENV01-C,hostap,wpa_supplicant/dbus/dbus_new_handlers_p2p.c,2205,FP,ENV01-C wholesale misfire: fixed buffer has nothing to do with getenv(),hostap_full_audit_0.4.169,high
DCL31-C,hostap,wpa_supplicant/dbus/dbus_new_handlers_p2p.c,2208,FP,"DCL31-C: libdbus function, header transitively included via dbus_new_helpers.h (categorical_patterns.md)",hostap_full_audit_0.4.169,high
DCL31-C,hostap,wpa_supplicant/dbus/dbus_new_handlers_p2p.c,2252,FP,"DCL31-C: libdbus function, header transitively included via dbus_new_helpers.h (categorical_patterns.md)",hostap_full_audit_0.4.169,high
MSC07-C,hostap,wpa_supplicant/dbus/dbus_new_handlers_p2p.c,2266,FP,"MSC07-C goto-label-blindness: label is a real goto target, code is reachable",hostap_full_audit_0.4.169,high
API00-C,hostap,wpa_supplicant/dbus/dbus_new_handlers_p2p.c,2285,FP,"API00-C: param supplied only by internal D-Bus dispatch machinery, never externally NULL",hostap_full_audit_0.4.169,high
API00-C,hostap,wpa_supplicant/dbus/dbus_new_handlers_p2p.c,2285,FP,"API00-C: param supplied only by internal D-Bus dispatch machinery, never externally NULL",hostap_full_audit_0.4.169,high
ERR30-C,hostap,wpa_supplicant/dbus/dbus_new_handlers_p2p.c,2317,TP,"strtoul(persistent_group_id,...) has no errno=0 reset and only checks EINVAL (no ERANGE) -- matches confirmed genuine ERR30-C TP shape from same file part1of3 (lines 464,862)",hostap_full_audit_0.4.169,high
ERR32-C,hostap,wpa_supplicant/dbus/dbus_new_handlers_p2p.c,2318,FP,"ordinary D-Bus handler, not a signal()-registered function -- standard ERR32-C misfire",hostap_full_audit_0.4.169,high
API00-C,hostap,wpa_supplicant/dbus/dbus_new_handlers_p2p.c,2397,FP,"API00-C: param supplied only by internal D-Bus dispatch machinery, never externally NULL",hostap_full_audit_0.4.169,high
API00-C,hostap,wpa_supplicant/dbus/dbus_new_handlers_p2p.c,2397,FP,"API00-C: param supplied only by internal D-Bus dispatch machinery, never externally NULL",hostap_full_audit_0.4.169,high
DCL15-C,hostap,wpa_supplicant/dbus/dbus_new_handlers_p2p.c,2397,FP,"DCL15-C: getter/setter needs extern linkage, registered by address in dbus_new.c property table",hostap_full_audit_0.4.169,high
MSC13-C,hostap,wpa_supplicant/dbus/dbus_new_handlers_p2p.c,2408,TP,success=FALSE initial value unconditionally overwritten before its only read (return success;) on every non-early-return path; early returns never read it,hostap_full_audit_0.4.169,med
MSC07-C,hostap,wpa_supplicant/dbus/dbus_new_handlers_p2p.c,2455,FP,"MSC07-C goto-label-blindness: label is a real goto target, code is reachable",hostap_full_audit_0.4.169,high
STR30-C,hostap,wpa_supplicant/dbus/dbus_new_handlers_p2p.c,2456,FP,STR30-C rule-logic bug: dbus_set_error/_const take const char* per dbus-errors.h,hostap_full_audit_0.4.169,high
ARR00-C,hostap,wpa_supplicant/dbus/dbus_new_handlers_p2p.c,2459,FP,out_of_memory: block is a mutually-exclusive goto target from the success path's free (lines 2450-2452 vs 2458-2460 never both execute) -- established mutually-exclusive-branch double-free/UAF FP class,hostap_full_audit_0.4.169,high
MEM30-C,hostap,wpa_supplicant/dbus/dbus_new_handlers_p2p.c,2459,FP,same mutually-exclusive goto-branch cause as ARR00-C above; paths[i] freed only once on any single execution,hostap_full_audit_0.4.169,high
MEM30-C,hostap,wpa_supplicant/dbus/dbus_new_handlers_p2p.c,2460,FP,"same mutually-exclusive branch cause; not a double free -- out_of_memory: is reached only via goto, never after the success-path free",hostap_full_audit_0.4.169,high
MEM31-C,hostap,wpa_supplicant/dbus/dbus_new_handlers_p2p.c,2460,FP,same mutually-exclusive branch cause as MEM30-C above,hostap_full_audit_0.4.169,high
API00-C,hostap,wpa_supplicant/dbus/dbus_new_handlers_p2p.c,2466,FP,"API00-C: param supplied only by internal D-Bus dispatch machinery, never externally NULL",hostap_full_audit_0.4.169,high
API00-C,hostap,wpa_supplicant/dbus/dbus_new_handlers_p2p.c,2466,FP,"API00-C: param supplied only by internal D-Bus dispatch machinery, never externally NULL",hostap_full_audit_0.4.169,high
DCL15-C,hostap,wpa_supplicant/dbus/dbus_new_handlers_p2p.c,2466,FP,"DCL15-C: getter/setter needs extern linkage, registered by address in dbus_new.c property table",hostap_full_audit_0.4.169,high
DCL13-C,hostap,wpa_supplicant/dbus/dbus_new_handlers_p2p.c,2468,FP,DCL13-C user_data pinned by WPADBusPropertyAccessor typedef (categorical_patterns.md),hostap_full_audit_0.4.169,high
API00-C,hostap,wpa_supplicant/dbus/dbus_new_handlers_p2p.c,2480,FP,"API00-C: param supplied only by internal D-Bus dispatch machinery, never externally NULL",hostap_full_audit_0.4.169,high
API00-C,hostap,wpa_supplicant/dbus/dbus_new_handlers_p2p.c,2480,FP,"API00-C: param supplied only by internal D-Bus dispatch machinery, never externally NULL",hostap_full_audit_0.4.169,high
DCL15-C,hostap,wpa_supplicant/dbus/dbus_new_handlers_p2p.c,2480,FP,"DCL15-C: getter/setter needs extern linkage, registered by address in dbus_new.c property table",hostap_full_audit_0.4.169,high
API00-C,hostap,wpa_supplicant/dbus/dbus_new_handlers_p2p.c,2504,FP,"API00-C: param supplied only by internal D-Bus dispatch machinery, never externally NULL",hostap_full_audit_0.4.169,high
API00-C,hostap,wpa_supplicant/dbus/dbus_new_handlers_p2p.c,2504,FP,"API00-C: param supplied only by internal D-Bus dispatch machinery, never externally NULL",hostap_full_audit_0.4.169,high
DCL15-C,hostap,wpa_supplicant/dbus/dbus_new_handlers_p2p.c,2504,FP,"DCL15-C: getter/setter needs extern linkage, registered by address in dbus_new.c property table",hostap_full_audit_0.4.169,high
API00-C,hostap,wpa_supplicant/dbus/dbus_new_handlers_p2p.c,2527,FP,"API00-C: param supplied only by internal D-Bus dispatch machinery, never externally NULL",hostap_full_audit_0.4.169,high
API00-C,hostap,wpa_supplicant/dbus/dbus_new_handlers_p2p.c,2527,FP,"API00-C: param supplied only by internal D-Bus dispatch machinery, never externally NULL",hostap_full_audit_0.4.169,high
DCL15-C,hostap,wpa_supplicant/dbus/dbus_new_handlers_p2p.c,2527,FP,"DCL15-C: getter/setter needs extern linkage, registered by address in dbus_new.c property table",hostap_full_audit_0.4.169,high
DCL13-C,hostap,wpa_supplicant/dbus/dbus_new_handlers_p2p.c,2529,FP,DCL13-C user_data pinned by WPADBusPropertyAccessor typedef (categorical_patterns.md),hostap_full_audit_0.4.169,high
API00-C,hostap,wpa_supplicant/dbus/dbus_new_handlers_p2p.c,2541,FP,"API00-C: param supplied only by internal D-Bus dispatch machinery, never externally NULL",hostap_full_audit_0.4.169,high
API00-C,hostap,wpa_supplicant/dbus/dbus_new_handlers_p2p.c,2541,FP,"API00-C: param supplied only by internal D-Bus dispatch machinery, never externally NULL",hostap_full_audit_0.4.169,high
DCL15-C,hostap,wpa_supplicant/dbus/dbus_new_handlers_p2p.c,2541,FP,"DCL15-C: getter/setter needs extern linkage, registered by address in dbus_new.c property table",hostap_full_audit_0.4.169,high
DCL13-C,hostap,wpa_supplicant/dbus/dbus_new_handlers_p2p.c,2543,FP,DCL13-C user_data pinned by WPADBusPropertyAccessor typedef (categorical_patterns.md),hostap_full_audit_0.4.169,high
API00-C,hostap,wpa_supplicant/dbus/dbus_new_handlers_p2p.c,2563,FP,"API00-C: param supplied only by internal D-Bus dispatch machinery, never externally NULL",hostap_full_audit_0.4.169,high
API00-C,hostap,wpa_supplicant/dbus/dbus_new_handlers_p2p.c,2563,FP,"API00-C: param supplied only by internal D-Bus dispatch machinery, never externally NULL",hostap_full_audit_0.4.169,high
DCL15-C,hostap,wpa_supplicant/dbus/dbus_new_handlers_p2p.c,2563,FP,"DCL15-C: getter/setter needs extern linkage, registered by address in dbus_new.c property table",hostap_full_audit_0.4.169,high
API00-C,hostap,wpa_supplicant/dbus/dbus_new_handlers_p2p.c,2598,FP,"API00-C: param supplied only by internal D-Bus dispatch machinery, never externally NULL",hostap_full_audit_0.4.169,high
API00-C,hostap,wpa_supplicant/dbus/dbus_new_handlers_p2p.c,2598,FP,"API00-C: param supplied only by internal D-Bus dispatch machinery, never externally NULL",hostap_full_audit_0.4.169,high
DCL15-C,hostap,wpa_supplicant/dbus/dbus_new_handlers_p2p.c,2598,FP,"DCL15-C: getter/setter needs extern linkage, registered by address in dbus_new.c property table",hostap_full_audit_0.4.169,high
DCL13-C,hostap,wpa_supplicant/dbus/dbus_new_handlers_p2p.c,2600,FP,DCL13-C user_data pinned by WPADBusPropertyAccessor typedef (categorical_patterns.md),hostap_full_audit_0.4.169,high
DCL15-C,hostap,wpa_supplicant/dbus/dbus_new_handlers_p2p.c,2609,FP,"DCL15-C: getter/setter needs extern linkage, registered by address in dbus_new.c property table",hostap_full_audit_0.4.169,high
MSC13-C,hostap,wpa_supplicant/dbus/dbus_new_handlers_p2p.c,2617,TP,hapd=NULL initial value always overwritten or function returns FALSE before any read -- genuine dead-initial-assignment,hostap_full_audit_0.4.169,med
ARR30-C,hostap,wpa_supplicant/dbus/dbus_new_handlers_p2p.c,2671,FP,i bounded by `if (i == MAX_WPS_VENDOR_EXTENSIONS) break;` guard at line 2660 before vals[i] access -- proven-safe bounded-loop FP class,hostap_full_audit_0.4.169,high
ARR30-C,hostap,wpa_supplicant/dbus/dbus_new_handlers_p2p.c,2672,FP,same bound-checked-earlier-in-loop shape as line 2671,hostap_full_audit_0.4.169,high
DCL31-C,hostap,wpa_supplicant/dbus/dbus_new_handlers_p2p.c,2677,FP,"DCL31-C: libdbus function, header transitively included via dbus_new_helpers.h (categorical_patterns.md)",hostap_full_audit_0.4.169,high
STR30-C,hostap,wpa_supplicant/dbus/dbus_new_handlers_p2p.c,2707,FP,STR30-C rule-logic bug: dbus_set_error/_const take const char* per dbus-errors.h,hostap_full_audit_0.4.169,high
MSC07-C,hostap,wpa_supplicant/dbus/dbus_new_handlers_p2p.c,2737,FP,"MSC07-C goto-label-blindness: label is a real goto target, code is reachable",hostap_full_audit_0.4.169,high
STR30-C,hostap,wpa_supplicant/dbus/dbus_new_handlers_p2p.c,2739,FP,STR30-C rule-logic bug: dbus_set_error/_const take const char* per dbus-errors.h,hostap_full_audit_0.4.169,high
API00-C,hostap,wpa_supplicant/dbus/dbus_new_handlers_p2p.c,2745,FP,"API00-C: param supplied only by internal D-Bus dispatch machinery, never externally NULL",hostap_full_audit_0.4.169,high
MSC37-C,hostap,wpa_supplicant/dbus/dbus_new_handlers_p2p.c,2745,FP,MSC37-C goto-label-blindness: function returns on every path via goto-reached label,hostap_full_audit_0.4.169,high
DCL31-C,hostap,wpa_supplicant/dbus/dbus_new_handlers_p2p.c,2759,FP,"DCL31-C: libdbus function, header transitively included via dbus_new_helpers.h (categorical_patterns.md)",hostap_full_audit_0.4.169,high
MSC01-C,hostap,wpa_supplicant/dbus/dbus_new_handlers_p2p.c,2790,FP,deliberate guard-clause dict-key dispatch (service_type/version/service/query/response); unmatched keys are silently ignored by design -- established MSC01-C guard-clause FP class,hostap_full_audit_0.4.169,high
MEM31-C,hostap,wpa_supplicant/dbus/dbus_new_handlers_p2p.c,2817,FP,"service is os_free()'d then os_strdup()'d in the parsing loop (free-then-reassign dict-loop shape, categorical_patterns.md); the out: free frees only the final live allocation",hostap_full_audit_0.4.169,high
MSC07-C,hostap,wpa_supplicant/dbus/dbus_new_handlers_p2p.c,2822,FP,"MSC07-C goto-label-blindness: label is a real goto target, code is reachable",hostap_full_audit_0.4.169,high
API00-C,hostap,wpa_supplicant/dbus/dbus_new_handlers_p2p.c,2830,FP,"API00-C: param supplied only by internal D-Bus dispatch machinery, never externally NULL",hostap_full_audit_0.4.169,high
MSC13-C,hostap,wpa_supplicant/dbus/dbus_new_handlers_p2p.c,2839,TP,ret=0 initial value is never read on the else-goto-error path and is unconditionally overwritten before use on the upnp/bonjour paths -- genuine dead-initial-assignment,hostap_full_audit_0.4.169,med
DCL31-C,hostap,wpa_supplicant/dbus/dbus_new_handlers_p2p.c,2844,FP,"DCL31-C: libdbus function, header transitively included via dbus_new_helpers.h (categorical_patterns.md)",hostap_full_audit_0.4.169,high
MEM31-C,hostap,wpa_supplicant/dbus/dbus_new_handlers_p2p.c,2898,FP,wpabuf_free(query) at 2898 (success path) and at 2904 (error path) are mutually exclusive -- function returns at 2900 before reaching error/error_clear,hostap_full_audit_0.4.169,high
MEM31-C,hostap,wpa_supplicant/dbus/dbus_new_handlers_p2p.c,2899,FP,"os_free(service) at 2899 (success path) and 2905 (error path) are mutually exclusive, same goto-branch structure as line 2898",hostap_full_audit_0.4.169,high
DCL30-C,hostap,wpa_supplicant/dbus/dbus_new_handlers_p2p.c,2900,FP,reply is NULL on this path (never assigned anywhere in this function) -- not a pointer to any local automatic-storage object; DCL30-C misfires,hostap_full_audit_0.4.169,high
MSC07-C,hostap,wpa_supplicant/dbus/dbus_new_handlers_p2p.c,2901,FP,"MSC07-C goto-label-blindness: label is a real goto target, code is reachable",hostap_full_audit_0.4.169,high
MEM30-C,hostap,wpa_supplicant/dbus/dbus_new_handlers_p2p.c,2904,FP,"error-path free of query is mutually exclusive with the success-path free at line 2898 (reached only via goto error/error_clear, never after 2898 executes)",hostap_full_audit_0.4.169,high
MEM31-C,hostap,wpa_supplicant/dbus/dbus_new_handlers_p2p.c,2904,FP,same mutually-exclusive branch cause as MEM30-C above,hostap_full_audit_0.4.169,high
MEM30-C,hostap,wpa_supplicant/dbus/dbus_new_handlers_p2p.c,2905,FP,Mutually-exclusive branch double-free FP class: normal return (2898-2899) and error label (2904-2905) never both execute.,hostap_full_audit_0.4.169,high
MEM31-C,hostap,wpa_supplicant/dbus/dbus_new_handlers_p2p.c,2905,FP,Same mutually-exclusive-branch double-free FP as MEM30-C above; goto error skips the normal free/return.,hostap_full_audit_0.4.169,high
API00-C,hostap,wpa_supplicant/dbus/dbus_new_handlers_p2p.c,2910,FP,wpas_dbus_handler_* internal-only-API/dispatch-contract FP class: wpa_s always supplied non-NULL by WPADBusMethodHandler dispatch.,hostap_full_audit_0.4.169,high
DCL13-C,hostap,wpa_supplicant/dbus/dbus_new_handlers_p2p.c,2910,FP,"DCL13-C dispatch-contract FP: message param pinned by fixed WPADBusMethodHandler typedef, can't be const-qualified.",hostap_full_audit_0.4.169,high
API00-C,hostap,wpa_supplicant/dbus/dbus_new_handlers_p2p.c,2918,FP,wpas_dbus_handler_* dispatch-contract FP: message always non-NULL from dbus dispatcher.,hostap_full_audit_0.4.169,high
API00-C,hostap,wpa_supplicant/dbus/dbus_new_handlers_p2p.c,2918,FP,wpas_dbus_handler_* dispatch-contract FP: wpa_s always non-NULL from dbus dispatcher.,hostap_full_audit_0.4.169,high
MSC37-C,hostap,wpa_supplicant/dbus/dbus_new_handlers_p2p.c,2918,FP,Goto-label-blindness FP: all paths reach out:/error label and return reply; sqc's CFG doesn't connect goto to label.,hostap_full_audit_0.4.169,high
MSC13-C,hostap,wpa_supplicant/dbus/dbus_new_handlers_p2p.c,2922,TP,Dead-NULL-init-then-reassign: reply is always reassigned before out: return on every path (established graded-TP pattern).,hostap_full_audit_0.4.169,low
MSC13-C,hostap,wpa_supplicant/dbus/dbus_new_handlers_p2p.c,2930,TP,Dead-init-then-reassign: ref=0 is unconditionally overwritten by either branch before the ref!=0 check.,hostap_full_audit_0.4.169,low
DCL31-C,hostap,wpa_supplicant/dbus/dbus_new_handlers_p2p.c,2933,FP,libdbus unresolved-third-party-header DCL31-C FP class; dbus_message_iter_init declared in <dbus/dbus.h>.,hostap_full_audit_0.4.169,high
DCL31-C,hostap,wpa_supplicant/dbus/dbus_new_handlers_p2p.c,2991,FP,libdbus unresolved-third-party-header DCL31-C FP class; dbus_message_new_method_return declared in <dbus/dbus.h>.,hostap_full_audit_0.4.169,high
MEM31-C,hostap,wpa_supplicant/dbus/dbus_new_handlers_p2p.c,2999,FP,"Free-then-reassign dict-loop FP class: tlv freed at 2960 before reassignment, single final free at out: is not a double free.",hostap_full_audit_0.4.169,high
MSC07-C,hostap,wpa_supplicant/dbus/dbus_new_handlers_p2p.c,3003,FP,"Goto-label-blindness FP: error_clear:/error: labels are reached via goto, code is not actually unreachable.",hostap_full_audit_0.4.169,high
API00-C,hostap,wpa_supplicant/dbus/dbus_new_handlers_p2p.c,3011,FP,wpas_dbus_handler_* dispatch-contract FP: message always non-NULL from dbus dispatcher.,hostap_full_audit_0.4.169,high
API00-C,hostap,wpa_supplicant/dbus/dbus_new_handlers_p2p.c,3011,FP,wpas_dbus_handler_* dispatch-contract FP: wpa_s always non-NULL from dbus dispatcher.,hostap_full_audit_0.4.169,high
DCL40-C,hostap,wpa_supplicant/dbus/dbus_new_handlers_p2p.c,3011,FP,31-char external-identifier collision judgment call: technically true but not practically actionable on modern toolchains (established convention).,hostap_full_audit_0.4.169,med
MSC37-C,hostap,wpa_supplicant/dbus/dbus_new_handlers_p2p.c,3011,FP,Goto-label-blindness FP; function returns via out:/error: on every path.,hostap_full_audit_0.4.169,high
DCL31-C,hostap,wpa_supplicant/dbus/dbus_new_handlers_p2p.c,3024,FP,libdbus unresolved-header DCL31-C FP class.,hostap_full_audit_0.4.169,high
MEM31-C,hostap,wpa_supplicant/dbus/dbus_new_handlers_p2p.c,3062,FP,"Free-then-reassign dict-loop FP class: tlv freed at 3047 before reassignment, not a double free at the final out: free.",hostap_full_audit_0.4.169,high
MSC07-C,hostap,wpa_supplicant/dbus/dbus_new_handlers_p2p.c,3065,FP,Goto-label-blindness FP; error_clear:/error: labels reached via goto.,hostap_full_audit_0.4.169,high
API00-C,hostap,wpa_supplicant/dbus/dbus_new_handlers_p2p.c,3073,FP,wpas_dbus_handler_* dispatch-contract FP: message always non-NULL from dbus dispatcher.,hostap_full_audit_0.4.169,high
DCL40-C,hostap,wpa_supplicant/dbus/dbus_new_handlers_p2p.c,3073,FP,"31-char collision vs _sd_req: shares 34+ common prefix chars; judgment call, not practically actionable (established convention).",hostap_full_audit_0.4.169,med
MSC37-C,hostap,wpa_supplicant/dbus/dbus_new_handlers_p2p.c,3073,FP,Goto-label-blindness FP; function returns via error: on every path.,hostap_full_audit_0.4.169,high
DCL31-C,hostap,wpa_supplicant/dbus/dbus_new_handlers_p2p.c,3079,FP,libdbus unresolved-header DCL31-C FP class.,hostap_full_audit_0.4.169,high
MSC07-C,hostap,wpa_supplicant/dbus/dbus_new_handlers_p2p.c,3089,FP,"Goto-label-blindness FP: error: label reached via goto at 3086, code after 'return NULL;' is not actually dead.",hostap_full_audit_0.4.169,high
API00-C,hostap,wpa_supplicant/dbus/dbus_new_handlers_p2p.c,3094,FP,wpas_dbus_handler_* dispatch-contract FP: wpa_s always non-NULL from dbus dispatcher.,hostap_full_audit_0.4.169,high
DCL13-C,hostap,wpa_supplicant/dbus/dbus_new_handlers_p2p.c,3095,FP,DCL13-C dispatch-contract FP: message pinned by fixed WPADBusMethodHandler typedef.,hostap_full_audit_0.4.169,high
API00-C,hostap,wpa_supplicant/dbus/dbus_new_handlers_p2p.c,3102,FP,wpas_dbus_handler_* dispatch-contract FP: message always non-NULL from dbus dispatcher.,hostap_full_audit_0.4.169,high
API00-C,hostap,wpa_supplicant/dbus/dbus_new_handlers_p2p.c,3102,FP,wpas_dbus_handler_* dispatch-contract FP: wpa_s always non-NULL from dbus dispatcher.,hostap_full_audit_0.4.169,high
DCL31-C,hostap,wpa_supplicant/dbus/dbus_new_handlers_p2p.c,3108,FP,libdbus unresolved-header DCL31-C FP class.,hostap_full_audit_0.4.169,high
API00-C,hostap,wpa_supplicant/dbus/dbus_new_handlers_p2p.c,3120,FP,WPADBusPropertyAccessor dispatch-contract FP: iter always supplied non-NULL by dbus property dispatcher.,hostap_full_audit_0.4.169,high
API00-C,hostap,wpa_supplicant/dbus/dbus_new_handlers_p2p.c,3120,FP,WPADBusPropertyAccessor dispatch-contract FP: error always supplied non-NULL by dbus property dispatcher.,hostap_full_audit_0.4.169,high
EXP30-C,hostap,wpa_supplicant/dbus/dbus_new_handlers_p2p.c,3134,FP,"Established wpabuf_head()/wpabuf_len() pure-accessor sibling-argument FP class; no real side effects, order-independent.",hostap_full_audit_0.4.169,high
API00-C,hostap,wpa_supplicant/dbus/dbus_new_handlers_p2p.c,3143,FP,WPADBusPropertyAccessor dispatch-contract FP: iter always supplied non-NULL by dbus property dispatcher.,hostap_full_audit_0.4.169,high
API00-C,hostap,wpa_supplicant/dbus/dbus_new_handlers_p2p.c,3143,FP,WPADBusPropertyAccessor dispatch-contract FP: error always supplied non-NULL by dbus property dispatcher.,hostap_full_audit_0.4.169,high
MSC07-C,hostap,wpa_supplicant/dbus/dbus_new_handlers_p2p.c,3183,FP,"Goto-label-blindness FP: err: label reached via goto err at 3154/3171/3175, code after return TRUE is not dead.",hostap_full_audit_0.4.169,high
MEM30-C,hostap,wpa_supplicant/dbus/dbus_new_handlers_p2p.c,3184,FP,"Mutually-exclusive branch double-free: success path frees+returns TRUE at 3180-3182, err: path (3184) is only reached via goto, never both.",hostap_full_audit_0.4.169,high
MEM31-C,hostap,wpa_supplicant/dbus/dbus_new_handlers_p2p.c,3184,FP,Same mutually-exclusive-branch double-free FP as the MEM30-C finding on this line.,hostap_full_audit_0.4.169,high
STR30-C,hostap,wpa_supplicant/dbus/dbus_new_handlers_p2p.c,3186,FP,"dbus_set_error_const's message param is declared const char* in dbus-errors.h; rule-logic bug, established FP class.",hostap_full_audit_0.4.169,high
DCL13-C,hostap,src/common/dpp.c,42,TP,"dpp_auth_fail's auth only read (msg_ctx field); plain internal helper, real if low-severity",hostap_full_audit_0.4.169,med
API00-C,hostap,src/common/dpp.c,48,FP,"internal-only API; all call sites pass small computed lengths, not raw attacker length",hostap_full_audit_0.4.169,med
DCL30-C,hostap,src/common/dpp.c,62,FP,"msg is wpabuf_alloc'd heap object, not automatic-storage local; confuses variable with storage",hostap_full_audit_0.4.169,high
DCL30-C,hostap,src/common/dpp.c,80,FP,"pos points into caller's buf parameter, not local automatic storage",hostap_full_audit_0.4.169,high
ARR00-C,hostap,src/common/dpp.c,99,FP,"end derives from buf, pos from prev; same buf/end bounds-pair idiom extended to prev, established FP class",hostap_full_audit_0.4.169,high
ARR36-C,hostap,src/common/dpp.c,99,FP,same buf/end/prev bounds-pair idiom as ARR00-C above,hostap_full_audit_0.4.169,high
ARR00-C,hostap,src/common/dpp.c,104,FP,same buf/end/prev bounds-pair idiom,hostap_full_audit_0.4.169,high
ARR36-C,hostap,src/common/dpp.c,104,FP,same buf/end/prev bounds-pair idiom,hostap_full_audit_0.4.169,high
DCL30-C,hostap,src/common/dpp.c,108,FP,"pos points into caller's buf parameter, not local automatic storage",hostap_full_audit_0.4.169,high
ARR30-C,hostap,src/common/dpp.c,190,FP,"while(*info) is a bounded NUL-terminated string scan, established FP class",hostap_full_audit_0.4.169,high
STR34-C,hostap,src/common/dpp.c,191,FP,val is declared unsigned char itself; no widening/sign-extension occurs,hostap_full_audit_0.4.169,high
API00-C,hostap,src/common/dpp.c,208,FP,internal-only API; chan_list is defensively checked via pos&&*pos before deref,hostap_full_audit_0.4.169,med
ARR30-C,hostap,src/common/dpp.c,214,FP,while(pos && *pos && *pos!=';') is a bounded NUL-terminated scan,hostap_full_audit_0.4.169,high
ERR07-C,hostap,src/common/dpp.c,219,TP,"atoi(pos) only lower-bound checked (>0), no upper bound, not narrow-range-validated",hostap_full_audit_0.4.169,med
ERR34-C,hostap,src/common/dpp.c,219,TP,same weak validation as ERR07-C above,hostap_full_audit_0.4.169,med
ERR07-C,hostap,src/common/dpp.c,224,TP,"atoi(pos) only lower-bound checked (>0), no upper bound",hostap_full_audit_0.4.169,med
ERR34-C,hostap,src/common/dpp.c,224,TP,same weak validation as ERR07-C above,hostap_full_audit_0.4.169,med
MSC07-C,hostap,src/common/dpp.c,255,FP,"goto-label-blindness: fail: is a jump target from earlier goto fail statements, not dead code",hostap_full_audit_0.4.169,high
DCL13-C,hostap,src/common/dpp.c,261,FP,bi forwarded to hwaddr_aton2 which writes bi->mac_addr; non-const-callee forwarding FP class,hostap_full_audit_0.4.169,high
STR34-C,hostap,src/common/dpp.c,401,FP,"*port++ = '\0' is a literal-constant assignment, no widening",hostap_full_audit_0.4.169,high
ERR07-C,hostap,src/common/dpp.c,403,TP,atoi(port+1) result used with zero downstream validation,hostap_full_audit_0.4.169,med
ERR34-C,hostap,src/common/dpp.c,403,TP,atoi(port+1) result used with zero downstream validation,hostap_full_audit_0.4.169,med
STR34-C,hostap,src/common/dpp.c,410,FP,"*port++ = '\0' is a literal-constant assignment, no widening",hostap_full_audit_0.4.169,high
ERR07-C,hostap,src/common/dpp.c,411,TP,atoi(port) result used with zero downstream validation,hostap_full_audit_0.4.169,med
ERR34-C,hostap,src/common/dpp.c,411,TP,atoi(port) result used with zero downstream validation,hostap_full_audit_0.4.169,med
EXP33-C,hostap,src/common/dpp.c,487,FP,"sizeof(*bi) is a compile-time, non-evaluated expression, not a real dereference",hostap_full_audit_0.4.169,high
DCL30-C,hostap,src/common/dpp.c,503,FP,"bi is os_zalloc'd heap memory, not automatic storage",hostap_full_audit_0.4.169,high
DCL13-C,hostap,src/common/dpp.c,527,TP,"own_modes only read (channels/flag fields); plain internal helper, real if low-severity",hostap_full_audit_0.4.169,med
ARR00-C,hostap,src/common/dpp.c,537,FP,"c is initialized in the for-loop's own init clause (c=0), not uninitialized",hostap_full_audit_0.4.169,high
ARR01-C,hostap,src/common/dpp.c,576,FP,"sizeof(freqs[0]) is the correct per-element-size idiom, unrelated to decay",hostap_full_audit_0.4.169,high
DCL13-C,hostap,src/common/dpp.c,606,TP,"own_modes only read; plain internal helper, real if low-severity",hostap_full_audit_0.4.169,med
ARR00-C,hostap,src/common/dpp.c,624,FP,c is initialized in the for-loop's own init clause (c=0),hostap_full_audit_0.4.169,high
ENV01-C,hostap,src/common/dpp.c,650,FP,no getenv()/environment code anywhere in function; fixed array sized by macro,hostap_full_audit_0.4.169,high
MEM05-C,hostap,src/common/dpp.c,650,FP,"freqs is a fixed-size array (DPP_BOOTSTRAP_MAX_FREQ*6+10 is a compile-time constant), not a VLA",hostap_full_audit_0.4.169,high
STR34-C,hostap,src/common/dpp.c,686,FP,"*pos = '\0' is a literal-constant assignment, no widening",hostap_full_audit_0.4.169,high
MEM05-C,hostap,src/common/dpp.c,696,FP,"macstr sized by ETH_ALEN macro constant, fixed size, not a VLA",hostap_full_audit_0.4.169,high
ARR30-C,hostap,src/common/dpp.c,713,FP,"'len' is a scalar size_t counter, not a buffer; cited alloc line 3989 is an unrelated cross-file identifier conflation",hostap_full_audit_0.4.169,high
ERR02-C,hostap,src/common/dpp.c,722,FP,"call is os_snprintf(), hostap's own wrapper, not libc sprintf(); return value is consumed via len+=",hostap_full_audit_0.4.169,high
ERR02-C,hostap,src/common/dpp.c,725,FP,"os_snprintf() misidentified as sprintf(), established FP class",hostap_full_audit_0.4.169,high
ERR02-C,hostap,src/common/dpp.c,741,FP,os_snprintf() misidentified as sprintf(),hostap_full_audit_0.4.169,high
ERR02-C,hostap,src/common/dpp.c,743,FP,os_snprintf() misidentified as sprintf(),hostap_full_audit_0.4.169,high
ERR02-C,hostap,src/common/dpp.c,746,FP,os_snprintf() misidentified as sprintf(),hostap_full_audit_0.4.169,high
API00-C,hostap,src/common/dpp.c,769,FP,internal-only API (dpp_global*/msg_ctx always caller-supplied internally),hostap_full_audit_0.4.169,med
EXP33-C,hostap,src/common/dpp.c,774,FP,auth=os_zalloc(sizeof(*auth)); sizeof(*ptr) is not a real dereference,hostap_full_audit_0.4.169,high
DCL30-C,hostap,src/common/dpp.c,780,FP,"auth is os_zalloc'd heap memory, not automatic storage",hostap_full_audit_0.4.169,high
ENV01-C,hostap,src/common/dpp.c,793,FP,"auth_i is a fixed-size array (DPP_MAX_HASH_LEN macro), no getenv anywhere",hostap_full_audit_0.4.169,high
INT30-C,hostap,src/common/dpp.c,808,FP,"nonce_len is bounded by curve->nonce_len from a small static curve table, no realistic wrap",hostap_full_audit_0.4.169,med
INT30-C,hostap,src/common/dpp.c,818,FP,"hash_len bounded by static curve table (max ~64), no realistic wrap",hostap_full_audit_0.4.169,med
ARR39-C,hostap,src/common/dpp.c,822,FP,"pure size_t/int additive arithmetic (attr_len), no pointer operand at all",hostap_full_audit_0.4.169,high
INT30-C,hostap,src/common/dpp.c,825,FP,testing-only += 5 on an already-small attr_len; no realistic wrap,hostap_full_audit_0.4.169,high
INT30-C,hostap,src/common/dpp.c,839,FP,"nonce_len sourced from curve params, always >=16, cannot underflow at -1",hostap_full_audit_0.4.169,med
INT30-C,hostap,src/common/dpp.c,840,FP,same nonce_len bound as above,hostap_full_audit_0.4.169,med
EXP30-C,hostap,src/common/dpp.c,892,FP,"wpabuf_head/wpabuf_len are pure read-only accessors, no side effects to unsequence",hostap_full_audit_0.4.169,high
API00-C,hostap,src/common/dpp.c,943,FP,"internal-only API, auth always non-null from caller chain",hostap_full_audit_0.4.169,med
API00-C,hostap,src/common/dpp.c,943,FP,"internal-only API, json always non-null from caller chain",hostap_full_audit_0.4.169,med
DCL31-C,hostap,src/common/dpp.c,948,FP,"dpp_build_conf_req_attr is defined earlier at line 784, same-file-distance blind spot",hostap_full_audit_0.4.169,high
DCL30-C,hostap,src/common/dpp.c,966,FP,"buf is heap memory from gas_build_initial_req(), not automatic storage",hostap_full_audit_0.4.169,high
API00-C,hostap,src/common/dpp.c,970,FP,internal-only API,hostap_full_audit_0.4.169,med
API00-C,hostap,src/common/dpp.c,970,FP,internal-only API,hostap_full_audit_0.4.169,med
API00-C,hostap,src/common/dpp.c,970,FP,internal-only API,hostap_full_audit_0.4.169,med
EXP30-C,hostap,src/common/dpp.c,1004,FP,wpabuf_head/wpabuf_len are pure read-only accessors,hostap_full_audit_0.4.169,high
API05-C,hostap,src/common/dpp.c,1058,FP,"val,len is the idiomatic pointer+size-pair; cmp is a plain NUL-terminated C string",hostap_full_audit_0.4.169,high
API05-C,hostap,src/common/dpp.c,1058,FP,same idiomatic ptr+len / NUL-terminated-string pair,hostap_full_audit_0.4.169,high
API00-C,hostap,src/common/dpp.c,1064,FP,internal-only API; all call sites pass non-null type strings,hostap_full_audit_0.4.169,med
EXP33-C,hostap,src/common/dpp.c,1070,FP,conf=os_zalloc(sizeof(*conf)); sizeof(*ptr) not a real dereference,hostap_full_audit_0.4.169,high
DCL30-C,hostap,src/common/dpp.c,1100,FP,"conf is os_zalloc'd heap memory, not automatic storage",hostap_full_audit_0.4.169,high
MSC07-C,hostap,src/common/dpp.c,1101,FP,goto-label-blindness: fail: is reached by earlier goto fail statements,hostap_full_audit_0.4.169,high
ARR01-C,hostap,src/common/dpp.c,1175,FP,sizeof(*conf) correctly sizes the pointee struct; not decayed-array misuse,hostap_full_audit_0.4.169,high
MEM31-C,hostap,src/common/dpp.c,1198,FP,conf is an alias for conf_ap; both conf_sta/conf_ap freed on fail: or ownership-transferred to auth on success,hostap_full_audit_0.4.169,med
ERR07-C,hostap,src/common/dpp.c,1238,TP,atoi(pos+14) result used with zero downstream validation,hostap_full_audit_0.4.169,med
ERR34-C,hostap,src/common/dpp.c,1238,TP,atoi(pos+14) result used with zero downstream validation,hostap_full_audit_0.4.169,med
ERR33-C,hostap,src/common/dpp.c,1298,TP,"val checked only via <=0 (no endptr/no ERANGE guard); weak-validation strtol shape, established TP-low pattern",hostap_full_audit_0.4.169,med
ERR00-C,hostap,src/common/dpp.c,1298,TP,same weak-validation strtol shape,hostap_full_audit_0.4.169,med
ERR01-C,hostap,src/common/dpp.c,1298,TP,"errno genuinely never checked, only val<=0",hostap_full_audit_0.4.169,med
ERR30-C,hostap,src/common/dpp.c,1298,TP,errno not reset before call and no ERANGE guard exists,hostap_full_audit_0.4.169,med
MSC07-C,hostap,src/common/dpp.c,1358,FP,goto-label-blindness: fail: reached via earlier goto fail statements,hostap_full_audit_0.4.169,high
MSC07-C,hostap,src/common/dpp.c,1391,FP,goto-label-blindness: fail: reached via earlier goto fail statements,hostap_full_audit_0.4.169,high
DCL30-C,hostap,src/common/dpp.c,1411,FP,"conf points into the persistent dpp->configurator list, not automatic storage",hostap_full_audit_0.4.169,high
ERR07-C,hostap,src/common/dpp.c,1451,FP,"atoi(pos) feeds dpp_configurator_get_id which safely fails/NULLs on any invalid id, checked next line",hostap_full_audit_0.4.169,med
ERR34-C,hostap,src/common/dpp.c,1451,FP,same downstream-failure-handled shape as ERR07-C,hostap_full_audit_0.4.169,med
ERR07-C,hostap,src/common/dpp.c,1462,FP,result only ever consumed as a boolean flag (auth->send_conn_status &&...),hostap_full_audit_0.4.169,med
ERR34-C,hostap,src/common/dpp.c,1462,FP,boolean-use atoi() shape,hostap_full_audit_0.4.169,med
ERR07-C,hostap,src/common/dpp.c,1468,FP,result only ever consumed as a boolean flag (akm_use_selector &&...),hostap_full_audit_0.4.169,med
ERR34-C,hostap,src/common/dpp.c,1468,FP,boolean-use atoi() shape,hostap_full_audit_0.4.169,med
ARR01-C,hostap,src/common/dpp.c,1536,FP,sizeof(*auth) correctly sizes the pointee struct for bin_clear_free; not decay,hostap_full_audit_0.4.169,high
DCL13-C,hostap,src/common/dpp.c,1541,TP,auth only read (discovery_override); plain internal helper,hostap_full_audit_0.4.169,med
DCL13-C,hostap,src/common/dpp.c,1542,TP,conf only read (ssid/ssid_len/ssid_charset); plain internal helper,hostap_full_audit_0.4.169,med
DCL30-C,hostap,src/common/dpp.c,1564,FP,"buf is wpabuf_alloc'd heap memory, not automatic storage",hostap_full_audit_0.4.169,high
DCL30-C,hostap,src/common/dpp.c,1584,FP,"buf is wpabuf_alloc'd heap memory, not automatic storage",hostap_full_audit_0.4.169,high
API00-C,hostap,src/common/dpp.c,1588,FP,internal-only API; key always non-null from callers,hostap_full_audit_0.4.169,med
DCL13-C,hostap,src/common/dpp.c,1625,TP,conf only read (passphrase/psk/idpass); plain internal helper,hostap_full_audit_0.4.169,med
MSC01-C,hostap,src/common/dpp.c,1637,FP,deliberate guard clause; invariant that one of passphrase/psk_set holds is validated earlier by dpp_configuration_valid,hostap_full_audit_0.4.169,med
MEM05-C,hostap,src/common/dpp.c,1638,FP,"psk[2*sizeof(conf->psk)+1] sized from a fixed struct-array field, not a VLA",hostap_full_audit_0.4.169,high
ARR01-C,hostap,src/common/dpp.c,1638,FP,"conf->psk is a genuine fixed-size array field (u8 psk[32]), not decayed",hostap_full_audit_0.4.169,high
ARR01-C,hostap,src/common/dpp.c,1641,FP,"conf->psk fixed-size array field, not decayed",hostap_full_audit_0.4.169,high
DCL13-C,hostap,src/common/dpp.c,1663,TP,bi only read (supported_curves); plain internal helper,hostap_full_audit_0.4.169,med
INT30-C,hostap,src/common/dpp.c,1839,FP,tailroom is a sizing estimate bounded by curve params/config strings; no realistic wrap,hostap_full_audit_0.4.169,med
INT30-C,hostap,src/common/dpp.c,1839,FP,curve->prime_len bounded by static curve table (max 66),hostap_full_audit_0.4.169,med
INT30-C,hostap,src/common/dpp.c,1840,FP,signed_conn length bounded by locally-generated connector data,hostap_full_audit_0.4.169,med
INT30-C,hostap,src/common/dpp.c,1842,FP,"literal += 1000 on a small counter, no realistic wrap",hostap_full_audit_0.4.169,high
INT30-C,hostap,src/common/dpp.c,1845,FP,"certbag length is locally-managed cert/config data, not raw attacker length",hostap_full_audit_0.4.169,med
INT30-C,hostap,src/common/dpp.c,1847,FP,cacert length is locally-managed cert/config data,hostap_full_audit_0.4.169,med
INT30-C,hostap,src/common/dpp.c,1849,FP,trusted_eap_server_name is a bounded config string,hostap_full_audit_0.4.169,med
INT30-C,hostap,src/common/dpp.c,1850,FP,"literal += 1000, no realistic wrap",hostap_full_audit_0.4.169,high
INT30-C,hostap,src/common/dpp.c,1853,FP,extra_name/extra_value are bounded local config strings,hostap_full_audit_0.4.169,med
EXP30-C,hostap,src/common/dpp.c,1874,FP,wpabuf_head/wpabuf_len are pure read-only accessors,hostap_full_audit_0.4.169,high
EXP30-C,hostap,src/common/dpp.c,1878,FP,wpabuf_head/wpabuf_len are pure read-only accessors,hostap_full_audit_0.4.169,high
EXP30-C,hostap,src/common/dpp.c,1922,FP,wpabuf_head/wpabuf_len are pure read-only accessors,hostap_full_audit_0.4.169,high
EXP30-C,hostap,src/common/dpp.c,1992,FP,wpabuf_head/wpabuf_len are pure read-only accessors,hostap_full_audit_0.4.169,high
DCL30-C,hostap,src/common/dpp.c,1995,FP,"buf is heap memory from dpp_build_conf_start (wpabuf_alloc), not automatic storage",hostap_full_audit_0.4.169,high
EXP33-C,hostap,src/common/dpp.c,2008,FP,bi=os_zalloc(sizeof(*bi)); sizeof(*ptr) not a real dereference,hostap_full_audit_0.4.169,high
MSC01-C,hostap,src/common/dpp.c,2037,FP,missing-else handled by downstream if(!conf) check,hostap_full_audit_0.4.169,med
MSC01-C,hostap,src/common/dpp.c,2039,FP,missing-else handled by downstream if(!conf) check,hostap_full_audit_0.4.169,med
MSC01-C,hostap,src/common/dpp.c,2042,FP,missing-else handled by downstream if(!conf) check,hostap_full_audit_0.4.169,med
DCL31-C,hostap,src/common/dpp.c,2073,FP,"dpp_build_conf_obj_dpp defined earlier at line 1690, same-file-distance blind spot",hostap_full_audit_0.4.169,high
DCL31-C,hostap,src/common/dpp.c,2076,FP,dpp_build_conf_obj_dpp defined earlier at line 1690,hostap_full_audit_0.4.169,high
STR31-C,hostap,src/common/dpp.c,2089,FP,"addr is const u8*[1] (pointer array), not a character array; misapplied to non-char array",hostap_full_audit_0.4.169,high
STR31-C,hostap,src/common/dpp.c,2090,FP,"len is size_t[1], not a character array; misapplied to non-char array",hostap_full_audit_0.4.169,high
EXP30-C,hostap,src/common/dpp.c,2105,FP,wpabuf_head/wpabuf_len are pure read-only accessors,hostap_full_audit_0.4.169,high
MSC01-C,hostap,src/common/dpp.c,2116,FP,"final else clause exists at line 2123-2124, just after an intervening #ifdef/#endif block",hostap_full_audit_0.4.169,high
WIN04-C,hostap,src/common/dpp.c,2120,FP,line is 'else if (auth->waiting_new_key)'; no function pointer construct present at all,hostap_full_audit_0.4.169,high
ARR39-C,hostap,src/common/dpp.c,2168,FP,"pure size_t/int additive arithmetic (attr_len), no pointer operand",hostap_full_audit_0.4.169,high
INT30-C,hostap,src/common/dpp.c,2171,FP,testing-only += 5 on an already-computed attr_len,hostap_full_audit_0.4.169,high
MSC01-C,hostap,src/common/dpp.c,2218,FP,missing else is an intentional no-op (nothing to do when conf2 unsupported by peer),hostap_full_audit_0.4.169,med
EXP30-C,hostap,src/common/dpp.c,2293,FP,wpabuf_head/wpabuf_len are pure read-only accessors,hostap_full_audit_0.4.169,high
MSC41-C,hostap,src/common/dpp.c,2359,FP,"plain descriptive error-log string passed to dpp_auth_fail, not real secret data",hostap_full_audit_0.4.169,high
ARR39-C,hostap,src/common/dpp.c,2365,FP,"pure u16/size_t subtraction, no pointer operand; wrapped_data_len>=AES_BLOCK_SIZE already guarded above",hostap_full_audit_0.4.169,high
MSC41-C,hostap,src/common/dpp.c,2372,FP,"descriptive error-log string, not real secret data",hostap_full_audit_0.4.169,high
MSC41-C,hostap,src/common/dpp.c,2388,FP,descriptive error-log string,hostap_full_audit_0.4.169,high
MSC41-C,hostap,src/common/dpp.c,2399,FP,descriptive error-log string,hostap_full_audit_0.4.169,high
ENV01-C,hostap,src/common/dpp.c,2404,FP,"auth_i is a fixed-size array (DPP_MAX_HASH_LEN macro), no getenv anywhere",hostap_full_audit_0.4.169,high
MSC41-C,hostap,src/common/dpp.c,2418,FP,"'New Peer Protocol Key (Pe)' is a debug label, not actual key material",hostap_full_audit_0.4.169,high
MSC41-C,hostap,src/common/dpp.c,2431,FP,descriptive error-log string,hostap_full_audit_0.4.169,high
MSC41-C,hostap,src/common/dpp.c,2437,FP,descriptive error-log string,hostap_full_audit_0.4.169,high
MSC41-C,hostap,src/common/dpp.c,2452,FP,descriptive error-log string,hostap_full_audit_0.4.169,high
MSC41-C,hostap,src/common/dpp.c,2482,FP,descriptive error-log string,hostap_full_audit_0.4.169,high
MSC41-C,hostap,src/common/dpp.c,2501,FP,descriptive error-log string,hostap_full_audit_0.4.169,high
STR34-C,hostap,src/common/dpp.c,2543,FP,"*pos = '\0' literal-constant assignment, no widening",hostap_full_audit_0.4.169,high
EXP30-C,hostap,src/common/dpp.c,2572,FP,wpabuf_head/wpabuf_len are pure read-only accessors,hostap_full_audit_0.4.169,high
ARR01-C,hostap,src/common/dpp.c,2635,FP,"conf is struct dpp_config_obj*; passphrase is char passphrase[64], a genuine fixed array, not decayed",hostap_full_audit_0.4.169,high
ARR01-C,hostap,src/common/dpp.c,2639,FP,"password_id is char password_id[64], a genuine fixed array, not decayed",hostap_full_audit_0.4.169,high
EXP30-C,hostap,src/common/dpp.c,2728,FP,wpabuf_head(x)/wpabuf_head(y)/wpabuf_len(x) are pure read-only accessors,hostap_full_audit_0.4.169,high
DCL30-C,hostap,src/common/dpp.c,2733,FP,"curve points into the static const dpp_curves[] table, not automatic storage",hostap_full_audit_0.4.169,high
ERR34-C,hostap,src/common/dpp.c,2760,FP,"sscanf's return value IS checked (!= 6 test), correct idiomatic validation",hostap_full_audit_0.4.169,high
FIO47-C,hostap,src/common/dpp.c,2760,FP,misattributes the format-string literal itself as 'argument 1'; established rule-engine bug,hostap_full_audit_0.4.169,high
INT05-C,hostap,src/common/dpp.c,2760,TP,sscanf's %u conversions don't reliably signal ERANGE via errno; low-severity but real,hostap_full_audit_0.4.169,med
MSC24-C,hostap,src/common/dpp.c,2760,FP,sscanf is not an actually-obsolescent C function; sscanf_s is an unavailable optional Annex K function,hostap_full_audit_0.4.169,high
EXP05-C,hostap,src/common/dpp.c,2760,FP,no cast-away-const of any kind present in this sscanf call; likely mislabeled same call as the FIO47-C bug,hostap_full_audit_0.4.169,med
EXP33-C,hostap,src/common/dpp.c,2767,FP,year is read only after sscanf(...)!=6 guard confirms all 6 items were assigned,hostap_full_audit_0.4.169,high
EXP33-C,hostap,src/common/dpp.c,2767,FP,month is read only after sscanf(...)!=6 guard confirms all 6 items were assigned,hostap_full_audit_0.4.169,high
EXP33-C,hostap,src/common/dpp.c,2767,FP,"sscanf(...,&year,&month,&day,&hour,&min,&sec)!=6 guards this read; all 4 vars set on every reaching path",hostap_full_audit_0.4.169,high
EXP33-C,hostap,src/common/dpp.c,2767,FP,"sscanf(...,&year,&month,&day,&hour,&min,&sec)!=6 guards this read; all 4 vars set on every reaching path",hostap_full_audit_0.4.169,high
EXP33-C,hostap,src/common/dpp.c,2767,FP,"sscanf(...,&year,&month,&day,&hour,&min,&sec)!=6 guards this read; all 4 vars set on every reaching path",hostap_full_audit_0.4.169,high
EXP33-C,hostap,src/common/dpp.c,2767,FP,"sscanf(...,&year,&month,&day,&hour,&min,&sec)!=6 guards this read; all 4 vars set on every reaching path",hostap_full_audit_0.4.169,high
ERR33-C,hostap,src/common/dpp.c,2780,FP,items IS checked via 'if (items < 1) return 1;' on next line,hostap_full_audit_0.4.169,high
ERR00-C,hostap,src/common/dpp.c,2780,FP,sscanf return checked via items<1 guard immediately after,hostap_full_audit_0.4.169,high
ERR34-C,hostap,src/common/dpp.c,2780,FP,checked sscanf (items<1 guard); established checked-sscanf FP convention,hostap_full_audit_0.4.169,high
FIO47-C,hostap,src/common/dpp.c,2780,FP,FIO47-C self-referential bug: flags format string itself as mismatched arg1,hostap_full_audit_0.4.169,high
INT05-C,hostap,src/common/dpp.c,2780,FP,%02u caps field width to 2 digits (0-99); unsigned int can't ERANGE on that range,hostap_full_audit_0.4.169,high
MSC24-C,hostap,src/common/dpp.c,2780,FP,sscanf not on CERT obsolescent list; sscanf_s (C11 Annex K) unused/unavailable here,hostap_full_audit_0.4.169,high
EXP05-C,hostap,src/common/dpp.c,2780,FP,pos is const char*; sscanf's str param is const char* -- no const cast at all,hostap_full_audit_0.4.169,high
MSC05-C,hostap,src/common/dpp.c,2788,FP,"adjusting one time_t by a scalar TZ offset, not diffing two time_t values -- difftime() fix doesn't even apply",hostap_full_audit_0.4.169,med
INT32-C,hostap,src/common/dpp.c,2788,FP,hour/min bounded 0-99 by sscanf %02u max-field-width; 3600*99/60*99 nowhere near int overflow,hostap_full_audit_0.4.169,high
MSC05-C,hostap,src/common/dpp.c,2790,FP,"adjusting one time_t by a scalar TZ offset, not diffing two time_t values -- difftime() fix doesn't even apply",hostap_full_audit_0.4.169,med
INT32-C,hostap,src/common/dpp.c,2790,FP,hour/min bounded 0-99 by sscanf %02u max-field-width; 3600*99/60*99 nowhere near int overflow,hostap_full_audit_0.4.169,high
MSC05-C,hostap,src/common/dpp.c,2793,FP,"adjusting one time_t by a scalar TZ offset, not diffing two time_t values -- difftime() fix doesn't even apply",hostap_full_audit_0.4.169,med
INT32-C,hostap,src/common/dpp.c,2793,FP,hour/min bounded 0-99 by sscanf %02u max-field-width; 3600*99/60*99 nowhere near int overflow,hostap_full_audit_0.4.169,high
MSC05-C,hostap,src/common/dpp.c,2795,FP,"adjusting one time_t by a scalar TZ offset, not diffing two time_t values -- difftime() fix doesn't even apply",hostap_full_audit_0.4.169,med
INT32-C,hostap,src/common/dpp.c,2795,FP,hour/min bounded 0-99 by sscanf %02u max-field-width; 3600*99/60*99 nowhere near int overflow,hostap_full_audit_0.4.169,high
DCL13-C,hostap,src/common/dpp.c,2823,TP,dpp_parse_connector's conf param is completely unused in the function body,hostap_full_audit_0.4.169,med
DCL13-C,hostap,src/common/dpp.c,2948,TP,dpp_copy_netaccesskey's conf param is completely unused in the function body,hostap_full_audit_0.4.169,med
ARR30-C,hostap,src/common/dpp.c,3182,FP,"NUL-terminated string scan (while(*pos)/while(*val)), inherently bounded by terminator",hostap_full_audit_0.4.169,high
MSC01-C,hostap,src/common/dpp.c,3195,FP,deliberate guard-clause chain; unset dpp/psk/sae/dot1x flags staying 0 is the correct default,hostap_full_audit_0.4.169,high
MSC41-C,hostap,src/common/dpp.c,3235,FP,"dpp_auth_fail(auth, txt) just wpa_msg()'s a plain status/error string, not secret material",hostap_full_audit_0.4.169,high
MSC41-C,hostap,src/common/dpp.c,3247,FP,"dpp_auth_fail(auth, txt) just wpa_msg()'s a plain status/error string, not secret material",hostap_full_audit_0.4.169,high
EXP30-C,hostap,src/common/dpp.c,3259,FP,"wpabuf_head()/wpabuf_len() (or similar pure accessor) sibling-argument pair, no real side effects",hostap_full_audit_0.4.169,high
MSC41-C,hostap,src/common/dpp.c,3262,FP,"dpp_auth_fail(auth, txt) just wpa_msg()'s a plain status/error string, not secret material",hostap_full_audit_0.4.169,high
MSC41-C,hostap,src/common/dpp.c,3276,FP,"dpp_auth_fail(auth, txt) just wpa_msg()'s a plain status/error string, not secret material",hostap_full_audit_0.4.169,high
MSC41-C,hostap,src/common/dpp.c,3343,FP,"dpp_auth_fail(auth, txt) just wpa_msg()'s a plain status/error string, not secret material",hostap_full_audit_0.4.169,high
STR31-C,hostap,src/common/dpp.c,3377,FP,"misapplied to `const u8 *addr[1]`/`size_t len[1]` pointer/size arrays, not char arrays",hostap_full_audit_0.4.169,high
STR31-C,hostap,src/common/dpp.c,3378,FP,"misapplied to `const u8 *addr[1]`/`size_t len[1]` pointer/size arrays, not char arrays",hostap_full_audit_0.4.169,high
EXP30-C,hostap,src/common/dpp.c,3385,FP,"wpabuf_head()/wpabuf_len() (or similar pure accessor) sibling-argument pair, no real side effects",hostap_full_audit_0.4.169,high
EXP30-C,hostap,src/common/dpp.c,3390,FP,"wpabuf_head()/wpabuf_len() (or similar pure accessor) sibling-argument pair, no real side effects",hostap_full_audit_0.4.169,high
MSC41-C,hostap,src/common/dpp.c,3395,FP,"dpp_auth_fail(auth, txt) just wpa_msg()'s a plain status/error string, not secret material",hostap_full_audit_0.4.169,high
ARR39-C,hostap,src/common/dpp.c,3401,FP,"wrapped_data_len - AES_BLOCK_SIZE is plain u16/int subtraction, no pointer involved",hostap_full_audit_0.4.169,high
MSC41-C,hostap,src/common/dpp.c,3413,FP,"dpp_auth_fail(auth, txt) just wpa_msg()'s a plain status/error string, not secret material",hostap_full_audit_0.4.169,high
MSC41-C,hostap,src/common/dpp.c,3429,FP,"dpp_auth_fail(auth, txt) just wpa_msg()'s a plain status/error string, not secret material",hostap_full_audit_0.4.169,high
MSC41-C,hostap,src/common/dpp.c,3434,FP,"dpp_auth_fail(auth, txt) just wpa_msg()'s a plain status/error string, not secret material",hostap_full_audit_0.4.169,high
EXP30-C,hostap,src/common/dpp.c,3438,FP,"wpabuf_head()/wpabuf_len() (or similar pure accessor) sibling-argument pair, no real side effects",hostap_full_audit_0.4.169,high
MSC41-C,hostap,src/common/dpp.c,3442,FP,"dpp_auth_fail(auth, txt) just wpa_msg()'s a plain status/error string, not secret material",hostap_full_audit_0.4.169,high
MSC41-C,hostap,src/common/dpp.c,3458,FP,"dpp_auth_fail(auth, txt) just wpa_msg()'s a plain status/error string, not secret material",hostap_full_audit_0.4.169,high
MSC41-C,hostap,src/common/dpp.c,3483,FP,"dpp_auth_fail(auth, txt) just wpa_msg()'s a plain status/error string, not secret material",hostap_full_audit_0.4.169,high
MSC41-C,hostap,src/common/dpp.c,3494,FP,"dpp_auth_fail(auth, txt) just wpa_msg()'s a plain status/error string, not secret material",hostap_full_audit_0.4.169,high
MSC41-C,hostap,src/common/dpp.c,3514,FP,"dpp_auth_fail(auth, txt) just wpa_msg()'s a plain status/error string, not secret material",hostap_full_audit_0.4.169,high
MSC41-C,hostap,src/common/dpp.c,3525,FP,"dpp_debug_print_key(title, key) -- flagged text is the debug-log title, real key is the separate key arg",hostap_full_audit_0.4.169,high
MSC41-C,hostap,src/common/dpp.c,3536,FP,"dpp_auth_fail(auth, txt) just wpa_msg()'s a plain status/error string, not secret material",hostap_full_audit_0.4.169,high
MSC41-C,hostap,src/common/dpp.c,3552,FP,"dpp_auth_fail(auth, txt) just wpa_msg()'s a plain status/error string, not secret material",hostap_full_audit_0.4.169,high
API00-C,hostap,src/common/dpp.c,3585,FP,"hdr is an internal frame-parsing arg from sqc's own dispatch, never externally nullable",hostap_full_audit_0.4.169,high
MSC41-C,hostap,src/common/dpp.c,3601,FP,"dpp_auth_fail(auth, txt) just wpa_msg()'s a plain status/error string, not secret material",hostap_full_audit_0.4.169,high
ARR30-C,hostap,src/common/dpp.c,3611,FP,misattributes size/decl-site from an unrelated addr[1] in dpp_configurator_gen_kid (line 3988); this function's addr[2] makes index 1 valid,hostap_full_audit_0.4.169,high
ARR30-C,hostap,src/common/dpp.c,3614,FP,misattributes size/decl-site from an unrelated addr[1] in dpp_configurator_gen_kid (line 3988); this function's addr[2] makes index 1 valid,hostap_full_audit_0.4.169,high
ARR39-C,hostap,src/common/dpp.c,3617,FP,"wrapped_data_len - AES_BLOCK_SIZE is plain u16/int subtraction, no pointer involved",hostap_full_audit_0.4.169,high
MSC41-C,hostap,src/common/dpp.c,3624,FP,"dpp_auth_fail(auth, txt) just wpa_msg()'s a plain status/error string, not secret material",hostap_full_audit_0.4.169,high
MSC41-C,hostap,src/common/dpp.c,3640,FP,"dpp_auth_fail(auth, txt) just wpa_msg()'s a plain status/error string, not secret material",hostap_full_audit_0.4.169,high
MSC41-C,hostap,src/common/dpp.c,3645,FP,"dpp_auth_fail(auth, txt) just wpa_msg()'s a plain status/error string, not secret material",hostap_full_audit_0.4.169,high
MSC41-C,hostap,src/common/dpp.c,3655,FP,"dpp_auth_fail(auth, txt) just wpa_msg()'s a plain status/error string, not secret material",hostap_full_audit_0.4.169,high
DCL13-C,hostap,src/common/dpp.c,3667,TP,"dpp_build_conf_result's auth param is only read (auth->curve, auth->e_nonce), never mutated",hostap_full_audit_0.4.169,med
ARR39-C,hostap,src/common/dpp.c,3678,FP,"4 + clear_len + AES_BLOCK_SIZE is a plain integer sum, no pointer involved",hostap_full_audit_0.4.169,high
ARR30-C,hostap,src/common/dpp.c,3698,FP,misattributes size/decl-site from an unrelated addr[1] in dpp_configurator_gen_kid (line 3988); this function's addr[2] makes index 1 valid,hostap_full_audit_0.4.169,high
ARR30-C,hostap,src/common/dpp.c,3700,FP,misattributes size/decl-site from an unrelated addr[1] in dpp_configurator_gen_kid (line 3988); this function's addr[2] makes index 1 valid,hostap_full_audit_0.4.169,high
EXP30-C,hostap,src/common/dpp.c,3708,FP,"wpabuf_head()/wpabuf_len() (or similar pure accessor) sibling-argument pair, no real side effects",hostap_full_audit_0.4.169,high
DCL30-C,hostap,src/common/dpp.c,3715,FP,"msg comes from dpp_alloc_msg()->wpabuf_alloc(), heap storage, not a stack local",hostap_full_audit_0.4.169,high
MSC07-C,hostap,src/common/dpp.c,3716,FP,"goto-blindness: CFG doesn't connect goto fail/label to its target, straight-line code after return is reached via goto",hostap_full_audit_0.4.169,high
MEM30-C,hostap,src/common/dpp.c,3717,FP,"frees on mutually exclusive paths (normal-return free vs goto-fail free), not a same-path double free",hostap_full_audit_0.4.169,high
MEM31-C,hostap,src/common/dpp.c,3717,FP,"frees on mutually exclusive paths (normal-return free vs goto-fail free), not a same-path double free",hostap_full_audit_0.4.169,high
ARR30-C,hostap,src/common/dpp.c,3725,FP,"NUL-terminated string scan (while(*pos)/while(*val)), inherently bounded by terminator",hostap_full_audit_0.4.169,high
API00-C,hostap,src/common/dpp.c,3736,FP,"hdr is an internal frame-parsing arg from sqc's own dispatch, never externally nullable",hostap_full_audit_0.4.169,high
API05-C,hostap,src/common/dpp.c,3741,FP,"idiomatic pointer+size (or pointer+len) parameter pair, or double-pointer out-param; not a real conformant-array gap",hostap_full_audit_0.4.169,high
STR34-C,hostap,src/common/dpp.c,3754,FP,"*channel_list = os_strdup(...) assigns a pointer through a char**, not a char needing sign-extension cast",hostap_full_audit_0.4.169,high
MSC41-C,hostap,src/common/dpp.c,3760,FP,"dpp_auth_fail(auth, txt) just wpa_msg()'s a plain status/error string, not secret material",hostap_full_audit_0.4.169,high
ARR30-C,hostap,src/common/dpp.c,3770,FP,misattributes size/decl-site from an unrelated addr[1] in dpp_configurator_gen_kid (line 3988); this function's addr[2] makes index 1 valid,hostap_full_audit_0.4.169,high
ARR30-C,hostap,src/common/dpp.c,3773,FP,misattributes size/decl-site from an unrelated addr[1] in dpp_configurator_gen_kid (line 3988); this function's addr[2] makes index 1 valid,hostap_full_audit_0.4.169,high
ARR39-C,hostap,src/common/dpp.c,3776,FP,"wrapped_data_len - AES_BLOCK_SIZE is plain u16/int subtraction, no pointer involved",hostap_full_audit_0.4.169,high
MSC41-C,hostap,src/common/dpp.c,3783,FP,"dpp_auth_fail(auth, txt) just wpa_msg()'s a plain status/error string, not secret material",hostap_full_audit_0.4.169,high
MSC41-C,hostap,src/common/dpp.c,3799,FP,"dpp_auth_fail(auth, txt) just wpa_msg()'s a plain status/error string, not secret material",hostap_full_audit_0.4.169,high
MSC41-C,hostap,src/common/dpp.c,3804,FP,"dpp_auth_fail(auth, txt) just wpa_msg()'s a plain status/error string, not secret material",hostap_full_audit_0.4.169,high
MSC41-C,hostap,src/common/dpp.c,3814,FP,"dpp_auth_fail(auth, txt) just wpa_msg()'s a plain status/error string, not secret material",hostap_full_audit_0.4.169,high
STR34-C,hostap,src/common/dpp.c,3836,FP,"*channel_list = os_strdup(...) assigns a pointer through a char**, not a char needing sign-extension cast",hostap_full_audit_0.4.169,high
API05-C,hostap,src/common/dpp.c,3855,FP,"idiomatic pointer+size (or pointer+len) parameter pair, or double-pointer out-param; not a real conformant-array gap",hostap_full_audit_0.4.169,high
EXP30-C,hostap,src/common/dpp.c,3876,FP,"wpabuf_head()/wpabuf_len() (or similar pure accessor) sibling-argument pair, no real side effects",hostap_full_audit_0.4.169,high
DCL30-C,hostap,src/common/dpp.c,3879,FP,"json comes from wpabuf_alloc(1000), heap storage, not a stack local",hostap_full_audit_0.4.169,high
API00-C,hostap,src/common/dpp.c,3883,FP,"ssid/channel_list are forwarded to dpp_build_conn_status which already NULL-checks them (`if (ssid)`/`if (channel_list)`) -- NULL is a supported, handled value",hostap_full_audit_0.4.169,high
API00-C,hostap,src/common/dpp.c,3883,FP,"ssid/channel_list are forwarded to dpp_build_conn_status which already NULL-checks them (`if (ssid)`/`if (channel_list)`) -- NULL is a supported, handled value",hostap_full_audit_0.4.169,high
DCL13-C,hostap,src/common/dpp.c,3883,TP,"dpp_build_conn_status_result's auth param is only read (auth->curve, auth->e_nonce), never mutated",hostap_full_audit_0.4.169,med
API05-C,hostap,src/common/dpp.c,3886,FP,"idiomatic pointer+size (or pointer+len) parameter pair, or double-pointer out-param; not a real conformant-array gap",hostap_full_audit_0.4.169,high
MSC13-C,hostap,src/common/dpp.c,3888,TP,msg/clear's `= NULL` initializer is unconditionally overwritten by wpabuf_alloc/dpp_alloc_msg before any read on every path,hostap_full_audit_0.4.169,low
MSC13-C,hostap,src/common/dpp.c,3888,TP,msg/clear's `= NULL` initializer is unconditionally overwritten by wpabuf_alloc/dpp_alloc_msg before any read on every path,hostap_full_audit_0.4.169,low
ARR39-C,hostap,src/common/dpp.c,3900,FP,"4 + clear_len + AES_BLOCK_SIZE is a plain integer sum, no pointer involved",hostap_full_audit_0.4.169,high
ARR30-C,hostap,src/common/dpp.c,3922,FP,misattributes size/decl-site from an unrelated addr[1] in dpp_configurator_gen_kid (line 3988); this function's addr[2] makes index 1 valid,hostap_full_audit_0.4.169,high
ARR30-C,hostap,src/common/dpp.c,3924,FP,misattributes size/decl-site from an unrelated addr[1] in dpp_configurator_gen_kid (line 3988); this function's addr[2] makes index 1 valid,hostap_full_audit_0.4.169,high
EXP30-C,hostap,src/common/dpp.c,3932,FP,"wpabuf_head()/wpabuf_len() (or similar pure accessor) sibling-argument pair, no real side effects",hostap_full_audit_0.4.169,high
MSC07-C,hostap,src/common/dpp.c,3942,FP,"goto-blindness: CFG doesn't connect goto fail/label to its target, straight-line code after return is reached via goto",hostap_full_audit_0.4.169,high
MEM30-C,hostap,src/common/dpp.c,3943,FP,"frees on mutually exclusive paths (normal-return free vs goto-fail free), not a same-path double free",hostap_full_audit_0.4.169,high
MEM31-C,hostap,src/common/dpp.c,3943,FP,"frees on mutually exclusive paths (normal-return free vs goto-fail free), not a same-path double free",hostap_full_audit_0.4.169,high
MEM30-C,hostap,src/common/dpp.c,3944,FP,"frees on mutually exclusive paths (normal-return free vs goto-fail free), not a same-path double free",hostap_full_audit_0.4.169,high
MEM31-C,hostap,src/common/dpp.c,3944,FP,"frees on mutually exclusive paths (normal-return free vs goto-fail free), not a same-path double free",hostap_full_audit_0.4.169,high
API00-C,hostap,src/common/dpp.c,3965,FP,"buf is the ctrl_iface caller-supplied output buffer, always valid by dispatcher contract",hostap_full_audit_0.4.169,high
API05-C,hostap,src/common/dpp.c,3965,FP,idiomatic buf+buflen pointer+size parameter pair,hostap_full_audit_0.4.169,high
EXP30-C,hostap,src/common/dpp.c,3978,FP,"wpabuf_head()/wpabuf_len() (or similar pure accessor) sibling-argument pair, no real side effects",hostap_full_audit_0.4.169,high
STR31-C,hostap,src/common/dpp.c,3988,FP,"misapplied to `const u8 *addr[1]`/`size_t len[1]` pointer/size arrays, not char arrays",hostap_full_audit_0.4.169,high
STR31-C,hostap,src/common/dpp.c,3989,FP,"misapplied to `const u8 *addr[1]`/`size_t len[1]` pointer/size arrays, not char arrays",hostap_full_audit_0.4.169,high
ARR01-C,hostap,src/common/dpp.c,4009,FP,"sizeof(conf->kid_hash)/sizeof(*intro) on a real struct member or *ptr, not a decayed array parameter",hostap_full_audit_0.4.169,high
API05-C,hostap,src/common/dpp.c,4016,FP,"idiomatic pointer+size (or pointer+len) parameter pair, or double-pointer out-param; not a real conformant-array gap",hostap_full_audit_0.4.169,high
EXP33-C,hostap,src/common/dpp.c,4021,FP,sizeof(*ptr) is a non-evaluating context; *ptr is not actually dereferenced at runtime,hostap_full_audit_0.4.169,high
DCL30-C,hostap,src/common/dpp.c,4048,FP,"conf comes from os_zalloc(sizeof(*conf)) in dpp_keygen_configurator, heap storage",hostap_full_audit_0.4.169,high
MSC07-C,hostap,src/common/dpp.c,4049,FP,"goto-blindness: CFG doesn't connect goto fail/label to its target, straight-line code after return is reached via goto",hostap_full_audit_0.4.169,high
EXP30-C,hostap,src/common/dpp.c,4089,FP,"wpabuf_head()/wpabuf_len() (or similar pure accessor) sibling-argument pair, no real side effects",hostap_full_audit_0.4.169,high
EXP33-C,hostap,src/common/dpp.c,4117,FP,role is checked via `if (!role || role->type != JSON_STRING) continue/goto` before every use,hostap_full_audit_0.4.169,high
EXP33-C,hostap,src/common/dpp.c,4154,FP,role is checked via `if (!role || role->type != JSON_STRING) continue/goto` before every use,hostap_full_audit_0.4.169,high
API00-C,hostap,src/common/dpp.c,4184,FP,"own_connector is this device's own already-stored connector, sourced internally, never externally nullable",hostap_full_audit_0.4.169,high
DCL30-C,hostap,src/common/dpp.c,4214,FP,"own_root comes from json_parse()->json_alloc_token()->os_zalloc(), heap storage, not a stack local",hostap_full_audit_0.4.169,high
API00-C,hostap,src/common/dpp.c,4218,FP,"own_connector/net_access_key/csign_key are internal-only args from local config, never externally nullable",hostap_full_audit_0.4.169,high
API00-C,hostap,src/common/dpp.c,4218,FP,"own_connector/net_access_key/csign_key are internal-only args from local config, never externally nullable",hostap_full_audit_0.4.169,high
API00-C,hostap,src/common/dpp.c,4218,FP,"own_connector/net_access_key/csign_key are internal-only args from local config, never externally nullable",hostap_full_audit_0.4.169,high
API05-C,hostap,src/common/dpp.c,4219,FP,"idiomatic pointer+size parameter pairs (net_access_key/net_access_key_len, csign_key/csign_key_len)",hostap_full_audit_0.4.169,high
API05-C,hostap,src/common/dpp.c,4219,FP,"idiomatic pointer+size parameter pairs (net_access_key/net_access_key_len, csign_key/csign_key_len)",hostap_full_audit_0.4.169,high
ENV01-C,hostap,src/common/dpp.c,4233,FP,wholesale misfire: no getenv() call anywhere in this file; Nx[] is an unrelated fixed crypto buffer,hostap_full_audit_0.4.169,high
ARR01-C,hostap,src/common/dpp.c,4235,FP,"sizeof(conf->kid_hash)/sizeof(*intro) on a real struct member or *ptr, not a decayed array parameter",hostap_full_audit_0.4.169,high
ARR01-C,hostap,src/common/dpp.c,4369,FP,"sizeof(conf->kid_hash)/sizeof(*intro) on a real struct member or *ptr, not a decayed array parameter",hostap_full_audit_0.4.169,high
API00-C,hostap,src/common/dpp.c,4374,FP,"connector is an internal-only arg from local config, never externally nullable",hostap_full_audit_0.4.169,high
EXP33-C,hostap,src/common/dpp.c,4414,FP,"tmp is dl_list_for_each_safe's macro-internal next-pointer, initialized in the macro's for-loop init clause",hostap_full_audit_0.4.169,high
API00-C,hostap,src/common/dpp.c,4433,FP,"uri is a ctrl_iface command string, already validated non-NULL by the ctrl_iface dispatcher",hostap_full_audit_0.4.169,high
DCL30-C,hostap,src/common/dpp.c,4448,FP,"bi comes from dpp_parse_uri()'s os_zalloc (heap) or from dpp->bootstrap's persistent dl_list, not stack storage",hostap_full_audit_0.4.169,high
DCL30-C,hostap,src/common/dpp.c,4467,FP,"bi comes from dpp_parse_uri()'s os_zalloc (heap) or from dpp->bootstrap's persistent dl_list, not stack storage",hostap_full_audit_0.4.169,high
EXP33-C,hostap,src/common/dpp.c,4520,FP,sizeof(*ptr) is a non-evaluating context; *ptr is not actually dereferenced at runtime,hostap_full_audit_0.4.169,high
DCL30-C,hostap,src/common/dpp.c,4585,FP,"bi comes from dpp_parse_uri()'s os_zalloc (heap) or from dpp->bootstrap's persistent dl_list, not stack storage",hostap_full_audit_0.4.169,high
ERR07-C,hostap,src/common/dpp.c,4598,FP,"atoi() result is immediately range-checked via `if (id_val == 0) return -1;`, rejecting non-numeric input",hostap_full_audit_0.4.169,high
ERR34-C,hostap,src/common/dpp.c,4598,FP,"atoi() result is immediately range-checked via `if (id_val == 0) return -1;`, rejecting non-numeric input",hostap_full_audit_0.4.169,high
API00-C,hostap,src/common/dpp.c,4618,FP,"reply is the ctrl_iface caller-supplied output buffer, always valid by dispatcher contract",hostap_full_audit_0.4.169,high
MEM05-C,hostap,src/common/dpp.c,4622,FP,"pkhash[2*SHA256_MAC_LEN+1] is a fixed compile-time-constant-sized array, not a VLA",hostap_full_audit_0.4.169,high
ARR30-C,hostap,src/common/dpp.c,4637,FP,"&supp_curves[sizeof(supp_curves)] is the standard one-past-the-end `end` pointer idiom, never dereferenced",hostap_full_audit_0.4.169,high
ARR00-C,hostap,src/common/dpp.c,4655,FP,"pos[-1] is a relative offset from a pointer already advanced past 'supp_curves=' + at least one entry, not a negative absolute index",hostap_full_audit_0.4.169,high
ARR30-C,hostap,src/common/dpp.c,4655,FP,"pos[-1] is a relative offset from a pointer already advanced past 'supp_curves=' + at least one entry, not a negative absolute index",hostap_full_audit_0.4.169,high
ARR00-C,hostap,src/common/dpp.c,4656,FP,"pos[-1] is a relative offset from a pointer already advanced past 'supp_curves=' + at least one entry, not a negative absolute index",hostap_full_audit_0.4.169,high
ARR30-C,hostap,src/common/dpp.c,4656,FP,"pos[-1] is a relative offset from a pointer already advanced past 'supp_curves=' + at least one entry, not a negative absolute index",hostap_full_audit_0.4.169,high
EXP30-C,hostap,src/common/dpp.c,4672,FP,"wpabuf_head()/wpabuf_len() (or similar pure accessor) sibling-argument pair, no real side effects",hostap_full_audit_0.4.169,high
DCL30-C,hostap,src/common/dpp.c,4731,FP,"bi is the dl_list_for_each loop var over dpp->bootstrap, a persistent heap-backed list, not a function-local stack object -- assigning it through the out-param is the function's whole purpose",hostap_full_audit_0.4.169,high
DCL30-C,hostap,src/common/dpp.c,4739,FP,"bi is the dl_list_for_each loop var over dpp->bootstrap, a persistent heap-backed list, not a function-local stack object -- assigning it through the out-param is the function's whole purpose",hostap_full_audit_0.4.169,high
DCL30-C,hostap,src/common/dpp.c,4760,FP,"bi comes from dl_list_for_each over dpp->bootstrap's persistent list, not stack storage",hostap_full_audit_0.4.169,high
DCL13-C,hostap,src/common/dpp.c,4817,TP,"dpp_nfc_update_bi_key only reads peer_bi->curve, never writes through peer_bi",hostap_full_audit_0.4.169,med
MSC07-C,hostap,src/common/dpp.c,4833,FP,"goto-blindness: CFG doesn't connect goto fail/label to its target, straight-line code after return is reached via goto",hostap_full_audit_0.4.169,high
API00-C,hostap,src/common/dpp.c,4864,FP,"dpp/cmd are internal ctrl_iface dispatch args (global dpp handle + command string), never externally nullable",hostap_full_audit_0.4.169,high
API00-C,hostap,src/common/dpp.c,4864,FP,"dpp/cmd are internal ctrl_iface dispatch args (global dpp handle + command string), never externally nullable",hostap_full_audit_0.4.169,high
MEM31-C,hostap,src/common/dpp.c,4917,FP,curve is freed then reassigned via a fresh get_param() call before the second free -- not a double free of the same allocation,hostap_full_audit_0.4.169,high
MEM12-C,hostap,src/common/dpp.c,4923,FP,"success path falls straight through into the shared fail: cleanup label (no goto needed), so bin_clear_free(privkey/pp_key) always runs -- goto/label-blindness",hostap_full_audit_0.4.169,high
API00-C,hostap,src/common/dpp.c,4927,FP,"cmd is an internal ctrl_iface command string, never externally nullable",hostap_full_audit_0.4.169,high
ERR07-C,hostap,src/common/dpp.c,4933,TP,id=atoi(cmd) used as a bare lookup key with no narrow range check -- matches the established 'lookup-key atoi' TP convention,hostap_full_audit_0.4.169,low
ERR34-C,hostap,src/common/dpp.c,4933,TP,id=atoi(cmd) used as a bare lookup key with no narrow range check -- matches the established 'lookup-key atoi' TP convention,hostap_full_audit_0.4.169,low
EXP33-C,hostap,src/common/dpp.c,4961,FP,"tmp is dl_list_for_each_safe's macro-internal next-pointer, initialized in the macro's for-loop init clause",hostap_full_audit_0.4.169,high
ERR07-C,hostap,src/common/dpp.c,4983,FP,"atoi() result is immediately range-checked via `if (id_val == 0) return -1;`, rejecting non-numeric input",hostap_full_audit_0.4.169,high
ERR34-C,hostap,src/common/dpp.c,4983,FP,atoi() result immediately checked (==0 -> return -1); extends sae_pk_gen.c range-checked-atoi FP judgment.,hostap_full_audit_0.4.169,med
API00-C,hostap,src/common/dpp.c,4992,FP,"Internal-only API, buf forwarded unchecked to dpp_configurator_get_key; matches confirmed API00-C internal-API default.",hostap_full_audit_0.4.169,med
API05-C,hostap,src/common/dpp.c,4993,FP,"buf/buflen is the confirmed ptr+size_t companion-param idiom, not a real conformant-array-syntax gap.",hostap_full_audit_0.4.169,high
EXP33-C,hostap,src/common/dpp.c,5034,FP,sizeof(*conf) is a non-evaluated context; confirmed sizeof(*ptr) EXP33-C misfire class.,hostap_full_audit_0.4.169,high
DCL30-C,hostap,src/common/dpp.c,5065,FP,"conf is a dl_list_for_each iteration var pointing into a heap-linked list node, not automatic storage; confirmed FP sub-class.",hostap_full_audit_0.4.169,high
EXP33-C,hostap,src/common/dpp.c,5077,FP,sizeof(*dpp) never evaluates operand; confirmed sizeof(*ptr) EXP33-C misfire class.,hostap_full_audit_0.4.169,high
DCL30-C,hostap,src/common/dpp.c,5093,FP,"dpp is os_zalloc'd heap memory, not automatic storage; confirmed comeback_token.c-style DCL30-C FP class.",hostap_full_audit_0.4.169,high
API00-C,hostap,src/common/dpp.c,5112,FP,dpp_global_clear() already NULL-checks internally and os_free(NULL) is safe; no real risk.,hostap_full_audit_0.4.169,high
DCL13-C,hostap,src/common/dpp.c,5119,TP,"Plain read-only helper; auth only reaches nested fields (msg_ctx), never itself forwarded to a non-const/vtable call - genuine low-severity const opportunity.",hostap_full_audit_0.4.169,low
MEM05-C,hostap,src/common/dpp.c,5122,FP,"hex[SHA256_MAC_LEN*2+1] is a fixed-size array sized by macro constants, not a VLA; confirmed MEM05-C misfire class.",hostap_full_audit_0.4.169,high
DCL13-C,hostap,src/common/dpp.c,5139,TP,bi only read to reach bi->pubkey_hash_chirp forwarded as const u8*; never itself passed to a fixed-signature callback - genuine low-severity opportunity.,hostap_full_audit_0.4.169,low
DCL30-C,hostap,src/common/dpp.c,5153,FP,"msg comes from dpp_alloc_msg()->wpabuf_alloc() (heap), not automatic storage; confirmed DCL30-C heap FP class.",hostap_full_audit_0.4.169,high
API00-C,hostap,src/common/dpp.c,5157,FP,"msg_ctx forwarded to logging wpa_msg(); internal notify path, no NULL-check convention elsewhere in file.",hostap_full_audit_0.4.169,med
API00-C,hostap,src/common/dpp.c,5157,FP,"src only used via MAC2STR macro (read-only), internal-only chirp-notify API, matches API00-C internal default.",hostap_full_audit_0.4.169,med
MEM05-C,hostap,src/common/dpp.c,5160,FP,"hex[SHA256_MAC_LEN*2+1] fixed-size macro-sized array, not a VLA; confirmed MEM05-C misfire class.",hostap_full_audit_0.4.169,high
API00-C,hostap,src/common/dpp.c,5173,FP,"bi dereferenced unconditionally, but no NULL-check convention exists for bi anywhere in this file (no internal-consistency argument); internal-only API default.",hostap_full_audit_0.4.169,med
DCL13-C,hostap,src/common/dpp.c,5173,TP,"bi read-only, only bi->pubkey_hash_chirp field forwarded (as const); genuine low-severity const opportunity, same class as line 5139.",hostap_full_audit_0.4.169,low
DCL30-C,hostap,src/common/dpp.c,5204,FP,msg from dpp_alloc_msg() heap allocation; confirmed DCL30-C heap FP class.,hostap_full_audit_0.4.169,high
API00-C,hostap,src/common/dpp.c,5208,FP,bi dereferenced unconditionally but no file-wide NULL-check convention for bi; internal-only API default.,hostap_full_audit_0.4.169,med
API00-C,hostap,src/common/dpp.c,5208,FP,c_nonce only used via wpabuf_put_data with a caller-owned fixed-length buffer; internal-only API default.,hostap_full_audit_0.4.169,med
API00-C,hostap,src/common/dpp.c,5208,FP,"c_nonce_len is ifaces->dpp_pb_bi->curve->nonce_len (internal curve-derived constant, not attacker-controlled) - no overflow path.",hostap_full_audit_0.4.169,high
DCL13-C,hostap,src/common/dpp.c,5208,TP,"bi read-only, only bi->pubkey_hash_chirp field forwarded (as const); same genuine low-severity class as lines 5139/5173.",hostap_full_audit_0.4.169,low
MSC01-C,hostap,src/common/dpp.c,5234,FP,"CONFIG_TESTING_OPTIONS-gated if/else-if debug-injection branches; non-exhaustive by design, normal case is neither condition; confirmed MSC01-C guard-clause FP class.",hostap_full_audit_0.4.169,high
DCL30-C,hostap,src/common/dpp.c,5260,FP,msg from dpp_alloc_msg() heap allocation; confirmed DCL30-C heap FP class.,hostap_full_audit_0.4.169,high
PRE08-C,hostap,src/drivers/driver_nl80211_event.c,16,TP,"qca-vendor.h/qca-vendor-attr.h genuinely share first 8 chars; PRE08-C literal-true low-value TP, not a misfire (categorical_patterns.md dbus_common.h precedent).",hostap_full_audit_0.4.169,low
PRE08-C,hostap,src/drivers/driver_nl80211_event.c,19,TP,ieee802_11_defs.h/ieee802_11_common.h genuinely share first 8 chars; same literal-true low-value TP disposition as :16.,hostap_full_audit_0.4.169,low
PRE00-C,hostap,src/drivers/driver_nl80211_event.c,32,FP,"C2S(x): x only used as case-label/#-stringized, never runtime-evaluated; category error, matches confirmed token-paste/stringize-only-param FP class.",hostap_full_audit_0.4.169,high
PRE01-C,hostap,src/drivers/driver_nl80211_event.c,32,FP,"x is always a bare enum identifier (never a compound expr); parenthesizing is meaningless, same category-error class as PRE00-C here.",hostap_full_audit_0.4.169,high
PRE05-C,hostap,src/drivers/driver_nl80211_event.c,32,FP,"Call sites always pass bare enum tokens, never macros needing pre-expansion before #x; matches confirmed PRE05-C FP sub-class.",hostap_full_audit_0.4.169,high
PRE11-C,hostap,src/drivers/driver_nl80211_event.c,32,TP,"Macro body literally ends with `;` per rule text; low real-world hazard since always invoked bare in switch-case, not an unbraced if, but technically correct per established SM_ENTRY-family disposition.",hostap_full_audit_0.4.169,low
PRE12-C,hostap,src/drivers/driver_nl80211_event.c,32,FP,Same token-paste/stringize-only-param category error as PRE00-C; x is never runtime-evaluated multiple times.,hostap_full_audit_0.4.169,high
DCL31-C,hostap,src/drivers/driver_nl80211_event.c,34,FP,"Mislocated: line 34 is inside the C2S macro expansion in a switch body, not a function definition or call site at all — factual error.",hostap_full_audit_0.4.169,high
MSC37-C,hostap,src/drivers/driver_nl80211_event.c,34,FP,"Function has explicit `return ""NL80211_CMD_UNKNOWN"";` after the switch (line 198), so it always returns; also mislocated at line 34.",hostap_full_audit_0.4.169,high
DCL31-C,hostap,src/drivers/driver_nl80211_event.c,202,FP,"mlme_event_auth is defined here (line 202) and called at :1873, ~1670 lines later; matches confirmed same-file-distance DCL31-C blind-spot FP class.",hostap_full_audit_0.4.169,high
INT14-C,hostap,src/drivers/driver_nl80211_event.c,202,FP,drv->capa.flags (bitwise &) misattributed to base pointer drv; drv itself never used arithmetically — struct-pointer/member conflation FP class.,hostap_full_audit_0.4.169,high
ARR39-C,hostap,src/drivers/driver_nl80211_event.c,237,FP,"len - 24 - sizeof(...) is pure size_t/int arithmetic, no pointer operand; matches confirmed ""sizeof term but no pointer"" ARR39-C FP class.",hostap_full_audit_0.4.169,high
MEM05-C,hostap,src/drivers/driver_nl80211_event.c,247,FP,"wmm_info[NL80211_STA_WME_MAX+1] is a fixed compile-time-constant-sized array, not a VLA; confirmed MEM05-C fixed-size misfire class.",hostap_full_audit_0.4.169,high
CON03-C,hostap,src/drivers/driver_nl80211_event.c,248,FP,"wme_policy is a static write-once nla_policy table, initialized once and only read by nla_parse_nested; confirmed CON03-C static-table FP class.",hostap_full_audit_0.4.169,high
MEM05-C,hostap,src/drivers/driver_nl80211_event.c,248,FP,"Fixed compile-time-constant-sized array (NL80211_STA_WME_MAX+1), not a VLA; same class as :247.",hostap_full_audit_0.4.169,high
EXP33-C,hostap,src/drivers/driver_nl80211_event.c,253,FP,wmm_info is an output array filled by nla_parse_nested(); confirmed EXP33-C output-param-not-a-read FP class.,hostap_full_audit_0.4.169,high
EXP39-C,hostap,src/drivers/driver_nl80211_event.c,299,FP,"event is a fresh, freshly-memset local union in this function; ""after writing to auth"" cites an unrelated function's distinct local — confirmed cross-function union conflation bug.",hostap_full_audit_0.4.169,high
ARR39-C,hostap,src/drivers/driver_nl80211_event.c,304,FP,"len - 24 - sizeof(mgmt->u.assoc_resp) is pure integer bounds arithmetic, no pointer operand; same class as :237.",hostap_full_audit_0.4.169,high
EXP39-C,hostap,src/drivers/driver_nl80211_event.c,317,FP,Same fresh-local-union cross-function conflation bug as :299; event is memset at :316 in this function.,hostap_full_audit_0.4.169,high
ARR39-C,hostap,src/drivers/driver_nl80211_event.c,322,FP,"Pure integer length arithmetic with sizeof term, no pointer operand; same confirmed class as :237.",hostap_full_audit_0.4.169,high
MEM05-C,hostap,src/drivers/driver_nl80211_event.c,354,FP,"tb[NL80211_ATTR_MAX+1] fixed compile-time size, not a VLA.",hostap_full_audit_0.4.169,high
MEM05-C,hostap,src/drivers/driver_nl80211_event.c,355,FP,"tb_sta_info[...+1] fixed compile-time size, not a VLA.",hostap_full_audit_0.4.169,high
EXP30-C,hostap,src/drivers/driver_nl80211_event.c,360,FP,genlmsg_attrdata/genlmsg_attrlen are pure read accessors with no side effects; confirmed EXP30-C pure-accessor-args FP class.,hostap_full_audit_0.4.169,high
EXP33-C,hostap,src/drivers/driver_nl80211_event.c,360,FP,"tb is nla_parse's output array, filled in this same call; confirmed output-param FP class.",hostap_full_audit_0.4.169,high
EXP30-C,hostap,src/drivers/driver_nl80211_event.c,368,FP,"nla_data/nla_len are pure accessors, no side effects; same class as :360.",hostap_full_audit_0.4.169,high
EXP33-C,hostap,src/drivers/driver_nl80211_event.c,368,FP,tb_sta_info is nla_parse's output array; same output-param class as :360.,hostap_full_audit_0.4.169,high
CON33-C,hostap,src/drivers/driver_nl80211_event.c,404,FP,No pthread usage in this file; confirmed CON33-C strerror() no-pthread FP class.,hostap_full_audit_0.4.169,high
CON34-C,hostap,src/drivers/driver_nl80211_event.c,404,FP,Same no-pthread strerror() FP class as CON33-C above.,hostap_full_audit_0.4.169,high
INT32-C,hostap,src/drivers/driver_nl80211_event.c,404,FP,"ret is send_and_recv_resp's small bounded errno-range return value, never realistically INT_MIN; confirmed strerror(-ret) negation FP class.",hostap_full_audit_0.4.169,high
MEM05-C,hostap,src/drivers/driver_nl80211_event.c,438,FP,"tb[QCA_WLAN_VENDOR_ATTR_LINK_RECONFIG_MAX+1] fixed compile-time size, not a VLA.",hostap_full_audit_0.4.169,high
EXP33-C,hostap,src/drivers/driver_nl80211_event.c,446,FP,tb is nla_parse's output array; confirmed output-param FP class.,hostap_full_audit_0.4.169,high
EXP36-C,hostap,src/drivers/driver_nl80211_event.c,447,TP,Cast from char* netlink attr data to struct nlattr* — alignment not proven in-function; graded genuine low-severity TP per established EXP36-C disposition.,hostap_full_audit_0.4.169,low
EXP33-C,hostap,src/drivers/driver_nl80211_event.c,492,FP,"i is the for_each_link() loop macro's induction variable, initialized inside the macro expansion sqc doesn't see; confirmed for_each_link-macro EXP33-C FP class.",hostap_full_audit_0.4.169,high
MEM05-C,hostap,src/drivers/driver_nl80211_event.c,512,FP,"tb[QCA_WLAN_VENDOR_ATTR_MLO_LINK_MAX+1] fixed compile-time size, not a VLA.",hostap_full_audit_0.4.169,high
EXP30-C,hostap,src/drivers/driver_nl80211_event.c,515,FP,"nla_data/nla_len pure accessors, no side effects; confirmed pure-accessor-args FP class.",hostap_full_audit_0.4.169,high
EXP33-C,hostap,src/drivers/driver_nl80211_event.c,515,FP,tb is nla_parse's output array; confirmed output-param FP class.,hostap_full_audit_0.4.169,high
EXP30-C,hostap,src/drivers/driver_nl80211_event.c,534,FP,nla_data/nla_len pure accessors; same class as :515.,hostap_full_audit_0.4.169,high
MEM05-C,hostap,src/drivers/driver_nl80211_event.c,551,FP,"tb[NL80211_ATTR_MAX+1] fixed compile-time size, not a VLA.",hostap_full_audit_0.4.169,high
EXP30-C,hostap,src/drivers/driver_nl80211_event.c,554,FP,nla_data/nla_len pure accessors; same class as :515.,hostap_full_audit_0.4.169,high
EXP33-C,hostap,src/drivers/driver_nl80211_event.c,554,FP,tb output array filled by this same nla_parse call; confirmed output-param FP class.,hostap_full_audit_0.4.169,high
EXP30-C,hostap,src/drivers/driver_nl80211_event.c,579,FP,MAC2STR macro-expanded logging args are side-effect-free array reads; confirmed macro-expanded-logging-args FP class.,hostap_full_audit_0.4.169,high
EXP33-C,hostap,src/drivers/driver_nl80211_event.c,633,FP,Every path reaching the use of sta_profile passes through its assignment at :640; the only path skipping it (:637 goto) also skips the use — goto-blind CFG FP.,hostap_full_audit_0.4.169,high
ARR37-C,hostap,src/drivers/driver_nl80211_event.c,651,FP,"sta_profile is a plain const u8* pointing into a larger buffer; subscripting it is idiomatic pointer indexing, not a ""non-array pointer"" violation — confirmed ARR37-C misfire class.",hostap_full_audit_0.4.169,high
EXP30-C,hostap,src/drivers/driver_nl80211_event.c,676,FP,nla_data/nla_len pure accessors passed to ieee802_11_parse_elems; same pure-accessor-args class.,hostap_full_audit_0.4.169,high
EXP30-C,hostap,src/drivers/driver_nl80211_event.c,678,FP,Same pure-accessor-args class as :676.,hostap_full_audit_0.4.169,high
EXP33-C,hostap,src/drivers/driver_nl80211_event.c,685,FP,"req_elems is ieee802_11_parse_elems's output param, unconditionally memset by the callee; confirmed output-param-uninitialized FP class.",hostap_full_audit_0.4.169,high
EXP33-C,hostap,src/drivers/driver_nl80211_event.c,696,FP,resp_elems is the same output-param shape as :685.,hostap_full_audit_0.4.169,high
MEM31-C,hostap,src/drivers/driver_nl80211_event.c,705,FP,mle is reassigned to a new wpabuf at :696 between the :694 and :705 frees — not a double free of the same allocation; confirmed free-then-reassign FP class.,hostap_full_audit_0.4.169,high
EXP30-C,hostap,src/drivers/driver_nl80211_event.c,770,FP,"wpa_printf format args here are plain reads (req_info.non_assoc_links etc.), no side effects; pure-accessor-args class.",hostap_full_audit_0.4.169,high
MEM05-C,hostap,src/drivers/driver_nl80211_event.c,814,FP,"tb[QCA_WLAN_VENDOR_ATTR_TID_TO_LINK_MAP_MAX+1] fixed compile-time size, not a VLA.",hostap_full_audit_0.4.169,high
EXP33-C,hostap,src/drivers/driver_nl80211_event.c,822,FP,tb is nla_parse's output array; confirmed output-param FP class.,hostap_full_audit_0.4.169,high
EXP36-C,hostap,src/drivers/driver_nl80211_event.c,823,TP,"Cast from char* netlink data to struct nlattr*, alignment unproven in-function; same low-severity TP disposition as :447.",hostap_full_audit_0.4.169,low
EXP39-C,hostap,src/drivers/driver_nl80211_event.c,856,FP,"event is a fresh local union in this function, memset at :820; ""after writing to auth"" cites an unrelated function's local — confirmed cross-function conflation.",hostap_full_audit_0.4.169,high
MEM05-C,hostap,src/drivers/driver_nl80211_event.c,866,FP,"tb[NL80211_ATTR_MAX+1] fixed compile-time size, not a VLA.",hostap_full_audit_0.4.169,high
EXP33-C,hostap,src/drivers/driver_nl80211_event.c,869,FP,tid is nla_parse_nested's output array; confirmed output-param FP class.,hostap_full_audit_0.4.169,high
EXP33-C,hostap,src/drivers/driver_nl80211_event.c,896,FP,i is for_each_link()'s macro-internal induction variable; same class as :492.,hostap_full_audit_0.4.169,high
MEM05-C,hostap,src/drivers/driver_nl80211_event.c,937,FP,"tb[NL80211_ATTR_MAX+1] fixed compile-time size, not a VLA.",hostap_full_audit_0.4.169,high
EXP30-C,hostap,src/drivers/driver_nl80211_event.c,940,FP,nla_data/nla_len pure accessors; pure-accessor-args class.,hostap_full_audit_0.4.169,high
EXP33-C,hostap,src/drivers/driver_nl80211_event.c,940,FP,tb output array filled by this same nla_parse call; output-param FP class.,hostap_full_audit_0.4.169,high
ARR01-C,hostap,src/drivers/driver_nl80211_event.c,961,FP,"sizeof(drv->sta_mlo_info.links[i]) sizes a fully-dereferenced struct element, not the decayed drv parameter itself; confirmed sizeof(ptr->member) misattribution class.",hostap_full_audit_0.4.169,high
DCL13-C,hostap,src/drivers/driver_nl80211_event.c,973,TP,"timed_out is only read (!= NULL check) in this plain internal static helper, never forwarded to a mutator; genuine if low-value TP.",hostap_full_audit_0.4.169,low
MSC01-C,hostap,src/drivers/driver_nl80211_event.c,1008,FP,Deliberate dispatch: unmatched cmd values are silently ignored (no logging action needed); confirmed no-final-else guard-clause FP class.,hostap_full_audit_0.4.169,high
ARR01-C,hostap,src/drivers/driver_nl80211_event.c,1074,FP,"sizeof(drv->sta_mlo_info) sizes a real struct field via drv, not the decayed drv pointer itself; same misattribution class as :961.",hostap_full_audit_0.4.169,high
EXP34-C,hostap,src/drivers/driver_nl80211_event.c,1108,FP,!ssid short-circuits the && before ssid[1] is ever accessed; sqc misses short-circuit evaluation order — factually not a null deref.,hostap_full_audit_0.4.169,high
DCL13-C,hostap,src/drivers/driver_nl80211_event.c,1183,TP,addr is never used/modified in this static helper; could be const. Genuine if low-value TP.,hostap_full_audit_0.4.169,low
DCL13-C,hostap,src/drivers/driver_nl80211_event.c,1184,TP,"by_ap is only compared to NULL, never modified, in this static helper; genuine if low-value TP.",hostap_full_audit_0.4.169,low
INT32-C,hostap,src/drivers/driver_nl80211_event.c,1253,FP,"freq/freq1 are bounded 802.11 channel-frequency values (MHz-range), never realistically near INT_MIN; extends the ""rule doesn't see realistic domain bounds"" INT32-C FP family to abs().",hostap_full_audit_0.4.169,med
MSC01-C,hostap,src/drivers/driver_nl80211_event.c,1289,FP,"switch(convert2width(width)) enumerates every CHAN_WIDTH_* value with its own case; exhaustive-enum-switch, no default needed — confirmed guard-clause pedantry class.",hostap_full_audit_0.4.169,high
EXP30-C,hostap,src/drivers/driver_nl80211_event.c,1304,FP,Args are wpa_printf format reads with no side effects; pure-accessor-args class.,hostap_full_audit_0.4.169,high
EXP39-C,hostap,src/drivers/driver_nl80211_event.c,1315,FP,"data is a fresh local union in mlme_event_ch_switch, memset at :1314; cross-function ""auth"" conflation, same confirmed bug.",hostap_full_audit_0.4.169,high
EXP34-C,hostap,src/drivers/driver_nl80211_event.c,1343,FP,nl80211_get_link() always returns bss->flink or &bss->links[link_id] — never NULL by its own implementation; callee-never-returns-NULL FP class.,hostap_full_audit_0.4.169,high
DCL13-C,hostap,src/drivers/driver_nl80211_event.c,1387,TP,"drv is only read via drv->ctx in this static helper, never modified; genuine if low-value TP.",hostap_full_audit_0.4.169,low
EXP39-C,hostap,src/drivers/driver_nl80211_event.c,1407,FP,"event is a fresh local union in mlme_timeout_event, memset at :1406; same cross-function ""auth"" conflation bug.",hostap_full_audit_0.4.169,high
EXP39-C,hostap,src/drivers/driver_nl80211_event.c,1439,FP,"event is a fresh local union in mlme_event_mgmt, memset at :1437; same cross-function conflation bug.",hostap_full_audit_0.4.169,high
EXP30-C,hostap,src/drivers/driver_nl80211_event.c,1442,FP,MAC2STR/format args are side-effect-free reads; macro-expanded-logging-args FP class.,hostap_full_audit_0.4.169,high
EXP30-C,hostap,src/drivers/driver_nl80211_event.c,1472,FP,Format args are plain reads; pure-accessor-args class.,hostap_full_audit_0.4.169,high
MSC01-C,hostap,src/drivers/driver_nl80211_event.c,1505,FP,Deliberate guard-clause dispatch (AP-interface / STA-interface stype checks); unmatched case intentionally falls through. Confirmed no-final-else FP class.,hostap_full_audit_0.4.169,high
EXP39-C,hostap,src/drivers/driver_nl80211_event.c,1513,FP,"event is a fresh local union in mlme_event_mgmt_tx_status, memset at :1512; same cross-function conflation bug.",hostap_full_audit_0.4.169,high
EXP30-C,hostap,src/drivers/driver_nl80211_event.c,1564,FP,Format args are plain reads (MACSTR/bssid etc.); pure-accessor-args class.,hostap_full_audit_0.4.169,high
EXP30-C,hostap,src/drivers/driver_nl80211_event.c,1581,FP,Format args are plain reads; pure-accessor-args class.,hostap_full_audit_0.4.169,high
EXP39-C,hostap,src/drivers/driver_nl80211_event.c,1613,FP,"event is a fresh local union in mlme_event_deauth_disassoc, memset at :1606; same cross-function conflation bug.",hostap_full_audit_0.4.169,high
EXP39-C,hostap,src/drivers/driver_nl80211_event.c,1623,FP,"Same fresh-local-union conflation bug, different branch of the same function as :1613.",hostap_full_audit_0.4.169,high
DCL13-C,hostap,src/drivers/driver_nl80211_event.c,1653,TP,"drv is only read via drv->ctx in this static helper, never modified; genuine if low-value TP.",hostap_full_audit_0.4.169,low
EXP39-C,hostap,src/drivers/driver_nl80211_event.c,1677,FP,"event is a fresh local union in mlme_event_unprot_disconnect, memset at :1671; same cross-function conflation bug.",hostap_full_audit_0.4.169,high
EXP39-C,hostap,src/drivers/driver_nl80211_event.c,1681,FP,"Same fresh-local-union conflation bug, else-branch of the same function as :1677.",hostap_full_audit_0.4.169,high
DCL13-C,hostap,src/drivers/driver_nl80211_event.c,1690,TP,"drv is only read via drv->ctx in mlme_event_unprot_beacon, never modified; genuine if low-value TP.",hostap_full_audit_0.4.169,low
EXP39-C,hostap,src/drivers/driver_nl80211_event.c,1702,FP,"event is a fresh local union in mlme_event_unprot_beacon, memset at :1701; same cross-function conflation bug.",hostap_full_audit_0.4.169,high
ARR39-C,hostap,src/drivers/driver_nl80211_event.c,1729,FP,"len < 24+1+sizeof(...) is pure size_t bounds arithmetic, no pointer operand; same ""sizeof term, no pointer"" FP class as :237.",hostap_full_audit_0.4.169,high
EXP39-C,hostap,src/drivers/driver_nl80211_event.c,1736,FP,"event is a fresh local union in mlme_event_link_addition, memset at :1725; same cross-function conflation bug.",hostap_full_audit_0.4.169,high
ARR36-C,hostap,src/drivers/driver_nl80211_event.c,1738,FP,"resp_ie derives from mgmt, which is (struct ieee80211_mgmt*)frame — the same underlying buffer as frame/end, not a different array; confirmed same-buffer-reinterpret-cast ARR36-C FP class.",hostap_full_audit_0.4.169,high
ARR00-C,hostap,src/drivers/driver_nl80211_event.c,1761,FP,end and resp_ie both derive from the single frame buffer via the mgmt overlay cast; same-buffer reinterpret-cast FP class.,hostap_full_audit_0.4.169,high
ARR36-C,hostap,src/drivers/driver_nl80211_event.c,1761,FP,Same same-buffer-reinterpret-cast FP class as :1738.,hostap_full_audit_0.4.169,high
DCL13-C,hostap,src/drivers/driver_nl80211_event.c,1771,TP,"bss is only read (bss->valid_links, bss->links[i].freq) in this static helper; genuine if low-value TP.",hostap_full_audit_0.4.169,low
EXP33-C,hostap,src/drivers/driver_nl80211_event.c,1777,FP,i is for_each_link()'s macro-internal induction variable; same for_each_link-macro FP class as :492.,hostap_full_audit_0.4.169,high
DCL13-C,hostap,src/drivers/driver_nl80211_event.c,1786,TP,"timed_out is only tested for NULL in mlme_event, never modified; genuine if low-value TP.",hostap_full_audit_0.4.169,low
MEM10-C,hostap,src/drivers/driver_nl80211_event.c,1804,FP,"Stylistic ""use a validation function"" suggestion, not a real defect; confirmed MEM10-C ad-hoc-NULL-check stylistic FP class.",hostap_full_audit_0.4.169,high
DCL31-C,hostap,src/drivers/driver_nl80211_event.c,1807,FP,nl80211_command_to_string is defined at :30 and called here ~1777 lines later; confirmed same-file-distance DCL31-C blind-spot FP class.,hostap_full_audit_0.4.169,high
MSC01-C,hostap,src/drivers/driver_nl80211_event.c,1815,FP,"link_id defaults to -1 and the if/else-if is an intentional priority fallback (explicit link id, else frequency match); confirmed no-final-else guard-clause FP class.",hostap_full_audit_0.4.169,high
EXP30-C,hostap,src/drivers/driver_nl80211_event.c,1824,FP,"Format args (nl80211_command_to_string, MAC2STR, bss->ifname) are side-effect-free reads/pure calls; pure-accessor-args class.",hostap_full_audit_0.4.169,high
DCL31-C,hostap,src/drivers/driver_nl80211_event.c,1826,FP,Same same-file-distance FP class as :1807.,hostap_full_audit_0.4.169,high
EXP30-C,hostap,src/drivers/driver_nl80211_event.c,1830,FP,Same pure-accessor-args logging-format class as :1824.,hostap_full_audit_0.4.169,high
DCL31-C,hostap,src/drivers/driver_nl80211_event.c,1832,FP,Same same-file-distance FP class as :1807.,hostap_full_audit_0.4.169,high
INT14-C,hostap,src/drivers/driver_nl80211_event.c,1833,FP,"data is a plain byte-buffer pointer accessed with bitwise ops on bytes (data[4]&0x01) elsewhere and arithmetically indexed (data+4) here; not the same variable doing both, category-error conflation.",hostap_full_audit_0.4.169,high
EXP36-C,hostap,src/drivers/driver_nl80211_event.c,1843,TP,"Cast from char* netlink data to const struct ieee80211_mgmt*, alignment unproven in-function; same low-severity TP disposition as :447.",hostap_full_audit_0.4.169,low
MSC01-C,hostap,src/drivers/driver_nl80211_event.c,1854,FP,Deliberate PASN vs. general-frame dispatch; the fallthrough (neither branch) intentionally proceeds to the common frame-filter code below. Confirmed no-final-else FP class.,hostap_full_audit_0.4.169,high
EXP30-C,hostap,src/drivers/driver_nl80211_event.c,1868,FP,nla_data/nla_len pure accessors in wpa_hexdump; pure-accessor-args class.,hostap_full_audit_0.4.169,high
DCL31-C,hostap,src/drivers/driver_nl80211_event.c,1873,FP,mlme_event_auth is defined at :202 and called here ~1670 lines later; same same-file-distance FP class as :1807.,hostap_full_audit_0.4.169,high
EXP30-C,hostap,src/drivers/driver_nl80211_event.c,1873,FP,nla_data/nla_len pure accessors passed to mlme_event_auth; pure-accessor-args class.,hostap_full_audit_0.4.169,high
EXP30-C,hostap,src/drivers/driver_nl80211_event.c,1876,FP,nla_data/nla_len pure accessors; same class as :1873.,hostap_full_audit_0.4.169,high
EXP30-C,hostap,src/drivers/driver_nl80211_event.c,1880,FP,nla_data/nla_len pure accessors; same class as :1873.,hostap_full_audit_0.4.169,high
EXP30-C,hostap,src/drivers/driver_nl80211_event.c,1884,FP,nla_data/nla_len pure accessors; same class as :1873.,hostap_full_audit_0.4.169,high
EXP30-C,hostap,src/drivers/driver_nl80211_event.c,1888,FP,nla_data/nla_len pure accessors; same class as :1873.,hostap_full_audit_0.4.169,high
EXP30-C,hostap,src/drivers/driver_nl80211_event.c,1892,FP,nla_data/nla_len pure accessors; same class as :1873.,hostap_full_audit_0.4.169,high
EXP30-C,hostap,src/drivers/driver_nl80211_event.c,1896,FP,nla_data/nla_len pure accessors; same class as :1873.,hostap_full_audit_0.4.169,high
EXP30-C,hostap,src/drivers/driver_nl80211_event.c,1900,FP,nla_data/nla_len pure accessors; same class as :1873.,hostap_full_audit_0.4.169,high
EXP30-C,hostap,src/drivers/driver_nl80211_event.c,1904,FP,nla_data/nla_len pure accessors; same class as :1873.,hostap_full_audit_0.4.169,high
DCL13-C,hostap,src/drivers/driver_nl80211_event.c,1912,TP,"bss is only read via bss->ctx in mlme_event_michael_mic_failure, never modified; genuine if low-value TP.",hostap_full_audit_0.4.169,low
DCL13-C,hostap,src/drivers/driver_nl80211_event.c,1913,TP,"tb is only read (tb[NL80211_ATTR_*] lookups) in this plain internal helper, never modified; genuine if low-value TP.",hostap_full_audit_0.4.169,low
EXP30-C,hostap,src/drivers/driver_nl80211_event.c,1920,FP,nla_data/nla_len pure accessors in wpa_hexdump; pure-accessor-args class.,hostap_full_audit_0.4.169,high
EXP39-C,hostap,src/drivers/driver_nl80211_event.c,1923,FP,"data is a fresh local union in mlme_event_michael_mic_failure, memset at :1918; same cross-function conflation bug.",hostap_full_audit_0.4.169,high
EXP30-C,hostap,src/drivers/driver_nl80211_event.c,1926,FP,nla_data/nla_len pure accessors; same class as :1920.,hostap_full_audit_0.4.169,high
DCL13-C,hostap,src/drivers/driver_nl80211_event.c,1949,TP,"tb is only read (tb[NL80211_ATTR_MAC]) in mlme_event_join_ibss, never modified; genuine if low-value TP.",hostap_full_audit_0.4.169,low
DCL13-C,hostap,src/drivers/driver_nl80211_event.c,1980,TP,"tb is only read across several nla_get_u32/u64 lookups in mlme_event_remain_on_channel, never modified; genuine if low-value TP.",hostap_full_audit_0.4.169,low
EXP39-C,hostap,src/drivers/driver_nl80211_event.c,2019,FP,"data is a fresh local union in mlme_event_remain_on_channel, memset at :2018; same cross-function conflation bug.",hostap_full_audit_0.4.169,high
DCL13-C,hostap,src/drivers/driver_nl80211_event.c,2027,TP,"drv is only read via drv->ctx in mlme_event_ft_event, never modified; genuine if low-value TP.",hostap_full_audit_0.4.169,low
DCL13-C,hostap,src/drivers/driver_nl80211_event.c,2028,TP,"tb is only read (tb[NL80211_ATTR_IE]/IE_RIC/MAC) in mlme_event_ft_event, never modified; genuine if low-value TP.",hostap_full_audit_0.4.169,low
EXP39-C,hostap,src/drivers/driver_nl80211_event.c,2035,FP,"data is a fresh local union in mlme_event_ft_event, memset at :2032; same cross-function conflation bug.",hostap_full_audit_0.4.169,high
DCL13-C,hostap,src/drivers/driver_nl80211_event.c,2055,TP,"drv is only read (drv->nlmode check) in mlme_event_dh_event, never modified; genuine if low-value TP.",hostap_full_audit_0.4.169,low
DCL13-C,hostap,src/drivers/driver_nl80211_event.c,2056,TP,"bss is only read via bss->ctx/bss->valid_links in mlme_event_dh_event, never modified; genuine if low-value TP.",hostap_full_audit_0.4.169,low
DCL13-C,hostap,src/drivers/driver_nl80211_event.c,2057,TP,"tb is only read across several attribute lookups in mlme_event_dh_event, never modified; genuine if low-value TP.",hostap_full_audit_0.4.169,low
EXP39-C,hostap,src/drivers/driver_nl80211_event.c,2095,FP,"data is a fresh local union in mlme_event_dh_event, memset at :2068; same cross-function conflation bug.",hostap_full_audit_0.4.169,high
DCL13-C,hostap,src/drivers/driver_nl80211_event.c,2109,TP,"tb is only read (tb[NL80211_ATTR_SCAN_*]) in send_scan_event, never modified; genuine if low-value TP.",hostap_full_audit_0.4.169,low
ENV01-C,hostap,src/drivers/driver_nl80211_event.c,2117,FP,freqs[] has nothing to do with getenv(); zero environment-variable use in this function — confirmed ENV01-C wholesale zero-getenv misfire class.,hostap_full_audit_0.4.169,high
ENV01-C,hostap,src/drivers/driver_nl80211_event.c,2150,FP,msg[] is unrelated to getenv(); same zero-getenv misfire class as :2117.,hostap_full_audit_0.4.169,high
MEM05-C,hostap,src/drivers/driver_nl80211_event.c,2150,FP,"MAX_REPORT_FREQS*5+1 is a compile-time constant expression; msg[] is a fixed-size array, not a VLA.",hostap_full_audit_0.4.169,high
STR34-C,hostap,src/drivers/driver_nl80211_event.c,2155,FP,"*pos = '\0' is a plain char-to-char assignment (string terminator), not a widening conversion; confirmed STR34-C plain-assignment FP class.",hostap_full_audit_0.4.169,high
MSC01-C,hostap,src/drivers/driver_nl80211_event.c,2190,FP,"Deliberate: if mld_link exists but has no ctx, the code intentionally leaves ctx at its bss->ctx default; confirmed no-final-else guard-clause FP class.",hostap_full_audit_0.4.169,high
DCL13-C,hostap,src/drivers/driver_nl80211_event.c,2205,TP,"tb is only read (tb[NL80211_ATTR_CQM] etc.) in nl80211_cqm_event, never modified; genuine if low-value TP.",hostap_full_audit_0.4.169,low
CON03-C,hostap,src/drivers/driver_nl80211_event.c,2208,FP,"cqm_policy is a static write-once nla_policy table, only read by nla_parse_nested; same confirmed CON03-C static-table FP class as :248.",hostap_full_audit_0.4.169,high
MEM05-C,hostap,src/drivers/driver_nl80211_event.c,2208,FP,"cqm[NL80211_ATTR_CQM_MAX+1] fixed compile-time size, not a VLA.",hostap_full_audit_0.4.169,high
MEM05-C,hostap,src/drivers/driver_nl80211_event.c,2218,FP,"freqs[MAX_REPORT_FREQS] fixed compile-time size, not a VLA.",hostap_full_audit_0.4.169,high
EXP33-C,hostap,src/drivers/driver_nl80211_event.c,2224,FP,cqm is nla_parse_nested's output array; confirmed output-param FP class.,hostap_full_audit_0.4.169,high
EXP30-C,hostap,src/drivers/driver_nl80211_event.c,2256,FP,Format args (MACSTR/nla_get_u32 reads) are side-effect-free; pure-accessor-args class.,hostap_full_audit_0.4.169,high
EXP39-C,hostap,src/drivers/driver_nl80211_event.c,2275,FP,ed.low_ack (:2235) and ed.signal_change (:2275) writes are on mutually-exclusive control paths separated by an early return at :2243 — never both execute; new intra-function mutually-exclusive-branch sub-shape of the EXP39-C conflation bug.,hostap_full_audit_0.4.169,high
DCL13-C,hostap,src/drivers/driver_nl80211_event.c,2314,TP,"drv is only read (drv->nlmode/valid_links checks) in nl80211_new_peer_candidate, never modified; genuine if low-value TP.",hostap_full_audit_0.4.169,low
DCL13-C,hostap,src/drivers/driver_nl80211_event.c,2315,TP,"tb is only read (tb[NL80211_ATTR_MAC]/IE) in nl80211_new_peer_candidate, never modified; genuine if low-value TP.",hostap_full_audit_0.4.169,low
EXP39-C,hostap,src/drivers/driver_nl80211_event.c,2329,FP,"data is a fresh local union in nl80211_new_peer_candidate, memset at :2328; same cross-function conflation bug.",hostap_full_audit_0.4.169,high
DCL13-C,hostap,src/drivers/driver_nl80211_event.c,2336,TP,drv param declaration only visible in this batch; consistent with the file-wide pattern of read-only drv params in these dispatch helpers.,hostap_full_audit_0.4.169,low
DCL13-C,hostap,src/drivers/driver_nl80211_event.c,2337,TP,bss param declaration only visible in this batch; consistent with the file-wide read-only-bss pattern.,hostap_full_audit_0.4.169,low
DCL13-C,hostap,src/drivers/driver_nl80211_event.c,2338,TP,tb param declaration only visible in this batch; consistent with the file-wide read-only-tb pattern.,hostap_full_audit_0.4.169,low
EXP39-C,hostap,src/drivers/driver_nl80211_event.c,2401,FP,"Cross-function local-variable conflation (confirmed pattern): each event handler declares its own local union wpa_event_data; the cited 'already-written' member belongs to a different function's instance, never this one.",hostap_full_audit_0.4.169,high
DCL13-C,hostap,src/drivers/driver_nl80211_event.c,2406,TP,"Plain internal event-handler helper (not bound to any vtable/callback typedef), param genuinely only read, not forwarded to a non-const callee — real low-severity DCL13-C per established plain-helper clarification.",hostap_full_audit_0.4.169,low
DCL13-C,hostap,src/drivers/driver_nl80211_event.c,2407,TP,"Plain internal event-handler helper (not bound to any vtable/callback typedef), param genuinely only read, not forwarded to a non-const callee — real low-severity DCL13-C per established plain-helper clarification.",hostap_full_audit_0.4.169,low
DCL13-C,hostap,src/drivers/driver_nl80211_event.c,2408,TP,"Plain internal event-handler helper (not bound to any vtable/callback typedef), param genuinely only read, not forwarded to a non-const callee — real low-severity DCL13-C per established plain-helper clarification.",hostap_full_audit_0.4.169,low
EXP39-C,hostap,src/drivers/driver_nl80211_event.c,2428,FP,"Cross-function local-variable conflation (confirmed pattern): each event handler declares its own local union wpa_event_data; the cited 'already-written' member belongs to a different function's instance, never this one.",hostap_full_audit_0.4.169,high
DCL13-C,hostap,src/drivers/driver_nl80211_event.c,2433,TP,"Plain internal event-handler helper (not bound to any vtable/callback typedef), param genuinely only read, not forwarded to a non-const callee — real low-severity DCL13-C per established plain-helper clarification.",hostap_full_audit_0.4.169,low
DCL13-C,hostap,src/drivers/driver_nl80211_event.c,2434,TP,"Plain internal event-handler helper (not bound to any vtable/callback typedef), param genuinely only read, not forwarded to a non-const callee — real low-severity DCL13-C per established plain-helper clarification.",hostap_full_audit_0.4.169,low
CON03-C,hostap,src/drivers/driver_nl80211_event.c,2437,FP,"Static const nla_policy lookup table, write-once/read-only; hostap driver layer is single-threaded/eloop-driven, no pthread anywhere (established CON03-C FP class).",hostap_full_audit_0.4.169,high
EXP33-C,hostap,src/drivers/driver_nl80211_event.c,2455,FP,Output array of nla_parse()/nla_parse_nested() (libnl zero-fills before parsing); established EXP33-C 'uninitialized' FP class for this idiom.,hostap_full_audit_0.4.169,high
ARR30-C,hostap,src/drivers/driver_nl80211_event.c,2457,FP,"Index is a compile-time enum member of the same enum whose max defines the array size (e.g. NUM_NL80211_REKEY_DATA=5 sizes rekey_info[], REPLAY_CTR=3<5); not a variable, always in-bounds by construction.",hostap_full_audit_0.4.169,high
EXP39-C,hostap,src/drivers/driver_nl80211_event.c,2461,FP,"Cross-function local-variable conflation (confirmed pattern): each event handler declares its own local union wpa_event_data; the cited 'already-written' member belongs to a different function's instance, never this one.",hostap_full_audit_0.4.169,high
ARR30-C,hostap,src/drivers/driver_nl80211_event.c,2465,FP,"Index is a compile-time enum member of the same enum whose max defines the array size (e.g. NUM_NL80211_REKEY_DATA=5 sizes rekey_info[], REPLAY_CTR=3<5); not a variable, always in-bounds by construction.",hostap_full_audit_0.4.169,high
DCL13-C,hostap,src/drivers/driver_nl80211_event.c,2472,TP,"Plain internal event-handler helper (not bound to any vtable/callback typedef), param genuinely only read, not forwarded to a non-const callee — real low-severity DCL13-C per established plain-helper clarification.",hostap_full_audit_0.4.169,low
DCL13-C,hostap,src/drivers/driver_nl80211_event.c,2473,TP,"Plain internal event-handler helper (not bound to any vtable/callback typedef), param genuinely only read, not forwarded to a non-const callee — real low-severity DCL13-C per established plain-helper clarification.",hostap_full_audit_0.4.169,low
CON03-C,hostap,src/drivers/driver_nl80211_event.c,2476,FP,"Static const nla_policy lookup table, write-once/read-only; hostap driver layer is single-threaded/eloop-driven, no pthread anywhere (established CON03-C FP class).",hostap_full_audit_0.4.169,high
EXP33-C,hostap,src/drivers/driver_nl80211_event.c,2489,FP,Output array of nla_parse()/nla_parse_nested() (libnl zero-fills before parsing); established EXP33-C 'uninitialized' FP class for this idiom.,hostap_full_audit_0.4.169,high
ARR30-C,hostap,src/drivers/driver_nl80211_event.c,2491,FP,"Index is a compile-time enum member of the same enum whose max defines the array size (e.g. NUM_NL80211_REKEY_DATA=5 sizes rekey_info[], REPLAY_CTR=3<5); not a variable, always in-bounds by construction.",hostap_full_audit_0.4.169,high
ARR30-C,hostap,src/drivers/driver_nl80211_event.c,2492,FP,"Index is a compile-time enum member of the same enum whose max defines the array size (e.g. NUM_NL80211_REKEY_DATA=5 sizes rekey_info[], REPLAY_CTR=3<5); not a variable, always in-bounds by construction.",hostap_full_audit_0.4.169,high
EXP39-C,hostap,src/drivers/driver_nl80211_event.c,2496,FP,"Cross-function local-variable conflation (confirmed pattern): each event handler declares its own local union wpa_event_data; the cited 'already-written' member belongs to a different function's instance, never this one.",hostap_full_audit_0.4.169,high
ARR30-C,hostap,src/drivers/driver_nl80211_event.c,2497,FP,"Index is a compile-time enum member of the same enum whose max defines the array size (e.g. NUM_NL80211_REKEY_DATA=5 sizes rekey_info[], REPLAY_CTR=3<5); not a variable, always in-bounds by construction.",hostap_full_audit_0.4.169,high
ARR30-C,hostap,src/drivers/driver_nl80211_event.c,2499,FP,"Index is a compile-time enum member of the same enum whose max defines the array size (e.g. NUM_NL80211_REKEY_DATA=5 sizes rekey_info[], REPLAY_CTR=3<5); not a variable, always in-bounds by construction.",hostap_full_audit_0.4.169,high
ARR30-C,hostap,src/drivers/driver_nl80211_event.c,2501,FP,"Index is a compile-time enum member of the same enum whose max defines the array size (e.g. NUM_NL80211_REKEY_DATA=5 sizes rekey_info[], REPLAY_CTR=3<5); not a variable, always in-bounds by construction.",hostap_full_audit_0.4.169,high
DCL13-C,hostap,src/drivers/driver_nl80211_event.c,2506,TP,"Plain internal event-handler helper (not bound to any vtable/callback typedef), param genuinely only read, not forwarded to a non-const callee — real low-severity DCL13-C per established plain-helper clarification.",hostap_full_audit_0.4.169,low
DCL13-C,hostap,src/drivers/driver_nl80211_event.c,2507,TP,"Plain internal event-handler helper (not bound to any vtable/callback typedef), param genuinely only read, not forwarded to a non-const callee — real low-severity DCL13-C per established plain-helper clarification.",hostap_full_audit_0.4.169,low
EXP39-C,hostap,src/drivers/driver_nl80211_event.c,2526,FP,"Cross-function local-variable conflation (confirmed pattern): each event handler declares its own local union wpa_event_data; the cited 'already-written' member belongs to a different function's instance, never this one.",hostap_full_audit_0.4.169,high
DCL13-C,hostap,src/drivers/driver_nl80211_event.c,2531,TP,"Plain internal event-handler helper (not bound to any vtable/callback typedef), param genuinely only read, not forwarded to a non-const callee — real low-severity DCL13-C per established plain-helper clarification.",hostap_full_audit_0.4.169,low
DCL13-C,hostap,src/drivers/driver_nl80211_event.c,2532,TP,"Plain internal event-handler helper (not bound to any vtable/callback typedef), param genuinely only read, not forwarded to a non-const callee — real low-severity DCL13-C per established plain-helper clarification.",hostap_full_audit_0.4.169,low
EXP39-C,hostap,src/drivers/driver_nl80211_event.c,2542,FP,"Cross-function local-variable conflation (confirmed pattern): each event handler declares its own local union wpa_event_data; the cited 'already-written' member belongs to a different function's instance, never this one.",hostap_full_audit_0.4.169,high
DCL13-C,hostap,src/drivers/driver_nl80211_event.c,2574,TP,"Plain internal event-handler helper (not bound to any vtable/callback typedef), param genuinely only read, not forwarded to a non-const callee — real low-severity DCL13-C per established plain-helper clarification.",hostap_full_audit_0.4.169,low
EXP34-C,hostap,src/drivers/driver_nl80211_event.c,2592,FP,"nl80211_get_link() (driver_nl80211.c:4664) never returns NULL — returns bss->flink or &bss->links[link_id], both non-null addresses.",hostap_full_audit_0.4.169,high
DCL13-C,hostap,src/drivers/driver_nl80211_event.c,2602,TP,"Plain internal event-handler helper (not bound to any vtable/callback typedef), param genuinely only read, not forwarded to a non-const callee — real low-severity DCL13-C per established plain-helper clarification.",hostap_full_audit_0.4.169,low
DCL13-C,hostap,src/drivers/driver_nl80211_event.c,2603,TP,"Plain internal event-handler helper (not bound to any vtable/callback typedef), param genuinely only read, not forwarded to a non-const callee — real low-severity DCL13-C per established plain-helper clarification.",hostap_full_audit_0.4.169,low
EXP39-C,hostap,src/drivers/driver_nl80211_event.c,2614,FP,"Cross-function local-variable conflation (confirmed pattern): each event handler declares its own local union wpa_event_data; the cited 'already-written' member belongs to a different function's instance, never this one.",hostap_full_audit_0.4.169,high
DCL13-C,hostap,src/drivers/driver_nl80211_event.c,2639,TP,"Plain internal event-handler helper (not bound to any vtable/callback typedef), param genuinely only read, not forwarded to a non-const callee — real low-severity DCL13-C per established plain-helper clarification.",hostap_full_audit_0.4.169,low
EXP39-C,hostap,src/drivers/driver_nl80211_event.c,2645,FP,"Cross-function local-variable conflation (confirmed pattern): each event handler declares its own local union wpa_event_data; the cited 'already-written' member belongs to a different function's instance, never this one.",hostap_full_audit_0.4.169,high
DCL13-C,hostap,src/drivers/driver_nl80211_event.c,2679,TP,"Plain internal event-handler helper (not bound to any vtable/callback typedef), param genuinely only read, not forwarded to a non-const callee — real low-severity DCL13-C per established plain-helper clarification.",hostap_full_audit_0.4.169,low
DCL13-C,hostap,src/drivers/driver_nl80211_event.c,2679,TP,"Plain internal event-handler helper (not bound to any vtable/callback typedef), param genuinely only read, not forwarded to a non-const callee — real low-severity DCL13-C per established plain-helper clarification.",hostap_full_audit_0.4.169,low
MSC01-C,hostap,src/drivers/driver_nl80211_event.c,2700,FP,Deliberate guard-clause/exhaustive-enum switch or if/else-if chain; the omitted default/final-else is an intentional no-op leaving prior default values in place (established MSC01-C pedantry FP class).,hostap_full_audit_0.4.169,high
DCL13-C,hostap,src/drivers/driver_nl80211_event.c,2785,TP,"Plain internal event-handler helper (not bound to any vtable/callback typedef), param genuinely only read, not forwarded to a non-const callee — real low-severity DCL13-C per established plain-helper clarification.",hostap_full_audit_0.4.169,low
EXP39-C,hostap,src/drivers/driver_nl80211_event.c,2795,FP,"Cross-function local-variable conflation (confirmed pattern): each event handler declares its own local union wpa_event_data; the cited 'already-written' member belongs to a different function's instance, never this one.",hostap_full_audit_0.4.169,high
DCL13-C,hostap,src/drivers/driver_nl80211_event.c,2807,TP,"Plain internal event-handler helper (not bound to any vtable/callback typedef), param genuinely only read, not forwarded to a non-const callee — real low-severity DCL13-C per established plain-helper clarification.",hostap_full_audit_0.4.169,low
EXP36-C,hostap,src/drivers/driver_nl80211_event.c,2815,TP,Genuine alignment-1-to-4 cast of a raw byte buffer (const u8 *data/char*) to a typed struct/nlattr pointer; buffer alignment is not proven anywhere in-function (established EXP36-C low-severity TP disposition).,hostap_full_audit_0.4.169,low
EXP39-C,hostap,src/drivers/driver_nl80211_event.c,2835,FP,"Cross-function local-variable conflation (confirmed pattern): each event handler declares its own local union wpa_event_data; the cited 'already-written' member belongs to a different function's instance, never this one.",hostap_full_audit_0.4.169,high
DCL13-C,hostap,src/drivers/driver_nl80211_event.c,2873,TP,"Plain internal event-handler helper (not bound to any vtable/callback typedef), param genuinely only read, not forwarded to a non-const callee — real low-severity DCL13-C per established plain-helper clarification.",hostap_full_audit_0.4.169,low
DCL13-C,hostap,src/drivers/driver_nl80211_event.c,2919,TP,"Plain internal event-handler helper (not bound to any vtable/callback typedef), param genuinely only read, not forwarded to a non-const callee — real low-severity DCL13-C per established plain-helper clarification.",hostap_full_audit_0.4.169,low
MEM05-C,hostap,src/drivers/driver_nl80211_event.c,2922,FP,"struct nlattr *tb[X_MAX + 1] is the standard libnl attribute-table idiom sized by a compile-time enum/#define constant, not a VLA (established MEM05-C FP class).",hostap_full_audit_0.4.169,high
EXP33-C,hostap,src/drivers/driver_nl80211_event.c,2930,FP,Output array of nla_parse()/nla_parse_nested() (libnl zero-fills before parsing); established EXP33-C 'uninitialized' FP class for this idiom.,hostap_full_audit_0.4.169,high
EXP05-C,hostap,src/drivers/driver_nl80211_event.c,2931,TP,"The enclosing function's 'data' parameter is declared 'const u8 *data'; casting to non-const 'struct nlattr *' genuinely casts away const (verified against the function signature), unlike the 'never-const-to-begin-with' FP class.",hostap_full_audit_0.4.169,med
EXP36-C,hostap,src/drivers/driver_nl80211_event.c,2931,TP,Genuine alignment-1-to-4 cast of a raw byte buffer (const u8 *data/char*) to a typed struct/nlattr pointer; buffer alignment is not proven anywhere in-function (established EXP36-C low-severity TP disposition).,hostap_full_audit_0.4.169,low
EXP39-C,hostap,src/drivers/driver_nl80211_event.c,2939,FP,"Cross-function local-variable conflation (confirmed pattern): each event handler declares its own local union wpa_event_data; the cited 'already-written' member belongs to a different function's instance, never this one.",hostap_full_audit_0.4.169,high
MEM05-C,hostap,src/drivers/driver_nl80211_event.c,3018,FP,"struct nlattr *tb[X_MAX + 1] is the standard libnl attribute-table idiom sized by a compile-time enum/#define constant, not a VLA (established MEM05-C FP class).",hostap_full_audit_0.4.169,high
EXP33-C,hostap,src/drivers/driver_nl80211_event.c,3024,FP,Output array of nla_parse()/nla_parse_nested() (libnl zero-fills before parsing); established EXP33-C 'uninitialized' FP class for this idiom.,hostap_full_audit_0.4.169,high
EXP05-C,hostap,src/drivers/driver_nl80211_event.c,3025,TP,"The enclosing function's 'data' parameter is declared 'const u8 *data'; casting to non-const 'struct nlattr *' genuinely casts away const (verified against the function signature), unlike the 'never-const-to-begin-with' FP class.",hostap_full_audit_0.4.169,med
EXP36-C,hostap,src/drivers/driver_nl80211_event.c,3025,TP,Genuine alignment-1-to-4 cast of a raw byte buffer (const u8 *data/char*) to a typed struct/nlattr pointer; buffer alignment is not proven anywhere in-function (established EXP36-C low-severity TP disposition).,hostap_full_audit_0.4.169,low
MEM05-C,hostap,src/drivers/driver_nl80211_event.c,3086,FP,"struct nlattr *tb[X_MAX + 1] is the standard libnl attribute-table idiom sized by a compile-time enum/#define constant, not a VLA (established MEM05-C FP class).",hostap_full_audit_0.4.169,high
EXP33-C,hostap,src/drivers/driver_nl80211_event.c,3091,FP,Output array of nla_parse()/nla_parse_nested() (libnl zero-fills before parsing); established EXP33-C 'uninitialized' FP class for this idiom.,hostap_full_audit_0.4.169,high
MSC01-C,hostap,src/drivers/driver_nl80211_event.c,3108,FP,Deliberate guard-clause/exhaustive-enum switch or if/else-if chain; the omitted default/final-else is an intentional no-op leaving prior default values in place (established MSC01-C pedantry FP class).,hostap_full_audit_0.4.169,high
MSC01-C,hostap,src/drivers/driver_nl80211_event.c,3121,FP,Deliberate guard-clause/exhaustive-enum switch or if/else-if chain; the omitted default/final-else is an intentional no-op leaving prior default values in place (established MSC01-C pedantry FP class).,hostap_full_audit_0.4.169,high
DCL13-C,hostap,src/drivers/driver_nl80211_event.c,3177,TP,"Plain internal event-handler helper (not bound to any vtable/callback typedef), param genuinely only read, not forwarded to a non-const callee — real low-severity DCL13-C per established plain-helper clarification.",hostap_full_audit_0.4.169,low
MEM05-C,hostap,src/drivers/driver_nl80211_event.c,3180,FP,"struct nlattr *tb[X_MAX + 1] is the standard libnl attribute-table idiom sized by a compile-time enum/#define constant, not a VLA (established MEM05-C FP class).",hostap_full_audit_0.4.169,high
MSC13-C,hostap,src/drivers/driver_nl80211_event.c,3181,TP,"Genuine dead initializer: the declared value (cookie=0 / ret=-EINVAL) is unconditionally overwritten before its only read(s), matching the established genuine dead-init MSC13-C TP class.",hostap_full_audit_0.4.169,low
EXP33-C,hostap,src/drivers/driver_nl80211_event.c,3186,FP,Output array of nla_parse()/nla_parse_nested() (libnl zero-fills before parsing); established EXP33-C 'uninitialized' FP class for this idiom.,hostap_full_audit_0.4.169,high
EXP36-C,hostap,src/drivers/driver_nl80211_event.c,3187,TP,Genuine alignment-1-to-4 cast of a raw byte buffer (const u8 *data/char*) to a typed struct/nlattr pointer; buffer alignment is not proven anywhere in-function (established EXP36-C low-severity TP disposition).,hostap_full_audit_0.4.169,low
DCL13-C,hostap,src/drivers/driver_nl80211_event.c,3208,TP,"Plain internal event-handler helper (not bound to any vtable/callback typedef), param genuinely only read, not forwarded to a non-const callee — real low-severity DCL13-C per established plain-helper clarification.",hostap_full_audit_0.4.169,low
DCL13-C,hostap,src/drivers/driver_nl80211_event.c,3209,TP,"Plain internal event-handler helper (not bound to any vtable/callback typedef), param genuinely only read, not forwarded to a non-const callee — real low-severity DCL13-C per established plain-helper clarification.",hostap_full_audit_0.4.169,low
ENV01-C,hostap,src/drivers/driver_nl80211_event.c,3215,FP,Ordinary fixed-size local array (int freqs[MAX_REPORT_FREQS]); no getenv() anywhere in the function (established wholesale ENV01-C misfire FP class).,hostap_full_audit_0.4.169,high
STR34-C,hostap,src/drivers/driver_nl80211_event.c,3246,FP,"Plain char-literal assignment '*pos = ...'; not a widening char-to-int conversion, which is what STR34-C is actually about (established plain char-to-char FP class).",hostap_full_audit_0.4.169,high
MSC13-C,hostap,src/drivers/driver_nl80211_event.c,3255,FP,'pos' inside the nla_for_each_nested loop IS read on the next iteration's os_snprintf() call for every iteration but the last; sqc's 'never read on any execution path' claim is false for the general case.,hostap_full_audit_0.4.169,med
MEM05-C,hostap,src/drivers/driver_nl80211_event.c,3273,FP,"struct nlattr *tb[X_MAX + 1] is the standard libnl attribute-table idiom sized by a compile-time enum/#define constant, not a VLA (established MEM05-C FP class).",hostap_full_audit_0.4.169,high
MSC13-C,hostap,src/drivers/driver_nl80211_event.c,3274,TP,"Genuine dead initializer: the declared value (cookie=0 / ret=-EINVAL) is unconditionally overwritten before its only read(s), matching the established genuine dead-init MSC13-C TP class.",hostap_full_audit_0.4.169,low
EXP33-C,hostap,src/drivers/driver_nl80211_event.c,3279,FP,Output array of nla_parse()/nla_parse_nested() (libnl zero-fills before parsing); established EXP33-C 'uninitialized' FP class for this idiom.,hostap_full_audit_0.4.169,high
EXP36-C,hostap,src/drivers/driver_nl80211_event.c,3280,TP,Genuine alignment-1-to-4 cast of a raw byte buffer (const u8 *data/char*) to a typed struct/nlattr pointer; buffer alignment is not proven anywhere in-function (established EXP36-C low-severity TP disposition).,hostap_full_audit_0.4.169,low
DCL13-C,hostap,src/drivers/driver_nl80211_event.c,3311,TP,"Plain internal event-handler helper (not bound to any vtable/callback typedef), param genuinely only read, not forwarded to a non-const callee — real low-severity DCL13-C per established plain-helper clarification.",hostap_full_audit_0.4.169,low
MEM05-C,hostap,src/drivers/driver_nl80211_event.c,3314,FP,"struct nlattr *tb[X_MAX + 1] is the standard libnl attribute-table idiom sized by a compile-time enum/#define constant, not a VLA (established MEM05-C FP class).",hostap_full_audit_0.4.169,high
EXP33-C,hostap,src/drivers/driver_nl80211_event.c,3320,FP,Output array of nla_parse()/nla_parse_nested() (libnl zero-fills before parsing); established EXP33-C 'uninitialized' FP class for this idiom.,hostap_full_audit_0.4.169,high
EXP36-C,hostap,src/drivers/driver_nl80211_event.c,3321,TP,Genuine alignment-1-to-4 cast of a raw byte buffer (const u8 *data/char*) to a typed struct/nlattr pointer; buffer alignment is not proven anywhere in-function (established EXP36-C low-severity TP disposition).,hostap_full_audit_0.4.169,low
EXP39-C,hostap,src/drivers/driver_nl80211_event.c,3326,FP,"Cross-function local-variable conflation (confirmed pattern): each event handler declares its own local union wpa_event_data; the cited 'already-written' member belongs to a different function's instance, never this one.",hostap_full_audit_0.4.169,high
DCL13-C,hostap,src/drivers/driver_nl80211_event.c,3338,TP,"Plain internal event-handler helper (not bound to any vtable/callback typedef), param genuinely only read, not forwarded to a non-const callee — real low-severity DCL13-C per established plain-helper clarification.",hostap_full_audit_0.4.169,low
MSC13-C,hostap,src/drivers/driver_nl80211_event.c,3340,TP,"Genuine dead initializer: the declared value (cookie=0 / ret=-EINVAL) is unconditionally overwritten before its only read(s), matching the established genuine dead-init MSC13-C TP class.",hostap_full_audit_0.4.169,low
MEM05-C,hostap,src/drivers/driver_nl80211_event.c,3342,FP,"struct nlattr *tb[X_MAX + 1] is the standard libnl attribute-table idiom sized by a compile-time enum/#define constant, not a VLA (established MEM05-C FP class).",hostap_full_audit_0.4.169,high
MEM05-C,hostap,src/drivers/driver_nl80211_event.c,3343,FP,"struct nlattr *tb[X_MAX + 1] is the standard libnl attribute-table idiom sized by a compile-time enum/#define constant, not a VLA (established MEM05-C FP class).",hostap_full_audit_0.4.169,high
EXP33-C,hostap,src/drivers/driver_nl80211_event.c,3350,FP,Output array of nla_parse()/nla_parse_nested() (libnl zero-fills before parsing); established EXP33-C 'uninitialized' FP class for this idiom.,hostap_full_audit_0.4.169,high
EXP36-C,hostap,src/drivers/driver_nl80211_event.c,3351,TP,Genuine alignment-1-to-4 cast of a raw byte buffer (const u8 *data/char*) to a typed struct/nlattr pointer; buffer alignment is not proven anywhere in-function (established EXP36-C low-severity TP disposition).,hostap_full_audit_0.4.169,low
EXP39-C,hostap,src/drivers/driver_nl80211_event.c,3362,FP,"Cross-function local-variable conflation (confirmed pattern): each event handler declares its own local union wpa_event_data; the cited 'already-written' member belongs to a different function's instance, never this one.",hostap_full_audit_0.4.169,high
EXP33-C,hostap,src/drivers/driver_nl80211_event.c,3385,FP,Output array of nla_parse()/nla_parse_nested() (libnl zero-fills before parsing); established EXP33-C 'uninitialized' FP class for this idiom.,hostap_full_audit_0.4.169,high
MEM03-C,hostap,src/drivers/driver_nl80211_event.c,3414,FP,"'password' is a borrowed const char* alias into the received netlink attribute (nla_data()), not an owned buffer this function should clear; the actual owned copy pw[idx] IS cleared via str_clear_free() at the fail: label on every path (established borrowed-pointer-alias MEM03-C FP class).",hostap_full_audit_0.4.169,high
MSC17-C,hostap,src/drivers/driver_nl80211_event.c,3464,FP,#ifdef/#endif intervenes between this case's break and the next case label; established MSC17-C fallthrough-misfire-near-preprocessor-directive FP class (the case in question already ends in a break).,hostap_full_audit_0.4.169,med
DCL13-C,hostap,src/drivers/driver_nl80211_event.c,3516,TP,"Plain internal event-handler helper (not bound to any vtable/callback typedef), param genuinely only read, not forwarded to a non-const callee — real low-severity DCL13-C per established plain-helper clarification.",hostap_full_audit_0.4.169,low
MEM05-C,hostap,src/drivers/driver_nl80211_event.c,3519,FP,"struct nlattr *tb[X_MAX + 1] is the standard libnl attribute-table idiom sized by a compile-time enum/#define constant, not a VLA (established MEM05-C FP class).",hostap_full_audit_0.4.169,high
EXP33-C,hostap,src/drivers/driver_nl80211_event.c,3525,FP,Output array of nla_parse()/nla_parse_nested() (libnl zero-fills before parsing); established EXP33-C 'uninitialized' FP class for this idiom.,hostap_full_audit_0.4.169,high
EXP05-C,hostap,src/drivers/driver_nl80211_event.c,3525,TP,"The enclosing function's 'data' parameter is declared 'const u8 *data'; casting to non-const 'struct nlattr *' genuinely casts away const (verified against the function signature), unlike the 'never-const-to-begin-with' FP class.",hostap_full_audit_0.4.169,med
EXP36-C,hostap,src/drivers/driver_nl80211_event.c,3525,TP,Genuine alignment-1-to-4 cast of a raw byte buffer (const u8 *data/char*) to a typed struct/nlattr pointer; buffer alignment is not proven anywhere in-function (established EXP36-C low-severity TP disposition).,hostap_full_audit_0.4.169,low
DCL13-C,hostap,src/drivers/driver_nl80211_event.c,3595,TP,"Plain internal event-handler helper (not bound to any vtable/callback typedef), param genuinely only read, not forwarded to a non-const callee — real low-severity DCL13-C per established plain-helper clarification.",hostap_full_audit_0.4.169,low
MSC17-C,hostap,src/drivers/driver_nl80211_event.c,3642,FP,#ifdef/#endif intervenes between this case's break and the next case label; established MSC17-C fallthrough-misfire-near-preprocessor-directive FP class (the case in question already ends in a break).,hostap_full_audit_0.4.169,med
DCL13-C,hostap,src/drivers/driver_nl80211_event.c,3657,TP,"Plain internal event-handler helper (not bound to any vtable/callback typedef), param genuinely only read, not forwarded to a non-const callee — real low-severity DCL13-C per established plain-helper clarification.",hostap_full_audit_0.4.169,low
DCL13-C,hostap,src/drivers/driver_nl80211_event.c,3658,TP,"Plain internal event-handler helper (not bound to any vtable/callback typedef), param genuinely only read, not forwarded to a non-const callee — real low-severity DCL13-C per established plain-helper clarification.",hostap_full_audit_0.4.169,low
EXP39-C,hostap,src/drivers/driver_nl80211_event.c,3673,FP,"Cross-function local-variable conflation (confirmed pattern): each event handler declares its own local union wpa_event_data; the cited 'already-written' member belongs to a different function's instance, never this one.",hostap_full_audit_0.4.169,high
MSC01-C,hostap,src/drivers/driver_nl80211_event.c,3690,FP,Deliberate guard-clause/exhaustive-enum switch or if/else-if chain; the omitted default/final-else is an intentional no-op leaving prior default values in place (established MSC01-C pedantry FP class).,hostap_full_audit_0.4.169,high
CON03-C,hostap,src/drivers/driver_nl80211_event.c,3723,FP,"Static const nla_policy lookup table, write-once/read-only; hostap driver layer is single-threaded/eloop-driven, no pthread anywhere (established CON03-C FP class).",hostap_full_audit_0.4.169,high
MEM05-C,hostap,src/drivers/driver_nl80211_event.c,3723,FP,"struct nlattr *tb[X_MAX + 1] is the standard libnl attribute-table idiom sized by a compile-time enum/#define constant, not a VLA (established MEM05-C FP class).",hostap_full_audit_0.4.169,high
MEM05-C,hostap,src/drivers/driver_nl80211_event.c,3730,FP,"struct nlattr *tb[X_MAX + 1] is the standard libnl attribute-table idiom sized by a compile-time enum/#define constant, not a VLA (established MEM05-C FP class).",hostap_full_audit_0.4.169,high
EXP30-C,hostap,src/drivers/driver_nl80211_event.c,3733,FP,All flagged calls are pure read-accessors (nla_data/nla_len/genlmsg_attrdata/genlmsg_attrlen/MAC2STR) with no side effects; established EXP30-C pure-accessor-args FP class.,hostap_full_audit_0.4.169,high
EXP33-C,hostap,src/drivers/driver_nl80211_event.c,3733,FP,Output array of nla_parse()/nla_parse_nested() (libnl zero-fills before parsing); established EXP33-C 'uninitialized' FP class for this idiom.,hostap_full_audit_0.4.169,high
DCL13-C,hostap,src/drivers/driver_nl80211_event.c,3760,TP,"Plain internal event-handler helper (not bound to any vtable/callback typedef), param genuinely only read, not forwarded to a non-const callee — real low-severity DCL13-C per established plain-helper clarification.",hostap_full_audit_0.4.169,low
DCL13-C,hostap,src/drivers/driver_nl80211_event.c,3761,TP,"Plain internal event-handler helper (not bound to any vtable/callback typedef), param genuinely only read, not forwarded to a non-const callee — real low-severity DCL13-C per established plain-helper clarification.",hostap_full_audit_0.4.169,low
DCL13-C,hostap,src/drivers/driver_nl80211_event.c,3782,TP,"Plain internal event-handler helper (not bound to any vtable/callback typedef), param genuinely only read, not forwarded to a non-const callee — real low-severity DCL13-C per established plain-helper clarification.",hostap_full_audit_0.4.169,low
DCL13-C,hostap,src/drivers/driver_nl80211_event.c,3783,TP,"Plain internal event-handler helper (not bound to any vtable/callback typedef), param genuinely only read, not forwarded to a non-const callee — real low-severity DCL13-C per established plain-helper clarification.",hostap_full_audit_0.4.169,low
EXP39-C,hostap,src/drivers/driver_nl80211_event.c,3799,FP,"Cross-function local-variable conflation (confirmed pattern): each event handler declares its own local union wpa_event_data; the cited 'already-written' member belongs to a different function's instance, never this one.",hostap_full_audit_0.4.169,high
EXP30-C,hostap,src/drivers/driver_nl80211_event.c,3826,FP,All flagged calls are pure read-accessors (nla_data/nla_len/genlmsg_attrdata/genlmsg_attrlen/MAC2STR) with no side effects; established EXP30-C pure-accessor-args FP class.,hostap_full_audit_0.4.169,high
DCL13-C,hostap,src/drivers/driver_nl80211_event.c,3837,TP,"Plain internal event-handler helper (not bound to any vtable/callback typedef), param genuinely only read, not forwarded to a non-const callee — real low-severity DCL13-C per established plain-helper clarification.",hostap_full_audit_0.4.169,low
DCL13-C,hostap,src/drivers/driver_nl80211_event.c,3838,TP,"Plain internal event-handler helper (not bound to any vtable/callback typedef), param genuinely only read, not forwarded to a non-const callee — real low-severity DCL13-C per established plain-helper clarification.",hostap_full_audit_0.4.169,low
EXP39-C,hostap,src/drivers/driver_nl80211_event.c,3854,FP,"Cross-function local-variable conflation (confirmed pattern): each event handler declares its own local union wpa_event_data; the cited 'already-written' member belongs to a different function's instance, never this one.",hostap_full_audit_0.4.169,high
MSC01-C,hostap,src/drivers/driver_nl80211_event.c,3858,FP,Deliberate guard-clause/exhaustive-enum switch or if/else-if chain; the omitted default/final-else is an intentional no-op leaving prior default values in place (established MSC01-C pedantry FP class).,hostap_full_audit_0.4.169,high
EXP30-C,hostap,src/drivers/driver_nl80211_event.c,3864,FP,All flagged calls are pure read-accessors (nla_data/nla_len/genlmsg_attrdata/genlmsg_attrlen/MAC2STR) with no side effects; established EXP30-C pure-accessor-args FP class.,hostap_full_audit_0.4.169,high
DCL13-C,hostap,src/drivers/driver_nl80211_event.c,3885,TP,"Plain internal event-handler helper (not bound to any vtable/callback typedef), param genuinely only read, not forwarded to a non-const callee — real low-severity DCL13-C per established plain-helper clarification.",hostap_full_audit_0.4.169,low
DCL13-C,hostap,src/drivers/driver_nl80211_event.c,3886,TP,"Plain internal event-handler helper (not bound to any vtable/callback typedef), param genuinely only read, not forwarded to a non-const callee — real low-severity DCL13-C per established plain-helper clarification.",hostap_full_audit_0.4.169,low
EXP39-C,hostap,src/drivers/driver_nl80211_event.c,3897,FP,"Cross-function local-variable conflation (confirmed pattern): each event handler declares its own local union wpa_event_data; the cited 'already-written' member belongs to a different function's instance, never this one.",hostap_full_audit_0.4.169,high
DCL13-C,hostap,src/drivers/driver_nl80211_event.c,3958,TP,"Plain internal event-handler helper (not bound to any vtable/callback typedef), param genuinely only read, not forwarded to a non-const callee — real low-severity DCL13-C per established plain-helper clarification.",hostap_full_audit_0.4.169,low
DCL13-C,hostap,src/drivers/driver_nl80211_event.c,3958,TP,"Plain internal event-handler helper (not bound to any vtable/callback typedef), param genuinely only read, not forwarded to a non-const callee — real low-severity DCL13-C per established plain-helper clarification.",hostap_full_audit_0.4.169,low
EXP30-C,hostap,src/drivers/driver_nl80211_event.c,3987,FP,All flagged calls are pure read-accessors (nla_data/nla_len/genlmsg_attrdata/genlmsg_attrlen/MAC2STR) with no side effects; established EXP30-C pure-accessor-args FP class.,hostap_full_audit_0.4.169,high
DCL13-C,hostap,src/drivers/driver_nl80211_event.c,4003,TP,"Plain internal event-handler helper (not bound to any vtable/callback typedef), param genuinely only read, not forwarded to a non-const callee — real low-severity DCL13-C per established plain-helper clarification.",hostap_full_audit_0.4.169,low
DCL13-C,hostap,src/drivers/driver_nl80211_event.c,4005,TP,"Plain internal event-handler helper (not bound to any vtable/callback typedef), param genuinely only read, not forwarded to a non-const callee — real low-severity DCL13-C per established plain-helper clarification.",hostap_full_audit_0.4.169,low
EXP39-C,hostap,src/drivers/driver_nl80211_event.c,4018,FP,"Cross-function local-variable conflation (confirmed pattern): each event handler declares its own local union wpa_event_data; the cited 'already-written' member belongs to a different function's instance, never this one.",hostap_full_audit_0.4.169,high
DCL13-C,hostap,src/drivers/driver_nl80211_event.c,4071,TP,"Plain internal event-handler helper (not bound to any vtable/callback typedef), param genuinely only read, not forwarded to a non-const callee — real low-severity DCL13-C per established plain-helper clarification.",hostap_full_audit_0.4.169,low
EXP30-C,hostap,src/drivers/driver_nl80211_event.c,4076,FP,All flagged calls are pure read-accessors (nla_data/nla_len/genlmsg_attrdata/genlmsg_attrlen/MAC2STR) with no side effects; established EXP30-C pure-accessor-args FP class.,hostap_full_audit_0.4.169,high
DCL13-C,hostap,src/drivers/driver_nl80211_event.c,4084,TP,"Plain internal event-handler helper (not bound to any vtable/callback typedef), param genuinely only read, not forwarded to a non-const callee — real low-severity DCL13-C per established plain-helper clarification.",hostap_full_audit_0.4.169,low
DCL13-C,hostap,src/drivers/driver_nl80211_event.c,4086,TP,"Plain internal event-handler helper (not bound to any vtable/callback typedef), param genuinely only read, not forwarded to a non-const callee — real low-severity DCL13-C per established plain-helper clarification.",hostap_full_audit_0.4.169,low
EXP39-C,hostap,src/drivers/driver_nl80211_event.c,4092,FP,"Cross-function local-variable conflation (confirmed pattern): each event handler declares its own local union wpa_event_data; the cited 'already-written' member belongs to a different function's instance, never this one.",hostap_full_audit_0.4.169,high
DCL13-C,hostap,src/drivers/driver_nl80211_event.c,4148,TP,"Plain internal event-handler helper (not bound to any vtable/callback typedef), param genuinely only read, not forwarded to a non-const callee — real low-severity DCL13-C per established plain-helper clarification.",hostap_full_audit_0.4.169,low
DCL13-C,hostap,src/drivers/driver_nl80211_event.c,4149,TP,"Plain internal event-handler helper (not bound to any vtable/callback typedef), param genuinely only read, not forwarded to a non-const callee — real low-severity DCL13-C per established plain-helper clarification.",hostap_full_audit_0.4.169,low
EXP39-C,hostap,src/drivers/driver_nl80211_event.c,4160,FP,"Cross-function local-variable conflation (confirmed pattern): each event handler declares its own local union wpa_event_data; the cited 'already-written' member belongs to a different function's instance, never this one.",hostap_full_audit_0.4.169,high
DCL13-C,hostap,src/drivers/driver_nl80211_event.c,4168,TP,"Plain internal event-handler helper (not bound to any vtable/callback typedef), param genuinely only read, not forwarded to a non-const callee — real low-severity DCL13-C per established plain-helper clarification.",hostap_full_audit_0.4.169,low
DCL13-C,hostap,src/drivers/driver_nl80211_event.c,4169,TP,"Plain internal event-handler helper (not bound to any vtable/callback typedef), param genuinely only read, not forwarded to a non-const callee — real low-severity DCL13-C per established plain-helper clarification.",hostap_full_audit_0.4.169,low
EXP39-C,hostap,src/drivers/driver_nl80211_event.c,4180,FP,"Cross-function local-variable conflation (confirmed pattern): each event handler declares its own local union wpa_event_data; the cited 'already-written' member belongs to a different function's instance, never this one.",hostap_full_audit_0.4.169,high
DCL31-C,hostap,src/drivers/driver_nl80211_event.c,4196,FP,"nl80211_command_to_string() is defined earlier in this same file (line 30), before both call sites — the 'called without prior declaration' premise is factually wrong.",hostap_full_audit_0.4.169,high
EXP30-C,hostap,src/drivers/driver_nl80211_event.c,4427,FP,All flagged calls are pure read-accessors (nla_data/nla_len/genlmsg_attrdata/genlmsg_attrlen/MAC2STR) with no side effects; established EXP30-C pure-accessor-args FP class.,hostap_full_audit_0.4.169,high
EXP30-C,hostap,src/drivers/driver_nl80211_event.c,4433,FP,All flagged calls are pure read-accessors (nla_data/nla_len/genlmsg_attrdata/genlmsg_attrlen/MAC2STR) with no side effects; established EXP30-C pure-accessor-args FP class.,hostap_full_audit_0.4.169,high
MSC17-C,hostap,src/drivers/driver_nl80211_event.c,4442,FP,#ifdef/#endif intervenes between this case's break and the next case label; established MSC17-C fallthrough-misfire-near-preprocessor-directive FP class (the case in question already ends in a break).,hostap_full_audit_0.4.169,med
MSC17-C,hostap,src/drivers/driver_nl80211_event.c,4457,FP,#ifdef/#endif intervenes between this case's break and the next case label; established MSC17-C fallthrough-misfire-near-preprocessor-directive FP class (the case in question already ends in a break).,hostap_full_audit_0.4.169,med
EXP30-C,hostap,src/drivers/driver_nl80211_event.c,4458,FP,All flagged calls are pure read-accessors (nla_data/nla_len/genlmsg_attrdata/genlmsg_attrlen/MAC2STR) with no side effects; established EXP30-C pure-accessor-args FP class.,hostap_full_audit_0.4.169,high
API00-C,hostap,src/drivers/driver_nl80211_event.c,4491,FP,"process_global_event/process_bss_event are libnl nl_recvmsg_msg_cb_t netlink callbacks (int(*)(struct nl_msg*, void*)); libnl always calls them with a valid msg it built and a non-NULL registered arg — established API00-C internal-only-closed-callsite FP class.",hostap_full_audit_0.4.169,high
API00-C,hostap,src/drivers/driver_nl80211_event.c,4491,FP,"process_global_event/process_bss_event are libnl nl_recvmsg_msg_cb_t netlink callbacks (int(*)(struct nl_msg*, void*)); libnl always calls them with a valid msg it built and a non-NULL registered arg — established API00-C internal-only-closed-callsite FP class.",hostap_full_audit_0.4.169,high
MEM05-C,hostap,src/drivers/driver_nl80211_event.c,4495,FP,"struct nlattr *tb[X_MAX + 1] is the standard libnl attribute-table idiom sized by a compile-time enum/#define constant, not a VLA (established MEM05-C FP class).",hostap_full_audit_0.4.169,high
EXP30-C,hostap,src/drivers/driver_nl80211_event.c,4533,FP,All flagged calls are pure read-accessors (nla_data/nla_len/genlmsg_attrdata/genlmsg_attrlen/MAC2STR) with no side effects; established EXP30-C pure-accessor-args FP class.,hostap_full_audit_0.4.169,high
EXP33-C,hostap,src/drivers/driver_nl80211_event.c,4533,FP,Output array of nla_parse()/nla_parse_nested() (libnl zero-fills before parsing); established EXP33-C 'uninitialized' FP class for this idiom.,hostap_full_audit_0.4.169,high
MSC01-C,hostap,src/drivers/driver_nl80211_event.c,4541,FP,Deliberate guard-clause/exhaustive-enum switch or if/else-if chain; the omitted default/final-else is an intentional no-op leaving prior default values in place (established MSC01-C pedantry FP class).,hostap_full_audit_0.4.169,high
DCL31-C,hostap,src/drivers/driver_nl80211_event.c,4601,FP,"nl80211_command_to_string() is defined earlier in this same file (line 30), before both call sites — the 'called without prior declaration' premise is factually wrong.",hostap_full_audit_0.4.169,high
API00-C,hostap,src/drivers/driver_nl80211_event.c,4608,FP,"process_global_event/process_bss_event are libnl nl_recvmsg_msg_cb_t netlink callbacks (int(*)(struct nl_msg*, void*)); libnl always calls them with a valid msg it built and a non-NULL registered arg — established API00-C internal-only-closed-callsite FP class.",hostap_full_audit_0.4.169,high
API00-C,hostap,src/drivers/driver_nl80211_event.c,4608,FP,"process_global_event/process_bss_event are libnl nl_recvmsg_msg_cb_t netlink callbacks (int(*)(struct nl_msg*, void*)); libnl always calls them with a valid msg it built and a non-NULL registered arg — established API00-C internal-only-closed-callsite FP class.",hostap_full_audit_0.4.169,high
MEM05-C,hostap,src/drivers/driver_nl80211_event.c,4612,FP,"struct nlattr *tb[X_MAX + 1] is the standard libnl attribute-table idiom sized by a compile-time enum/#define constant, not a VLA (established MEM05-C FP class).",hostap_full_audit_0.4.169,high
EXP30-C,hostap,src/drivers/driver_nl80211_event.c,4620,FP,"genlmsg_attrdata/genlmsg_attrlen are pure accessors, no side effects; matches EXP30-C pure-accessor-args FP class.",hostap_full_audit_0.4.169,high
EXP33-C,hostap,src/drivers/driver_nl80211_event.c,4620,FP,"tb is nla_parse's write-only output array param, not read before write; matches confirmed nla_parse(tb,...) FP class.",hostap_full_audit_0.4.169,high
DCL31-C,hostap,src/drivers/driver_nl80211_event.c,4624,FP,"nl80211_command_to_string defined static at line 30, same file, just far away; matches large same-file-distance DCL31-C FP sub-shape.",hostap_full_audit_0.4.169,high
CON03-C,hostap,hostapd/hostapd_cli.c,27,FP,"No pthread usage in file; single-threaded eloop CLI, established no-pthread CON03-C FP class",hostap_full_audit_0.4.169,high
CON03-C,hostap,hostapd/hostapd_cli.c,28,FP,"No pthread usage in file; single-threaded eloop CLI, established no-pthread CON03-C FP class",hostap_full_audit_0.4.169,high
CON03-C,hostap,hostapd/hostapd_cli.c,36,FP,"No pthread usage in file; single-threaded eloop CLI, established no-pthread CON03-C FP class",hostap_full_audit_0.4.169,high
CON03-C,hostap,hostapd/hostapd_cli.c,39,FP,"No pthread usage in file; single-threaded eloop CLI, established no-pthread CON03-C FP class",hostap_full_audit_0.4.169,high
CON03-C,hostap,hostapd/hostapd_cli.c,40,FP,"No pthread usage in file; single-threaded eloop CLI, established no-pthread CON03-C FP class",hostap_full_audit_0.4.169,high
CON02-C,hostap,hostapd/hostapd_cli.c,40,FP,"interactive is a mode flag, not a sync primitive; no pthread in file",hostap_full_audit_0.4.169,high
CON03-C,hostap,hostapd/hostapd_cli.c,41,FP,"No pthread usage in file; single-threaded eloop CLI, established no-pthread CON03-C FP class",hostap_full_audit_0.4.169,high
API02-C,hostap,hostapd/hostapd_cli.c,45,FP,"print_help(FILE*, const char *cmd) has no array param; cmd is a NUL-terminated string, not an array needing a size arg",hostap_full_audit_0.4.169,high
PRE32-C,hostap,hostapd/hostapd_cli.c,55,FP,"usage() builds one literal via string concat with #ifdef fragments resolved by preprocessor before the fprintf call; fprintf is an ordinary function, not a macro (established #ifdef-fragmented-literal FP class)",hostap_full_audit_0.4.169,high
FIO30-C,hostap,hostapd/hostapd_cli.c,56,FP,"Compile-time literal (with #ifdef fragments), not user input, passed correctly as format string",hostap_full_audit_0.4.169,high
PRE32-C,hostap,hostapd/hostapd_cli.c,56,FP,Same established #ifdef-fragmented-literal-in-fprintf FP class as line 55/61,hostap_full_audit_0.4.169,high
PRE32-C,hostap,hostapd/hostapd_cli.c,61,FP,"usage() builds one literal via string concat with #ifdef fragments resolved by preprocessor before the fprintf call; fprintf is an ordinary function, not a macro (established #ifdef-fragmented-literal FP class)",hostap_full_audit_0.4.169,high
EXP33-C,hostap,hostapd/hostapd_cli.c,92,FP,"static struct wpa_ctrl *ctrl_conn has no initializer; C 6.7.9p10 guarantees NULL zero-init, so a NULL/!ctrl_conn check is well-defined, not an uninitialized read",hostap_full_audit_0.4.169,high
CON07-C,hostap,hostapd/hostapd_cli.c,103,FP,"No pthread usage in file; single-threaded eloop CLI, established no-pthread compound-op FP class",hostap_full_audit_0.4.169,high
EXP33-C,hostap,hostapd/hostapd_cli.c,105,FP,"static struct wpa_ctrl *ctrl_conn has no initializer; C 6.7.9p10 guarantees NULL zero-init, so a NULL/!ctrl_conn check is well-defined, not an uninitialized read",hostap_full_audit_0.4.169,high
MSC13-C,hostap,hostapd/hostapd_cli.c,109,FP,"event_handler_registered is a static global read by later calls to (un)register_event_handler; not dead, just outside this call",hostap_full_audit_0.4.169,high
MSC37-C,hostap,hostapd/hostapd_cli.c,114,FP,hostapd_cli_open_connection: both the #ifdef CONFIG_CTRL_IFACE_UDP branch and the #else branch return on every path; preprocessor-branch-blind MSC37-C FP class,hostap_full_audit_0.4.169,high
MEM10-C,hostap,hostapd/hostapd_cli.c,121,FP,"Established MEM10-C stylistic ""use a validation function"" FP class; ordinary NULL check is idiomatic C",hostap_full_audit_0.4.169,high
STR01-C,hostap,hostapd/hostapd_cli.c,129,FP,Compares unrelated variables in different functions (cfile here vs. an unrelated local buf[4096] in _wpa_ctrl_command at line 203); not a real mixed-management pattern,hostap_full_audit_0.4.169,high
ERR33-C,hostap,hostapd/hostapd_cli.c,129,FP,cfile is checked for NULL on the very next line (130),hostap_full_audit_0.4.169,high
MEM02-C,hostap,hostapd/hostapd_cli.c,129,FP,Casting the return of malloc() is not required and is discouraged in modern C; stylistic non-issue,hostap_full_audit_0.4.169,high
ERR00-C,hostap,hostapd/hostapd_cli.c,129,FP,cfile is checked for NULL on the very next line (130),hostap_full_audit_0.4.169,high
MEM04-C,hostap,hostapd/hostapd_cli.c,129,FP,flen = strlen(ctrl_iface_dir)+strlen(ifname)+2 is provably >=2; can never be zero,hostap_full_audit_0.4.169,high
MEM06-C,hostap,hostapd/hostapd_cli.c,129,FP,"cfile only ever holds a directory/socket path string, not sensitive data (password/key material)",hostap_full_audit_0.4.169,high
MEM12-C,hostap,hostapd/hostapd_cli.c,131,FP,"This return path is taken only when malloc(flen) failed (cfile==NULL, nothing to free); ctrl_conn is untouched by this function up to this point",hostap_full_audit_0.4.169,high
ERR33-C,hostap,hostapd/hostapd_cli.c,132,FP,"flen is computed to exactly match strlen(ctrl_iface_dir)+1+strlen(ifname)+1, so this snprintf can never truncate",hostap_full_audit_0.4.169,high
STR03-C,hostap,hostapd/hostapd_cli.c,132,FP,Same exact-fit sizing as the paired ERR33-C finding; truncation is impossible by construction,hostap_full_audit_0.4.169,high
EXP05-C,hostap,hostapd/hostapd_cli.c,132,FP,"No cast is present in the source at this call at all; ctrl_iface_dir is passed as a plain const char* vararg to snprintf, factually wrong finding",hostap_full_audit_0.4.169,high
MSC13-C,hostap,hostapd/hostapd_cli.c,137,FP,"Misattributed: line is a free(cfile) call, not an assignment; cfile is read/used at 132/136/141 and is not overwritten before those reads",hostap_full_audit_0.4.169,high
MEM12-C,hostap,hostapd/hostapd_cli.c,138,FP,This early return (client_socket_dir access() failure) happens before ctrl_conn is ever touched in this function; nothing to leak,hostap_full_audit_0.4.169,high
EXP34-C,hostap,hostapd/hostapd_cli.c,141,FP,"client_socket_dir==NULL is an explicitly supported value: wpa_ctrl_open() itself calls wpa_ctrl_open2(ctrl_path, NULL) (wpa_ctrl.c:90)",hostap_full_audit_0.4.169,high
MSC13-C,hostap,hostapd/hostapd_cli.c,142,FP,"Misattributed: line is a free(cfile) call, not an assignment; cfile is read/used at 132/136/141 and is not overwritten before those reads",hostap_full_audit_0.4.169,high
MEM12-C,hostap,hostapd/hostapd_cli.c,143,FP,"ctrl_conn is the functions own return value (ownership transferred to the caller/global), not a leak; established MEM12 ownership-transfer-on-return FP class",hostap_full_audit_0.4.169,high
EXP33-C,hostap,hostapd/hostapd_cli.c,150,FP,"static struct wpa_ctrl *ctrl_conn has no initializer; C 6.7.9p10 guarantees NULL zero-init, so a NULL/!ctrl_conn check is well-defined, not an uninitialized read",hostap_full_audit_0.4.169,high
MSC13-C,hostap,hostapd/hostapd_cli.c,156,FP,hostapd_cli_attached is a static global consumed by later invocations (e.g. hostapd_cli_close_connection/reconnect); not dead,hostap_full_audit_0.4.169,high
MSC13-C,hostap,hostapd/hostapd_cli.c,159,FP,"ctrl_conn=NULL after wpa_ctrl_close is a defensive null-out of a static global read by later calls/functions, not dead code",hostap_full_audit_0.4.169,high
CON07-C,hostap,hostapd/hostapd_cli.c,163,FP,"No pthread usage in file; single-threaded eloop CLI, established no-pthread compound-op FP class",hostap_full_audit_0.4.169,high
DCL30-C,hostap,hostapd/hostapd_cli.c,174,FP,"next_ctrl_ifname is heap memory from os_strdup(), not automatic/stack storage; established local-var-vs-heap-storage DCL30-C confusion class",hostap_full_audit_0.4.169,high
API05-C,hostap,hostapd/hostapd_cli.c,194,FP,"Idiomatic pointer+size/len companion-parameter C convention (msg/len, addr/addr_len, ctrl/cmd), established categorical API05-C FP class",hostap_full_audit_0.4.169,high
EXP33-C,hostap,hostapd/hostapd_cli.c,207,FP,"static struct wpa_ctrl *ctrl_conn has no initializer; C 6.7.9p10 guarantees NULL zero-init, so a NULL/!ctrl_conn check is well-defined, not an uninitialized read",hostap_full_audit_0.4.169,high
MSC01-C,hostap,hostapd/hostapd_cli.c,217,FP,"Guard-clause shape: both branches return, no final else needed; established MSC01-C pedantry class",hostap_full_audit_0.4.169,high
ARR30-C,hostap,hostapd/hostapd_cli.c,222,FP,"buf[len]='\0' where len is the out-param of wpa_ctrl_request, bounded by the in-value sizeof(buf)-1; established recv/request length-cap FP family",hostap_full_audit_0.4.169,high
FIO47-C,hostap,hostapd/hostapd_cli.c,223,FP,"buf/addr are char arrays that decay to a pointer for %s; engine Integer-vs-Pointer classification is simply wrong, established FIO47-C misidentification class",hostap_full_audit_0.4.169,high
PRE32-C,hostap,hostapd/hostapd_cli.c,241,FP,No #if/#ifdef/#endif token appears anywhere in or near this printf call; phantom PRE32-C finding,hostap_full_audit_0.4.169,high
DCL13-C,hostap,hostapd/hostapd_cli.c,251,FP,"Handler function registered in hostapd_cli_commands[] dispatch table with fixed signature int(*)(struct wpa_ctrl*, int, char*argv[]); const-qualifying would break the vtable match",hostap_full_audit_0.4.169,high
DCL13-C,hostap,hostapd/hostapd_cli.c,257,FP,"Handler function registered in hostapd_cli_commands[] dispatch table with fixed signature int(*)(struct wpa_ctrl*, int, char*argv[]); const-qualifying would break the vtable match",hostap_full_audit_0.4.169,high
DCL13-C,hostap,hostapd/hostapd_cli.c,264,FP,"Handler function registered in hostapd_cli_commands[] dispatch table with fixed signature int(*)(struct wpa_ctrl*, int, char*argv[]); const-qualifying would break the vtable match",hostap_full_audit_0.4.169,high
DCL13-C,hostap,hostapd/hostapd_cli.c,270,FP,"Handler function registered in hostapd_cli_commands[] dispatch table with fixed signature int(*)(struct wpa_ctrl*, int, char*argv[]); const-qualifying would break the vtable match",hostap_full_audit_0.4.169,high
DCL13-C,hostap,hostapd/hostapd_cli.c,278,FP,"Handler function registered in hostapd_cli_commands[] dispatch table with fixed signature int(*)(struct wpa_ctrl*, int, char*argv[]); const-qualifying would break the vtable match",hostap_full_audit_0.4.169,high
API05-C,hostap,hostapd/hostapd_cli.c,308,FP,"Idiomatic pointer+size/len companion-parameter C convention (msg/len, addr/addr_len, ctrl/cmd), established categorical API05-C FP class",hostap_full_audit_0.4.169,high
DCL13-C,hostap,hostapd/hostapd_cli.c,308,TP,"hostapd_cli_action_process is a plain internal helper (not itself registered as a callback); msg is genuinely never modified and is only forwarded to cli_event(const char*), so const is a real if low-value opportunity",hostap_full_audit_0.4.169,low
API05-C,hostap,hostapd/hostapd_cli.c,325,FP,"Idiomatic pointer+size/len companion-parameter C convention (msg/len, addr/addr_len, ctrl/cmd), established categorical API05-C FP class",hostap_full_audit_0.4.169,high
DCL13-C,hostap,hostapd/hostapd_cli.c,331,FP,"Handler function registered in hostapd_cli_commands[] dispatch table with fixed signature int(*)(struct wpa_ctrl*, int, char*argv[]); const-qualifying would break the vtable match",hostap_full_audit_0.4.169,high
PRE32-C,hostap,hostapd/hostapd_cli.c,335,FP,"Plain concatenated string-literal printf call with zero preprocessor tokens anywhere in the call; phantom PRE32-C finding, established class",hostap_full_audit_0.4.169,high
PRE32-C,hostap,hostapd/hostapd_cli.c,335,FP,"Plain concatenated string-literal printf call with zero preprocessor tokens anywhere in the call; phantom PRE32-C finding, established class",hostap_full_audit_0.4.169,high
ERR33-C,hostap,hostapd/hostapd_cli.c,340,TP,snprintf return genuinely never checked/consulted anywhere in the function for a fixed-size buffer receiving free-form user-typed CLI argv text; low real-world severity (local admin CLI) but a real unchecked-truncation gap,hostap_full_audit_0.4.169,low
STR03-C,hostap,hostapd/hostapd_cli.c,340,TP,Same unchecked-truncation gap: no os_snprintf_error()-style guard exists for these free-form argv-derived command strings,hostap_full_audit_0.4.169,low
ERR33-C,hostap,hostapd/hostapd_cli.c,342,TP,snprintf return genuinely never checked/consulted anywhere in the function for a fixed-size buffer receiving free-form user-typed CLI argv text; low real-world severity (local admin CLI) but a real unchecked-truncation gap,hostap_full_audit_0.4.169,low
STR03-C,hostap,hostapd/hostapd_cli.c,342,TP,Same unchecked-truncation gap: no os_snprintf_error()-style guard exists for these free-form argv-derived command strings,hostap_full_audit_0.4.169,low
STR34-C,hostap,hostapd/hostapd_cli.c,349,FP,"str is a const char* parameter merely forwarded into get_cmd_arg_num(str,pos); no scalar char-to-int widening occurs, established STR34-C pointer-forwarding misattribution",hostap_full_audit_0.4.169,high
DCL13-C,hostap,hostapd/hostapd_cli.c,363,FP,"Handler function registered in hostapd_cli_commands[] dispatch table with fixed signature int(*)(struct wpa_ctrl*, int, char*argv[]); const-qualifying would break the vtable match",hostap_full_audit_0.4.169,high
PRE32-C,hostap,hostapd/hostapd_cli.c,367,FP,"Plain concatenated string-literal printf call with zero preprocessor tokens anywhere in the call; phantom PRE32-C finding, established class",hostap_full_audit_0.4.169,high
PRE32-C,hostap,hostapd/hostapd_cli.c,367,FP,"Plain concatenated string-literal printf call with zero preprocessor tokens anywhere in the call; phantom PRE32-C finding, established class",hostap_full_audit_0.4.169,high
ERR33-C,hostap,hostapd/hostapd_cli.c,371,TP,snprintf return genuinely never checked/consulted anywhere in the function for a fixed-size buffer receiving free-form user-typed CLI argv text; low real-world severity (local admin CLI) but a real unchecked-truncation gap,hostap_full_audit_0.4.169,low
STR03-C,hostap,hostapd/hostapd_cli.c,371,TP,Same unchecked-truncation gap: no os_snprintf_error()-style guard exists for these free-form argv-derived command strings,hostap_full_audit_0.4.169,low
DCL13-C,hostap,hostapd/hostapd_cli.c,377,FP,"Handler function registered in hostapd_cli_commands[] dispatch table with fixed signature int(*)(struct wpa_ctrl*, int, char*argv[]); const-qualifying would break the vtable match",hostap_full_audit_0.4.169,high
PRE32-C,hostap,hostapd/hostapd_cli.c,381,FP,"Plain concatenated string-literal printf call with zero preprocessor tokens anywhere in the call; phantom PRE32-C finding, established class",hostap_full_audit_0.4.169,high
PRE32-C,hostap,hostapd/hostapd_cli.c,381,FP,"Plain concatenated string-literal printf call with zero preprocessor tokens anywhere in the call; phantom PRE32-C finding, established class",hostap_full_audit_0.4.169,high
DCL13-C,hostap,hostapd/hostapd_cli.c,395,FP,"Handler function registered in hostapd_cli_commands[] dispatch table with fixed signature int(*)(struct wpa_ctrl*, int, char*argv[]); const-qualifying would break the vtable match",hostap_full_audit_0.4.169,high
PRE32-C,hostap,hostapd/hostapd_cli.c,399,FP,"Plain concatenated string-literal printf call with zero preprocessor tokens anywhere in the call; phantom PRE32-C finding, established class",hostap_full_audit_0.4.169,high
PRE32-C,hostap,hostapd/hostapd_cli.c,399,FP,"Plain concatenated string-literal printf call with zero preprocessor tokens anywhere in the call; phantom PRE32-C finding, established class",hostap_full_audit_0.4.169,high
DCL13-C,hostap,hostapd/hostapd_cli.c,414,FP,"Handler function registered in hostapd_cli_commands[] dispatch table with fixed signature int(*)(struct wpa_ctrl*, int, char*argv[]); const-qualifying would break the vtable match",hostap_full_audit_0.4.169,high
DCL13-C,hostap,hostapd/hostapd_cli.c,429,FP,"Handler function registered in hostapd_cli_commands[] dispatch table with fixed signature int(*)(struct wpa_ctrl*, int, char*argv[]); const-qualifying would break the vtable match",hostap_full_audit_0.4.169,high
PRE32-C,hostap,hostapd/hostapd_cli.c,433,FP,"Plain concatenated string-literal printf call with zero preprocessor tokens anywhere in the call; phantom PRE32-C finding, established class",hostap_full_audit_0.4.169,high
PRE32-C,hostap,hostapd/hostapd_cli.c,433,FP,"Plain concatenated string-literal printf call with zero preprocessor tokens anywhere in the call; phantom PRE32-C finding, established class",hostap_full_audit_0.4.169,high
ERR33-C,hostap,hostapd/hostapd_cli.c,437,TP,snprintf return genuinely never checked/consulted anywhere in the function for a fixed-size buffer receiving free-form user-typed CLI argv text; low real-world severity (local admin CLI) but a real unchecked-truncation gap,hostap_full_audit_0.4.169,low
STR03-C,hostap,hostapd/hostapd_cli.c,437,TP,Same unchecked-truncation gap: no os_snprintf_error()-style guard exists for these free-form argv-derived command strings,hostap_full_audit_0.4.169,low
DCL13-C,hostap,hostapd/hostapd_cli.c,444,FP,"Handler function registered in hostapd_cli_commands[] dispatch table with fixed signature int(*)(struct wpa_ctrl*, int, char*argv[]); const-qualifying would break the vtable match",hostap_full_audit_0.4.169,high
PRE32-C,hostap,hostapd/hostapd_cli.c,448,FP,"Plain concatenated string-literal printf call with zero preprocessor tokens anywhere in the call; phantom PRE32-C finding, established class",hostap_full_audit_0.4.169,high
PRE32-C,hostap,hostapd/hostapd_cli.c,448,FP,"Plain concatenated string-literal printf call with zero preprocessor tokens anywhere in the call; phantom PRE32-C finding, established class",hostap_full_audit_0.4.169,high
ERR33-C,hostap,hostapd/hostapd_cli.c,453,TP,snprintf return genuinely never checked/consulted anywhere in the function for a fixed-size buffer receiving free-form user-typed CLI argv text; low real-world severity (local admin CLI) but a real unchecked-truncation gap,hostap_full_audit_0.4.169,low
STR03-C,hostap,hostapd/hostapd_cli.c,453,TP,Same unchecked-truncation gap: no os_snprintf_error()-style guard exists for these free-form argv-derived command strings,hostap_full_audit_0.4.169,low
ERR33-C,hostap,hostapd/hostapd_cli.c,456,TP,snprintf return genuinely never checked/consulted anywhere in the function for a fixed-size buffer receiving free-form user-typed CLI argv text; low real-world severity (local admin CLI) but a real unchecked-truncation gap,hostap_full_audit_0.4.169,low
STR03-C,hostap,hostapd/hostapd_cli.c,456,TP,Same unchecked-truncation gap: no os_snprintf_error()-style guard exists for these free-form argv-derived command strings,hostap_full_audit_0.4.169,low
ERR33-C,hostap,hostapd/hostapd_cli.c,459,TP,snprintf return genuinely never checked/consulted anywhere in the function for a fixed-size buffer receiving free-form user-typed CLI argv text; low real-world severity (local admin CLI) but a real unchecked-truncation gap,hostap_full_audit_0.4.169,low
STR03-C,hostap,hostapd/hostapd_cli.c,459,TP,Same unchecked-truncation gap: no os_snprintf_error()-style guard exists for these free-form argv-derived command strings,hostap_full_audit_0.4.169,low
DCL13-C,hostap,hostapd/hostapd_cli.c,465,FP,"Handler function registered in hostapd_cli_commands[] dispatch table with fixed signature int(*)(struct wpa_ctrl*, int, char*argv[]); const-qualifying would break the vtable match",hostap_full_audit_0.4.169,high
PRE32-C,hostap,hostapd/hostapd_cli.c,471,FP,"Plain concatenated string-literal printf call with zero preprocessor tokens anywhere in the call; phantom PRE32-C finding, established class",hostap_full_audit_0.4.169,high
PRE32-C,hostap,hostapd/hostapd_cli.c,471,FP,"Plain concatenated string-literal printf call with zero preprocessor tokens anywhere in the call; phantom PRE32-C finding, established class",hostap_full_audit_0.4.169,high
DCL13-C,hostap,hostapd/hostapd_cli.c,491,FP,"Handler function registered in hostapd_cli_commands[] dispatch table with fixed signature int(*)(struct wpa_ctrl*, int, char*argv[]); const-qualifying would break the vtable match",hostap_full_audit_0.4.169,high
DCL13-C,hostap,hostapd/hostapd_cli.c,498,FP,"Handler function registered in hostapd_cli_commands[] dispatch table with fixed signature int(*)(struct wpa_ctrl*, int, char*argv[]); const-qualifying would break the vtable match",hostap_full_audit_0.4.169,high
DCL13-C,hostap,hostapd/hostapd_cli.c,506,FP,"Handler function registered in hostapd_cli_commands[] dispatch table with fixed signature int(*)(struct wpa_ctrl*, int, char*argv[]); const-qualifying would break the vtable match",hostap_full_audit_0.4.169,high
PRE32-C,hostap,hostapd/hostapd_cli.c,513,FP,"Plain concatenated string-literal printf call with zero preprocessor tokens anywhere in the call; phantom PRE32-C finding, established class",hostap_full_audit_0.4.169,high
PRE32-C,hostap,hostapd/hostapd_cli.c,513,FP,"Plain concatenated string-literal printf call with zero preprocessor tokens anywhere in the call; phantom PRE32-C finding, established class",hostap_full_audit_0.4.169,high
DCL13-C,hostap,hostapd/hostapd_cli.c,532,FP,"Handler function registered in hostapd_cli_commands[] dispatch table with fixed signature int(*)(struct wpa_ctrl*, int, char*argv[]); const-qualifying would break the vtable match",hostap_full_audit_0.4.169,high
PRE32-C,hostap,hostapd/hostapd_cli.c,538,FP,"Plain concatenated string-literal printf call with zero preprocessor tokens anywhere in the call; phantom PRE32-C finding, established class",hostap_full_audit_0.4.169,high
PRE32-C,hostap,hostapd/hostapd_cli.c,538,FP,"Plain concatenated string-literal printf call with zero preprocessor tokens anywhere in the call; phantom PRE32-C finding, established class",hostap_full_audit_0.4.169,high
DCL13-C,hostap,hostapd/hostapd_cli.c,554,FP,"Handler function registered in hostapd_cli_commands[] dispatch table with fixed signature int(*)(struct wpa_ctrl*, int, char*argv[]); const-qualifying would break the vtable match",hostap_full_audit_0.4.169,high
PRE32-C,hostap,hostapd/hostapd_cli.c,560,FP,"Plain concatenated string-literal printf call with zero preprocessor tokens anywhere in the call; phantom PRE32-C finding, established class",hostap_full_audit_0.4.169,high
PRE32-C,hostap,hostapd/hostapd_cli.c,560,FP,"Plain concatenated string-literal printf call with zero preprocessor tokens anywhere in the call; phantom PRE32-C finding, established class",hostap_full_audit_0.4.169,high
DCL13-C,hostap,hostapd/hostapd_cli.c,575,FP,"Handler function registered in hostapd_cli_commands[] dispatch table with fixed signature int(*)(struct wpa_ctrl*, int, char*argv[]); const-qualifying would break the vtable match",hostap_full_audit_0.4.169,high
PRE32-C,hostap,hostapd/hostapd_cli.c,581,FP,"Plain concatenated string-literal printf call with zero preprocessor tokens anywhere in the call; phantom PRE32-C finding, established class",hostap_full_audit_0.4.169,high
PRE32-C,hostap,hostapd/hostapd_cli.c,581,FP,"Plain concatenated string-literal printf call with zero preprocessor tokens anywhere in the call; phantom PRE32-C finding, established class",hostap_full_audit_0.4.169,high
DCL13-C,hostap,hostapd/hostapd_cli.c,599,FP,"Handler function registered in hostapd_cli_commands[] dispatch table with fixed signature int(*)(struct wpa_ctrl*, int, char*argv[]); const-qualifying would break the vtable match",hostap_full_audit_0.4.169,high
PRE32-C,hostap,hostapd/hostapd_cli.c,603,FP,"Plain concatenated string-literal printf call with zero preprocessor tokens anywhere in the call; phantom PRE32-C finding, established class",hostap_full_audit_0.4.169,high
PRE32-C,hostap,hostapd/hostapd_cli.c,603,FP,"Plain concatenated string-literal printf call with zero preprocessor tokens anywhere in the call; phantom PRE32-C finding, established class",hostap_full_audit_0.4.169,high
ERR33-C,hostap,hostapd/hostapd_cli.c,608,TP,snprintf return genuinely never checked/consulted anywhere in the function for a fixed-size buffer receiving free-form user-typed CLI argv text; low real-world severity (local admin CLI) but a real unchecked-truncation gap,hostap_full_audit_0.4.169,low
STR03-C,hostap,hostapd/hostapd_cli.c,608,TP,Same unchecked-truncation gap: no os_snprintf_error()-style guard exists for these free-form argv-derived command strings,hostap_full_audit_0.4.169,low
ERR33-C,hostap,hostapd/hostapd_cli.c,611,TP,snprintf return genuinely never checked/consulted anywhere in the function for a fixed-size buffer receiving free-form user-typed CLI argv text; low real-world severity (local admin CLI) but a real unchecked-truncation gap,hostap_full_audit_0.4.169,low
STR03-C,hostap,hostapd/hostapd_cli.c,611,TP,Same unchecked-truncation gap: no os_snprintf_error()-style guard exists for these free-form argv-derived command strings,hostap_full_audit_0.4.169,low
ERR33-C,hostap,hostapd/hostapd_cli.c,614,TP,snprintf return genuinely never checked/consulted anywhere in the function for a fixed-size buffer receiving free-form user-typed CLI argv text; low real-world severity (local admin CLI) but a real unchecked-truncation gap,hostap_full_audit_0.4.169,low
STR03-C,hostap,hostapd/hostapd_cli.c,614,TP,Same unchecked-truncation gap: no os_snprintf_error()-style guard exists for these free-form argv-derived command strings,hostap_full_audit_0.4.169,low
DCL13-C,hostap,hostapd/hostapd_cli.c,620,FP,"Handler function registered in hostapd_cli_commands[] dispatch table with fixed signature int(*)(struct wpa_ctrl*, int, char*argv[]); const-qualifying would break the vtable match",hostap_full_audit_0.4.169,high
DCL13-C,hostap,hostapd/hostapd_cli.c,627,FP,"Handler function registered in hostapd_cli_commands[] dispatch table with fixed signature int(*)(struct wpa_ctrl*, int, char*argv[]); const-qualifying would break the vtable match",hostap_full_audit_0.4.169,high
ENV01-C,hostap,hostapd/hostapd_cli.c,630,FP,ssid_hex is a fixed array sized by SSID_MAX_LEN macro arithmetic; function never calls getenv(); established ENV01-C wholesale-misfire class,hostap_full_audit_0.4.169,high
MEM05-C,hostap,hostapd/hostapd_cli.c,630,FP,"ssid_hex[2*SSID_MAX_LEN+1]/key_hex[2*64+1] are ordinary fixed arrays with compile-time-constant macro/literal dimensions, not VLAs; established MEM05-C misfire class",hostap_full_audit_0.4.169,high
MEM05-C,hostap,hostapd/hostapd_cli.c,631,FP,"ssid_hex[2*SSID_MAX_LEN+1]/key_hex[2*64+1] are ordinary fixed arrays with compile-time-constant macro/literal dimensions, not VLAs; established MEM05-C misfire class",hostap_full_audit_0.4.169,high
PRE32-C,hostap,hostapd/hostapd_cli.c,635,FP,"Plain concatenated string-literal printf call with zero preprocessor tokens anywhere in the call; phantom PRE32-C finding, established class",hostap_full_audit_0.4.169,high
PRE32-C,hostap,hostapd/hostapd_cli.c,635,FP,"Plain concatenated string-literal printf call with zero preprocessor tokens anywhere in the call; phantom PRE32-C finding, established class",hostap_full_audit_0.4.169,high
ERR33-C,hostap,hostapd/hostapd_cli.c,658,TP,snprintf return genuinely never checked/consulted anywhere in the function for a fixed-size buffer receiving free-form user-typed CLI argv text; low real-world severity (local admin CLI) but a real unchecked-truncation gap,hostap_full_audit_0.4.169,low
STR03-C,hostap,hostapd/hostapd_cli.c,658,TP,Same unchecked-truncation gap: no os_snprintf_error()-style guard exists for these free-form argv-derived command strings,hostap_full_audit_0.4.169,low
ERR33-C,hostap,hostapd/hostapd_cli.c,661,TP,snprintf return genuinely never checked/consulted anywhere in the function for a fixed-size buffer receiving free-form user-typed CLI argv text; low real-world severity (local admin CLI) but a real unchecked-truncation gap,hostap_full_audit_0.4.169,low
STR03-C,hostap,hostapd/hostapd_cli.c,661,TP,Same unchecked-truncation gap: no os_snprintf_error()-style guard exists for these free-form argv-derived command strings,hostap_full_audit_0.4.169,low
ERR33-C,hostap,hostapd/hostapd_cli.c,664,TP,snprintf return genuinely never checked/consulted anywhere in the function for a fixed-size buffer receiving free-form user-typed CLI argv text; low real-world severity (local admin CLI) but a real unchecked-truncation gap,hostap_full_audit_0.4.169,low
STR03-C,hostap,hostapd/hostapd_cli.c,664,TP,Same unchecked-truncation gap: no os_snprintf_error()-style guard exists for these free-form argv-derived command strings,hostap_full_audit_0.4.169,low
DCL13-C,hostap,hostapd/hostapd_cli.c,672,FP,"Handler function registered in hostapd_cli_commands[] dispatch table with fixed signature int(*)(struct wpa_ctrl*, int, char*argv[]); const-qualifying would break the vtable match",hostap_full_audit_0.4.169,high
PRE32-C,hostap,hostapd/hostapd_cli.c,678,FP,"Plain concatenated string-literal printf call with zero preprocessor tokens anywhere in the call; phantom PRE32-C finding, established class",hostap_full_audit_0.4.169,high
PRE32-C,hostap,hostapd/hostapd_cli.c,678,FP,"Plain concatenated string-literal printf call with zero preprocessor tokens anywhere in the call; phantom PRE32-C finding, established class",hostap_full_audit_0.4.169,high
DCL13-C,hostap,hostapd/hostapd_cli.c,692,FP,"Handler function registered in hostapd_cli_commands[] dispatch table with fixed signature int(*)(struct wpa_ctrl*, int, char*argv[]); const-qualifying would break the vtable match",hostap_full_audit_0.4.169,high
PRE32-C,hostap,hostapd/hostapd_cli.c,698,FP,"Plain concatenated string-literal printf call with zero preprocessor tokens anywhere in the call; phantom PRE32-C finding, established class",hostap_full_audit_0.4.169,high
PRE32-C,hostap,hostapd/hostapd_cli.c,698,FP,"Plain concatenated string-literal printf call with zero preprocessor tokens anywhere in the call; phantom PRE32-C finding, established class",hostap_full_audit_0.4.169,high
DCL13-C,hostap,hostapd/hostapd_cli.c,712,FP,"Handler function registered in hostapd_cli_commands[] dispatch table with fixed signature int(*)(struct wpa_ctrl*, int, char*argv[]); const-qualifying would break the vtable match",hostap_full_audit_0.4.169,high
DCL13-C,hostap,hostapd/hostapd_cli.c,739,FP,"Handler function registered in hostapd_cli_commands[] dispatch table with fixed signature int(*)(struct wpa_ctrl*, int, char*argv[]); const-qualifying would break the vtable match",hostap_full_audit_0.4.169,high
API05-C,hostap,hostapd/hostapd_cli.c,745,FP,"Idiomatic pointer+size/len companion-parameter C convention (msg/len, addr/addr_len, ctrl/cmd), established categorical API05-C FP class",hostap_full_audit_0.4.169,high
API05-C,hostap,hostapd/hostapd_cli.c,746,FP,"Idiomatic pointer+size/len companion-parameter C convention (msg/len, addr/addr_len, ctrl/cmd), established categorical API05-C FP class",hostap_full_audit_0.4.169,high
EXP33-C,hostap,hostapd/hostapd_cli.c,752,FP,"static struct wpa_ctrl *ctrl_conn has no initializer; C 6.7.9p10 guarantees NULL zero-init, so a NULL/!ctrl_conn check is well-defined, not an uninitialized read",hostap_full_audit_0.4.169,high
MSC01-C,hostap,hostapd/hostapd_cli.c,762,FP,"Same guard-clause shape as line 217, both branches return",hostap_full_audit_0.4.169,high
ARR30-C,hostap,hostapd/hostapd_cli.c,767,FP,"buf[len]='\0' where len is the out-param of wpa_ctrl_request, bounded by the in-value sizeof(buf)-1; established recv/request length-cap FP family",hostap_full_audit_0.4.169,high
FIO47-C,hostap,hostapd/hostapd_cli.c,771,FP,"buf/addr are char arrays that decay to a pointer for %s; engine Integer-vs-Pointer classification is simply wrong, established FIO47-C misidentification class",hostap_full_audit_0.4.169,high
STR34-C,hostap,hostapd/hostapd_cli.c,776,FP,"*pos = '\0' is a plain char-to-char assignment (pos is char*); no widening conversion exists, established plain-char-assignment STR34-C FP class",hostap_full_audit_0.4.169,high
DCL13-C,hostap,hostapd/hostapd_cli.c,783,FP,"Handler function registered in hostapd_cli_commands[] dispatch table with fixed signature int(*)(struct wpa_ctrl*, int, char*argv[]); const-qualifying would break the vtable match",hostap_full_audit_0.4.169,high
ERR33-C,hostap,hostapd/hostapd_cli.c,790,FP,"cmd[64] receives ""STA-NEXT "" (9 chars) + addr, and addr is itself bounded to addr_len=32 (via os_strlcpy in wpa_ctrl_command_sta); truncation is provably impossible",hostap_full_audit_0.4.169,high
STR03-C,hostap,hostapd/hostapd_cli.c,790,FP,Same provably-bounded addr (<=32 bytes incl NUL) into a 64-byte cmd buffer; truncation impossible,hostap_full_audit_0.4.169,high
DCL13-C,hostap,hostapd/hostapd_cli.c,798,FP,"Handler function registered in hostapd_cli_commands[] dispatch table with fixed signature int(*)(struct wpa_ctrl*, int, char*argv[]); const-qualifying would break the vtable match",hostap_full_audit_0.4.169,high
FIO47-C,hostap,hostapd/hostapd_cli.c,806,FP,"buf/addr are char arrays that decay to a pointer for %s; engine Integer-vs-Pointer classification is simply wrong, established FIO47-C misidentification class",hostap_full_audit_0.4.169,high
DCL13-C,hostap,hostapd/hostapd_cli.c,814,FP,"Handler function registered in hostapd_cli_commands[] dispatch table with fixed signature int(*)(struct wpa_ctrl*, int, char*argv[]); const-qualifying would break the vtable match",hostap_full_audit_0.4.169,high
DCL13-C,hostap,hostapd/hostapd_cli.c,814,FP,"Handler function registered in hostapd_cli_commands[] dispatch table with fixed signature int(*)(struct wpa_ctrl*, int, char*argv[]); const-qualifying would break the vtable match",hostap_full_audit_0.4.169,high
STR34-C,hostap,hostapd/hostapd_cli.c,823,FP,Same forwarded-pointer STR34-C misattribution as line 349 (hostapd_cli_complete_help),hostap_full_audit_0.4.169,high
EXP33-C,hostap,hostapd/hostapd_cli.c,828,FP,"list_cmd_list is a forward-declared FUNCTION (line 46), not a variable; sqc mistook the call for a read of an uninitialized static",hostap_full_audit_0.4.169,high
DCL13-C,hostap,hostapd/hostapd_cli.c,836,FP,"Handler function registered in hostapd_cli_commands[] dispatch table with fixed signature int(*)(struct wpa_ctrl*, int, char*argv[]); const-qualifying would break the vtable match",hostap_full_audit_0.4.169,high
DCL13-C,hostap,hostapd/hostapd_cli.c,837,FP,"argv/ctrl param of a hostapd_cli_cmd_* dispatch handler; struct hostapd_cli_cmd's handler field is typed int(*)(struct wpa_ctrl*,int,char*argv[]) (line 1688) - const would break the vtable match",hostap_full_audit_0.4.169,high
DCL13-C,hostap,hostapd/hostapd_cli.c,845,FP,"argv/ctrl param of a hostapd_cli_cmd_* dispatch handler; struct hostapd_cli_cmd's handler field is typed int(*)(struct wpa_ctrl*,int,char*argv[]) (line 1688) - const would break the vtable match",hostap_full_audit_0.4.169,high
PRE32-C,hostap,hostapd/hostapd_cli.c,851,FP,phantom PRE32-C: plain concatenated string-literal printf/fprintf call with zero preprocessor tokens anywhere in or near the call,hostap_full_audit_0.4.169,high
PRE32-C,hostap,hostapd/hostapd_cli.c,851,FP,phantom PRE32-C: plain concatenated string-literal printf/fprintf call with zero preprocessor tokens anywhere in or near the call,hostap_full_audit_0.4.169,high
DCL13-C,hostap,hostapd/hostapd_cli.c,865,FP,"argv/ctrl param of a hostapd_cli_cmd_* dispatch handler; struct hostapd_cli_cmd's handler field is typed int(*)(struct wpa_ctrl*,int,char*argv[]) (line 1688) - const would break the vtable match",hostap_full_audit_0.4.169,high
PRE32-C,hostap,hostapd/hostapd_cli.c,871,FP,phantom PRE32-C: plain concatenated string-literal printf/fprintf call with zero preprocessor tokens anywhere in or near the call,hostap_full_audit_0.4.169,high
PRE32-C,hostap,hostapd/hostapd_cli.c,871,FP,phantom PRE32-C: plain concatenated string-literal printf/fprintf call with zero preprocessor tokens anywhere in or near the call,hostap_full_audit_0.4.169,high
DCL13-C,hostap,hostapd/hostapd_cli.c,884,FP,"argv/ctrl param of a hostapd_cli_cmd_* dispatch handler; struct hostapd_cli_cmd's handler field is typed int(*)(struct wpa_ctrl*,int,char*argv[]) (line 1688) - const would break the vtable match",hostap_full_audit_0.4.169,high
PRE32-C,hostap,hostapd/hostapd_cli.c,890,FP,phantom PRE32-C: plain concatenated string-literal printf/fprintf call with zero preprocessor tokens anywhere in or near the call,hostap_full_audit_0.4.169,high
PRE32-C,hostap,hostapd/hostapd_cli.c,890,FP,phantom PRE32-C: plain concatenated string-literal printf/fprintf call with zero preprocessor tokens anywhere in or near the call,hostap_full_audit_0.4.169,high
DCL13-C,hostap,hostapd/hostapd_cli.c,904,FP,"argv/ctrl param of a hostapd_cli_cmd_* dispatch handler; struct hostapd_cli_cmd's handler field is typed int(*)(struct wpa_ctrl*,int,char*argv[]) (line 1688) - const would break the vtable match",hostap_full_audit_0.4.169,high
DCL13-C,hostap,hostapd/hostapd_cli.c,928,FP,"argv/ctrl param of a hostapd_cli_cmd_* dispatch handler; struct hostapd_cli_cmd's handler field is typed int(*)(struct wpa_ctrl*,int,char*argv[]) (line 1688) - const would break the vtable match",hostap_full_audit_0.4.169,high
DCL13-C,hostap,hostapd/hostapd_cli.c,928,FP,"argv/ctrl param of a hostapd_cli_cmd_* dispatch handler; struct hostapd_cli_cmd's handler field is typed int(*)(struct wpa_ctrl*,int,char*argv[]) (line 1688) - const would break the vtable match",hostap_full_audit_0.4.169,high
DCL13-C,hostap,hostapd/hostapd_cli.c,937,FP,"argv/ctrl param of a hostapd_cli_cmd_* dispatch handler; struct hostapd_cli_cmd's handler field is typed int(*)(struct wpa_ctrl*,int,char*argv[]) (line 1688) - const would break the vtable match",hostap_full_audit_0.4.169,high
PRE32-C,hostap,hostapd/hostapd_cli.c,941,FP,phantom PRE32-C: plain concatenated string-literal printf/fprintf call with zero preprocessor tokens anywhere in or near the call,hostap_full_audit_0.4.169,high
PRE32-C,hostap,hostapd/hostapd_cli.c,941,FP,phantom PRE32-C: plain concatenated string-literal printf/fprintf call with zero preprocessor tokens anywhere in or near the call,hostap_full_audit_0.4.169,high
ERR33-C,hostap,hostapd/hostapd_cli.c,945,TP,"snprintf's return value is genuinely unchecked here (sibling handlers in this file use os_snprintf_error to check), real if low-severity truncation-detection gap",hostap_full_audit_0.4.169,low
STR03-C,hostap,hostapd/hostapd_cli.c,945,TP,same unchecked-snprintf gap as the paired ERR33-C finding on this line; low real risk given buffer sizing but technically unvalidated,hostap_full_audit_0.4.169,low
DCL13-C,hostap,hostapd/hostapd_cli.c,969,TP,"plain static helper, not in any dispatch/callback vtable, param only read - real but low-value const opportunity",hostap_full_audit_0.4.169,low
CON34-C,hostap,hostapd/hostapd_cli.c,981,FP,"no-pthread FP class (established for strerror/getenv) extends to readdir(): single-threaded CLI tool, zero pthread usage anywhere in the file",hostap_full_audit_0.4.169,high
EXP34-C,hostap,hostapd/hostapd_cli.c,982,FP,while ((dent = readdir(dir))) - the loop condition itself is dent's own NULL guard for every dent-> access in the body,hostap_full_audit_0.4.169,high
DCL13-C,hostap,hostapd/hostapd_cli.c,991,TP,"plain static helper, not in any dispatch/callback vtable, param only read - real but low-value const opportunity",hostap_full_audit_0.4.169,low
PRE32-C,hostap,hostapd/hostapd_cli.c,998,FP,phantom PRE32-C: plain concatenated string-literal printf/fprintf call with zero preprocessor tokens anywhere in or near the call,hostap_full_audit_0.4.169,high
PRE32-C,hostap,hostapd/hostapd_cli.c,998,FP,phantom PRE32-C: plain concatenated string-literal printf/fprintf call with zero preprocessor tokens anywhere in or near the call,hostap_full_audit_0.4.169,high
CON34-C,hostap,hostapd/hostapd_cli.c,1004,FP,"no-pthread FP class (established for strerror/getenv) extends to readdir(): single-threaded CLI tool, zero pthread usage anywhere in the file",hostap_full_audit_0.4.169,high
EXP34-C,hostap,hostapd/hostapd_cli.c,1005,FP,while ((dent = readdir(dir))) - the loop condition itself is dent's own NULL guard for every dent-> access in the body,hostap_full_audit_0.4.169,high
DCL13-C,hostap,hostapd/hostapd_cli.c,1015,FP,"argv/ctrl param of a hostapd_cli_cmd_* dispatch handler; struct hostapd_cli_cmd's handler field is typed int(*)(struct wpa_ctrl*,int,char*argv[]) (line 1688) - const would break the vtable match",hostap_full_audit_0.4.169,high
PRE32-C,hostap,hostapd/hostapd_cli.c,1022,FP,phantom PRE32-C: plain concatenated string-literal printf/fprintf call with zero preprocessor tokens anywhere in or near the call,hostap_full_audit_0.4.169,high
DCL11-C,hostap,hostapd/hostapd_cli.c,1023,TP,same ctrl_ifname-NULL-on-OOM path as the paired EXP34-C finding on this line,hostap_full_audit_0.4.169,low
EXP34-C,hostap,hostapd/hostapd_cli.c,1023,TP,"hostapd_cli_reconnect's os_strdup(ifname) OOM path sets the global ctrl_ifname to NULL and returns nonzero, reaching this printf with a NULL %s arg - rare (malloc-failure-only) but a real path",hostap_full_audit_0.4.169,low
STR34-C,hostap,hostapd/hostapd_cli.c,1031,FP,'str' is forwarded verbatim as a const char* call argument to get_cmd_arg_num - no scalar char-to-int widening occurs at this line,hostap_full_audit_0.4.169,high
EXP33-C,hostap,hostapd/hostapd_cli.c,1037,FP,static struct wpa_ctrl *ctrl_conn; has no initializer - C 6.7.9p10 guarantees zero/NULL-init; every flagged read is a well-defined NULL check,hostap_full_audit_0.4.169,high
DCL13-C,hostap,hostapd/hostapd_cli.c,1047,FP,"argv/ctrl param of a hostapd_cli_cmd_* dispatch handler; struct hostapd_cli_cmd's handler field is typed int(*)(struct wpa_ctrl*,int,char*argv[]) (line 1688) - const would break the vtable match",hostap_full_audit_0.4.169,high
PRE32-C,hostap,hostapd/hostapd_cli.c,1053,FP,phantom PRE32-C: plain concatenated string-literal printf/fprintf call with zero preprocessor tokens anywhere in or near the call,hostap_full_audit_0.4.169,high
PRE32-C,hostap,hostapd/hostapd_cli.c,1053,FP,phantom PRE32-C: plain concatenated string-literal printf/fprintf call with zero preprocessor tokens anywhere in or near the call,hostap_full_audit_0.4.169,high
STR34-C,hostap,hostapd/hostapd_cli.c,1069,FP,'str' is forwarded verbatim as a const char* call argument to get_cmd_arg_num - no scalar char-to-int widening occurs at this line,hostap_full_audit_0.4.169,high
ARR02-C,hostap,hostapd/hostapd_cli.c,1070,FP,const char *fields[] is sized exactly by its brace-list initializer and consumed only via ARRAY_SIZE(fields) - no real bound to specify,hostap_full_audit_0.4.169,high
STR34-C,hostap,hostapd/hostapd_cli.c,1086,FP,"'fields'/'network_fields' is an array of char* (const char *fields[]), not chars - no char widening conversion exists",hostap_full_audit_0.4.169,high
DCL13-C,hostap,hostapd/hostapd_cli.c,1105,FP,"argv/ctrl param of a hostapd_cli_cmd_* dispatch handler; struct hostapd_cli_cmd's handler field is typed int(*)(struct wpa_ctrl*,int,char*argv[]) (line 1688) - const would break the vtable match",hostap_full_audit_0.4.169,high
PRE32-C,hostap,hostapd/hostapd_cli.c,1111,FP,phantom PRE32-C: plain concatenated string-literal printf/fprintf call with zero preprocessor tokens anywhere in or near the call,hostap_full_audit_0.4.169,high
PRE32-C,hostap,hostapd/hostapd_cli.c,1111,FP,phantom PRE32-C: plain concatenated string-literal printf/fprintf call with zero preprocessor tokens anywhere in or near the call,hostap_full_audit_0.4.169,high
STR34-C,hostap,hostapd/hostapd_cli.c,1127,FP,'str' is forwarded verbatim as a const char* call argument to get_cmd_arg_num - no scalar char-to-int widening occurs at this line,hostap_full_audit_0.4.169,high
ARR02-C,hostap,hostapd/hostapd_cli.c,1128,FP,const char *fields[] is sized exactly by its brace-list initializer and consumed only via ARRAY_SIZE(fields) - no real bound to specify,hostap_full_audit_0.4.169,high
STR34-C,hostap,hostapd/hostapd_cli.c,1131,FP,"'fields'/'network_fields' is an array of char* (const char *fields[]), not chars - no char widening conversion exists",hostap_full_audit_0.4.169,high
DCL13-C,hostap,hostapd/hostapd_cli.c,1151,FP,"argv/ctrl param of a hostapd_cli_cmd_* dispatch handler; struct hostapd_cli_cmd's handler field is typed int(*)(struct wpa_ctrl*,int,char*argv[]) (line 1688) - const would break the vtable match",hostap_full_audit_0.4.169,high
DCL13-C,hostap,hostapd/hostapd_cli.c,1189,FP,"argv/ctrl param of a hostapd_cli_cmd_* dispatch handler; struct hostapd_cli_cmd's handler field is typed int(*)(struct wpa_ctrl*,int,char*argv[]) (line 1688) - const would break the vtable match",hostap_full_audit_0.4.169,high
PRE32-C,hostap,hostapd/hostapd_cli.c,1198,FP,phantom PRE32-C: plain concatenated string-literal printf/fprintf call with zero preprocessor tokens anywhere in or near the call,hostap_full_audit_0.4.169,high
PRE32-C,hostap,hostapd/hostapd_cli.c,1198,FP,phantom PRE32-C: plain concatenated string-literal printf/fprintf call with zero preprocessor tokens anywhere in or near the call,hostap_full_audit_0.4.169,high
DCL13-C,hostap,hostapd/hostapd_cli.c,1242,FP,"argv/ctrl param of a hostapd_cli_cmd_* dispatch handler; struct hostapd_cli_cmd's handler field is typed int(*)(struct wpa_ctrl*,int,char*argv[]) (line 1688) - const would break the vtable match",hostap_full_audit_0.4.169,high
DCL13-C,hostap,hostapd/hostapd_cli.c,1249,FP,"argv/ctrl param of a hostapd_cli_cmd_* dispatch handler; struct hostapd_cli_cmd's handler field is typed int(*)(struct wpa_ctrl*,int,char*argv[]) (line 1688) - const would break the vtable match",hostap_full_audit_0.4.169,high
DCL13-C,hostap,hostapd/hostapd_cli.c,1256,FP,"argv/ctrl param of a hostapd_cli_cmd_* dispatch handler; struct hostapd_cli_cmd's handler field is typed int(*)(struct wpa_ctrl*,int,char*argv[]) (line 1688) - const would break the vtable match",hostap_full_audit_0.4.169,high
DCL13-C,hostap,hostapd/hostapd_cli.c,1263,FP,"argv/ctrl param of a hostapd_cli_cmd_* dispatch handler; struct hostapd_cli_cmd's handler field is typed int(*)(struct wpa_ctrl*,int,char*argv[]) (line 1688) - const would break the vtable match",hostap_full_audit_0.4.169,high
DCL13-C,hostap,hostapd/hostapd_cli.c,1270,FP,"argv/ctrl param of a hostapd_cli_cmd_* dispatch handler; struct hostapd_cli_cmd's handler field is typed int(*)(struct wpa_ctrl*,int,char*argv[]) (line 1688) - const would break the vtable match",hostap_full_audit_0.4.169,high
DCL13-C,hostap,hostapd/hostapd_cli.c,1277,FP,"argv/ctrl param of a hostapd_cli_cmd_* dispatch handler; struct hostapd_cli_cmd's handler field is typed int(*)(struct wpa_ctrl*,int,char*argv[]) (line 1688) - const would break the vtable match",hostap_full_audit_0.4.169,high
DCL13-C,hostap,hostapd/hostapd_cli.c,1285,FP,"argv/ctrl param of a hostapd_cli_cmd_* dispatch handler; struct hostapd_cli_cmd's handler field is typed int(*)(struct wpa_ctrl*,int,char*argv[]) (line 1688) - const would break the vtable match",hostap_full_audit_0.4.169,high
ERR07-C,hostap,hostapd/hostapd_cli.c,1287,FP,atoi(argv[0])>0 guard already treats 0/negative/non-numeric as invalid and falls back to count=1 - the parse-failure/0 ambiguity is already handled downstream,hostap_full_audit_0.4.169,med
ERR34-C,hostap,hostapd/hostapd_cli.c,1287,FP,same already-guarded atoi(argv[0])>0 shape as the paired ERR07-C finding,hostap_full_audit_0.4.169,med
STR34-C,hostap,hostapd/hostapd_cli.c,1287,FP,"argv[0] is forwarded to atoi() as a char* call argument, not a scalar char-to-int widening",hostap_full_audit_0.4.169,high
ERR07-C,hostap,hostapd/hostapd_cli.c,1287,FP,atoi(argv[0])>0 guard already treats 0/negative/non-numeric as invalid and falls back to count=1 - the parse-failure/0 ambiguity is already handled downstream,hostap_full_audit_0.4.169,med
ERR34-C,hostap,hostapd/hostapd_cli.c,1287,FP,same already-guarded atoi(argv[0])>0 shape as the paired ERR07-C finding,hostap_full_audit_0.4.169,med
STR34-C,hostap,hostapd/hostapd_cli.c,1287,FP,"argv[0] is forwarded to atoi() as a char* call argument, not a scalar char-to-int widening",hostap_full_audit_0.4.169,high
ERR33-C,hostap,hostapd/hostapd_cli.c,1290,TP,"snprintf's return value is genuinely unchecked here (sibling handlers in this file use os_snprintf_error to check), real if low-severity truncation-detection gap",hostap_full_audit_0.4.169,low
STR03-C,hostap,hostapd/hostapd_cli.c,1290,TP,same unchecked-snprintf gap as the paired ERR33-C finding on this line; low real risk given buffer sizing but technically unvalidated,hostap_full_audit_0.4.169,low
DCL13-C,hostap,hostapd/hostapd_cli.c,1298,FP,"argv/ctrl param of a hostapd_cli_cmd_* dispatch handler; struct hostapd_cli_cmd's handler field is typed int(*)(struct wpa_ctrl*,int,char*argv[]) (line 1688) - const would break the vtable match",hostap_full_audit_0.4.169,high
DCL13-C,hostap,hostapd/hostapd_cli.c,1305,FP,"argv/ctrl param of a hostapd_cli_cmd_* dispatch handler; struct hostapd_cli_cmd's handler field is typed int(*)(struct wpa_ctrl*,int,char*argv[]) (line 1688) - const would break the vtable match",hostap_full_audit_0.4.169,high
DCL13-C,hostap,hostapd/hostapd_cli.c,1312,FP,"argv/ctrl param of a hostapd_cli_cmd_* dispatch handler; struct hostapd_cli_cmd's handler field is typed int(*)(struct wpa_ctrl*,int,char*argv[]) (line 1688) - const would break the vtable match",hostap_full_audit_0.4.169,high
DCL13-C,hostap,hostapd/hostapd_cli.c,1318,FP,"argv/ctrl param of a hostapd_cli_cmd_* dispatch handler; struct hostapd_cli_cmd's handler field is typed int(*)(struct wpa_ctrl*,int,char*argv[]) (line 1688) - const would break the vtable match",hostap_full_audit_0.4.169,high
PRE32-C,hostap,hostapd/hostapd_cli.c,1324,FP,phantom PRE32-C: plain concatenated string-literal printf/fprintf call with zero preprocessor tokens anywhere in or near the call,hostap_full_audit_0.4.169,high
PRE32-C,hostap,hostapd/hostapd_cli.c,1324,FP,phantom PRE32-C: plain concatenated string-literal printf/fprintf call with zero preprocessor tokens anywhere in or near the call,hostap_full_audit_0.4.169,high
DCL13-C,hostap,hostapd/hostapd_cli.c,1341,FP,"argv/ctrl param of a hostapd_cli_cmd_* dispatch handler; struct hostapd_cli_cmd's handler field is typed int(*)(struct wpa_ctrl*,int,char*argv[]) (line 1688) - const would break the vtable match",hostap_full_audit_0.4.169,high
DCL13-C,hostap,hostapd/hostapd_cli.c,1348,FP,"argv/ctrl param of a hostapd_cli_cmd_* dispatch handler; struct hostapd_cli_cmd's handler field is typed int(*)(struct wpa_ctrl*,int,char*argv[]) (line 1688) - const would break the vtable match",hostap_full_audit_0.4.169,high
DCL13-C,hostap,hostapd/hostapd_cli.c,1374,FP,"argv/ctrl param of a hostapd_cli_cmd_* dispatch handler; struct hostapd_cli_cmd's handler field is typed int(*)(struct wpa_ctrl*,int,char*argv[]) (line 1688) - const would break the vtable match",hostap_full_audit_0.4.169,high
DCL13-C,hostap,hostapd/hostapd_cli.c,1381,FP,"argv/ctrl param of a hostapd_cli_cmd_* dispatch handler; struct hostapd_cli_cmd's handler field is typed int(*)(struct wpa_ctrl*,int,char*argv[]) (line 1688) - const would break the vtable match",hostap_full_audit_0.4.169,high
DCL13-C,hostap,hostapd/hostapd_cli.c,1388,FP,"argv/ctrl param of a hostapd_cli_cmd_* dispatch handler; struct hostapd_cli_cmd's handler field is typed int(*)(struct wpa_ctrl*,int,char*argv[]) (line 1688) - const would break the vtable match",hostap_full_audit_0.4.169,high
DCL13-C,hostap,hostapd/hostapd_cli.c,1410,FP,"argv/ctrl param of a hostapd_cli_cmd_* dispatch handler; struct hostapd_cli_cmd's handler field is typed int(*)(struct wpa_ctrl*,int,char*argv[]) (line 1688) - const would break the vtable match",hostap_full_audit_0.4.169,high
DCL13-C,hostap,hostapd/hostapd_cli.c,1424,FP,"argv/ctrl param of a hostapd_cli_cmd_* dispatch handler; struct hostapd_cli_cmd's handler field is typed int(*)(struct wpa_ctrl*,int,char*argv[]) (line 1688) - const would break the vtable match",hostap_full_audit_0.4.169,high
DCL13-C,hostap,hostapd/hostapd_cli.c,1456,FP,"argv/ctrl param of a hostapd_cli_cmd_* dispatch handler; struct hostapd_cli_cmd's handler field is typed int(*)(struct wpa_ctrl*,int,char*argv[]) (line 1688) - const would break the vtable match",hostap_full_audit_0.4.169,high
DCL13-C,hostap,hostapd/hostapd_cli.c,1463,FP,"argv/ctrl param of a hostapd_cli_cmd_* dispatch handler; struct hostapd_cli_cmd's handler field is typed int(*)(struct wpa_ctrl*,int,char*argv[]) (line 1688) - const would break the vtable match",hostap_full_audit_0.4.169,high
DCL13-C,hostap,hostapd/hostapd_cli.c,1528,FP,"argv/ctrl param of a hostapd_cli_cmd_* dispatch handler; struct hostapd_cli_cmd's handler field is typed int(*)(struct wpa_ctrl*,int,char*argv[]) (line 1688) - const would break the vtable match",hostap_full_audit_0.4.169,high
DCL13-C,hostap,hostapd/hostapd_cli.c,1586,FP,"argv/ctrl param of a hostapd_cli_cmd_* dispatch handler; struct hostapd_cli_cmd's handler field is typed int(*)(struct wpa_ctrl*,int,char*argv[]) (line 1688) - const would break the vtable match",hostap_full_audit_0.4.169,high
DCL13-C,hostap,hostapd/hostapd_cli.c,1600,FP,"argv/ctrl param of a hostapd_cli_cmd_* dispatch handler; struct hostapd_cli_cmd's handler field is typed int(*)(struct wpa_ctrl*,int,char*argv[]) (line 1688) - const would break the vtable match",hostap_full_audit_0.4.169,high
DCL13-C,hostap,hostapd/hostapd_cli.c,1654,FP,"argv/ctrl param of a hostapd_cli_cmd_* dispatch handler; struct hostapd_cli_cmd's handler field is typed int(*)(struct wpa_ctrl*,int,char*argv[]) (line 1688) - const would break the vtable match",hostap_full_audit_0.4.169,high
DCL13-C,hostap,hostapd/hostapd_cli.c,1663,FP,"argv/ctrl param of a hostapd_cli_cmd_* dispatch handler; struct hostapd_cli_cmd's handler field is typed int(*)(struct wpa_ctrl*,int,char*argv[]) (line 1688) - const would break the vtable match",hostap_full_audit_0.4.169,high
DCL13-C,hostap,hostapd/hostapd_cli.c,1670,FP,"argv/ctrl param of a hostapd_cli_cmd_* dispatch handler; struct hostapd_cli_cmd's handler field is typed int(*)(struct wpa_ctrl*,int,char*argv[]) (line 1688) - const would break the vtable match",hostap_full_audit_0.4.169,high
ARR02-C,hostap,hostapd/hostapd_cli.c,1693,FP,hostapd_cli_commands[] size legitimately varies by which CONFIG_FST/IEEE80211AX/DPP/... blocks are compiled in - no fixed bound to hardcode,hostap_full_audit_0.4.169,high
DCL13-C,hostap,hostapd/hostapd_cli.c,1929,TP,"plain static helper, not in any dispatch/callback vtable, param only read - real but low-value const opportunity",hostap_full_audit_0.4.169,low
EXP45-C,hostap,hostapd/hostapd_cli.c,1938,FP,"for (n = 0; (c = cmd->usage[n]); n++) is already parenthesized - idiomatic assignment-as-condition, not an accidental =/== slip",hostap_full_audit_0.4.169,high
INT00-C,hostap,hostapd/hostapd_cli.c,1939,FP,"'c' is plain char, correctly matching %c after default promotion; engine conflates the loop variable's own char type with cmd->usage's char* field type",hostap_full_audit_0.4.169,high
DCL11-C,hostap,hostapd/hostapd_cli.c,1939,FP,'c' is plain char correctly matching %c after default promotion; engine conflates the loop variable's own type with cmd->usage's char* field type,hostap_full_audit_0.4.169,high
EXP34-C,hostap,hostapd/hostapd_cli.c,1951,FP,"print_help's only two call sites (usage(): stderr, hostapd_cli_cmd_help(): stdout) never pass NULL",hostap_full_audit_0.4.169,high
ARR30-C,hostap,hostapd/hostapd_cli.c,1966,FP,"while (cmd->cmd) is a bounded compile-time table scan over the NULL-sentinel-terminated hostapd_cli_commands[] array, not an unbounded pointer walk",hostap_full_audit_0.4.169,high
ARR30-C,hostap,hostapd/hostapd_cli.c,1982,FP,"while (cmd->cmd) is a bounded compile-time table scan over the NULL-sentinel-terminated hostapd_cli_commands[] array, not an unbounded pointer walk",hostap_full_audit_0.4.169,high
EXP34-C,hostap,hostapd/hostapd_cli.c,1993,FP,"match is only dereferenced in the count==1 branch; count is only ever incremented in lockstep with 'match = cmd', so count==1 guarantees match is non-NULL",hostap_full_audit_0.4.169,high
EXP33-C,hostap,hostapd/hostapd_cli.c,2030,FP,static struct wpa_ctrl *ctrl_conn; has no initializer - C 6.7.9p10 guarantees zero/NULL-init; every flagged read is a well-defined NULL check,hostap_full_audit_0.4.169,high
ARR30-C,hostap,hostapd/hostapd_cli.c,2036,FP,len is wpa_ctrl_recv's own in/out size cap (initialized to sizeof(buf)-1 before the call) - buf[len]='\0' is always in-bounds,hostap_full_audit_0.4.169,high
FIO47-C,hostap,hostapd/hostapd_cli.c,2044,FP,"buf is char[4096], a genuine array-to-pointer-decaying argument matching %s - Integer classification is simply wrong",hostap_full_audit_0.4.169,high
DCL13-C,hostap,hostapd/hostapd_cli.c,2054,FP,eloop callback param pinned by eloop.h's fixed handler typedef (eloop_sock_handler/eloop_timeout_handler),hostap_full_audit_0.4.169,high
DCL13-C,hostap,hostapd/hostapd_cli.c,2054,FP,"eloop_sock_handler pinned typedef void(*)(int,void*,void*) (eloop.h:43)",hostap_full_audit_0.4.169,high
EXP33-C,hostap,hostapd/hostapd_cli.c,2056,FP,static struct wpa_ctrl *ctrl_conn; has no initializer - C 6.7.9p10 guarantees zero/NULL-init; every flagged read is a well-defined NULL check,hostap_full_audit_0.4.169,high
DCL13-C,hostap,hostapd/hostapd_cli.c,2060,FP,eloop callback param pinned by eloop.h's fixed handler typedef (eloop_sock_handler/eloop_timeout_handler),hostap_full_audit_0.4.169,high
DCL13-C,hostap,hostapd/hostapd_cli.c,2060,FP,"eloop_timeout_handler pinned typedef void(*)(void*,void*) (eloop.h:57)",hostap_full_audit_0.4.169,high
EXP33-C,hostap,hostapd/hostapd_cli.c,2062,FP,static struct wpa_ctrl *ctrl_conn; has no initializer - C 6.7.9p10 guarantees zero/NULL-init; every flagged read is a well-defined NULL check,hostap_full_audit_0.4.169,high
DCL13-C,hostap,hostapd/hostapd_cli.c,2074,FP,"eloop_signal_handler pinned typedef void(*)(int,void*) (eloop.h:66)",hostap_full_audit_0.4.169,high
DCL13-C,hostap,hostapd/hostapd_cli.c,2080,FP,"edit.h's cmd_cb/eof_cb/completion_cb callback typedefs (edit_init) pin ctx as void* - fixed contract, matches eloop/EAP-method dispatch-table FP family",hostap_full_audit_0.4.169,high
MEM05-C,hostap,hostapd/hostapd_cli.c,2082,FP,"max_args is '#define max_args 10' (src/common/cli.h:44), a compile-time constant - not a runtime-sized VLA at all",hostap_full_audit_0.4.169,high
ARR32-C,hostap,hostapd/hostapd_cli.c,2082,FP,"max_args is '#define max_args 10' (src/common/cli.h:44), a compile-time constant - not a runtime-sized VLA at all",hostap_full_audit_0.4.169,high
EXP33-C,hostap,hostapd/hostapd_cli.c,2084,FP,"argv is tokenize_cmd's out-parameter being written at this call, not a read of an uninitialized value",hostap_full_audit_0.4.169,high
EXP33-C,hostap,hostapd/hostapd_cli.c,2086,FP,static struct wpa_ctrl *ctrl_conn; has no initializer - C 6.7.9p10 guarantees zero/NULL-init; every flagged read is a well-defined NULL check,hostap_full_audit_0.4.169,high
DCL13-C,hostap,hostapd/hostapd_cli.c,2090,FP,"edit.h's cmd_cb/eof_cb/completion_cb callback typedefs (edit_init) pin ctx as void* - fixed contract, matches eloop/EAP-method dispatch-table FP family",hostap_full_audit_0.4.169,high
DCL30-C,hostap,hostapd/hostapd_cli.c,2112,FP,"res is heap memory from os_calloc (or forwards another function's heap/NULL return), not an automatic-storage-duration local - confused local pointer variable with local storage",hostap_full_audit_0.4.169,high
DCL13-C,hostap,hostapd/hostapd_cli.c,2138,FP,"edit.h's cmd_cb/eof_cb/completion_cb callback typedefs (edit_init) pin ctx as void* - fixed contract, matches eloop/EAP-method dispatch-table FP family",hostap_full_audit_0.4.169,high
EXP33-C,hostap,hostapd/hostapd_cli.c,2147,FP,"list_cmd_list is a forward-declared static FUNCTION (line 46), not a static variable - engine mistakes the call for a variable read",hostap_full_audit_0.4.169,high
INT32-C,hostap,hostapd/hostapd_cli.c,2149,FP,"pos is the interactive line-editor's cursor position, bounded by the input line length - nowhere near a realistic int-overflow range",hostap_full_audit_0.4.169,med
DCL30-C,hostap,hostapd/hostapd_cli.c,2156,FP,"res is heap memory from os_calloc (or forwards another function's heap/NULL return), not an automatic-storage-duration local - confused local pointer variable with local storage",hostap_full_audit_0.4.169,high
ENV34-C,hostap,hostapd/hostapd_cli.c,2170,FP,"getenv(""HOME"") result is consumed immediately in the same scope (os_strlen/os_snprintf) with zero intervening env-mutating calls - no real invalidation window",hostap_full_audit_0.4.169,high
ERR33-C,hostap,hostapd/hostapd_cli.c,2170,FP,getenv result checked on the very next line via 'if (home) {' - factually not an unchecked-return case,hostap_full_audit_0.4.169,high
CON34-C,hostap,hostapd/hostapd_cli.c,2170,FP,"no-pthread FP class (established for strerror/getenv) extends to readdir(): single-threaded CLI tool, zero pthread usage anywhere in the file",hostap_full_audit_0.4.169,high
ENV30-C,hostap,hostapd/hostapd_cli.c,2174,FP,os_strlen() is a pure read-only length function - cannot modify its argument,hostap_full_audit_0.4.169,high
STR34-C,hostap,hostapd/hostapd_cli.c,2174,FP,'home' is forwarded as a call argument to os_strlen/os_snprintf - no scalar char widening at this line,hostap_full_audit_0.4.169,high
STR34-C,hostap,hostapd/hostapd_cli.c,2174,FP,'fname' is a string-literal-initialized const char* forwarded as a call argument - no scalar char widening at this line,hostap_full_audit_0.4.169,high
DCL13-C,hostap,hostapd/hostapd_cli.c,2203,FP,"eloop_timeout_handler pinned typedef void(*)(void*,void*) (eloop.h:57)",hostap_full_audit_0.4.169,high
DCL13-C,hostap,hostapd/hostapd_cli.c,2228,FP,"eloop_sock_handler pinned typedef void(*)(int,void*,void*) (eloop.h:43)",hostap_full_audit_0.4.169,high
API00-C,hostap,hostapd/hostapd_cli.c,2250,FP,"main()'s argc/argv are guaranteed valid by C 5.1.2.2.1, supplied by the OS/runtime - not attacker-controlled or user-computed",hostap_full_audit_0.4.169,high
API00-C,hostap,hostapd/hostapd_cli.c,2250,FP,"main()'s argc/argv are guaranteed valid by C 5.1.2.2.1, supplied by the OS/runtime - not attacker-controlled or user-computed",hostap_full_audit_0.4.169,high
CON07-C,hostap,hostapd/hostapd_cli.c,2250,FP,"no-pthread FP class: all flagged statics are only ever mutated within main()'s own single-threaded, sequential execution - zero pthread usage in the file",hostap_full_audit_0.4.169,high
STR31-C,hostap,hostapd/hostapd_cli.c,2250,FP,main()'s argc/argv are guaranteed valid by the C standard; the NO_CTRL_IFACE stub main doesn't even reference argv,hostap_full_audit_0.4.169,high
ERR07-C,hostap,hostapd/hostapd_cli.c,2275,TP,"ping_interval = atoi(optarg) has zero downstream validation; a garbage value silently becomes 0, driving eloop_register_timeout(0,...) into a tight re-arm loop",hostap_full_audit_0.4.169,low
ERR34-C,hostap,hostapd/hostapd_cli.c,2275,TP,same unvalidated atoi(optarg) gap as the paired ERR07-C finding,hostap_full_audit_0.4.169,low
MSC17-C,hostap,hostapd/hostapd_cli.c,2296,FP,"case 's': has an explicit break two lines later (line 2298) - flatly incorrect fallthrough claim, no adjacent #ifdef either",hostap_full_audit_0.4.169,high
ERR07-C,hostap,hostapd/hostapd_cli.c,2301,TP,"link_id = atoi(optarg) - a malformed value collapses to 0, indistinguishable from the legitimate link_id 0",hostap_full_audit_0.4.169,low
ERR34-C,hostap,hostapd/hostapd_cli.c,2301,TP,same ambiguous-zero atoi(optarg) gap as the paired ERR07-C finding,hostap_full_audit_0.4.169,low
EXP33-C,hostap,hostapd/hostapd_cli.c,2321,FP,"dent is only ever read inside while ((dent = readdir(dir))), assigned by the loop condition itself before any use",hostap_full_audit_0.4.169,high
CON34-C,hostap,hostapd/hostapd_cli.c,2324,FP,"no-pthread FP class (established for strerror/getenv) extends to readdir(): single-threaded CLI tool, zero pthread usage anywhere in the file",hostap_full_audit_0.4.169,high
EXP34-C,hostap,hostapd/hostapd_cli.c,2325,FP,while ((dent = readdir(dir))) - the loop condition itself is dent's own NULL guard for every dent-> access in the body,hostap_full_audit_0.4.169,high
PRE32-C,hostap,hostapd/hostapd_cli.c,2329,FP,phantom PRE32-C: plain concatenated string-literal printf/fprintf call with zero preprocessor tokens anywhere in or near the call,hostap_full_audit_0.4.169,high
EXP33-C,hostap,hostapd/hostapd_cli.c,2356,FP,static struct wpa_ctrl *ctrl_conn; has no initializer - C 6.7.9p10 guarantees zero/NULL-init; every flagged read is a well-defined NULL check,hostap_full_audit_0.4.169,high
ARR30-C,hostap,hostapd/hostapd_cli.c,2393,FP,"engine conflates main()'s own char *argv[] OS-supplied parameter with an unrelated same-named local array (hostapd_cli_edit_cmd_cb's char *argv[max_args], line 2082) to wrongly attribute a size-10 bound; main's argv/optind are bounded by getopt's own argc contract",hostap_full_audit_0.4.169,high
STR31-C,hostap,hostapd/hostapd_cli.c,2404,FP,main()'s argc/argv are guaranteed valid by the C standard; the NO_CTRL_IFACE stub main doesn't even reference argv,hostap_full_audit_0.4.169,high
