rule,project,file,line,verdict,reason,provenance,confidence
EXP33-C,hostap,src/crypto/tls_openssl.c,2179,FP,cn/pos assigned unconditionally right before every use in this loop iteration (continue on failure); no path reaches use unset,41plus_b45,high
API05-C,hostap,src/crypto/tls_openssl.c,2326,FP,API05-C conformant-array-syntax FP class: idiomatic T*+size_t companion pair,41plus_b45,high
EXP20-C,hostap,src/crypto/tls_openssl.c,2349,FP,OpenSSL exact-1/0-contract EXP20-C FP class,41plus_b45,high
EXP33-C,hostap,src/crypto/tls_openssl.c,2369,FP,cn/pos assigned unconditionally right before every use in this loop iteration (continue on failure); no path reaches use unset,41plus_b45,high
EXP20-C,hostap,src/crypto/tls_openssl.c,2382,FP,OpenSSL exact-1/0-contract EXP20-C FP class,41plus_b45,high
MSC37-C,hostap,src/crypto/tls_openssl.c,2397,FP,MSC37-C preprocessor-branch-blind FP class: both #ifdef/#else branches (or all real paths) already return,41plus_b45,med
DCL31-C,hostap,src/crypto/tls_openssl.c,2459,FP,DCL31-C system-header FP class: OpenSSL API declared in <openssl/*.h>,41plus_b45,high
DCL31-C,hostap,src/crypto/tls_openssl.c,2468,FP,DCL31-C system-header FP class: OpenSSL API declared in <openssl/*.h>,41plus_b45,high
DCL30-C,hostap,src/crypto/tls_openssl.c,2469,FP,"DCL30-C confuses local pointer *variable* with storage: buf/store is heap via wpabuf_alloc/X509_STORE_new, not stack",41plus_b45,high
DCL13-C,hostap,src/crypto/tls_openssl.c,2473,TP,"static/internal function, param genuinely read-only; real (if low-value) const opportunity per established static-vs-vtable DCL13-C distinction",41plus_b45,low
MSC13-C,hostap,src/crypto/tls_openssl.c,2479,TP,MSC13-C TP: initial '= NULL' is unconditionally overwritten by get_x509_cert() before any use on the path that reaches it,41plus_b45,med
EXP39-C,hostap,src/crypto/tls_openssl.c,2487,FP,EXP39-C cross-function local-variable/union conflation FP class: this function memsets 'ev' fully and never writes 'alert' at all,41plus_b45,high
MSC01-C,hostap,src/crypto/tls_openssl.c,2520,FP,MSC01-C guard-clause no-final-else FP class: no action needed when none of the conditions hold,41plus_b45,high
DCL13-C,hostap,src/crypto/tls_openssl.c,2529,TP,"static/internal function, param genuinely read-only; real (if low-value) const opportunity per established static-vs-vtable DCL13-C distinction",41plus_b45,low
EXP39-C,hostap,src/crypto/tls_openssl.c,2554,FP,EXP39-C cross-function local-variable/union conflation FP class: this function memsets 'ev' fully and never writes 'alert' at all,41plus_b45,high
STR31-C,hostap,src/crypto/tls_openssl.c,2558,FP,STR31-C misapplied-to-non-char-array FP class (addr[]/len[]/nid[]/sigalgs[] are not char/string arrays),41plus_b45,high
STR31-C,hostap,src/crypto/tls_openssl.c,2559,FP,STR31-C misapplied-to-non-char-array FP class (addr[]/len[]/nid[]/sigalgs[] are not char/string arrays),41plus_b45,high
EXP30-C,hostap,src/crypto/tls_openssl.c,2573,FP,EXP30-C pure-accessor-args FP class: both calls are side-effect-free reads,41plus_b45,high
EXP33-C,hostap,src/crypto/tls_openssl.c,2581,FP,cn/pos assigned unconditionally right before every use in this loop iteration (continue on failure); no path reaches use unset,41plus_b45,high
STR34-C,hostap,src/crypto/tls_openssl.c,2613,FP,"STR34-C misattribution FP: line writes '\0' into *pos, no char-widening read/conversion occurs here",41plus_b45,med
MSC01-C,hostap,src/crypto/tls_openssl.c,2694,FP,MSC01-C guard-clause no-final-else FP class: no action needed when none of the conditions hold,41plus_b45,high
DCL31-C,hostap,src/crypto/tls_openssl.c,2705,FP,DCL31-C system-header FP class: OpenSSL API declared in <openssl/*.h>,41plus_b45,high
MSC01-C,hostap,src/crypto/tls_openssl.c,2711,FP,MSC01-C guard-clause no-final-else FP class: no action needed when none of the conditions hold,41plus_b45,high
DCL31-C,hostap,src/crypto/tls_openssl.c,2711,FP,DCL31-C system-header FP class: OpenSSL API declared in <openssl/*.h>,41plus_b45,high
STR31-C,hostap,src/crypto/tls_openssl.c,2758,FP,STR31-C misapplied-to-non-char-array FP class (addr[]/len[]/nid[]/sigalgs[] are not char/string arrays),41plus_b45,high
STR31-C,hostap,src/crypto/tls_openssl.c,2759,FP,STR31-C misapplied-to-non-char-array FP class (addr[]/len[]/nid[]/sigalgs[] are not char/string arrays),41plus_b45,high
MSC01-C,hostap,src/crypto/tls_openssl.c,2767,FP,MSC01-C guard-clause no-final-else FP class: no action needed when none of the conditions hold,41plus_b45,high
DCL31-C,hostap,src/crypto/tls_openssl.c,2790,FP,"DCL31-C FP: STACK_OF(X509) is an OpenSSL macro-generated type sqc doesn't expand, not a missing type specifier",41plus_b45,high
MSC01-C,hostap,src/crypto/tls_openssl.c,2854,FP,MSC01-C guard-clause no-final-else FP class: no action needed when none of the conditions hold,41plus_b45,high
MSC01-C,hostap,src/crypto/tls_openssl.c,2915,FP,MSC01-C guard-clause no-final-else FP class: no action needed when none of the conditions hold,41plus_b45,high
DCL13-C,hostap,src/crypto/tls_openssl.c,2939,TP,"static/internal function, param genuinely read-only; real (if low-value) const opportunity per established static-vs-vtable DCL13-C distinction",41plus_b45,low
EXP30-C,hostap,src/crypto/tls_openssl.c,2945,FP,EXP30-C pure-accessor-args FP class: both calls are side-effect-free reads,41plus_b45,high
EXP20-C,hostap,src/crypto/tls_openssl.c,2975,FP,OpenSSL exact-1/0-contract EXP20-C FP class,41plus_b45,high
API05-C,hostap,src/crypto/tls_openssl.c,2998,FP,API05-C conformant-array-syntax FP class: idiomatic T*+size_t companion pair,41plus_b45,high
API05-C,hostap,src/crypto/tls_openssl.c,2999,FP,API05-C conformant-array-syntax FP class: idiomatic T*+size_t companion pair,41plus_b45,high
MEM31-C,hostap,src/crypto/tls_openssl.c,3008,FP,"MEM31-C FP: 'store' ownership is transferred to ssl_ctx via SSL_CTX_set_cert_store() immediately after allocation; freed when ssl_ctx is freed, not a leak",41plus_b45,high
POS49-C,hostap,src/crypto/tls_openssl.c,3017,FP,no-pthread-anywhere-in-hostap FP class (CON32-C/CON03-C/CON07-C/POS49-C): codebase has no pthread_create/mutex use,41plus_b45,high
POS49-C,hostap,src/crypto/tls_openssl.c,3022,FP,no-pthread-anywhere-in-hostap FP class (CON32-C/CON03-C/CON07-C/POS49-C): codebase has no pthread_create/mutex use,41plus_b45,high
POS49-C,hostap,src/crypto/tls_openssl.c,3023,FP,no-pthread-anywhere-in-hostap FP class (CON32-C/CON03-C/CON07-C/POS49-C): codebase has no pthread_create/mutex use,41plus_b45,high
MEM31-C,hostap,src/crypto/tls_openssl.c,3024,FP,"MEM31-C FP: 'store' ownership is transferred to ssl_ctx via SSL_CTX_set_cert_store() immediately after allocation; freed when ssl_ctx is freed, not a leak",41plus_b45,high
EXP34-C,hostap,src/crypto/tls_openssl.c,3027,FP,EXP34-C FP: 'ca_cert' is guarded by 'ca_cert &&' immediately before this os_strncmp call,41plus_b45,high
MEM31-C,hostap,src/crypto/tls_openssl.c,3033,FP,"MEM31-C FP: 'store' ownership is transferred to ssl_ctx via SSL_CTX_set_cert_store() immediately after allocation; freed when ssl_ctx is freed, not a leak",41plus_b45,high
MEM31-C,hostap,src/crypto/tls_openssl.c,3039,FP,"MEM31-C FP: 'store' ownership is transferred to ssl_ctx via SSL_CTX_set_cert_store() immediately after allocation; freed when ssl_ctx is freed, not a leak",41plus_b45,high
MEM31-C,hostap,src/crypto/tls_openssl.c,3044,FP,"MEM31-C FP: 'store' ownership is transferred to ssl_ctx via SSL_CTX_set_cert_store() immediately after allocation; freed when ssl_ctx is freed, not a leak",41plus_b45,high
POS49-C,hostap,src/crypto/tls_openssl.c,3046,FP,no-pthread-anywhere-in-hostap FP class (CON32-C/CON03-C/CON07-C/POS49-C): codebase has no pthread_create/mutex use,41plus_b45,high
MEM31-C,hostap,src/crypto/tls_openssl.c,3049,FP,"MEM31-C FP: 'store' ownership is transferred to ssl_ctx via SSL_CTX_set_cert_store() immediately after allocation; freed when ssl_ctx is freed, not a leak",41plus_b45,high
MEM31-C,hostap,src/crypto/tls_openssl.c,3053,FP,"MEM31-C FP: 'store' ownership is transferred to ssl_ctx via SSL_CTX_set_cert_store() immediately after allocation; freed when ssl_ctx is freed, not a leak",41plus_b45,high
DCL31-C,hostap,src/crypto/tls_openssl.c,3063,FP,DCL31-C system-header FP class: OpenSSL API declared in <openssl/*.h>,41plus_b45,high
DCL31-C,hostap,src/crypto/tls_openssl.c,3068,FP,DCL31-C system-header FP class: OpenSSL API declared in <openssl/*.h>,41plus_b45,high
MEM31-C,hostap,src/crypto/tls_openssl.c,3069,FP,"MEM31-C FP: 'store' ownership is transferred to ssl_ctx via SSL_CTX_set_cert_store() immediately after allocation; freed when ssl_ctx is freed, not a leak",41plus_b45,high
DCL31-C,hostap,src/crypto/tls_openssl.c,3075,FP,DCL31-C system-header FP class: OpenSSL API declared in <openssl/*.h>,41plus_b45,high
MEM31-C,hostap,src/crypto/tls_openssl.c,3076,FP,"MEM31-C FP: 'store' ownership is transferred to ssl_ctx via SSL_CTX_set_cert_store() immediately after allocation; freed when ssl_ctx is freed, not a leak",41plus_b45,high
DCL31-C,hostap,src/crypto/tls_openssl.c,3082,FP,DCL31-C system-header FP class: OpenSSL API declared in <openssl/*.h>,41plus_b45,high
EXP34-C,hostap,src/crypto/tls_openssl.c,3091,FP,EXP34-C FP: the pointer is guarded non-NULL by the enclosing '&&'/while-loop condition at the same call site,41plus_b45,high
DCL31-C,hostap,src/crypto/tls_openssl.c,3092,FP,DCL31-C system-header FP class: OpenSSL API declared in <openssl/*.h>,41plus_b45,high
MEM31-C,hostap,src/crypto/tls_openssl.c,3094,FP,"MEM31-C FP: 'store' ownership is transferred to ssl_ctx via SSL_CTX_set_cert_store() immediately after allocation; freed when ssl_ctx is freed, not a leak",41plus_b45,high
DCL31-C,hostap,src/crypto/tls_openssl.c,3096,FP,DCL31-C system-header FP class: OpenSSL API declared in <openssl/*.h>,41plus_b45,high
MEM31-C,hostap,src/crypto/tls_openssl.c,3104,FP,"MEM31-C FP: 'store' ownership is transferred to ssl_ctx via SSL_CTX_set_cert_store() immediately after allocation; freed when ssl_ctx is freed, not a leak",41plus_b45,high
MEM31-C,hostap,src/crypto/tls_openssl.c,3113,FP,"MEM31-C FP: 'store' ownership is transferred to ssl_ctx via SSL_CTX_set_cert_store() immediately after allocation; freed when ssl_ctx is freed, not a leak",41plus_b45,high
MEM31-C,hostap,src/crypto/tls_openssl.c,3121,FP,"MEM31-C FP: 'store' ownership is transferred to ssl_ctx via SSL_CTX_set_cert_store() immediately after allocation; freed when ssl_ctx is freed, not a leak",41plus_b45,high
EXP34-C,hostap,src/crypto/tls_openssl.c,3126,FP,EXP34-C FP: 'ca_cert' guarded by 'ca_cert &&' immediately before this os_strncmp call,41plus_b45,high
MEM31-C,hostap,src/crypto/tls_openssl.c,3131,FP,"MEM31-C FP: 'store' ownership is transferred to ssl_ctx via SSL_CTX_set_cert_store() immediately after allocation; freed when ssl_ctx is freed, not a leak",41plus_b45,high
EXP34-C,hostap,src/crypto/tls_openssl.c,3135,FP,EXP34-C FP: 'ca_cert' guarded by 'ca_cert &&' immediately before this os_strncmp call,41plus_b45,high
MEM31-C,hostap,src/crypto/tls_openssl.c,3160,FP,"MEM31-C FP: 'store' ownership is transferred to ssl_ctx via SSL_CTX_set_cert_store() immediately after allocation; freed when ssl_ctx is freed, not a leak",41plus_b45,high
MEM31-C,hostap,src/crypto/tls_openssl.c,3169,FP,"MEM31-C FP: 'store' ownership is transferred to ssl_ctx via SSL_CTX_set_cert_store() immediately after allocation; freed when ssl_ctx is freed, not a leak",41plus_b45,high
MEM31-C,hostap,src/crypto/tls_openssl.c,3185,FP,"MEM31-C FP: 'store' ownership is transferred to ssl_ctx via SSL_CTX_set_cert_store() immediately after allocation; freed when ssl_ctx is freed, not a leak",41plus_b45,high
MEM31-C,hostap,src/crypto/tls_openssl.c,3194,FP,"MEM31-C FP: 'store' ownership is transferred to ssl_ctx via SSL_CTX_set_cert_store() immediately after allocation; freed when ssl_ctx is freed, not a leak",41plus_b45,high
POS49-C,hostap,src/crypto/tls_openssl.c,3199,FP,no-pthread-anywhere-in-hostap FP class (CON32-C/CON03-C/CON07-C/POS49-C): codebase has no pthread_create/mutex use,41plus_b45,high
MEM31-C,hostap,src/crypto/tls_openssl.c,3202,FP,"MEM31-C FP: 'store' ownership is transferred to ssl_ctx via SSL_CTX_set_cert_store() immediately after allocation; freed when ssl_ctx is freed, not a leak",41plus_b45,high
DCL13-C,hostap,src/crypto/tls_openssl.c,3313,FP,"DCL13-C FP: fixed external OpenSSL callback-contract signature (cert_cb/verify_cb), same class as eloop/EAP-method-table/ssl_info_cb precedent",41plus_b45,high
DCL13-C,hostap,src/crypto/tls_openssl.c,3313,FP,"DCL13-C FP: fixed external OpenSSL callback-contract signature (cert_cb/verify_cb), same class as eloop/EAP-method-table/ssl_info_cb precedent",41plus_b45,high
INT13-C,hostap,src/crypto/tls_openssl.c,3348,FP,INT13-C type-detection-simply-wrong FP class: 'flags' is already declared 'unsigned int' in this function's signature,41plus_b45,high
INT13-C,hostap,src/crypto/tls_openssl.c,3355,FP,INT13-C type-detection-simply-wrong FP class: 'flags' is already declared 'unsigned int' in this function's signature,41plus_b45,high
INT13-C,hostap,src/crypto/tls_openssl.c,3360,FP,INT13-C type-detection-simply-wrong FP class: 'flags' is already declared 'unsigned int' in this function's signature,41plus_b45,high
INT13-C,hostap,src/crypto/tls_openssl.c,3366,FP,INT13-C type-detection-simply-wrong FP class: 'flags' is already declared 'unsigned int' in this function's signature,41plus_b45,high
INT13-C,hostap,src/crypto/tls_openssl.c,3372,FP,INT13-C type-detection-simply-wrong FP class: 'flags' is already declared 'unsigned int' in this function's signature,41plus_b45,high
INT13-C,hostap,src/crypto/tls_openssl.c,3378,FP,INT13-C type-detection-simply-wrong FP class: 'flags' is already declared 'unsigned int' in this function's signature,41plus_b45,high
INT13-C,hostap,src/crypto/tls_openssl.c,3384,FP,INT13-C type-detection-simply-wrong FP class: 'flags' is already declared 'unsigned int' in this function's signature,41plus_b45,high
INT13-C,hostap,src/crypto/tls_openssl.c,3391,FP,INT13-C type-detection-simply-wrong FP class: 'flags' is already declared 'unsigned int' in this function's signature,41plus_b45,high
INT13-C,hostap,src/crypto/tls_openssl.c,3393,FP,INT13-C type-detection-simply-wrong FP class: 'flags' is already declared 'unsigned int' in this function's signature,41plus_b45,high
MSC01-C,hostap,src/crypto/tls_openssl.c,3395,FP,MSC01-C guard-clause no-final-else FP class: no action needed when none of the conditions hold,41plus_b45,high
INT13-C,hostap,src/crypto/tls_openssl.c,3395,FP,INT13-C type-detection-simply-wrong FP class: 'flags' is already declared 'unsigned int' in this function's signature,41plus_b45,high
INT13-C,hostap,src/crypto/tls_openssl.c,3420,FP,INT13-C type-detection-simply-wrong FP class: 'flags' is already declared 'unsigned int' in this function's signature,41plus_b45,high
INT13-C,hostap,src/crypto/tls_openssl.c,3441,FP,INT13-C type-detection-simply-wrong FP class: 'flags' is already declared 'unsigned int' in this function's signature,41plus_b45,high
MSC01-C,hostap,src/crypto/tls_openssl.c,3455,FP,MSC01-C guard-clause no-final-else FP class: no action needed when none of the conditions hold,41plus_b45,high
INT13-C,hostap,src/crypto/tls_openssl.c,3455,FP,INT13-C type-detection-simply-wrong FP class: 'flags' is already declared 'unsigned int' in this function's signature,41plus_b45,high
STR31-C,hostap,src/crypto/tls_openssl.c,3461,FP,STR31-C misapplied-to-non-char-array FP class (addr[]/len[]/nid[]/sigalgs[] are not char/string arrays),41plus_b45,high
INT13-C,hostap,src/crypto/tls_openssl.c,3499,FP,INT13-C type-detection-simply-wrong FP class: 'flags' is already declared 'unsigned int' in this function's signature,41plus_b45,high
INT13-C,hostap,src/crypto/tls_openssl.c,3504,FP,INT13-C type-detection-simply-wrong FP class: 'flags' is already declared 'unsigned int' in this function's signature,41plus_b45,high
INT13-C,hostap,src/crypto/tls_openssl.c,3523,FP,INT13-C type-detection-simply-wrong FP class: 'flags' is already declared 'unsigned int' in this function's signature,41plus_b45,high
STR31-C,hostap,src/crypto/tls_openssl.c,3539,FP,STR31-C misapplied-to-non-char-array FP class (addr[]/len[]/nid[]/sigalgs[] are not char/string arrays),41plus_b45,high
STR31-C,hostap,src/crypto/tls_openssl.c,3540,FP,STR31-C misapplied-to-non-char-array FP class (addr[]/len[]/nid[]/sigalgs[] are not char/string arrays),41plus_b45,high
INT13-C,hostap,src/crypto/tls_openssl.c,3556,FP,INT13-C type-detection-simply-wrong FP class: 'flags' is already declared 'unsigned int' in this function's signature,41plus_b45,high
INT13-C,hostap,src/crypto/tls_openssl.c,3573,FP,INT13-C type-detection-simply-wrong FP class: 'flags' is already declared 'unsigned int' in this function's signature,41plus_b45,high
CON07-C,hostap,src/crypto/tls_openssl.c,3611,FP,"no-pthread FP class extended to CON03-C/CON07-C on a plain static local counter, no synchronization needed anywhere in this single-threaded codebase",41plus_b45,high
API05-C,hostap,src/crypto/tls_openssl.c,3611,FP,API05-C conformant-array-syntax FP class: idiomatic T*+size_t companion pair,41plus_b45,high
DCL13-C,hostap,src/crypto/tls_openssl.c,3611,FP,"DCL13-C FP: public multi-backend src/crypto/tls.h interface function, signature shared verbatim across all TLS backends (established tls.h public-API DCL13-C FP class)",41plus_b45,high
CON03-C,hostap,src/crypto/tls_openssl.c,3615,FP,"no-pthread FP class extended to CON03-C/CON07-C on a plain static local counter, no synchronization needed anywhere in this single-threaded codebase",41plus_b45,high
MEM10-C,hostap,src/crypto/tls_openssl.c,3618,FP,MEM10-C stylistic-pedantry FP class: plain NULL check already present,41plus_b45,high
CON32-C,hostap,src/crypto/tls_openssl.c,3622,FP,no-pthread-anywhere-in-hostap FP class (CON32-C/CON03-C/CON07-C/POS49-C): codebase has no pthread_create/mutex use,41plus_b45,high
POS49-C,hostap,src/crypto/tls_openssl.c,3622,FP,no-pthread-anywhere-in-hostap FP class (CON32-C/CON03-C/CON07-C/POS49-C): codebase has no pthread_create/mutex use,41plus_b45,high
CON32-C,hostap,src/crypto/tls_openssl.c,3626,FP,no-pthread-anywhere-in-hostap FP class (CON32-C/CON03-C/CON07-C/POS49-C): codebase has no pthread_create/mutex use,41plus_b45,high
POS49-C,hostap,src/crypto/tls_openssl.c,3626,FP,no-pthread-anywhere-in-hostap FP class (CON32-C/CON03-C/CON07-C/POS49-C): codebase has no pthread_create/mutex use,41plus_b45,high
CON32-C,hostap,src/crypto/tls_openssl.c,3631,FP,no-pthread-anywhere-in-hostap FP class (CON32-C/CON03-C/CON07-C/POS49-C): codebase has no pthread_create/mutex use,41plus_b45,high
POS49-C,hostap,src/crypto/tls_openssl.c,3631,FP,no-pthread-anywhere-in-hostap FP class (CON32-C/CON03-C/CON07-C/POS49-C): codebase has no pthread_create/mutex use,41plus_b45,high
MSC01-C,hostap,src/crypto/tls_openssl.c,3651,FP,MSC01-C guard-clause no-final-else FP class: no action needed when none of the conditions hold,41plus_b45,high
DCL13-C,hostap,src/crypto/tls_openssl.c,3660,TP,"static/internal function, param genuinely read-only; real (if low-value) const opportunity per established static-vs-vtable DCL13-C distinction",41plus_b45,low
API05-C,hostap,src/crypto/tls_openssl.c,3661,FP,API05-C conformant-array-syntax FP class: idiomatic T*+size_t companion pair,41plus_b45,high
EXP20-C,hostap,src/crypto/tls_openssl.c,3680,FP,OpenSSL exact-1/0-contract EXP20-C FP class,41plus_b45,high
EXP05-C,hostap,src/crypto/tls_openssl.c,3680,FP,"EXP05-C read-only cast-away-const FP class: cast pointer is only read via SSL_use_certificate_ASN1, never written through",41plus_b45,high
MSC01-C,hostap,src/crypto/tls_openssl.c,3685,FP,MSC01-C guard-clause no-final-else FP class: no action needed when none of the conditions hold,41plus_b45,high
MEM31-C,hostap,src/crypto/tls_openssl.c,3695,FP,"MEM31-C FP: bio is freed on every reachable path (error path at BIO_free+return, success path falls through to BIO_free before return)",41plus_b45,high
MEM10-C,hostap,src/crypto/tls_openssl.c,3718,FP,MEM10-C stylistic-pedantry FP class: plain NULL check already present,41plus_b45,high
EXP20-C,hostap,src/crypto/tls_openssl.c,3730,FP,OpenSSL exact-1/0-contract EXP20-C FP class,41plus_b45,high
EXP20-C,hostap,src/crypto/tls_openssl.c,3751,FP,OpenSSL exact-1/0-contract EXP20-C FP class,41plus_b45,high
MEM31-C,hostap,src/crypto/tls_openssl.c,3755,FP,"MEM31-C FP: preprocessor-branch-blind phantom allocation - no 'bio' variable exists at/near this line in the actual source; this line is inside a different, bio-free #ifndef OPENSSL_NO_STDIO block",41plus_b45,med
EXP20-C,hostap,src/crypto/tls_openssl.c,3760,FP,OpenSSL exact-1/0-contract EXP20-C FP class,41plus_b45,high
MEM31-C,hostap,src/crypto/tls_openssl.c,3764,FP,"MEM31-C FP: preprocessor-branch-blind phantom allocation - no 'bio' variable exists at/near this line in the actual source; this line is inside a different, bio-free #ifndef OPENSSL_NO_STDIO block",41plus_b45,med
EXP20-C,hostap,src/crypto/tls_openssl.c,3767,FP,OpenSSL exact-1/0-contract EXP20-C FP class,41plus_b45,high
MEM31-C,hostap,src/crypto/tls_openssl.c,3772,FP,"MEM31-C FP: preprocessor-branch-blind phantom allocation - no 'bio' variable exists at/near this line in the actual source; this line is inside a different, bio-free #ifndef OPENSSL_NO_STDIO block",41plus_b45,med
MEM31-C,hostap,src/crypto/tls_openssl.c,3782,FP,"MEM31-C FP: preprocessor-branch-blind phantom allocation - no 'bio' variable exists at/near this line in the actual source; this line is inside a different, bio-free #ifndef OPENSSL_NO_STDIO block",41plus_b45,med
MSC37-C,hostap,src/crypto/tls_openssl.c,3786,FP,MSC37-C preprocessor-branch-blind FP class: both #ifdef/#else branches (or all real paths) already return,41plus_b45,med
DCL13-C,hostap,src/crypto/tls_openssl.c,3786,TP,"static/internal function, param genuinely read-only; real (if low-value) const opportunity per established static-vs-vtable DCL13-C distinction",41plus_b45,low
MEM10-C,hostap,src/crypto/tls_openssl.c,3792,FP,MEM10-C stylistic-pedantry FP class: plain NULL check already present,41plus_b45,high
MEM10-C,hostap,src/crypto/tls_openssl.c,3806,FP,MEM10-C stylistic-pedantry FP class: plain NULL check already present,41plus_b45,high
MEM31-C,hostap,src/crypto/tls_openssl.c,3881,FP,"MEM31-C/MEM30-C mutually-exclusive-branch double-free FP class: the break/return branch that frees runs at most once per iteration/call, never both",41plus_b45,high
MEM31-C,hostap,src/crypto/tls_openssl.c,3884,FP,"MEM31-C/MEM30-C mutually-exclusive-branch double-free FP class: the break/return branch that frees runs at most once per iteration/call, never both",41plus_b45,high
MSC01-C,hostap,src/crypto/tls_openssl.c,3904,FP,MSC01-C guard-clause no-final-else FP class: no action needed when none of the conditions hold,41plus_b45,high
MEM31-C,hostap,src/crypto/tls_openssl.c,3927,FP,"MEM31-C/MEM30-C mutually-exclusive-branch double-free FP class: the break/return branch that frees runs at most once per iteration/call, never both",41plus_b45,high
MEM31-C,hostap,src/crypto/tls_openssl.c,3932,FP,"MEM31-C FP: 'certs' stack items were already popped via sk_X509_pop() in the preceding loop; sk_X509_pop_free() at this line frees only the empty container, not a double free",41plus_b45,high
MEM31-C,hostap,src/crypto/tls_openssl.c,3932,FP,MEM31-C FP (new): the analyzer treats the 'X509_free' callback-pointer argument to sk_X509_pop_free() itself as a variable being double-freed - a function pointer mistaken for a freed object,41plus_b45,high
MSC37-C,hostap,src/crypto/tls_openssl.c,3946,FP,MSC37-C preprocessor-branch-blind FP class: both #ifdef/#else branches (or all real paths) already return,41plus_b45,med
ERR33-C,hostap,src/crypto/tls_openssl.c,3953,FP,"ERR33-C/ERR00-C FP: fopen() return value IS checked, on the very next line ('if (f == NULL) return -1;')",41plus_b45,high
ERR00-C,hostap,src/crypto/tls_openssl.c,3953,FP,"ERR33-C/ERR00-C FP: fopen() return value IS checked, on the very next line ('if (f == NULL) return -1;')",41plus_b45,high
FIO05-C,hostap,src/crypto/tls_openssl.c,3953,FP,"FIO05-C FP: private_key path is an hostapd/wpa_supplicant admin-supplied local config path, not adversarial network input (established internal-config-path FIO05-C FP class)",41plus_b45,high
WIN03-C,hostap,src/crypto/tls_openssl.c,3953,TP,"WIN03-C TP (low): mode string ""rb"" genuinely lacks the 'N' no-inherit flag; this file is compiled on native Windows builds too (CONFIG_NATIVE_WINDOWS paths elsewhere in file)",41plus_b45,low
ERR00-C,hostap,src/crypto/tls_openssl.c,3958,TP,"ERR00-C/ERR33-C TP (low): fclose(f)'s return value is genuinely discarded, no error check anywhere nearby",41plus_b45,low
ERR33-C,hostap,src/crypto/tls_openssl.c,3958,TP,"ERR00-C/ERR33-C TP (low): fclose(f)'s return value is genuinely discarded, no error check anywhere nearby",41plus_b45,low
MSC37-C,hostap,src/crypto/tls_openssl.c,3976,FP,MSC37-C preprocessor-branch-blind FP class: both #ifdef/#else branches (or all real paths) already return,41plus_b45,med
API05-C,hostap,src/crypto/tls_openssl.c,3977,FP,API05-C conformant-array-syntax FP class: idiomatic T*+size_t companion pair,41plus_b45,high
DCL13-C,hostap,src/crypto/tls_openssl.c,4000,TP,"static/internal function, param genuinely read-only; real (if low-value) const opportunity per established static-vs-vtable DCL13-C distinction",41plus_b45,low
INT07-C,hostap,src/crypto/tls_openssl.c,4023,FP,"INT07-C wrong-type-lookup FP class: 'params' is a local anonymous struct instance, not a char variable at all",41plus_b45,high
MSC37-C,hostap,src/crypto/tls_openssl.c,4034,FP,MSC37-C preprocessor-branch-blind FP class: both #ifdef/#else branches (or all real paths) already return,41plus_b45,med
MSC37-C,hostap,src/crypto/tls_openssl.c,4065,FP,MSC37-C preprocessor-branch-blind FP class: both #ifdef/#else branches (or all real paths) already return,41plus_b45,med
DCL13-C,hostap,src/crypto/tls_openssl.c,4065,TP,"static/internal function, param genuinely read-only; real (if low-value) const opportunity per established static-vs-vtable DCL13-C distinction",41plus_b45,low
MEM31-C,hostap,src/crypto/tls_openssl.c,4084,FP,"MEM31-C FP: 'store' ownership is transferred to ssl_ctx via SSL_CTX_set_cert_store() immediately after allocation; freed when ssl_ctx is freed, not a leak",41plus_b45,high
MEM31-C,hostap,src/crypto/tls_openssl.c,4104,FP,"MEM31-C FP: 'store' ownership is transferred to ssl_ctx via SSL_CTX_set_cert_store() immediately after allocation; freed when ssl_ctx is freed, not a leak",41plus_b45,high
MEM30-C,hostap,src/crypto/tls_openssl.c,4107,FP,"MEM31-C/MEM30-C mutually-exclusive-branch double-free FP class: the break/return branch that frees runs at most once per iteration/call, never both",41plus_b45,high
POS49-C,hostap,src/crypto/tls_openssl.c,4112,FP,no-pthread-anywhere-in-hostap FP class (CON32-C/CON03-C/CON07-C/POS49-C): codebase has no pthread_create/mutex use,41plus_b45,high
MEM31-C,hostap,src/crypto/tls_openssl.c,4114,FP,"MEM31-C FP: 'store' ownership is transferred to ssl_ctx via SSL_CTX_set_cert_store() immediately after allocation; freed when ssl_ctx is freed, not a leak",41plus_b45,high
MEM31-C,hostap,src/crypto/tls_openssl.c,4116,FP,store leaked-claim on ANDROID #else branch where store doesn't exist; real path transfers ownership via SSL_CTX_set_cert_store (ownership-transfer FP class),41plus_b46,high
DCL13-C,hostap,src/crypto/tls_openssl.c,4121,TP,"static internal helper tls_connection_engine_private_key, not tls.h-pinned; conn genuinely never modified",41plus_b46,low
EXP20-C,hostap,src/crypto/tls_openssl.c,4128,FP,SSL_check_private_key documented 1/0 contract; implicit test extends OpenSSL-1/0-contract EXP20-C FP class,41plus_b46,med
MSC37-C,hostap,src/crypto/tls_openssl.c,4148,FP,MSC37-C preprocessor-branch-blind: #ifndef OPENSSL_NO_STDIO/#else both return,41plus_b46,high
DCL13-C,hostap,src/crypto/tls_openssl.c,4148,TP,"static internal tls_use_private_key_file, not tls.h-pinned; data only read via data->ssl",41plus_b46,low
EXP05-C,hostap,src/crypto/tls_openssl.c,4172,FP,read-only cast to satisfy tls_passwd_cb's void* userdata param (external-callback-cast FP class),41plus_b46,med
MEM31-C,hostap,src/crypto/tls_openssl.c,4173,FP,bio freed then reassigned via fresh BIO_new_file() before 2nd free (mem30-reassign-and-fresh-binding FP class),41plus_b46,high
DCL13-C,hostap,src/crypto/tls_openssl.c,4196,TP,"static internal tls_connection_private_key, not tls.h-pinned; conn only read",41plus_b46,low
API05-C,hostap,src/crypto/tls_openssl.c,4197,FP,API05-C conformant-array-syntax categorical FP: pointer+len idiom (private_key_blob/private_key_blob_len),41plus_b46,high
API05-C,hostap,src/crypto/tls_openssl.c,4198,FP,API05-C conformant-array-syntax categorical FP: pointer+len idiom (private_key_blob/private_key_blob_len),41plus_b46,high
EXP20-C,hostap,src/crypto/tls_openssl.c,4210,FP,SSL_use_PrivateKey_ASN1 documented 1/0 OpenSSL contract; ==1 EXP20-C FP class,41plus_b46,high
EXP05-C,hostap,src/crypto/tls_openssl.c,4211,FP,"cast-away-const to satisfy SSL_use_PrivateKey_ASN1's non-const u8* param, read-only",41plus_b46,med
EXP20-C,hostap,src/crypto/tls_openssl.c,4219,FP,OpenSSL 1/0 contract EXP20-C FP class,41plus_b46,high
EXP05-C,hostap,src/crypto/tls_openssl.c,4220,FP,read-only cast-away-const for external non-const API param,41plus_b46,med
EXP20-C,hostap,src/crypto/tls_openssl.c,4229,FP,OpenSSL 1/0 contract EXP20-C FP class,41plus_b46,high
EXP05-C,hostap,src/crypto/tls_openssl.c,4230,FP,read-only cast-away-const for external non-const API param,41plus_b46,med
EXP20-C,hostap,src/crypto/tls_openssl.c,4240,FP,SSL_use_RSAPrivateKey_ASN1 documented 1/0 contract; EXP20-C FP class,41plus_b46,high
EXP05-C,hostap,src/crypto/tls_openssl.c,4241,FP,read-only cast-away-const for external non-const API param,41plus_b46,med
EXP05-C,hostap,src/crypto/tls_openssl.c,4250,FP,read-only cast-away-const for BIO_new_mem_buf's non-const u8* param,41plus_b46,med
DCL31-C,hostap,src/crypto/tls_openssl.c,4255,FP,PEM_read_bio_PrivateKey declared in transitively-included OpenSSL header (DCL31-C third-party-header FP class),41plus_b46,high
EXP05-C,hostap,src/crypto/tls_openssl.c,4257,FP,read-only cast-away-const for tls_passwd_cb void* param,41plus_b46,med
EXP20-C,hostap,src/crypto/tls_openssl.c,4259,FP,SSL_use_PrivateKey documented 1/0 contract; EXP20-C FP class,41plus_b46,high
MEM31-C,hostap,src/crypto/tls_openssl.c,4267,FP,mutually-exclusive if/break branches: pkey/bio each freed on at most one path (mutually-exclusive-branch FP class),41plus_b46,high
MEM31-C,hostap,src/crypto/tls_openssl.c,4269,FP,mutually-exclusive if/break branches: pkey/bio each freed on at most one path (mutually-exclusive-branch FP class),41plus_b46,high
EXP20-C,hostap,src/crypto/tls_openssl.c,4316,FP,SSL_check_private_key 1/0 contract; implicit-boolean-test extension of OpenSSL-contract EXP20-C FP class,41plus_b46,med
MEM10-C,hostap,src/crypto/tls_openssl.c,4333,FP,MEM10-C stylistic 'use validation function' fires on any plain NULL check; check IS present,41plus_b46,high
EXP20-C,hostap,src/crypto/tls_openssl.c,4346,FP,SSL_CTX_check_private_key 1/0 contract; EXP20-C FP class,41plus_b46,med
EXP30-C,hostap,src/crypto/tls_openssl.c,4368,FP,bld/params/ctx assigned then read across separate || operands; each || is a C sequence point (EXP30-C ||-chain-sequence-point FP class),41plus_b46,high
EXP30-C,hostap,src/crypto/tls_openssl.c,4368,FP,bld/params/ctx assigned then read across separate || operands; each || is a C sequence point (EXP30-C ||-chain-sequence-point FP class),41plus_b46,high
EXP30-C,hostap,src/crypto/tls_openssl.c,4368,FP,bld/params/ctx assigned then read across separate || operands; each || is a C sequence point (EXP30-C ||-chain-sequence-point FP class),41plus_b46,high
EXP30-C,hostap,src/crypto/tls_openssl.c,4368,FP,bld/params/ctx assigned then read across separate || operands; each || is a C sequence point (EXP30-C ||-chain-sequence-point FP class),41plus_b46,high
EXP30-C,hostap,src/crypto/tls_openssl.c,4368,FP,bld/params/ctx assigned then read across separate || operands; each || is a C sequence point (EXP30-C ||-chain-sequence-point FP class),41plus_b46,high
EXP30-C,hostap,src/crypto/tls_openssl.c,4368,FP,bld/params/ctx assigned then read across separate || operands; each || is a C sequence point (EXP30-C ||-chain-sequence-point FP class),41plus_b46,high
EXP30-C,hostap,src/crypto/tls_openssl.c,4368,FP,bld/params/ctx assigned then read across separate || operands; each || is a C sequence point (EXP30-C ||-chain-sequence-point FP class),41plus_b46,high
EXP45-C,hostap,src/crypto/tls_openssl.c,4371,FP,"assignment double-wrapped in ! and parens signals deliberate assignment, not mistyped == (EXP45-C already-parenthesized FP class)",41plus_b46,high
EXP45-C,hostap,src/crypto/tls_openssl.c,4375,FP,"assignment double-wrapped in ! and parens signals deliberate assignment, not mistyped == (EXP45-C already-parenthesized FP class)",41plus_b46,high
EXP45-C,hostap,src/crypto/tls_openssl.c,4376,FP,"assignment double-wrapped in ! and parens signals deliberate assignment, not mistyped == (EXP45-C already-parenthesized FP class)",41plus_b46,high
EXP43-C,hostap,src/crypto/tls_openssl.c,4376,FP,"EVP_PKEY_CTX_new_from_name(NULL,""DHX"",NULL) both-NULL args, no real aliasing (EXP43-C NULL,NULL FP class)",41plus_b46,med
DCL30-C,hostap,src/crypto/tls_openssl.c,4389,FP,"pkey is heap EVP_PKEY* from EVP_PKEY_fromdata, not automatic storage (DCL30-C local-variable-vs-local-storage FP class)",41plus_b46,high
MSC37-C,hostap,src/crypto/tls_openssl.c,4395,FP,MSC37-C preprocessor-branch-blind: nested #ifdef OPENSSL_NO_DH/#else all paths return,41plus_b46,high
DCL13-C,hostap,src/crypto/tls_openssl.c,4395,TP,"static internal tls_global_dh, not tls.h-pinned; data only read via data->ssl",41plus_b46,low
MEM10-C,hostap,src/crypto/tls_openssl.c,4398,FP,MEM10-C stylistic FP,41plus_b46,high
MSC13-C,hostap,src/crypto/tls_openssl.c,4407,TP,"ctx initialized NULL, unconditionally overwritten before any read (genuine dead-init MSC13-C, low severity)",41plus_b46,low
MEM30-C,hostap,src/crypto/tls_openssl.c,4454,FP,MEM30-C UAF misfire: tmpkey's only free (DSA branch) is mutually exclusive (guarded by dsa flag) from the !dsa branch reading tmpkey,41plus_b46,high
MEM30-C,hostap,src/crypto/tls_openssl.c,4455,FP,MEM30-C UAF misfire: tmpkey's only free (DSA branch) is mutually exclusive (guarded by dsa flag) from the !dsa branch reading tmpkey,41plus_b46,high
MSC13-C,hostap,src/crypto/tls_openssl.c,4464,TP,"tmpkey=NULL after ownership transfer to pkey is never subsequently read (dead per rule text, defensive idiom)",41plus_b46,low
MEM30-C,hostap,src/crypto/tls_openssl.c,4467,FP,"statement-ordering confusion: sqc treats the later EVP_PKEY_free(pkey) (error branch) as already-executed at/before line 4467; only one free exists on this path (retroactive-free-misattribution class, cf. cryptoapi_finish precedent)",41plus_b46,high
MEM30-C,hostap,src/crypto/tls_openssl.c,4471,FP,"statement-ordering confusion: sqc treats the later EVP_PKEY_free(pkey) (error branch) as already-executed at/before line 4467; only one free exists on this path (retroactive-free-misattribution class, cf. cryptoapi_finish precedent)",41plus_b46,high
MEM31-C,hostap,src/crypto/tls_openssl.c,4496,FP,bio freed then reassigned via fresh BIO_new_file() before 2nd free (mem30-reassign-and-fresh-binding FP class),41plus_b46,high
MEM31-C,hostap,src/crypto/tls_openssl.c,4507,FP,bio freed then reassigned via fresh BIO_new_file() before 2nd free (mem30-reassign-and-fresh-binding FP class),41plus_b46,high
DCL13-C,hostap,src/crypto/tls_openssl.c,4546,FP,tls_connection_get_random is tls.h-pinned public API (ssl_ctx); DCL13-C dispatch-contract FP class,41plus_b46,high
ARR01-C,hostap,src/crypto/tls_openssl.c,4557,FP,"sizeof(*keys) correctly dereferences to get pointee struct size, exact idiom the rule wants (ARR01-C sizeof(*ptr) FP class)",41plus_b46,high
ARR01-C,hostap,src/crypto/tls_openssl.c,4560,FP,"conn->client_random/server_random are real fixed-size struct-member arrays, not decayed parameters (ARR01-C struct-field-array FP class)",41plus_b46,high
ARR01-C,hostap,src/crypto/tls_openssl.c,4563,FP,"conn->client_random/server_random are real fixed-size struct-member arrays, not decayed parameters (ARR01-C struct-field-array FP class)",41plus_b46,high
MSC37-C,hostap,src/crypto/tls_openssl.c,4570,FP,MSC37-C preprocessor-branch-blind: #if OPENSSL_VERSION_NUMBER<... /#else both return,41plus_b46,high
EXP30-C,hostap,src/crypto/tls_openssl.c,4590,FP,"EVP_CIPHER_key_length/iv_length are pure accessors, no side effects to unsequence (EXP30-C pure-accessor-args FP class)",41plus_b46,med
API05-C,hostap,src/crypto/tls_openssl.c,4644,FP,"API05-C conformant-array-syntax categorical FP: pointer+len idiom (data/context_len, out/out_len)",41plus_b46,high
DCL13-C,hostap,src/crypto/tls_openssl.c,4644,FP,tls_connection_export_key is tls.h-pinned public API (tls_ctx/conn); DCL13-C dispatch-contract FP class,41plus_b46,high
DCL13-C,hostap,src/crypto/tls_openssl.c,4644,FP,tls_connection_export_key is tls.h-pinned public API (tls_ctx/conn); DCL13-C dispatch-contract FP class,41plus_b46,high
API05-C,hostap,src/crypto/tls_openssl.c,4645,FP,"API05-C conformant-array-syntax categorical FP: pointer+len idiom (data/context_len, out/out_len)",41plus_b46,high
API00-C,hostap,src/crypto/tls_openssl.c,4657,FP,"tls_connection_get_eap_fast_key is internal-only tls.h-dispatched API; out_len is a fixed EAP-FAST-derived size, not adversarial (API00-C internal-API FP class)",41plus_b46,med
MSC37-C,hostap,src/crypto/tls_openssl.c,4657,FP,MSC37-C preprocessor-branch-blind: #ifdef OPENSSL_NEED_EAP_FAST_PRF/#else both return,41plus_b46,high
API05-C,hostap,src/crypto/tls_openssl.c,4657,FP,"API05-C conformant-array-syntax categorical FP: pointer+len idiom (data/context_len, out/out_len)",41plus_b46,high
DCL13-C,hostap,src/crypto/tls_openssl.c,4657,FP,tls_connection_get_eap_fast_key is tls.h-pinned public API (tls_ctx/conn); DCL13-C dispatch-contract FP class,41plus_b46,high
DCL13-C,hostap,src/crypto/tls_openssl.c,4657,FP,tls_connection_get_eap_fast_key is tls.h-pinned public API (tls_ctx/conn); DCL13-C dispatch-contract FP class,41plus_b46,high
MSC13-C,hostap,src/crypto/tls_openssl.c,4665,TP,"skip/tmp_out/_out initial values (0/NULL/out) are unconditionally overwritten before any read (genuine dead-init MSC13-C, low severity)",41plus_b46,low
MSC13-C,hostap,src/crypto/tls_openssl.c,4666,TP,"skip/tmp_out/_out initial values (0/NULL/out) are unconditionally overwritten before any read (genuine dead-init MSC13-C, low severity)",41plus_b46,low
MSC13-C,hostap,src/crypto/tls_openssl.c,4667,TP,"skip/tmp_out/_out initial values (0/NULL/out) are unconditionally overwritten before any read (genuine dead-init MSC13-C, low severity)",41plus_b46,low
DCL37-C,hostap,src/crypto/tls_openssl.c,4667,FP,"_out is a block-scope local, not file-scope; DCL37-C file-scope-vs-block-scope FP class",41plus_b46,high
MEM10-C,hostap,src/crypto/tls_openssl.c,4680,FP,MEM10-C stylistic FP,41plus_b46,high
MEM12-C,hostap,src/crypto/tls_openssl.c,4701,FP,tmp_out is freed on the same line immediately before return; rnd was never allocated on this path (rnd alloc failed) -- MEM12-C false-leak-already-freed/never-allocated FP class,41plus_b46,high
MSC01-C,hostap,src/crypto/tls_openssl.c,4717,TP,ret pre-set to -1 (failure default); no final else is the deliberate default-value guard shape (MSC01-C low-severity reconfirmed),41plus_b46,low
MEM12-C,hostap,src/crypto/tls_openssl.c,4728,FP,tmp_out (bin_clear_free) and rnd (os_free) both already freed earlier in the same path; MEM12-C false-leak-already-freed FP class,41plus_b46,high
MEM12-C,hostap,src/crypto/tls_openssl.c,4732,FP,"under #else /* !OPENSSL_NEED_EAP_FAST_PRF */, tmp_out/rnd don't even exist in this branch; MEM12-C preprocessor-branch-blind FP",41plus_b46,high
EXP30-C,hostap,src/crypto/tls_openssl.c,4749,FP,"wpabuf_len/wpabuf_head are pure accessors inside a short-circuit && condition, each && is a sequence point (EXP30-C FP class)",41plus_b46,med
POS49-C,hostap,src/crypto/tls_openssl.c,4799,FP,"POS49-C bit-field/thread-safety: wpa_supplicant/hostapd core is single-threaded eloop, no pthread boundary (CON32-C/POS49-C FP class)",41plus_b46,high
DCL30-C,hostap,src/crypto/tls_openssl.c,4861,FP,"out_data is heap wpabuf from wpabuf_alloc, not automatic storage (DCL30-C FP class)",41plus_b46,high
DCL13-C,hostap,src/crypto/tls_openssl.c,4866,TP,"static internal openssl_get_appl_data, not tls.h-pinned; conn only read",41plus_b46,low
EXP30-C,hostap,src/crypto/tls_openssl.c,4875,FP,wpabuf_mhead/wpabuf_size pure accessors (EXP30-C FP class),41plus_b46,med
MSC41-C,hostap,src/crypto/tls_openssl.c,4894,FP,"flagged text is the debug-log title string, not actual secret data (MSC41-C hexdump-title FP class)",41plus_b46,high
DCL30-C,hostap,src/crypto/tls_openssl.c,4896,FP,appl_data is heap wpabuf (DCL30-C FP class),41plus_b46,high
DCL30-C,hostap,src/crypto/tls_openssl.c,4954,FP,"out_data passthrough from openssl_handshake, heap wpabuf (DCL30-C FP class)",41plus_b46,high
API00-C,hostap,src/crypto/tls_openssl.c,4958,FP,tls_connection_handshake is internal tls.h-dispatched API; in_data always supplied by the internal EAP/TLS state machine (API00-C internal-API FP class),41plus_b46,med
DCL13-C,hostap,src/crypto/tls_openssl.c,4959,FP,tls_connection_handshake is tls.h-pinned public API (ssl_ctx); DCL13-C dispatch-contract FP class,41plus_b46,high
API00-C,hostap,src/crypto/tls_openssl.c,4967,FP,"tls_connection_server_handshake is internal tls.h-dispatched API, params never externally nullable (API00-C internal-API FP class)",41plus_b46,med
API00-C,hostap,src/crypto/tls_openssl.c,4967,FP,"tls_connection_server_handshake is internal tls.h-dispatched API, params never externally nullable (API00-C internal-API FP class)",41plus_b46,med
API00-C,hostap,src/crypto/tls_openssl.c,4967,FP,"tls_connection_server_handshake is internal tls.h-dispatched API, params never externally nullable (API00-C internal-API FP class)",41plus_b46,med
DCL13-C,hostap,src/crypto/tls_openssl.c,4967,FP,tls_connection_server_handshake is tls.h-pinned public API (tls_ctx); DCL13-C dispatch-contract FP class,41plus_b46,high
POS49-C,hostap,src/crypto/tls_openssl.c,4972,FP,POS49-C single-threaded eloop FP class,41plus_b46,high
DCL13-C,hostap,src/crypto/tls_openssl.c,4977,FP,tls_connection_encrypt is tls.h-pinned public API (tls_ctx/conn); DCL13-C dispatch-contract FP class,41plus_b46,high
DCL13-C,hostap,src/crypto/tls_openssl.c,4978,FP,tls_connection_encrypt is tls.h-pinned public API (tls_ctx/conn); DCL13-C dispatch-contract FP class,41plus_b46,high
MEM10-C,hostap,src/crypto/tls_openssl.c,4984,FP,MEM10-C stylistic FP,41plus_b46,high
MSC13-C,hostap,src/crypto/tls_openssl.c,4988,FP,res assigned then immediately compared (<0) in the same || operand -- that IS a read; ||'s sequence point makes this well-defined (MSC13-C ||-chain-blindness FP class),41plus_b46,high
MSC13-C,hostap,src/crypto/tls_openssl.c,4989,FP,res assigned then immediately compared (<0) in the same || operand -- that IS a read; ||'s sequence point makes this well-defined (MSC13-C ||-chain-blindness FP class),41plus_b46,high
EXP30-C,hostap,src/crypto/tls_openssl.c,4993,FP,wpabuf_head/wpabuf_len and wpabuf_mhead/wpabuf_size are pure accessors (EXP30-C FP class),41plus_b46,med
EXP30-C,hostap,src/crypto/tls_openssl.c,5004,FP,wpabuf_head/wpabuf_len and wpabuf_mhead/wpabuf_size are pure accessors (EXP30-C FP class),41plus_b46,med
DCL30-C,hostap,src/crypto/tls_openssl.c,5013,FP,buf is heap wpabuf from wpabuf_alloc (DCL30-C FP class),41plus_b46,high
DCL13-C,hostap,src/crypto/tls_openssl.c,5017,FP,tls_connection_decrypt is tls.h-pinned public API (tls_ctx/conn); DCL13-C dispatch-contract FP class,41plus_b46,high
DCL13-C,hostap,src/crypto/tls_openssl.c,5018,FP,tls_connection_decrypt is tls.h-pinned public API (tls_ctx/conn); DCL13-C dispatch-contract FP class,41plus_b46,high
EXP30-C,hostap,src/crypto/tls_openssl.c,5025,FP,wpabuf_head/wpabuf_len pure accessors (EXP30-C FP class),41plus_b46,med
EXP34-C,hostap,src/crypto/tls_openssl.c,5025,FP,"conn is an internal tls.h-dispatched param, never actually NULL at this internal call site (extends internal-API-never-null EXP34-C reasoning); NOTE: unlike sibling tls_connection_encrypt, this function lacks a NULL guard on conn -- worth flagging as a defense-in-depth gap even though not exploitable via documented callers",41plus_b46,low
EXP30-C,hostap,src/crypto/tls_openssl.c,5047,FP,SSL_read args are pure accessors wpabuf_mhead/wpabuf_size (EXP30-C FP class),41plus_b46,med
MEM30-C,hostap,src/crypto/tls_openssl.c,5062,FP,buf's only free+return is on the SSL_read-error branch which returns immediately; the flagged line is only reached when that branch was NOT taken (mutually-exclusive-branch/return-after-free FP class),41plus_b46,high
MEM30-C,hostap,src/crypto/tls_openssl.c,5066,FP,buf's only free+return is on the SSL_read-error branch which returns immediately; the flagged line is only reached when that branch was NOT taken (mutually-exclusive-branch/return-after-free FP class),41plus_b46,high
DCL30-C,hostap,src/crypto/tls_openssl.c,5070,FP,buf is heap wpabuf (DCL30-C FP class),41plus_b46,high
MEM30-C,hostap,src/crypto/tls_openssl.c,5070,FP,same mutually-exclusive-branch/return-after-free FP class as index 102/103,41plus_b46,high
DCL13-C,hostap,src/crypto/tls_openssl.c,5074,FP,tls_connection_resumed is tls.h-pinned public API (ssl_ctx/conn); DCL13-C dispatch-contract FP class,41plus_b46,high
DCL13-C,hostap,src/crypto/tls_openssl.c,5074,FP,tls_connection_resumed is tls.h-pinned public API (ssl_ctx/conn); DCL13-C dispatch-contract FP class,41plus_b46,high
DCL31-C,hostap,src/crypto/tls_openssl.c,5076,FP,SSL_session_reused declared in transitively-included OpenSSL header (DCL31-C third-party-header FP class),41plus_b46,high
DCL13-C,hostap,src/crypto/tls_openssl.c,5080,FP,"tls_connection_set_cipher_list is tls.h-pinned public API (tls_ctx/conn, both non-const in the header too); DCL13-C dispatch-contract FP class",41plus_b46,high
DCL13-C,hostap,src/crypto/tls_openssl.c,5080,FP,"tls_connection_set_cipher_list is tls.h-pinned public API (tls_ctx/conn, both non-const in the header too); DCL13-C dispatch-contract FP class",41plus_b46,high
DCL13-C,hostap,src/crypto/tls_openssl.c,5081,FP,ciphers param is u8* (non-const) in the tls.h declaration itself; DCL13-C dispatch-contract FP class,41plus_b46,high
ARR30-C,hostap,src/crypto/tls_openssl.c,5095,FP,loop scans a TLS_CIPHER_NONE-sentinel-terminated array per tls.h's documented @ciphers contract (ARR30-C sentinel-terminated-scan FP class),41plus_b46,high
CON43-C,hostap,src/crypto/tls_openssl.c,5098,FP,"c is a local scan pointer into a caller-owned array in a single-threaded eloop codebase, no concurrent modifier exists (CON43-C extends single-threaded FP class)",41plus_b46,high
MSC01-C,hostap,src/crypto/tls_openssl.c,5144,TP,intentional no-op fallthrough (neither branch needs an else; MSC01-C low-severity reconfirmed),41plus_b46,low
API05-C,hostap,src/crypto/tls_openssl.c,5161,FP,"API05-C pointer+len idiom FP class (115) and tls_get_version tls.h-pinned ssl_ctx/conn DCL13-C FP class (116,117)",41plus_b46,high
DCL13-C,hostap,src/crypto/tls_openssl.c,5161,FP,"API05-C pointer+len idiom FP class (115) and tls_get_version tls.h-pinned ssl_ctx/conn DCL13-C FP class (116,117)",41plus_b46,high
DCL13-C,hostap,src/crypto/tls_openssl.c,5161,FP,"API05-C pointer+len idiom FP class (115) and tls_get_version tls.h-pinned ssl_ctx/conn DCL13-C FP class (116,117)",41plus_b46,high
API05-C,hostap,src/crypto/tls_openssl.c,5162,FP,buf/buflen pointer+len idiom (API05-C FP class),41plus_b46,high
API05-C,hostap,src/crypto/tls_openssl.c,5177,FP,"same API05-C pointer+len (119) / tls_get_cipher tls.h-pinned ssl_ctx/conn DCL13-C FP class (120,121)",41plus_b46,high
DCL13-C,hostap,src/crypto/tls_openssl.c,5177,FP,"same API05-C pointer+len (119) / tls_get_cipher tls.h-pinned ssl_ctx/conn DCL13-C FP class (120,121)",41plus_b46,high
DCL13-C,hostap,src/crypto/tls_openssl.c,5177,FP,"same API05-C pointer+len (119) / tls_get_cipher tls.h-pinned ssl_ctx/conn DCL13-C FP class (120,121)",41plus_b46,high
API05-C,hostap,src/crypto/tls_openssl.c,5178,FP,buf/buflen pointer+len idiom (API05-C FP class),41plus_b46,high
API00-C,hostap,src/crypto/tls_openssl.c,5193,FP,"tls_connection_enable_workaround is internal tls.h-dispatched API, conn never externally nullable (API00-C internal-API FP class)",41plus_b46,med
DCL13-C,hostap,src/crypto/tls_openssl.c,5193,FP,tls_connection_enable_workaround is tls.h-pinned public API (ssl_ctx/conn); DCL13-C dispatch-contract FP class,41plus_b46,high
DCL13-C,hostap,src/crypto/tls_openssl.c,5194,FP,tls_connection_enable_workaround is tls.h-pinned public API (ssl_ctx/conn); DCL13-C dispatch-contract FP class,41plus_b46,high
API05-C,hostap,src/crypto/tls_openssl.c,5206,FP,"API05-C pointer+len idiom (data/data_len, 126) and tls_connection_client_hello_ext tls.h-pinned ssl_ctx/conn DCL13-C FP class (127,128)",41plus_b46,high
DCL13-C,hostap,src/crypto/tls_openssl.c,5206,FP,"API05-C pointer+len idiom (data/data_len, 126) and tls_connection_client_hello_ext tls.h-pinned ssl_ctx/conn DCL13-C FP class (127,128)",41plus_b46,high
DCL13-C,hostap,src/crypto/tls_openssl.c,5206,FP,"API05-C pointer+len idiom (data/data_len, 126) and tls_connection_client_hello_ext tls.h-pinned ssl_ctx/conn DCL13-C FP class (127,128)",41plus_b46,high
EXP05-C,hostap,src/crypto/tls_openssl.c,5213,FP,"cast-away-const for SSL_set_session_ticket_ext's non-const void* extension-data param, read-only",41plus_b46,med
DCL13-C,hostap,src/crypto/tls_openssl.c,5222,FP,tls_connection_get_failed is tls.h-pinned public API (ssl_ctx/conn); DCL13-C dispatch-contract FP class,41plus_b46,high
DCL13-C,hostap,src/crypto/tls_openssl.c,5222,FP,tls_connection_get_failed is tls.h-pinned public API (ssl_ctx/conn); DCL13-C dispatch-contract FP class,41plus_b46,high
MEM10-C,hostap,src/crypto/tls_openssl.c,5224,FP,MEM10-C stylistic FP,41plus_b46,high
DCL13-C,hostap,src/crypto/tls_openssl.c,5230,FP,tls_connection_get_read_alerts is tls.h-pinned public API (ssl_ctx/conn); DCL13-C dispatch-contract FP class,41plus_b46,high
DCL13-C,hostap,src/crypto/tls_openssl.c,5230,FP,tls_connection_get_read_alerts is tls.h-pinned public API (ssl_ctx/conn); DCL13-C dispatch-contract FP class,41plus_b46,high
MEM10-C,hostap,src/crypto/tls_openssl.c,5232,FP,MEM10-C stylistic FP,41plus_b46,high
DCL13-C,hostap,src/crypto/tls_openssl.c,5238,FP,tls_connection_get_write_alerts is tls.h-pinned public API (ssl_ctx/conn); DCL13-C dispatch-contract FP class,41plus_b46,high
DCL13-C,hostap,src/crypto/tls_openssl.c,5238,FP,tls_connection_get_write_alerts is tls.h-pinned public API (ssl_ctx/conn); DCL13-C dispatch-contract FP class,41plus_b46,high
MEM10-C,hostap,src/crypto/tls_openssl.c,5240,FP,MEM10-C stylistic FP,41plus_b46,high
DCL13-C,hostap,src/crypto/tls_openssl.c,5282,FP,"arg is OpenSSL's fixed SSL_CTX_set_tlsext_status_cb callback contract (void (*)(SSL*, void*)); extends eloop/vtable-callback DCL13-C FP class to OpenSSL callback prototypes",41plus_b46,high
MEM31-C,hostap,src/crypto/tls_openssl.c,5371,FP,"certs is set NULL on the failure path (sk_X509_free+NULL) before the unconditional sk_X509_pop_free(certs,...) which safely no-ops on NULL -- reassign-to-NULL-then-safe-free FP class, not a double free",41plus_b46,high
EXP20-C,hostap,src/crypto/tls_openssl.c,5434,FP,OCSP_check_validity documented 1/0-ish success contract; implicit-boolean-test extension of OpenSSL-contract EXP20-C FP class,41plus_b46,med
DCL13-C,hostap,src/crypto/tls_openssl.c,5461,FP,arg is OpenSSL's fixed SSL_CTX_set_tlsext_status_cb callback contract; DCL13-C callback-contract FP class,41plus_b46,high
EXP34-C,hostap,src/crypto/tls_openssl.c,5467,FP,tls_global is a module singleton initialized during tls_init() before any SSL callback can fire; extends the init-ordering-guaranteed-non-NULL EXP34-C FP class (l2_ndisuio_global precedent),41plus_b46,low
STR34-C,hostap,src/crypto/tls_openssl.c,5502,FP,os_strlen(*p) passes a whole const char* argument; STR34-C misidentifies the pointer dereference as a scalar char sign-extension case (STR34-C pointer-treated-as-scalar-char FP class),41plus_b46,high
STR34-C,hostap,src/crypto/tls_openssl.c,5502,FP,os_strlen(*p) passes a whole const char* argument; STR34-C misidentifies the pointer dereference as a scalar char sign-extension case (STR34-C pointer-treated-as-scalar-char FP class),41plus_b46,high
ERR00-C,hostap,src/crypto/tls_openssl.c,5524,FP,fopen's return IS checked on the very next line (if (!f) {...}); factually wrong ERR00-C,41plus_b46,high
FIO05-C,hostap,src/crypto/tls_openssl.c,5524,FP,"path is an admin-configured private-key/cert file path, same trust boundary as hostapd's own config-file family (FIO05-C admin-config-path FP class)",41plus_b46,high
WIN03-C,hostap,src/crypto/tls_openssl.c,5524,TP,"literally true per rule text (mode string is ""r"", no N flag) though Windows-build-conditional and low real-world severity",41plus_b46,low
MEM12-C,hostap,src/crypto/tls_openssl.c,5527,FP,buf is freed on the same line immediately before return; f was never opened on this path (fopen failed) -- MEM12-C false-leak-already-freed/never-allocated FP class,41plus_b46,high
FIO20-C,hostap,src/crypto/tls_openssl.c,5530,FP,is_linestart/is_lineend tracking across fgets() chunks already handles truncation; explicit \n check not needed.,41plus_b47,high
EXP33-C,hostap,src/crypto/tls_openssl.c,5533,FP,'p' assigned in for-loop init clause (line 5540) before any dereference; never used uninitialized.,41plus_b47,high
ARR00-C,hostap,src/crypto/tls_openssl.c,5536,FP,"Cross-function buf conflation: buf freed only at 5547, well after this access; size/alloc-site cited (:5854) belongs to an unrelated function's local array.",41plus_b47,high
ARR30-C,hostap,src/crypto/tls_openssl.c,5536,FP,Same cross-function buf-name conflation as the ARR00-C finding on this line.,41plus_b47,high
ARR00-C,hostap,src/crypto/tls_openssl.c,5537,FP,buf not freed until line 5547 (bin_clear_free); cited allocation site is an unrelated function's local array.,41plus_b47,high
ARR30-C,hostap,src/crypto/tls_openssl.c,5537,FP,Same cross-function buf-name conflation.,41plus_b47,high
ERR00-C,hostap,src/crypto/tls_openssl.c,5546,TP,"fclose(f) return value genuinely unchecked, no earlier validation; low practical severity for a read-only stream.",41plus_b47,med
ERR33-C,hostap,src/crypto/tls_openssl.c,5546,TP,Same genuine unchecked fclose() as the ERR00-C finding on this line.,41plus_b47,med
MEM12-C,hostap,src/crypto/tls_openssl.c,5549,FP,"buf is freed via bin_clear_free(buf, bufsize) at line 5547, one line before return; custom free wrapper not recognized.",41plus_b47,high
ARR02-C,hostap,src/crypto/tls_openssl.c,5556,FP,"NULL-terminated initializer array iterated via sentinel, not indexed numerically; extends confirmed ARR02-C implicit-bounds FP class.",41plus_b47,high
MEM10-C,hostap,src/crypto/tls_openssl.c,5579,FP,Plain 'if (conn == NULL) return -1;' ad-hoc check is fine; confirmed MEM10-C stylistic-pedantry FP class.,41plus_b47,high
MSC01-C,hostap,src/crypto/tls_openssl.c,5686,FP,Deliberate guard-clause if/else-if with intentional fallthrough on success; confirmed MSC01-C no-final-else FP class.,41plus_b47,high
MSC01-C,hostap,src/crypto/tls_openssl.c,5699,FP,Same guard-clause pattern as line 5686.,41plus_b47,high
MSC01-C,hostap,src/crypto/tls_openssl.c,5713,FP,Same guard-clause pattern.,41plus_b47,high
INT07-C,hostap,src/crypto/tls_openssl.c,5741,FP,"Misattributes 'params' (a struct pointer parameter) as a char type; actual expr (params->openssl_ecdh_curves[0]) is a boolean non-empty-string test, not numeric arithmetic.",41plus_b47,high
MSC01-C,hostap,src/crypto/tls_openssl.c,5753,FP,"Continuation of the same if/!curves .. else-if guard-clause chain from line 5741; deliberate, no final else needed.",41plus_b47,high
EXP30-C,hostap,src/crypto/tls_openssl.c,5866,FP,"ASN1_STRING_get0_data/ASN1_STRING_length are pure read accessors of the same const object, no side effects to unsequence; confirmed EXP30-C pure-accessor-args FP class.",41plus_b47,high
DCL31-C,hostap,src/crypto/tls_openssl.c,5881,FP,STACK_OF(X509) is an OpenSSL macro expanding to a valid type name; sqc's non-preprocessing parse misreads it as missing a type specifier.,41plus_b47,high
EXP20-C,hostap,src/crypto/tls_openssl.c,5884,FP,SSL_CTX_get0_chain_certs is a strict OpenSSL 0/1-contract API; confirmed EXP20-C OpenSSL-exact-1/0-contract FP class.,41plus_b47,high
MSC21-C,hostap,src/crypto/tls_openssl.c,5903,FP,"'res' is a function-return status code reassigned each iteration (SSL_CTX_set_current_cert), not an incremented counter; == 1 is the only correct test.",41plus_b47,med
INT07-C,hostap,src/crypto/tls_openssl.c,5968,FP,"Same 'params' struct-pointer misattributed as char, same boolean-truth-test expr as line 5741.",41plus_b47,high
MSC01-C,hostap,src/crypto/tls_openssl.c,5980,FP,Same guard-clause if/else-if pattern in tls_global_set_params as the earlier instances.,41plus_b47,high
EXP43-C,hostap,src/crypto/tls_openssl.c,6014,FP,"SSL_CTX_set_tlsext_status_arg stores an opaque context pointer; passing ssl_ctx as its own callback arg is a self-context idiom, not aliased read/write.",41plus_b47,high
EXP34-C,hostap,src/crypto/tls_openssl.c,6015,FP,"tls_global is a module-level invariant established by tls_init before any *_set_params call runs; internal-invariant, same class as confirmed API00-C internal-invariant FPs.",41plus_b47,med
API02-C,hostap,src/crypto/tls_openssl.c,6037,FP,tls_sess_sec_cb's signature is pinned by OpenSSL's SSL_set_session_secret_cb callback typedef; dispatch-contract FP class extended to API02-C.,41plus_b47,high
DCL13-C,hostap,src/crypto/tls_openssl.c,6042,FP,Fixed OpenSSL callback signature (tls_sess_sec_cb); dispatch-contract FP class.,41plus_b47,high
DCL13-C,hostap,src/crypto/tls_openssl.c,6043,FP,Same fixed-callback dispatch-contract FP.,41plus_b47,high
DCL13-C,hostap,src/crypto/tls_openssl.c,6086,FP,tls_session_ticket_ext_cb is pinned by SSL_set_session_ticket_ext_cb's fixed prototype; dispatch-contract FP.,41plus_b47,high
API00-C,hostap,src/crypto/tls_openssl.c,6113,FP,Internal-only hostap API; confirmed API00-C internal-API FP class.,41plus_b47,med
MSC37-C,hostap,src/crypto/tls_openssl.c,6113,FP,Both #ifdef EAP_FAST_OR_TEAP branches explicitly return; confirmed preprocessor-blind MSC37-C FP class.,41plus_b47,high
DCL13-C,hostap,src/crypto/tls_openssl.c,6113,TP,tls_ctx param genuinely unused/unmodified in this ordinary (non-callback) function; real if trivial const opportunity.,41plus_b47,low
API00-C,hostap,src/crypto/tls_openssl.c,6141,FP,Internal-only API FP class.,41plus_b47,med
MSC37-C,hostap,src/crypto/tls_openssl.c,6141,FP,Both #if/#else branches explicitly return os_snprintf(...); preprocessor-blind MSC37-C FP class.,41plus_b47,high
API05-C,hostap,src/crypto/tls_openssl.c,6141,FP,"char *buf, size_t buf_len is the idiomatic ptr+len pair; confirmed API05-C FP class.",41plus_b47,high
API00-C,hostap,src/crypto/tls_openssl.c,6155,FP,Internal-only API FP class.,41plus_b47,med
POS49-C,hostap,src/crypto/tls_openssl.c,6191,FP,wpa_supplicant/hostapd core is single-threaded; confirmed no-pthread CON32-C/POS49-C FP class.,41plus_b47,high
MSC07-C,hostap,src/crypto/tls_openssl.c,6194,FP,'fail:' is a goto target reached from 3 earlier goto fail sites; code after it is reachable. Confirmed goto-label MSC07-C FP class.,41plus_b47,high
EXP34-C,hostap,src/crypto/tls_openssl.c,6197,FP,os_free() NULL-checks internally (os_unix.c:770); confirmed os_free(NULL)-is-safe EXP34-C FP class.,41plus_b47,high
API00-C,hostap,src/crypto/tls_openssl.c,6201,FP,Internal-only API FP class.,41plus_b47,med
DCL40-C,hostap,src/crypto/tls_openssl.c,6201,FP,"First 31 chars of tls_connection_set_success_data_resumed literally equal tls_connection_set_success_data; technically matches the C89 rule but not practically actionable on any modern toolchain, same graded-FP judgment as the confirmed DCL40-C 31-char class.",41plus_b47,med
POS49-C,hostap,src/crypto/tls_openssl.c,6205,FP,No-pthread POS49-C FP class.,41plus_b47,high
DCL13-C,hostap,src/crypto/tls_openssl.c,6210,TP,"conn only read (SSL_get_session(conn->ssl)), never modified; genuine const opportunity.",41plus_b47,low
EXP45-C,hostap,src/crypto/tls_openssl.c,6215,FP,"The assignment 'sess = SSL_get_session(conn->ssl)' is its own prior statement, not inside the if condition (which is only 'if (!sess)'); location/message mismatch.",41plus_b47,high
API00-C,hostap,src/crypto/tls_openssl.c,6221,FP,Internal-only API FP class.,41plus_b47,med
DCL13-C,hostap,src/crypto/tls_openssl.c,6221,TP,"conn only read, never modified; genuine const opportunity.",41plus_b47,low
DCL13-C,hostap,src/crypto/tls_openssl.c,6238,TP,"conn only read (conn->server, conn->ssl), never modified; genuine const opportunity.",41plus_b47,low
API00-C,hostap,src/crypto/tls_openssl.c,6256,FP,Internal-only API FP class.,41plus_b47,med
MSC37-C,hostap,src/crypto/tls_openssl.c,6256,FP,Both #if/#else branches explicitly return; preprocessor-blind MSC37-C FP class.,41plus_b47,high
DCL13-C,hostap,src/crypto/tls_openssl.c,6256,TP,"conn only read, never modified; genuine const opportunity.",41plus_b47,low
DCL13-C,hostap,src/crypto/tls_openssl.c,6271,TP,conn only read (conn->peer_subject); genuine const opportunity.,41plus_b47,low
DCL13-C,hostap,src/crypto/tls_openssl.c,6279,TP,conn only read (conn->ssl); genuine const opportunity.,41plus_b47,low
CON03-C,hostap,wpa_supplicant/wpa_cli.c,42,FP,"no-pthread CON03-C class: wpa_cli.c is single-threaded/eloop-driven, no pthread anywhere in file",41plus_b48,high
CON03-C,hostap,wpa_supplicant/wpa_cli.c,43,FP,"no-pthread CON03-C class: wpa_cli.c is single-threaded/eloop-driven, no pthread anywhere in file",41plus_b48,high
CON03-C,hostap,wpa_supplicant/wpa_cli.c,44,FP,"no-pthread CON03-C class: wpa_cli.c is single-threaded/eloop-driven, no pthread anywhere in file",41plus_b48,high
CON03-C,hostap,wpa_supplicant/wpa_cli.c,45,FP,"no-pthread CON03-C class: wpa_cli.c is single-threaded/eloop-driven, no pthread anywhere in file",41plus_b48,high
CON03-C,hostap,wpa_supplicant/wpa_cli.c,51,FP,"no-pthread CON03-C class: wpa_cli.c is single-threaded/eloop-driven, no pthread anywhere in file",41plus_b48,high
CON03-C,hostap,wpa_supplicant/wpa_cli.c,55,FP,"no-pthread CON03-C class: wpa_cli.c is single-threaded/eloop-driven, no pthread anywhere in file",41plus_b48,high
CON03-C,hostap,wpa_supplicant/wpa_cli.c,56,FP,"no-pthread CON03-C class: wpa_cli.c is single-threaded/eloop-driven, no pthread anywhere in file",41plus_b48,high
CON03-C,hostap,wpa_supplicant/wpa_cli.c,57,FP,"no-pthread CON03-C class: wpa_cli.c is single-threaded/eloop-driven, no pthread anywhere in file",41plus_b48,high
CON02-C,hostap,wpa_supplicant/wpa_cli.c,57,FP,"extends no-pthread CON03-C class to CON02-C; 'interactive' is a plain mode flag, no thread sync involved",41plus_b48,high
CON03-C,hostap,wpa_supplicant/wpa_cli.c,58,FP,"no-pthread CON03-C class: wpa_cli.c is single-threaded/eloop-driven, no pthread anywhere in file",41plus_b48,high
PRE32-C,hostap,wpa_supplicant/wpa_cli.c,84,FP,"ordinary printf/usage() string-literal concatenation with #ifdef fragments; preprocessor resolves before the call, no macro-arg hazard (confirmed PRE32-C/FIO30-C class)",41plus_b48,high
PRE32-C,hostap,wpa_supplicant/wpa_cli.c,84,FP,"ordinary printf/usage() string-literal concatenation with #ifdef fragments; preprocessor resolves before the call, no macro-arg hazard (confirmed PRE32-C/FIO30-C class)",41plus_b48,high
MEM10-C,hostap,wpa_supplicant/wpa_cli.c,140,FP,MEM10-C fires on any plain if(ptr==NULL) guard (confirmed stylistic-pedantry class),41plus_b48,high
MEM12-C,hostap,wpa_supplicant/wpa_cli.c,141,FP,"ctrl_conn/mon_conn are module-static globals owned across calls, freed later by wpa_cli_close_connection(); not per-call local resources - new variant of the MEM12-C ownership-transfer FP class",41plus_b48,high
MEM12-C,hostap,wpa_supplicant/wpa_cli.c,147,FP,"ctrl_conn/mon_conn are module-static globals owned across calls, freed later by wpa_cli_close_connection(); not per-call local resources - new variant of the MEM12-C ownership-transfer FP class",41plus_b48,high
MEM12-C,hostap,wpa_supplicant/wpa_cli.c,155,FP,"ctrl_conn/mon_conn are module-static globals owned across calls, freed later by wpa_cli_close_connection(); not per-call local resources - new variant of the MEM12-C ownership-transfer FP class",41plus_b48,high
MEM12-C,hostap,wpa_supplicant/wpa_cli.c,162,FP,"ctrl_conn/mon_conn are module-static globals owned across calls, freed later by wpa_cli_close_connection(); not per-call local resources - new variant of the MEM12-C ownership-transfer FP class",41plus_b48,high
MEM12-C,hostap,wpa_supplicant/wpa_cli.c,167,FP,"ctrl_conn/mon_conn are module-static globals owned across calls, freed later by wpa_cli_close_connection(); not per-call local resources - new variant of the MEM12-C ownership-transfer FP class",41plus_b48,high
EXP34-C,hostap,wpa_supplicant/wpa_cli.c,171,FP,callee wpa_ctrl_open2() NULL-checks cli_path internally (`if (cli_path && cli_path[0]=='/')`) before any deref - extends confirmed 'callee guarantees non-null/checks internally' EXP34-C FP class,41plus_b48,high
MEM12-C,hostap,wpa_supplicant/wpa_cli.c,174,FP,"ctrl_conn/mon_conn are module-static globals owned across calls, freed later by wpa_cli_close_connection(); not per-call local resources - new variant of the MEM12-C ownership-transfer FP class",41plus_b48,high
EXP34-C,hostap,wpa_supplicant/wpa_cli.c,178,FP,callee wpa_ctrl_open2() NULL-checks cli_path internally (`if (cli_path && cli_path[0]=='/')`) before any deref - extends confirmed 'callee guarantees non-null/checks internally' EXP34-C FP class,41plus_b48,high
PRE32-C,hostap,wpa_supplicant/wpa_cli.c,192,FP,"ordinary printf/usage() string-literal concatenation with #ifdef fragments; preprocessor resolves before the call, no macro-arg hazard (confirmed PRE32-C/FIO30-C class)",41plus_b48,high
PRE32-C,hostap,wpa_supplicant/wpa_cli.c,192,FP,"ordinary printf/usage() string-literal concatenation with #ifdef fragments; preprocessor resolves before the call, no macro-arg hazard (confirmed PRE32-C/FIO30-C class)",41plus_b48,high
MEM12-C,hostap,wpa_supplicant/wpa_cli.c,195,FP,"ctrl_conn/mon_conn are module-static globals owned across calls, freed later by wpa_cli_close_connection(); not per-call local resources - new variant of the MEM12-C ownership-transfer FP class",41plus_b48,high
MEM12-C,hostap,wpa_supplicant/wpa_cli.c,199,FP,"ctrl_conn/mon_conn are module-static globals owned across calls, freed later by wpa_cli_close_connection(); not per-call local resources - new variant of the MEM12-C ownership-transfer FP class",41plus_b48,high
EXP33-C,hostap,wpa_supplicant/wpa_cli.c,205,FP,"static-duration pointer is implicitly zero-initialized per C 6.7.9p10; checking `== NULL` on it is safe by the language guarantee, not an uninitialized-use",41plus_b48,high
MSC13-C,hostap,wpa_supplicant/wpa_cli.c,210,FP,"static/global cross-call-significance MSC13-C FP class: wpa_cli_attached/ctrl_conn/mon_conn are module statics read by later calls to other functions, not dead within this function",41plus_b48,high
MSC13-C,hostap,wpa_supplicant/wpa_cli.c,213,FP,"static/global cross-call-significance MSC13-C FP class: wpa_cli_attached/ctrl_conn/mon_conn are module statics read by later calls to other functions, not dead within this function",41plus_b48,high
EXP33-C,hostap,wpa_supplicant/wpa_cli.c,214,FP,"static-duration pointer is implicitly zero-initialized per C 6.7.9p10; checking `== NULL` on it is safe by the language guarantee, not an uninitialized-use",41plus_b48,high
MSC13-C,hostap,wpa_supplicant/wpa_cli.c,217,FP,"static/global cross-call-significance MSC13-C FP class: wpa_cli_attached/ctrl_conn/mon_conn are module statics read by later calls to other functions, not dead within this function",41plus_b48,high
API05-C,hostap,wpa_supplicant/wpa_cli.c,222,FP,"msg_cb callback param pair (char *msg, size_t len) is the idiomatic pointer+length convention, not a real conformant-array-syntax gap (confirmed API05-C class)",41plus_b48,high
DCL13-C,hostap,wpa_supplicant/wpa_cli.c,222,FP,"wpa_cli_msg_cb is registered as wpa_ctrl_request's fixed-signature msg_cb callback (void(*)(char*,size_t)) - dispatch-contract FP class",41plus_b48,high
EXP33-C,hostap,wpa_supplicant/wpa_cli.c,234,FP,"static-duration pointer is implicitly zero-initialized per C 6.7.9p10; checking `== NULL` on it is safe by the language guarantee, not an uninitialized-use",41plus_b48,high
DCL30-C,hostap,wpa_supplicant/wpa_cli.c,242,FP,"misidentifies local parameter 'cmd' as a global/static; cmd is a plain function parameter reassigned to point at local buf and used only within the same call before return - no dangling pointer, no global/static involved",41plus_b48,high
FIO47-C,hostap,wpa_supplicant/wpa_cli.c,248,FP,argument-type misidentification engine bug: 'cmd' is declared const char* (a real pointer) for the %s specifier; extends the confirmed FIO47-C argument-binding/type-misparse family beyond sscanf to printf,41plus_b48,high
MSC01-C,hostap,wpa_supplicant/wpa_cli.c,250,FP,"guard-clause if/else-if with no final else: fallthrough to the print logic is the intended default when ret>=0, not a missing case (confirmed MSC01-C stylistic-pedantry class)",41plus_b48,high
FIO47-C,hostap,wpa_supplicant/wpa_cli.c,251,FP,argument-type misidentification engine bug: 'cmd' is declared const char* (a real pointer) for the %s specifier; extends the confirmed FIO47-C argument-binding/type-misparse family beyond sscanf to printf,41plus_b48,high
ARR30-C,hostap,wpa_supplicant/wpa_cli.c,255,FP,"len is written back by wpa_ctrl_request() bounded by the *reply_len passed in (sizeof(buf)-1); standard bounded recv-style contract, rule doesn't see the callee's size-in/size-out guarantee",41plus_b48,high
EXP33-C,hostap,wpa_supplicant/wpa_cli.c,256,FP,"buf is written by wpa_ctrl_request(ctrl,cmd,...,buf,&len,...) through the output pointer parameter before this read - callee-side write-through-pointer blindness, same shape as the confirmed wps_parse_msg/nla_parse EXP33-C FP class",41plus_b48,high
FIO47-C,hostap,wpa_supplicant/wpa_cli.c,275,FP,argument-type misidentification engine bug: 'cmd' is declared const char* (a real pointer) for the %s specifier; extends the confirmed FIO47-C argument-binding/type-misparse family beyond sscanf to printf,41plus_b48,high
PRE32-C,hostap,wpa_supplicant/wpa_cli.c,275,FP,"ordinary printf/usage() string-literal concatenation with #ifdef fragments; preprocessor resolves before the call, no macro-arg hazard (confirmed PRE32-C/FIO30-C class)",41plus_b48,high
PRE32-C,hostap,wpa_supplicant/wpa_cli.c,275,FP,"ordinary printf/usage() string-literal concatenation with #ifdef fragments; preprocessor resolves before the call, no macro-arg hazard (confirmed PRE32-C/FIO30-C class)",41plus_b48,high
DCL13-C,hostap,wpa_supplicant/wpa_cli.c,286,FP,"handler is registered in wpa_cli_commands[] against the fixed struct wpa_cli_cmd.handler signature (int(*)(struct wpa_ctrl*,int,char*[])) - dispatch-contract FP class, same root cause as eloop/EAP-method tables",41plus_b48,high
DCL13-C,hostap,wpa_supplicant/wpa_cli.c,292,FP,"handler is registered in wpa_cli_commands[] against the fixed struct wpa_cli_cmd.handler signature (int(*)(struct wpa_ctrl*,int,char*[])) - dispatch-contract FP class, same root cause as eloop/EAP-method tables",41plus_b48,high
DCL13-C,hostap,wpa_supplicant/wpa_cli.c,308,FP,"handler is registered in wpa_cli_commands[] against the fixed struct wpa_cli_cmd.handler signature (int(*)(struct wpa_ctrl*,int,char*[])) - dispatch-contract FP class, same root cause as eloop/EAP-method tables",41plus_b48,high
DCL13-C,hostap,wpa_supplicant/wpa_cli.c,314,FP,"handler is registered in wpa_cli_commands[] against the fixed struct wpa_cli_cmd.handler signature (int(*)(struct wpa_ctrl*,int,char*[])) - dispatch-contract FP class, same root cause as eloop/EAP-method tables",41plus_b48,high
DCL13-C,hostap,wpa_supplicant/wpa_cli.c,326,FP,"handler is registered in wpa_cli_commands[] against the fixed struct wpa_cli_cmd.handler signature (int(*)(struct wpa_ctrl*,int,char*[])) - dispatch-contract FP class, same root cause as eloop/EAP-method tables",41plus_b48,high
DCL13-C,hostap,wpa_supplicant/wpa_cli.c,332,FP,"handler is registered in wpa_cli_commands[] against the fixed struct wpa_cli_cmd.handler signature (int(*)(struct wpa_ctrl*,int,char*[])) - dispatch-contract FP class, same root cause as eloop/EAP-method tables",41plus_b48,high
DCL13-C,hostap,wpa_supplicant/wpa_cli.c,339,FP,"handler is registered in wpa_cli_commands[] against the fixed struct wpa_cli_cmd.handler signature (int(*)(struct wpa_ctrl*,int,char*[])) - dispatch-contract FP class, same root cause as eloop/EAP-method tables",41plus_b48,high
DCL13-C,hostap,wpa_supplicant/wpa_cli.c,378,FP,"handler is registered in wpa_cli_commands[] against the fixed struct wpa_cli_cmd.handler signature (int(*)(struct wpa_ctrl*,int,char*[])) - dispatch-contract FP class, same root cause as eloop/EAP-method tables",41plus_b48,high
DCL13-C,hostap,wpa_supplicant/wpa_cli.c,378,FP,"handler is registered in wpa_cli_commands[] against the fixed struct wpa_cli_cmd.handler signature (int(*)(struct wpa_ctrl*,int,char*[])) - dispatch-contract FP class, same root cause as eloop/EAP-method tables",41plus_b48,high
STR34-C,hostap,wpa_supplicant/wpa_cli.c,387,FP,"misattribution: cited identifier (str/fields/argv) is a pointer/array passed as a plain function argument at this line, not a scalar char undergoing widening conversion",41plus_b48,high
EXP33-C,hostap,wpa_supplicant/wpa_cli.c,392,FP,"misattribution: line calls the forward-declared static function wpa_list_cmd_list(), not a static variable read",41plus_b48,high
DCL13-C,hostap,wpa_supplicant/wpa_cli.c,400,FP,"handler is registered in wpa_cli_commands[] against the fixed struct wpa_cli_cmd.handler signature (int(*)(struct wpa_ctrl*,int,char*[])) - dispatch-contract FP class, same root cause as eloop/EAP-method tables",41plus_b48,high
DCL13-C,hostap,wpa_supplicant/wpa_cli.c,400,FP,"handler is registered in wpa_cli_commands[] against the fixed struct wpa_cli_cmd.handler signature (int(*)(struct wpa_ctrl*,int,char*[])) - dispatch-contract FP class, same root cause as eloop/EAP-method tables",41plus_b48,high
DCL13-C,hostap,wpa_supplicant/wpa_cli.c,407,FP,"handler is registered in wpa_cli_commands[] against the fixed struct wpa_cli_cmd.handler signature (int(*)(struct wpa_ctrl*,int,char*[])) - dispatch-contract FP class, same root cause as eloop/EAP-method tables",41plus_b48,high
DCL13-C,hostap,wpa_supplicant/wpa_cli.c,407,FP,"handler is registered in wpa_cli_commands[] against the fixed struct wpa_cli_cmd.handler signature (int(*)(struct wpa_ctrl*,int,char*[])) - dispatch-contract FP class, same root cause as eloop/EAP-method tables",41plus_b48,high
DCL13-C,hostap,wpa_supplicant/wpa_cli.c,416,FP,"handler is registered in wpa_cli_commands[] against the fixed struct wpa_cli_cmd.handler signature (int(*)(struct wpa_ctrl*,int,char*[])) - dispatch-contract FP class, same root cause as eloop/EAP-method tables",41plus_b48,high
DCL13-C,hostap,wpa_supplicant/wpa_cli.c,422,FP,"handler is registered in wpa_cli_commands[] against the fixed struct wpa_cli_cmd.handler signature (int(*)(struct wpa_ctrl*,int,char*[])) - dispatch-contract FP class, same root cause as eloop/EAP-method tables",41plus_b48,high
STR34-C,hostap,wpa_supplicant/wpa_cli.c,455,FP,"misattribution: cited identifier (str/fields/argv) is a pointer/array passed as a plain function argument at this line, not a scalar char undergoing widening conversion",41plus_b48,high
ARR02-C,hostap,wpa_supplicant/wpa_cli.c,456,FP,"locally-declared array sized by its own brace initializer (accessed only via ARRAY_SIZE()); no real implicit-bounds gap, extends the confirmed ARR02-C initializer-sized-array FP class",41plus_b48,high
STR34-C,hostap,wpa_supplicant/wpa_cli.c,529,FP,"misattribution: cited identifier (str/fields/argv) is a pointer/array passed as a plain function argument at this line, not a scalar char undergoing widening conversion",41plus_b48,high
DCL13-C,hostap,wpa_supplicant/wpa_cli.c,549,FP,"handler is registered in wpa_cli_commands[] against the fixed struct wpa_cli_cmd.handler signature (int(*)(struct wpa_ctrl*,int,char*[])) - dispatch-contract FP class, same root cause as eloop/EAP-method tables",41plus_b48,high
DCL13-C,hostap,wpa_supplicant/wpa_cli.c,556,FP,"handler is registered in wpa_cli_commands[] against the fixed struct wpa_cli_cmd.handler signature (int(*)(struct wpa_ctrl*,int,char*[])) - dispatch-contract FP class, same root cause as eloop/EAP-method tables",41plus_b48,high
DCL13-C,hostap,wpa_supplicant/wpa_cli.c,563,FP,"handler is registered in wpa_cli_commands[] against the fixed struct wpa_cli_cmd.handler signature (int(*)(struct wpa_ctrl*,int,char*[])) - dispatch-contract FP class, same root cause as eloop/EAP-method tables",41plus_b48,high
STR34-C,hostap,wpa_supplicant/wpa_cli.c,577,FP,"misattribution: cited identifier (str/fields/argv) is a pointer/array passed as a plain function argument at this line, not a scalar char undergoing widening conversion",41plus_b48,high
ARR02-C,hostap,wpa_supplicant/wpa_cli.c,578,FP,"locally-declared array sized by its own brace initializer (accessed only via ARRAY_SIZE()); no real implicit-bounds gap, extends the confirmed ARR02-C initializer-sized-array FP class",41plus_b48,high
STR34-C,hostap,wpa_supplicant/wpa_cli.c,631,FP,"misattribution: cited identifier (str/fields/argv) is a pointer/array passed as a plain function argument at this line, not a scalar char undergoing widening conversion",41plus_b48,high
DCL13-C,hostap,wpa_supplicant/wpa_cli.c,649,FP,"handler is registered in wpa_cli_commands[] against the fixed struct wpa_cli_cmd.handler signature (int(*)(struct wpa_ctrl*,int,char*[])) - dispatch-contract FP class, same root cause as eloop/EAP-method tables",41plus_b48,high
DCL13-C,hostap,wpa_supplicant/wpa_cli.c,655,FP,"handler is registered in wpa_cli_commands[] against the fixed struct wpa_cli_cmd.handler signature (int(*)(struct wpa_ctrl*,int,char*[])) - dispatch-contract FP class, same root cause as eloop/EAP-method tables",41plus_b48,high
DCL13-C,hostap,wpa_supplicant/wpa_cli.c,662,FP,"handler is registered in wpa_cli_commands[] against the fixed struct wpa_cli_cmd.handler signature (int(*)(struct wpa_ctrl*,int,char*[])) - dispatch-contract FP class, same root cause as eloop/EAP-method tables",41plus_b48,high
DCL13-C,hostap,wpa_supplicant/wpa_cli.c,668,FP,"handler is registered in wpa_cli_commands[] against the fixed struct wpa_cli_cmd.handler signature (int(*)(struct wpa_ctrl*,int,char*[])) - dispatch-contract FP class, same root cause as eloop/EAP-method tables",41plus_b48,high
DCL13-C,hostap,wpa_supplicant/wpa_cli.c,708,FP,"handler is registered in wpa_cli_commands[] against the fixed struct wpa_cli_cmd.handler signature (int(*)(struct wpa_ctrl*,int,char*[])) - dispatch-contract FP class, same root cause as eloop/EAP-method tables",41plus_b48,high
PRE32-C,hostap,wpa_supplicant/wpa_cli.c,740,FP,"ordinary printf/usage() string-literal concatenation with #ifdef fragments; preprocessor resolves before the call, no macro-arg hazard (confirmed PRE32-C/FIO30-C class)",41plus_b48,high
PRE32-C,hostap,wpa_supplicant/wpa_cli.c,740,FP,"ordinary printf/usage() string-literal concatenation with #ifdef fragments; preprocessor resolves before the call, no macro-arg hazard (confirmed PRE32-C/FIO30-C class)",41plus_b48,high
DCL13-C,hostap,wpa_supplicant/wpa_cli.c,759,FP,"handler is registered in wpa_cli_commands[] against the fixed struct wpa_cli_cmd.handler signature (int(*)(struct wpa_ctrl*,int,char*[])) - dispatch-contract FP class, same root cause as eloop/EAP-method tables",41plus_b48,high
DCL13-C,hostap,wpa_supplicant/wpa_cli.c,788,FP,"handler is registered in wpa_cli_commands[] against the fixed struct wpa_cli_cmd.handler signature (int(*)(struct wpa_ctrl*,int,char*[])) - dispatch-contract FP class, same root cause as eloop/EAP-method tables",41plus_b48,high
PRE32-C,hostap,wpa_supplicant/wpa_cli.c,795,FP,"ordinary printf/usage() string-literal concatenation with #ifdef fragments; preprocessor resolves before the call, no macro-arg hazard (confirmed PRE32-C/FIO30-C class)",41plus_b48,high
PRE32-C,hostap,wpa_supplicant/wpa_cli.c,795,FP,"ordinary printf/usage() string-literal concatenation with #ifdef fragments; preprocessor resolves before the call, no macro-arg hazard (confirmed PRE32-C/FIO30-C class)",41plus_b48,high
DCL13-C,hostap,wpa_supplicant/wpa_cli.c,836,FP,"handler is registered in wpa_cli_commands[] against the fixed struct wpa_cli_cmd.handler signature (int(*)(struct wpa_ctrl*,int,char*[])) - dispatch-contract FP class, same root cause as eloop/EAP-method tables",41plus_b48,high
ENV01-C,hostap,wpa_supplicant/wpa_cli.c,845,FP,fixed-size local buffer sized by compile-time macro constants (SSID_MAX_LEN); no getenv/putenv anywhere in this function - confirmed ENV01-C fixed-macro-array misfire class,41plus_b48,high
MEM05-C,hostap,wpa_supplicant/wpa_cli.c,845,FP,"fixed-size array sized by compile-time macro/literal arithmetic (2*SSID_MAX_LEN+1, 2*64+1), not a VLA - confirmed MEM05-C fixed-macro-array misfire class",41plus_b48,high
MEM05-C,hostap,wpa_supplicant/wpa_cli.c,846,FP,"fixed-size array sized by compile-time macro/literal arithmetic (2*SSID_MAX_LEN+1, 2*64+1), not a VLA - confirmed MEM05-C fixed-macro-array misfire class",41plus_b48,high
PRE32-C,hostap,wpa_supplicant/wpa_cli.c,871,FP,"ordinary printf/usage() string-literal concatenation with #ifdef fragments; preprocessor resolves before the call, no macro-arg hazard (confirmed PRE32-C/FIO30-C class)",41plus_b48,high
PRE32-C,hostap,wpa_supplicant/wpa_cli.c,871,FP,"ordinary printf/usage() string-literal concatenation with #ifdef fragments; preprocessor resolves before the call, no macro-arg hazard (confirmed PRE32-C/FIO30-C class)",41plus_b48,high
PRE32-C,hostap,wpa_supplicant/wpa_cli.c,874,FP,"ordinary printf/usage() string-literal concatenation with #ifdef fragments; preprocessor resolves before the call, no macro-arg hazard (confirmed PRE32-C/FIO30-C class)",41plus_b48,high
PRE32-C,hostap,wpa_supplicant/wpa_cli.c,874,FP,"ordinary printf/usage() string-literal concatenation with #ifdef fragments; preprocessor resolves before the call, no macro-arg hazard (confirmed PRE32-C/FIO30-C class)",41plus_b48,high
DCL13-C,hostap,wpa_supplicant/wpa_cli.c,908,FP,"handler is registered in wpa_cli_commands[] against the fixed struct wpa_cli_cmd.handler signature (int(*)(struct wpa_ctrl*,int,char*[])) - dispatch-contract FP class, same root cause as eloop/EAP-method tables",41plus_b48,high
PRE32-C,hostap,wpa_supplicant/wpa_cli.c,919,FP,"ordinary printf/usage() string-literal concatenation with #ifdef fragments; preprocessor resolves before the call, no macro-arg hazard (confirmed PRE32-C/FIO30-C class)",41plus_b48,high
PRE32-C,hostap,wpa_supplicant/wpa_cli.c,919,FP,"ordinary printf/usage() string-literal concatenation with #ifdef fragments; preprocessor resolves before the call, no macro-arg hazard (confirmed PRE32-C/FIO30-C class)",41plus_b48,high
PRE32-C,hostap,wpa_supplicant/wpa_cli.c,942,FP,"ordinary printf/usage() string-literal concatenation with #ifdef fragments; preprocessor resolves before the call, no macro-arg hazard (confirmed PRE32-C/FIO30-C class)",41plus_b48,high
PRE32-C,hostap,wpa_supplicant/wpa_cli.c,942,FP,"ordinary printf/usage() string-literal concatenation with #ifdef fragments; preprocessor resolves before the call, no macro-arg hazard (confirmed PRE32-C/FIO30-C class)",41plus_b48,high
PRE32-C,hostap,wpa_supplicant/wpa_cli.c,956,FP,"ordinary printf/usage() string-literal concatenation with #ifdef fragments; preprocessor resolves before the call, no macro-arg hazard (confirmed PRE32-C/FIO30-C class)",41plus_b48,high
PRE32-C,hostap,wpa_supplicant/wpa_cli.c,956,FP,"ordinary printf/usage() string-literal concatenation with #ifdef fragments; preprocessor resolves before the call, no macro-arg hazard (confirmed PRE32-C/FIO30-C class)",41plus_b48,high
DCL13-C,hostap,wpa_supplicant/wpa_cli.c,968,FP,"handler is registered in wpa_cli_commands[] against the fixed struct wpa_cli_cmd.handler signature (int(*)(struct wpa_ctrl*,int,char*[])) - dispatch-contract FP class, same root cause as eloop/EAP-method tables",41plus_b48,high
ENV01-C,hostap,wpa_supplicant/wpa_cli.c,974,FP,fixed-size local buffer sized by compile-time macro constants (SSID_MAX_LEN); no getenv/putenv anywhere in this function - confirmed ENV01-C fixed-macro-array misfire class,41plus_b48,high
MEM05-C,hostap,wpa_supplicant/wpa_cli.c,974,FP,"fixed-size array sized by compile-time macro/literal arithmetic (2*SSID_MAX_LEN+1, 2*64+1), not a VLA - confirmed MEM05-C fixed-macro-array misfire class",41plus_b48,high
MEM05-C,hostap,wpa_supplicant/wpa_cli.c,975,FP,"fixed-size array sized by compile-time macro/literal arithmetic (2*SSID_MAX_LEN+1, 2*64+1), not a VLA - confirmed MEM05-C fixed-macro-array misfire class",41plus_b48,high
PRE32-C,hostap,wpa_supplicant/wpa_cli.c,1000,FP,"ordinary printf/usage() string-literal concatenation with #ifdef fragments; preprocessor resolves before the call, no macro-arg hazard (confirmed PRE32-C/FIO30-C class)",41plus_b48,high
PRE32-C,hostap,wpa_supplicant/wpa_cli.c,1000,FP,"ordinary printf/usage() string-literal concatenation with #ifdef fragments; preprocessor resolves before the call, no macro-arg hazard (confirmed PRE32-C/FIO30-C class)",41plus_b48,high
PRE32-C,hostap,wpa_supplicant/wpa_cli.c,1023,FP,"ordinary printf/usage() string-literal concatenation with #ifdef fragments; preprocessor resolves before the call, no macro-arg hazard (confirmed PRE32-C/FIO30-C class)",41plus_b48,high
PRE32-C,hostap,wpa_supplicant/wpa_cli.c,1023,FP,"ordinary printf/usage() string-literal concatenation with #ifdef fragments; preprocessor resolves before the call, no macro-arg hazard (confirmed PRE32-C/FIO30-C class)",41plus_b48,high
DCL13-C,hostap,wpa_supplicant/wpa_cli.c,1047,FP,"handler is registered in wpa_cli_commands[] against the fixed struct wpa_cli_cmd.handler signature (int(*)(struct wpa_ctrl*,int,char*[])) - dispatch-contract FP class, same root cause as eloop/EAP-method tables",41plus_b48,high
PRE32-C,hostap,wpa_supplicant/wpa_cli.c,1053,FP,"ordinary printf/usage() string-literal concatenation with #ifdef fragments; preprocessor resolves before the call, no macro-arg hazard (confirmed PRE32-C/FIO30-C class)",41plus_b48,high
PRE32-C,hostap,wpa_supplicant/wpa_cli.c,1053,FP,"ordinary printf/usage() string-literal concatenation with #ifdef fragments; preprocessor resolves before the call, no macro-arg hazard (confirmed PRE32-C/FIO30-C class)",41plus_b48,high
EXP33-C,hostap,wpa_supplicant/wpa_cli.c,1058,FP,"`end = cmd + sizeof(cmd)` is array-to-pointer decay for address/boundary computation, not a read of cmd's uninitialized contents; cmd is subsequently written via os_snprintf(pos,...) before any real use",41plus_b48,high
DCL13-C,hostap,wpa_supplicant/wpa_cli.c,1080,FP,"handler is registered in wpa_cli_commands[] against the fixed struct wpa_cli_cmd.handler signature (int(*)(struct wpa_ctrl*,int,char*[])) - dispatch-contract FP class, same root cause as eloop/EAP-method tables",41plus_b48,high
PRE32-C,hostap,wpa_supplicant/wpa_cli.c,1086,FP,"ordinary printf/usage() string-literal concatenation with #ifdef fragments; preprocessor resolves before the call, no macro-arg hazard (confirmed PRE32-C/FIO30-C class)",41plus_b48,high
PRE32-C,hostap,wpa_supplicant/wpa_cli.c,1086,FP,"ordinary printf/usage() string-literal concatenation with #ifdef fragments; preprocessor resolves before the call, no macro-arg hazard (confirmed PRE32-C/FIO30-C class)",41plus_b48,high
EXP33-C,hostap,wpa_supplicant/wpa_cli.c,1091,FP,"`end = cmd + sizeof(cmd)` is array-to-pointer decay for address/boundary computation, not a read of cmd's uninitialized contents; cmd is subsequently written via os_snprintf(pos,...) before any real use",41plus_b48,high
DCL13-C,hostap,wpa_supplicant/wpa_cli.c,1114,FP,"handler is registered in wpa_cli_commands[] against the fixed struct wpa_cli_cmd.handler signature (int(*)(struct wpa_ctrl*,int,char*[])) - dispatch-contract FP class, same root cause as eloop/EAP-method tables",41plus_b48,high
PRE32-C,hostap,wpa_supplicant/wpa_cli.c,1120,FP,"ordinary printf/usage() string-literal concatenation with #ifdef fragments; preprocessor resolves before the call, no macro-arg hazard (confirmed PRE32-C/FIO30-C class)",41plus_b48,high
PRE32-C,hostap,wpa_supplicant/wpa_cli.c,1120,FP,"ordinary printf/usage() string-literal concatenation with #ifdef fragments; preprocessor resolves before the call, no macro-arg hazard (confirmed PRE32-C/FIO30-C class)",41plus_b48,high
EXP33-C,hostap,wpa_supplicant/wpa_cli.c,1125,FP,"`end = cmd + sizeof(cmd)` is array-to-pointer decay for address/boundary computation, not a read of cmd's uninitialized contents; cmd is subsequently written via os_snprintf(pos,...) before any real use",41plus_b48,high
DCL13-C,hostap,wpa_supplicant/wpa_cli.c,1147,FP,"handler is registered in wpa_cli_commands[] against the fixed struct wpa_cli_cmd.handler signature (int(*)(struct wpa_ctrl*,int,char*[])) - dispatch-contract FP class, same root cause as eloop/EAP-method tables",41plus_b48,high
PRE32-C,hostap,wpa_supplicant/wpa_cli.c,1153,FP,"ordinary printf/usage() string-literal concatenation with #ifdef fragments; preprocessor resolves before the call, no macro-arg hazard (confirmed PRE32-C/FIO30-C class)",41plus_b48,high
PRE32-C,hostap,wpa_supplicant/wpa_cli.c,1153,FP,"ordinary printf/usage() string-literal concatenation with #ifdef fragments; preprocessor resolves before the call, no macro-arg hazard (confirmed PRE32-C/FIO30-C class)",41plus_b48,high
EXP33-C,hostap,wpa_supplicant/wpa_cli.c,1158,FP,"`end = cmd + sizeof(cmd)` is array-to-pointer decay for address/boundary computation, not a read of cmd's uninitialized contents; cmd is subsequently written via os_snprintf(pos,...) before any real use",41plus_b48,high
DCL13-C,hostap,wpa_supplicant/wpa_cli.c,1179,FP,"handler is registered in wpa_cli_commands[] against the fixed struct wpa_cli_cmd.handler signature (int(*)(struct wpa_ctrl*,int,char*[])) - dispatch-contract FP class, same root cause as eloop/EAP-method tables",41plus_b48,high
PRE32-C,hostap,wpa_supplicant/wpa_cli.c,1185,FP,"ordinary printf/usage() string-literal concatenation with #ifdef fragments; preprocessor resolves before the call, no macro-arg hazard (confirmed PRE32-C/FIO30-C class)",41plus_b48,high
PRE32-C,hostap,wpa_supplicant/wpa_cli.c,1185,FP,"ordinary printf/usage() string-literal concatenation with #ifdef fragments; preprocessor resolves before the call, no macro-arg hazard (confirmed PRE32-C/FIO30-C class)",41plus_b48,high
EXP33-C,hostap,wpa_supplicant/wpa_cli.c,1190,FP,"`end = cmd + sizeof(cmd)` is array-to-pointer decay for address/boundary computation, not a read of cmd's uninitialized contents; cmd is subsequently written via os_snprintf(pos,...) before any real use",41plus_b48,high
DCL13-C,hostap,wpa_supplicant/wpa_cli.c,1212,FP,"handler is registered in wpa_cli_commands[] against the fixed struct wpa_cli_cmd.handler signature (int(*)(struct wpa_ctrl*,int,char*[])) - dispatch-contract FP class, same root cause as eloop/EAP-method tables",41plus_b48,high
PRE32-C,hostap,wpa_supplicant/wpa_cli.c,1218,FP,"ordinary printf/usage() string-literal concatenation with #ifdef fragments; preprocessor resolves before the call, no macro-arg hazard (confirmed PRE32-C/FIO30-C class)",41plus_b48,high
PRE32-C,hostap,wpa_supplicant/wpa_cli.c,1218,FP,"ordinary printf/usage() string-literal concatenation with #ifdef fragments; preprocessor resolves before the call, no macro-arg hazard (confirmed PRE32-C/FIO30-C class)",41plus_b48,high
EXP33-C,hostap,wpa_supplicant/wpa_cli.c,1223,FP,"`end = cmd + sizeof(cmd)` is array-to-pointer decay for address/boundary computation, not a read of cmd's uninitialized contents; cmd is subsequently written via os_snprintf(pos,...) before any real use",41plus_b48,high
DCL13-C,hostap,wpa_supplicant/wpa_cli.c,1245,FP,"handler is registered in wpa_cli_commands[] against the fixed struct wpa_cli_cmd.handler signature (int(*)(struct wpa_ctrl*,int,char*[])) - dispatch-contract FP class, same root cause as eloop/EAP-method tables",41plus_b48,high
EXP33-C,hostap,wpa_supplicant/wpa_cli.c,1255,FP,"`end = cmd + sizeof(cmd)` is array-to-pointer decay for address/boundary computation, not a read of cmd's uninitialized contents; cmd is subsequently written via os_snprintf(pos,...) before any real use",41plus_b48,high
DCL13-C,hostap,wpa_supplicant/wpa_cli.c,1278,FP,"handler is registered in wpa_cli_commands[] against the fixed struct wpa_cli_cmd.handler signature (int(*)(struct wpa_ctrl*,int,char*[])) - dispatch-contract FP class, same root cause as eloop/EAP-method tables",41plus_b48,high
PRE32-C,hostap,wpa_supplicant/wpa_cli.c,1284,FP,"ordinary printf/usage() string-literal concatenation with #ifdef fragments; preprocessor resolves before the call, no macro-arg hazard (confirmed PRE32-C/FIO30-C class)",41plus_b48,high
PRE32-C,hostap,wpa_supplicant/wpa_cli.c,1284,FP,"ordinary printf/usage() string-literal concatenation with #ifdef fragments; preprocessor resolves before the call, no macro-arg hazard (confirmed PRE32-C/FIO30-C class)",41plus_b48,high
EXP33-C,hostap,wpa_supplicant/wpa_cli.c,1289,FP,"`end = cmd + sizeof(cmd)` is array-to-pointer decay for address/boundary computation, not a read of cmd's uninitialized contents; cmd is subsequently written via os_snprintf(pos,...) before any real use",41plus_b48,high
PRE32-C,hostap,wpa_supplicant/wpa_cli.c,1314,FP,"ordinary printf/usage() string-literal concatenation with #ifdef fragments; preprocessor resolves before the call, no macro-arg hazard (confirmed PRE32-C/FIO30-C class)",41plus_b48,high
PRE32-C,hostap,wpa_supplicant/wpa_cli.c,1314,FP,"ordinary printf/usage() string-literal concatenation with #ifdef fragments; preprocessor resolves before the call, no macro-arg hazard (confirmed PRE32-C/FIO30-C class)",41plus_b48,high
DCL13-C,hostap,wpa_supplicant/wpa_cli.c,1365,FP,"handler is registered in wpa_cli_commands[] against the fixed struct wpa_cli_cmd.handler signature (int(*)(struct wpa_ctrl*,int,char*[])) - dispatch-contract FP class, same root cause as eloop/EAP-method tables",41plus_b48,high
STR34-C,hostap,wpa_supplicant/wpa_cli.c,1377,FP,"misattribution: cited identifier (str/fields/argv) is a pointer/array passed as a plain function argument at this line, not a scalar char undergoing widening conversion",41plus_b48,high
PRE32-C,hostap,wpa_supplicant/wpa_cli.c,1386,FP,"ordinary printf/usage() string-literal concatenation with #ifdef fragments; preprocessor resolves before the call, no macro-arg hazard (confirmed PRE32-C/FIO30-C class)",41plus_b48,high
PRE32-C,hostap,wpa_supplicant/wpa_cli.c,1386,FP,"ordinary printf/usage() string-literal concatenation with #ifdef fragments; preprocessor resolves before the call, no macro-arg hazard (confirmed PRE32-C/FIO30-C class)",41plus_b48,high
PRE32-C,hostap,wpa_supplicant/wpa_cli.c,1414,FP,"ordinary printf/usage() string-literal concatenation with #ifdef fragments; preprocessor resolves before the call, no macro-arg hazard (confirmed PRE32-C/FIO30-C class)",41plus_b48,high
PRE32-C,hostap,wpa_supplicant/wpa_cli.c,1414,FP,"ordinary printf/usage() string-literal concatenation with #ifdef fragments; preprocessor resolves before the call, no macro-arg hazard (confirmed PRE32-C/FIO30-C class)",41plus_b48,high
PRE32-C,hostap,wpa_supplicant/wpa_cli.c,1432,FP,"ordinary printf/usage() string-literal concatenation with #ifdef fragments; preprocessor resolves before the call, no macro-arg hazard (confirmed PRE32-C/FIO30-C class)",41plus_b48,high
PRE32-C,hostap,wpa_supplicant/wpa_cli.c,1432,FP,"ordinary printf/usage() string-literal concatenation with #ifdef fragments; preprocessor resolves before the call, no macro-arg hazard (confirmed PRE32-C/FIO30-C class)",41plus_b48,high
ARR02-C,hostap,wpa_supplicant/wpa_cli.c,1441,FP,"locally-declared array sized by its own brace initializer (accessed only via ARRAY_SIZE()); no real implicit-bounds gap, extends the confirmed ARR02-C initializer-sized-array FP class",41plus_b48,high
STR34-C,hostap,wpa_supplicant/wpa_cli.c,1519,FP,"misattribution: cited identifier (str/fields/argv) is a pointer/array passed as a plain function argument at this line, not a scalar char undergoing widening conversion",41plus_b48,high
STR34-C,hostap,wpa_supplicant/wpa_cli.c,1543,FP,"misattribution: cited identifier (str/fields/argv) is a pointer/array passed as a plain function argument at this line, not a scalar char undergoing widening conversion",41plus_b48,high
PRE32-C,hostap,wpa_supplicant/wpa_cli.c,1559,FP,"ordinary printf/usage() string-literal concatenation with #ifdef fragments; preprocessor resolves before the call, no macro-arg hazard (confirmed PRE32-C/FIO30-C class)",41plus_b48,high
PRE32-C,hostap,wpa_supplicant/wpa_cli.c,1559,FP,"ordinary printf/usage() string-literal concatenation with #ifdef fragments; preprocessor resolves before the call, no macro-arg hazard (confirmed PRE32-C/FIO30-C class)",41plus_b48,high
STR34-C,hostap,wpa_supplicant/wpa_cli.c,1570,FP,"misattribution: cited identifier (str/fields/argv) is a pointer/array passed as a plain function argument at this line, not a scalar char undergoing widening conversion",41plus_b48,high
DCL13-C,hostap,wpa_supplicant/wpa_cli.c,1594,FP,"handler is registered in wpa_cli_commands[] against the fixed struct wpa_cli_cmd.handler signature (int(*)(struct wpa_ctrl*,int,char*[])) - dispatch-contract FP class, same root cause as eloop/EAP-method tables",41plus_b48,high
DCL13-C,hostap,wpa_supplicant/wpa_cli.c,1600,FP,"handler is registered in wpa_cli_commands[] against the fixed struct wpa_cli_cmd.handler signature (int(*)(struct wpa_ctrl*,int,char*[])) - dispatch-contract FP class, same root cause as eloop/EAP-method tables",41plus_b48,high
STR34-C,hostap,wpa_supplicant/wpa_cli.c,1612,FP,"STR34-C misapplied to a pointer var (str/cmd/pos/fields/iftypes) or plain char-to-char assign, no widening conversion (categorical pattern)",41plus_b49,high
ARR02-C,hostap,wpa_supplicant/wpa_cli.c,1619,FP,ARR02-C implicit-bounds on local array immediately consumed via ARRAY_SIZE() - confirmed categorical FP,41plus_b49,high
STR34-C,hostap,wpa_supplicant/wpa_cli.c,1634,FP,"STR34-C misapplied to a pointer var (str/cmd/pos/fields/iftypes) or plain char-to-char assign, no widening conversion (categorical pattern)",41plus_b49,high
PRE32-C,hostap,wpa_supplicant/wpa_cli.c,1659,FP,"PRE32-C misfires on printf with plain concatenated string literal, zero #ifdef/#define tokens present - confirmed categorical FP",41plus_b49,high
PRE32-C,hostap,wpa_supplicant/wpa_cli.c,1659,FP,"PRE32-C misfires on printf with plain concatenated string literal, zero #ifdef/#define tokens present - confirmed categorical FP",41plus_b49,high
PRE32-C,hostap,wpa_supplicant/wpa_cli.c,1671,FP,"PRE32-C misfires on printf with plain concatenated string literal, zero #ifdef/#define tokens present - confirmed categorical FP",41plus_b49,high
PRE32-C,hostap,wpa_supplicant/wpa_cli.c,1671,FP,"PRE32-C misfires on printf with plain concatenated string literal, zero #ifdef/#define tokens present - confirmed categorical FP",41plus_b49,high
DCL13-C,hostap,wpa_supplicant/wpa_cli.c,1681,FP,"argv param matches wpa_cli_cmd dispatch table's fixed int(*)(struct wpa_ctrl*,int,char*argv[]) handler signature - confirmed EAP/dispatch-table DCL13-C FP class",41plus_b49,high
DCL13-C,hostap,wpa_supplicant/wpa_cli.c,1688,FP,"argv param matches wpa_cli_cmd dispatch table's fixed int(*)(struct wpa_ctrl*,int,char*argv[]) handler signature - confirmed EAP/dispatch-table DCL13-C FP class",41plus_b49,high
DCL13-C,hostap,wpa_supplicant/wpa_cli.c,1695,FP,"argv param matches wpa_cli_cmd dispatch table's fixed int(*)(struct wpa_ctrl*,int,char*argv[]) handler signature - confirmed EAP/dispatch-table DCL13-C FP class",41plus_b49,high
DCL13-C,hostap,wpa_supplicant/wpa_cli.c,1708,FP,"argv param matches wpa_cli_cmd dispatch table's fixed int(*)(struct wpa_ctrl*,int,char*argv[]) handler signature - confirmed EAP/dispatch-table DCL13-C FP class",41plus_b49,high
DCL13-C,hostap,wpa_supplicant/wpa_cli.c,1715,FP,"argv param matches wpa_cli_cmd dispatch table's fixed int(*)(struct wpa_ctrl*,int,char*argv[]) handler signature - confirmed EAP/dispatch-table DCL13-C FP class",41plus_b49,high
STR34-C,hostap,wpa_supplicant/wpa_cli.c,1729,FP,"STR34-C misapplied to a pointer var (str/cmd/pos/fields/iftypes) or plain char-to-char assign, no widening conversion (categorical pattern)",41plus_b49,high
STR34-C,hostap,wpa_supplicant/wpa_cli.c,1773,FP,"STR34-C misapplied to a pointer var (str/cmd/pos/fields/iftypes) or plain char-to-char assign, no widening conversion (categorical pattern)",41plus_b49,high
ARR02-C,hostap,wpa_supplicant/wpa_cli.c,1774,FP,ARR02-C implicit-bounds on local array immediately consumed via ARRAY_SIZE() - confirmed categorical FP,41plus_b49,high
ARR02-C,hostap,wpa_supplicant/wpa_cli.c,1790,FP,ARR02-C implicit-bounds on local array immediately consumed via ARRAY_SIZE() - confirmed categorical FP,41plus_b49,high
STR34-C,hostap,wpa_supplicant/wpa_cli.c,1795,FP,"STR34-C misapplied to a pointer var (str/cmd/pos/fields/iftypes) or plain char-to-char assign, no widening conversion (categorical pattern)",41plus_b49,high
STR34-C,hostap,wpa_supplicant/wpa_cli.c,1796,FP,"STR34-C misapplied to a pointer var (str/cmd/pos/fields/iftypes) or plain char-to-char assign, no widening conversion (categorical pattern)",41plus_b49,high
MEM12-C,hostap,wpa_supplicant/wpa_cli.c,1814,FP,"res is the function's return value handed to caller (completion-callback ownership-transfer-on-return), not a leak - confirmed MEM12-C ownership-transfer FP class",41plus_b49,high
MEM12-C,hostap,wpa_supplicant/wpa_cli.c,1817,FP,"res is the function's return value handed to caller (completion-callback ownership-transfer-on-return), not a leak - confirmed MEM12-C ownership-transfer FP class",41plus_b49,high
MEM12-C,hostap,wpa_supplicant/wpa_cli.c,1821,FP,"res is the function's return value handed to caller (completion-callback ownership-transfer-on-return), not a leak - confirmed MEM12-C ownership-transfer FP class",41plus_b49,high
MEM12-C,hostap,wpa_supplicant/wpa_cli.c,1827,FP,"res is the function's return value handed to caller (completion-callback ownership-transfer-on-return), not a leak - confirmed MEM12-C ownership-transfer FP class",41plus_b49,high
MEM12-C,hostap,wpa_supplicant/wpa_cli.c,1830,FP,"res is the function's return value handed to caller (completion-callback ownership-transfer-on-return), not a leak - confirmed MEM12-C ownership-transfer FP class",41plus_b49,high
DCL13-C,hostap,wpa_supplicant/wpa_cli.c,1841,FP,"argv param matches wpa_cli_cmd dispatch table's fixed int(*)(struct wpa_ctrl*,int,char*argv[]) handler signature - confirmed EAP/dispatch-table DCL13-C FP class",41plus_b49,high
DCL11-C,hostap,wpa_supplicant/wpa_cli.c,1857,FP,ctrl_ifname is null-checked 2 lines earlier in the same function before this printf - rule doesn't see the same-function guard,41plus_b49,high
PRE32-C,hostap,wpa_supplicant/wpa_cli.c,1859,FP,"PRE32-C misfires on printf with plain concatenated string literal, zero #ifdef/#define tokens present - confirmed categorical FP",41plus_b49,high
DCL11-C,hostap,wpa_supplicant/wpa_cli.c,1860,FP,ctrl_ifname is null-checked 2 lines earlier in the same function before this printf - rule doesn't see the same-function guard,41plus_b49,high
DCL13-C,hostap,wpa_supplicant/wpa_cli.c,1867,FP,"argv param matches wpa_cli_cmd dispatch table's fixed int(*)(struct wpa_ctrl*,int,char*argv[]) handler signature - confirmed EAP/dispatch-table DCL13-C FP class",41plus_b49,high
DCL13-C,hostap,wpa_supplicant/wpa_cli.c,1874,FP,"argv param matches wpa_cli_cmd dispatch table's fixed int(*)(struct wpa_ctrl*,int,char*argv[]) handler signature - confirmed EAP/dispatch-table DCL13-C FP class",41plus_b49,high
DCL13-C,hostap,wpa_supplicant/wpa_cli.c,1881,FP,"argv param matches wpa_cli_cmd dispatch table's fixed int(*)(struct wpa_ctrl*,int,char*argv[]) handler signature - confirmed EAP/dispatch-table DCL13-C FP class",41plus_b49,high
PRE32-C,hostap,wpa_supplicant/wpa_cli.c,1887,FP,"PRE32-C misfires on printf with plain concatenated string literal, zero #ifdef/#define tokens present - confirmed categorical FP",41plus_b49,high
PRE32-C,hostap,wpa_supplicant/wpa_cli.c,1887,FP,"PRE32-C misfires on printf with plain concatenated string literal, zero #ifdef/#define tokens present - confirmed categorical FP",41plus_b49,high
DCL13-C,hostap,wpa_supplicant/wpa_cli.c,1920,FP,"argv param matches wpa_cli_cmd dispatch table's fixed int(*)(struct wpa_ctrl*,int,char*argv[]) handler signature - confirmed EAP/dispatch-table DCL13-C FP class",41plus_b49,high
STR34-C,hostap,wpa_supplicant/wpa_cli.c,1935,FP,"STR34-C misapplied to a pointer var (str/cmd/pos/fields/iftypes) or plain char-to-char assign, no widening conversion (categorical pattern)",41plus_b49,high
API05-C,hostap,wpa_supplicant/wpa_cli.c,1948,FP,"T *ptr, size_t len idiom (addr/addr_len) - confirmed categorical API05-C FP for pointer+size-param pairs",41plus_b49,high
API05-C,hostap,wpa_supplicant/wpa_cli.c,1949,FP,"T *ptr, size_t len idiom (addr/addr_len) - confirmed categorical API05-C FP for pointer+size-param pairs",41plus_b49,high
EXP33-C,hostap,wpa_supplicant/wpa_cli.c,1955,FP,"ctrl_conn is file-scope static struct wpa_ctrl* with no initializer - C guarantees zero/NULL-init for static storage duration, not a real uninitialized read",41plus_b49,high
DCL30-C,hostap,wpa_supplicant/wpa_cli.c,1963,FP,"cmd is a local function parameter, not global/static as the message claims; reassigned pointer never escapes the function - rule engine misclassifies parameter as global/static",41plus_b49,high
FIO47-C,hostap,wpa_supplicant/wpa_cli.c,1969,FP,cmd/addr are const char*/char* params correctly matching %s; engine misclassifies the pointer argument as Integer - FIO47-C type-inference bug,41plus_b49,high
MSC01-C,hostap,wpa_supplicant/wpa_cli.c,1971,FP,"if/else-if both branches return; fall-through is the deliberate intended path, not a missing case - confirmed MSC01-C guard-clause FP",41plus_b49,high
FIO47-C,hostap,wpa_supplicant/wpa_cli.c,1972,FP,cmd/addr are const char*/char* params correctly matching %s; engine misclassifies the pointer argument as Integer - FIO47-C type-inference bug,41plus_b49,high
ARR30-C,hostap,wpa_supplicant/wpa_cli.c,1976,FP,"len is an in/out size_t bounded by wpa_ctrl_request's own buffer-size contract (initialized to sizeof(buf)-1, only shrunk by the call) - not attacker/unbounded controlled",41plus_b49,high
STR34-C,hostap,wpa_supplicant/wpa_cli.c,1986,FP,"STR34-C misapplied to a pointer var (str/cmd/pos/fields/iftypes) or plain char-to-char assign, no widening conversion (categorical pattern)",41plus_b49,high
DCL13-C,hostap,wpa_supplicant/wpa_cli.c,1992,FP,"argv param matches wpa_cli_cmd dispatch table's fixed int(*)(struct wpa_ctrl*,int,char*argv[]) handler signature - confirmed EAP/dispatch-table DCL13-C FP class",41plus_b49,high
DCL13-C,hostap,wpa_supplicant/wpa_cli.c,2007,FP,"argv param matches wpa_cli_cmd dispatch table's fixed int(*)(struct wpa_ctrl*,int,char*argv[]) handler signature - confirmed EAP/dispatch-table DCL13-C FP class",41plus_b49,high
FIO47-C,hostap,wpa_supplicant/wpa_cli.c,2015,FP,cmd/addr are const char*/char* params correctly matching %s; engine misclassifies the pointer argument as Integer - FIO47-C type-inference bug,41plus_b49,high
STR34-C,hostap,wpa_supplicant/wpa_cli.c,2032,FP,"STR34-C misapplied to a pointer var (str/cmd/pos/fields/iftypes) or plain char-to-char assign, no widening conversion (categorical pattern)",41plus_b49,high
STR34-C,hostap,wpa_supplicant/wpa_cli.c,2054,FP,"STR34-C misapplied to a pointer var (str/cmd/pos/fields/iftypes) or plain char-to-char assign, no widening conversion (categorical pattern)",41plus_b49,high
DCL13-C,hostap,wpa_supplicant/wpa_cli.c,2075,FP,"argv param matches wpa_cli_cmd dispatch table's fixed int(*)(struct wpa_ctrl*,int,char*argv[]) handler signature - confirmed EAP/dispatch-table DCL13-C FP class",41plus_b49,high
DCL13-C,hostap,wpa_supplicant/wpa_cli.c,2097,FP,"argv param matches wpa_cli_cmd dispatch table's fixed int(*)(struct wpa_ctrl*,int,char*argv[]) handler signature - confirmed EAP/dispatch-table DCL13-C FP class",41plus_b49,high
DCL13-C,hostap,wpa_supplicant/wpa_cli.c,2103,FP,"argv param matches wpa_cli_cmd dispatch table's fixed int(*)(struct wpa_ctrl*,int,char*argv[]) handler signature - confirmed EAP/dispatch-table DCL13-C FP class",41plus_b49,high
DCL13-C,hostap,wpa_supplicant/wpa_cli.c,2111,FP,"argv param matches wpa_cli_cmd dispatch table's fixed int(*)(struct wpa_ctrl*,int,char*argv[]) handler signature - confirmed EAP/dispatch-table DCL13-C FP class",41plus_b49,high
MSC13-C,hostap,wpa_supplicant/wpa_cli.c,2188,TP,"res initialized to NULL then unconditionally overwritten by os_calloc() two lines later with no intervening read - genuine (harmless) dead assignment, matches prior MSC13-C true-positive precedent",41plus_b49,med
STR34-C,hostap,wpa_supplicant/wpa_cli.c,2189,FP,"STR34-C misapplied to a pointer var (str/cmd/pos/fields/iftypes) or plain char-to-char assign, no widening conversion (categorical pattern)",41plus_b49,high
ARR00-C,hostap,wpa_supplicant/wpa_cli.c,2199,FP,"res is freed only on one immediately-returning branch (res[0]==NULL); subsequent res[] accesses are on the normal, mutually-exclusive continuation path - confirmed ARR00-C mutually-exclusive-branch FP class",41plus_b49,high
ARR00-C,hostap,wpa_supplicant/wpa_cli.c,2200,FP,"res is freed only on one immediately-returning branch (res[0]==NULL); subsequent res[] accesses are on the normal, mutually-exclusive continuation path - confirmed ARR00-C mutually-exclusive-branch FP class",41plus_b49,high
ARR00-C,hostap,wpa_supplicant/wpa_cli.c,2202,FP,"res is freed only on one immediately-returning branch (res[0]==NULL); subsequent res[] accesses are on the normal, mutually-exclusive continuation path - confirmed ARR00-C mutually-exclusive-branch FP class",41plus_b49,high
ARR00-C,hostap,wpa_supplicant/wpa_cli.c,2203,FP,"res is freed only on one immediately-returning branch (res[0]==NULL); subsequent res[] accesses are on the normal, mutually-exclusive continuation path - confirmed ARR00-C mutually-exclusive-branch FP class",41plus_b49,high
ARR00-C,hostap,wpa_supplicant/wpa_cli.c,2205,FP,"res is freed only on one immediately-returning branch (res[0]==NULL); subsequent res[] accesses are on the normal, mutually-exclusive continuation path - confirmed ARR00-C mutually-exclusive-branch FP class",41plus_b49,high
ARR00-C,hostap,wpa_supplicant/wpa_cli.c,2206,FP,"res is freed only on one immediately-returning branch (res[0]==NULL); subsequent res[] accesses are on the normal, mutually-exclusive continuation path - confirmed ARR00-C mutually-exclusive-branch FP class",41plus_b49,high
ARR00-C,hostap,wpa_supplicant/wpa_cli.c,2209,FP,"res is freed only on one immediately-returning branch (res[0]==NULL); subsequent res[] accesses are on the normal, mutually-exclusive continuation path - confirmed ARR00-C mutually-exclusive-branch FP class",41plus_b49,high
DCL13-C,hostap,wpa_supplicant/wpa_cli.c,2216,FP,"argv param matches wpa_cli_cmd dispatch table's fixed int(*)(struct wpa_ctrl*,int,char*argv[]) handler signature - confirmed EAP/dispatch-table DCL13-C FP class",41plus_b49,high
STR34-C,hostap,wpa_supplicant/wpa_cli.c,2245,FP,"STR34-C misapplied to a pointer var (str/cmd/pos/fields/iftypes) or plain char-to-char assign, no widening conversion (categorical pattern)",41plus_b49,high
STR34-C,hostap,wpa_supplicant/wpa_cli.c,2274,FP,"STR34-C misapplied to a pointer var (str/cmd/pos/fields/iftypes) or plain char-to-char assign, no widening conversion (categorical pattern)",41plus_b49,high
PRE32-C,hostap,wpa_supplicant/wpa_cli.c,2305,FP,"PRE32-C misfires on printf with plain concatenated string literal, zero #ifdef/#define tokens present - confirmed categorical FP",41plus_b49,high
PRE32-C,hostap,wpa_supplicant/wpa_cli.c,2305,FP,"PRE32-C misfires on printf with plain concatenated string literal, zero #ifdef/#define tokens present - confirmed categorical FP",41plus_b49,high
DCL13-C,hostap,wpa_supplicant/wpa_cli.c,2316,FP,"argv param matches wpa_cli_cmd dispatch table's fixed int(*)(struct wpa_ctrl*,int,char*argv[]) handler signature - confirmed EAP/dispatch-table DCL13-C FP class",41plus_b49,high
PRE32-C,hostap,wpa_supplicant/wpa_cli.c,2328,FP,"PRE32-C misfires on printf with plain concatenated string literal, zero #ifdef/#define tokens present - confirmed categorical FP",41plus_b49,high
PRE32-C,hostap,wpa_supplicant/wpa_cli.c,2328,FP,"PRE32-C misfires on printf with plain concatenated string literal, zero #ifdef/#define tokens present - confirmed categorical FP",41plus_b49,high
DCL13-C,hostap,wpa_supplicant/wpa_cli.c,2347,FP,"argv param matches wpa_cli_cmd dispatch table's fixed int(*)(struct wpa_ctrl*,int,char*argv[]) handler signature - confirmed EAP/dispatch-table DCL13-C FP class",41plus_b49,high
PRE32-C,hostap,wpa_supplicant/wpa_cli.c,2353,FP,"PRE32-C misfires on printf with plain concatenated string literal, zero #ifdef/#define tokens present - confirmed categorical FP",41plus_b49,high
PRE32-C,hostap,wpa_supplicant/wpa_cli.c,2353,FP,"PRE32-C misfires on printf with plain concatenated string literal, zero #ifdef/#define tokens present - confirmed categorical FP",41plus_b49,high
DCL13-C,hostap,wpa_supplicant/wpa_cli.c,2368,FP,"argv param matches wpa_cli_cmd dispatch table's fixed int(*)(struct wpa_ctrl*,int,char*argv[]) handler signature - confirmed EAP/dispatch-table DCL13-C FP class",41plus_b49,high
DCL13-C,hostap,wpa_supplicant/wpa_cli.c,2382,FP,"argv param matches wpa_cli_cmd dispatch table's fixed int(*)(struct wpa_ctrl*,int,char*argv[]) handler signature - confirmed EAP/dispatch-table DCL13-C FP class",41plus_b49,high
PRE32-C,hostap,wpa_supplicant/wpa_cli.c,2404,FP,"PRE32-C misfires on printf with plain concatenated string literal, zero #ifdef/#define tokens present - confirmed categorical FP",41plus_b49,high
PRE32-C,hostap,wpa_supplicant/wpa_cli.c,2404,FP,"PRE32-C misfires on printf with plain concatenated string literal, zero #ifdef/#define tokens present - confirmed categorical FP",41plus_b49,high
DCL13-C,hostap,wpa_supplicant/wpa_cli.c,2414,FP,"argv param matches wpa_cli_cmd dispatch table's fixed int(*)(struct wpa_ctrl*,int,char*argv[]) handler signature - confirmed EAP/dispatch-table DCL13-C FP class",41plus_b49,high
PRE32-C,hostap,wpa_supplicant/wpa_cli.c,2420,FP,"PRE32-C misfires on printf with plain concatenated string literal, zero #ifdef/#define tokens present - confirmed categorical FP",41plus_b49,high
PRE32-C,hostap,wpa_supplicant/wpa_cli.c,2420,FP,"PRE32-C misfires on printf with plain concatenated string literal, zero #ifdef/#define tokens present - confirmed categorical FP",41plus_b49,high
STR34-C,hostap,wpa_supplicant/wpa_cli.c,2462,FP,"STR34-C misapplied to a pointer var (str/cmd/pos/fields/iftypes) or plain char-to-char assign, no widening conversion (categorical pattern)",41plus_b49,high
API05-C,hostap,wpa_supplicant/wpa_cli.c,2475,FP,"T *ptr, size_t len idiom (addr/addr_len) - confirmed categorical API05-C FP for pointer+size-param pairs",41plus_b49,high
API05-C,hostap,wpa_supplicant/wpa_cli.c,2476,FP,"T *ptr, size_t len idiom (addr/addr_len) - confirmed categorical API05-C FP for pointer+size-param pairs",41plus_b49,high
EXP33-C,hostap,wpa_supplicant/wpa_cli.c,2483,FP,"ctrl_conn is file-scope static struct wpa_ctrl* with no initializer - C guarantees zero/NULL-init for static storage duration, not a real uninitialized read",41plus_b49,high
FIO47-C,hostap,wpa_supplicant/wpa_cli.c,2489,FP,cmd/addr are const char*/char* params correctly matching %s; engine misclassifies the pointer argument as Integer - FIO47-C type-inference bug,41plus_b49,high
MSC01-C,hostap,wpa_supplicant/wpa_cli.c,2491,FP,"if/else-if both branches return; fall-through is the deliberate intended path, not a missing case - confirmed MSC01-C guard-clause FP",41plus_b49,high
FIO47-C,hostap,wpa_supplicant/wpa_cli.c,2492,FP,cmd/addr are const char*/char* params correctly matching %s; engine misclassifies the pointer argument as Integer - FIO47-C type-inference bug,41plus_b49,high
ARR30-C,hostap,wpa_supplicant/wpa_cli.c,2496,FP,"len is an in/out size_t bounded by wpa_ctrl_request's own buffer-size contract (initialized to sizeof(buf)-1, only shrunk by the call) - not attacker/unbounded controlled",41plus_b49,high
STR34-C,hostap,wpa_supplicant/wpa_cli.c,2503,FP,"STR34-C misapplied to a pointer var (str/cmd/pos/fields/iftypes) or plain char-to-char assign, no widening conversion (categorical pattern)",41plus_b49,high
FIO47-C,hostap,wpa_supplicant/wpa_cli.c,2506,FP,cmd/addr are const char*/char* params correctly matching %s; engine misclassifies the pointer argument as Integer - FIO47-C type-inference bug,41plus_b49,high
DCL13-C,hostap,wpa_supplicant/wpa_cli.c,2511,FP,"argv param matches wpa_cli_cmd dispatch table's fixed int(*)(struct wpa_ctrl*,int,char*argv[]) handler signature - confirmed EAP/dispatch-table DCL13-C FP class",41plus_b49,high
STR34-C,hostap,wpa_supplicant/wpa_cli.c,2538,FP,"STR34-C misapplied to a pointer var (str/cmd/pos/fields/iftypes) or plain char-to-char assign, no widening conversion (categorical pattern)",41plus_b49,high
ARR02-C,hostap,wpa_supplicant/wpa_cli.c,2539,FP,ARR02-C implicit-bounds on local array immediately consumed via ARRAY_SIZE() - confirmed categorical FP,41plus_b49,high
STR34-C,hostap,wpa_supplicant/wpa_cli.c,2559,FP,"STR34-C misapplied to a pointer var (str/cmd/pos/fields/iftypes) or plain char-to-char assign, no widening conversion (categorical pattern)",41plus_b49,high
DCL13-C,hostap,wpa_supplicant/wpa_cli.c,2580,FP,"argv param matches wpa_cli_cmd dispatch table's fixed int(*)(struct wpa_ctrl*,int,char*argv[]) handler signature - confirmed EAP/dispatch-table DCL13-C FP class",41plus_b49,high
DCL13-C,hostap,wpa_supplicant/wpa_cli.c,2587,FP,"argv param matches wpa_cli_cmd dispatch table's fixed int(*)(struct wpa_ctrl*,int,char*argv[]) handler signature - confirmed EAP/dispatch-table DCL13-C FP class",41plus_b49,high
PRE32-C,hostap,wpa_supplicant/wpa_cli.c,2604,FP,"PRE32-C misfires on printf with plain concatenated string literal, zero #ifdef/#define tokens present - confirmed categorical FP",41plus_b49,high
PRE32-C,hostap,wpa_supplicant/wpa_cli.c,2604,FP,"PRE32-C misfires on printf with plain concatenated string literal, zero #ifdef/#define tokens present - confirmed categorical FP",41plus_b49,high
PRE32-C,hostap,wpa_supplicant/wpa_cli.c,2619,FP,"PRE32-C misfires on printf with plain concatenated string literal, zero #ifdef/#define tokens present - confirmed categorical FP",41plus_b49,high
PRE32-C,hostap,wpa_supplicant/wpa_cli.c,2619,FP,"PRE32-C misfires on printf with plain concatenated string literal, zero #ifdef/#define tokens present - confirmed categorical FP",41plus_b49,high
DCL13-C,hostap,wpa_supplicant/wpa_cli.c,2664,FP,"argv param matches wpa_cli_cmd dispatch table's fixed int(*)(struct wpa_ctrl*,int,char*argv[]) handler signature - confirmed EAP/dispatch-table DCL13-C FP class",41plus_b49,high
PRE32-C,hostap,wpa_supplicant/wpa_cli.c,2670,FP,"PRE32-C misfires on printf with plain concatenated string literal, zero #ifdef/#define tokens present - confirmed categorical FP",41plus_b49,high
PRE32-C,hostap,wpa_supplicant/wpa_cli.c,2670,FP,"PRE32-C misfires on printf with plain concatenated string literal, zero #ifdef/#define tokens present - confirmed categorical FP",41plus_b49,high
DCL13-C,hostap,wpa_supplicant/wpa_cli.c,2685,FP,"argv param matches wpa_cli_cmd dispatch table's fixed int(*)(struct wpa_ctrl*,int,char*argv[]) handler signature - confirmed EAP/dispatch-table DCL13-C FP class",41plus_b49,high
PRE32-C,hostap,wpa_supplicant/wpa_cli.c,2691,FP,"PRE32-C misfires on printf with plain concatenated string literal, zero #ifdef/#define tokens present - confirmed categorical FP",41plus_b49,high
PRE32-C,hostap,wpa_supplicant/wpa_cli.c,2691,FP,"PRE32-C misfires on printf with plain concatenated string literal, zero #ifdef/#define tokens present - confirmed categorical FP",41plus_b49,high
DCL13-C,hostap,wpa_supplicant/wpa_cli.c,2708,FP,"argv param matches wpa_cli_cmd dispatch table's fixed int(*)(struct wpa_ctrl*,int,char*argv[]) handler signature - confirmed EAP/dispatch-table DCL13-C FP class",41plus_b49,high
DCL13-C,hostap,wpa_supplicant/wpa_cli.c,2715,FP,"argv param matches wpa_cli_cmd dispatch table's fixed int(*)(struct wpa_ctrl*,int,char*argv[]) handler signature - confirmed EAP/dispatch-table DCL13-C FP class",41plus_b49,high
PRE32-C,hostap,wpa_supplicant/wpa_cli.c,2778,FP,"PRE32-C misfires on printf with plain concatenated string literal, zero #ifdef/#define tokens present - confirmed categorical FP",41plus_b49,high
PRE32-C,hostap,wpa_supplicant/wpa_cli.c,2778,FP,"PRE32-C misfires on printf with plain concatenated string literal, zero #ifdef/#define tokens present - confirmed categorical FP",41plus_b49,high
DCL13-C,hostap,wpa_supplicant/wpa_cli.c,2845,FP,"argv param matches wpa_cli_cmd dispatch table's fixed int(*)(struct wpa_ctrl*,int,char*argv[]) handler signature - confirmed EAP/dispatch-table DCL13-C FP class",41plus_b49,high
DCL13-C,hostap,wpa_supplicant/wpa_cli.c,2868,FP,"argv param matches wpa_cli_cmd dispatch table's fixed int(*)(struct wpa_ctrl*,int,char*argv[]) handler signature - confirmed EAP/dispatch-table DCL13-C FP class",41plus_b49,high
DCL13-C,hostap,wpa_supplicant/wpa_cli.c,2882,FP,"argv param matches wpa_cli_cmd dispatch table's fixed int(*)(struct wpa_ctrl*,int,char*argv[]) handler signature - confirmed EAP/dispatch-table DCL13-C FP class",41plus_b49,high
DCL13-C,hostap,wpa_supplicant/wpa_cli.c,2889,FP,"argv param matches wpa_cli_cmd dispatch table's fixed int(*)(struct wpa_ctrl*,int,char*argv[]) handler signature - confirmed EAP/dispatch-table DCL13-C FP class",41plus_b49,high
DCL13-C,hostap,wpa_supplicant/wpa_cli.c,2971,FP,"argv param matches wpa_cli_cmd dispatch table's fixed int(*)(struct wpa_ctrl*,int,char*argv[]) handler signature - confirmed EAP/dispatch-table DCL13-C FP class",41plus_b49,high
DCL13-C,hostap,wpa_supplicant/wpa_cli.c,3004,FP,"argv param matches wpa_cli_cmd dispatch table's fixed int(*)(struct wpa_ctrl*,int,char*argv[]) handler signature - confirmed EAP/dispatch-table DCL13-C FP class",41plus_b49,high
DCL13-C,hostap,wpa_supplicant/wpa_cli.c,3097,FP,"argv param matches wpa_cli_cmd dispatch table's fixed int(*)(struct wpa_ctrl*,int,char*argv[]) handler signature - confirmed EAP/dispatch-table DCL13-C FP class",41plus_b49,high
DCL13-C,hostap,wpa_supplicant/wpa_cli.c,3155,FP,"argv param matches wpa_cli_cmd dispatch table's fixed int(*)(struct wpa_ctrl*,int,char*argv[]) handler signature - confirmed EAP/dispatch-table DCL13-C FP class",41plus_b49,high
DCL13-C,hostap,wpa_supplicant/wpa_cli.c,3169,FP,"argv param matches wpa_cli_cmd dispatch table's fixed int(*)(struct wpa_ctrl*,int,char*argv[]) handler signature - confirmed EAP/dispatch-table DCL13-C FP class",41plus_b49,high
EXP33-C,hostap,wpa_supplicant/wpa_cli.c,3194,FP,"ctrl_conn is file-scope static struct wpa_ctrl* with no initializer - C guarantees zero/NULL-init for static storage duration, not a real uninitialized read",41plus_b49,high
FIO47-C,hostap,wpa_supplicant/wpa_cli.c,3200,FP,cmd/addr are const char*/char* params correctly matching %s; engine misclassifies the pointer argument as Integer - FIO47-C type-inference bug,41plus_b49,high
MSC01-C,hostap,wpa_supplicant/wpa_cli.c,3202,FP,"if/else-if both branches return; fall-through is the deliberate intended path, not a missing case - confirmed MSC01-C guard-clause FP",41plus_b49,high
FIO47-C,hostap,wpa_supplicant/wpa_cli.c,3203,FP,cmd/addr are const char*/char* params correctly matching %s; engine misclassifies the pointer argument as Integer - FIO47-C type-inference bug,41plus_b49,high
ARR30-C,hostap,wpa_supplicant/wpa_cli.c,3207,FP,"len is an in/out size_t bounded by wpa_ctrl_request's own buffer-size contract (initialized to sizeof(buf)-1, only shrunk by the call) - not attacker/unbounded controlled",41plus_b49,high
ARR30-C,hostap,wpa_supplicant/wpa_cli.c,3212,FP,"manual scan bounded by buf's own NUL terminator (buf[len]='\0' set earlier); provably-bounded scan, same as nt_password_hash.c FP class",41plus_b49,med
STR31-C,hostap,wpa_supplicant/wpa_cli.c,3212,FP,"manual scan bounded by buf's own NUL terminator set earlier in the function; provably-bounded, not unchecked copying",41plus_b49,med
ERR07-C,hostap,wpa_supplicant/wpa_cli.c,3214,TP,"atoi(pos+3) result (id) is never range/format validated and 0 is itself a valid id value, indistinguishable from a parse failure - genuine gap per the '0-is-in-range' precedent",41plus_b49,med
ERR34-C,hostap,wpa_supplicant/wpa_cli.c,3214,TP,"atoi(pos+3) result (id) is never range/format validated and 0 is itself a valid id value, indistinguishable from a parse failure - genuine gap per the '0-is-in-range' precedent",41plus_b49,med
INT32-C,hostap,wpa_supplicant/wpa_cli.c,3214,FP,"pos is char*, and 'pos + N' is ordinary pointer arithmetic on a checked string, not signed integer addition subject to overflow - confirmed INT32-C pointer-arithmetic misclassification",41plus_b49,high
INT32-C,hostap,wpa_supplicant/wpa_cli.c,3216,FP,"pos is char*, and 'pos + N' is ordinary pointer arithmetic on a checked string, not signed integer addition subject to overflow - confirmed INT32-C pointer-arithmetic misclassification",41plus_b49,high
INT32-C,hostap,wpa_supplicant/wpa_cli.c,3218,FP,"pos is char*, and 'pos + N' is ordinary pointer arithmetic on a checked string, not signed integer addition subject to overflow - confirmed INT32-C pointer-arithmetic misclassification",41plus_b49,high
INT32-C,hostap,wpa_supplicant/wpa_cli.c,3220,FP,"pos is char*, and 'pos + N' is ordinary pointer arithmetic on a checked string, not signed integer addition subject to overflow - confirmed INT32-C pointer-arithmetic misclassification",41plus_b49,high
INT32-C,hostap,wpa_supplicant/wpa_cli.c,3222,FP,"pos is char*, and 'pos + N' is ordinary pointer arithmetic on a checked string, not signed integer addition subject to overflow - confirmed INT32-C pointer-arithmetic misclassification",41plus_b49,high
INT32-C,hostap,wpa_supplicant/wpa_cli.c,3224,FP,"pos is char*, and 'pos + N' is ordinary pointer arithmetic on a checked string, not signed integer addition subject to overflow - confirmed INT32-C pointer-arithmetic misclassification",41plus_b49,high
STR34-C,hostap,wpa_supplicant/wpa_cli.c,3228,FP,"STR34-C misapplied to a pointer var (str/cmd/pos/fields/iftypes) or plain char-to-char assign, no widening conversion (categorical pattern)",41plus_b49,high
PRE32-C,hostap,wpa_supplicant/wpa_cli.c,3231,FP,"PRE32-C misfires on printf with plain concatenated string literal, zero #ifdef/#define tokens present - confirmed categorical FP",41plus_b49,high
DCL13-C,hostap,wpa_supplicant/wpa_cli.c,3238,FP,"argv param matches wpa_cli_cmd dispatch table's fixed int(*)(struct wpa_ctrl*,int,char*argv[]) handler signature - confirmed EAP/dispatch-table DCL13-C FP class",41plus_b49,high
DCL13-C,hostap,wpa_supplicant/wpa_cli.c,3307,FP,"argv param matches wpa_cli_cmd dispatch table's fixed int(*)(struct wpa_ctrl*,int,char*argv[]) handler signature - confirmed EAP/dispatch-table DCL13-C FP class",41plus_b49,high
DCL13-C,hostap,wpa_supplicant/wpa_cli.c,3386,FP,"argv param matches wpa_cli_cmd dispatch table's fixed int(*)(struct wpa_ctrl*,int,char*argv[]) handler signature - confirmed EAP/dispatch-table DCL13-C FP class",41plus_b49,high
DCL13-C,hostap,wpa_supplicant/wpa_cli.c,3427,FP,"argv param matches wpa_cli_cmd dispatch table's fixed int(*)(struct wpa_ctrl*,int,char*argv[]) handler signature - confirmed EAP/dispatch-table DCL13-C FP class",41plus_b49,high
ARR02-C,hostap,wpa_supplicant/wpa_cli.c,3446,FP,ARR02-C implicit-bounds on local array immediately consumed via ARRAY_SIZE() - confirmed categorical FP,41plus_b49,high
EXP45-C,hostap,wpa_supplicant/wpa_cli.c,4230,FP,"assignment already wrapped in parens (c = expr) inside the for-condition - standard idiom signaling deliberate assignment, confirmed EXP45-C-already-parenthesized FP class",41plus_b49,high
FIO47-C,hostap,wpa_supplicant/wpa_cli.c,4231,FP,c is plain char matching %c correctly - engine misclassifies indexed char as Pointer type,41plus_b49,high
INT00-C,hostap,wpa_supplicant/wpa_cli.c,4231,FP,c is declared plain char and %c is the correct specifier for it after default argument promotion - no data-model assumption being made,41plus_b49,high
DCL11-C,hostap,wpa_supplicant/wpa_cli.c,4231,FP,"c is declared plain char (assigned from cmd->usage[n]), not char*; %c/int pairing is correct - engine type-inference misclassification",41plus_b49,high
DCL13-C,hostap,wpa_supplicant/wpa_cli.c,4250,FP,ctx param matches fixed edit.h callback typedef (completion_cb/filter_cb) - vtable/dispatch contract FP per agent instructions (a),41plus_b49,high
EXP45-C,hostap,wpa_supplicant/wpa_cli.c,4262,FP,"assignment already wrapped in parens (c = expr) inside the for-condition - standard idiom signaling deliberate assignment, confirmed EXP45-C-already-parenthesized FP class",41plus_b49,high
DCL30-C,hostap,wpa_supplicant/wpa_cli.c,4306,FP,"res is a local pointer VARIABLE holding a heap allocation (os_calloc), not automatic-storage data itself - confirmed DCL30-C heap-vs-stack FP class",41plus_b49,high
MEM12-C,hostap,wpa_supplicant/wpa_cli.c,4306,FP,"res is the function's return value handed to caller (completion-callback ownership-transfer-on-return), not a leak - confirmed MEM12-C ownership-transfer FP class",41plus_b49,high
DCL13-C,hostap,wpa_supplicant/wpa_cli.c,4331,FP,ctx param matches fixed edit.h callback typedef (completion_cb/filter_cb) - vtable/dispatch contract FP per agent instructions (a),41plus_b49,high
INT32-C,hostap,wpa_supplicant/wpa_cli.c,4340,FP,pos is an int cursor into a bounded command-line string; 'end - str' is realistically tiny - rule doesn't recognize a small realistic bound,41plus_b49,high
EXP33-C,hostap,wpa_supplicant/wpa_cli.c,4347,FP,"wpa_list_cmd_list is a function (decl :75, def :4271), not a static variable — rule misidentifies a function call as an uninitialized static var (factual error).",41plus_b50,high
INT32-C,hostap,wpa_supplicant/wpa_cli.c,4349,FP,"pos is an interactive editor cursor position (line-length bound), nowhere near INT_MAX; extends established INT32-C unrealistic-bound family.",41plus_b50,med
DCL30-C,hostap,wpa_supplicant/wpa_cli.c,4356,FP,"res is assigned from wpa_cli_cmd_completion(), which returns a completion callback's heap alloc or NULL, never a stack pointer — confuses local pointer variable with local storage (established DCL30-C class).",41plus_b50,high
MSC13-C,hostap,wpa_supplicant/wpa_cli.c,4364,TP,ret=0 is always overwritten by one of the count>1/count==0/else branches before return — harmless but literally a dead initial value (established MSC13-C correctly-caught class).,41plus_b50,low
ARR37-C,hostap,wpa_supplicant/wpa_cli.c,4366,FP,"argv is declared 'char *argv[]' in the function signature — a genuine array parameter, not a 'non-array pointer'; new pattern (argv[] array-parameter subscript misfire).",41plus_b50,high
ARR37-C,hostap,wpa_supplicant/wpa_cli.c,4367,FP,"argv is declared 'char *argv[]' in the function signature — a genuine array parameter, not a 'non-array pointer'; new pattern (argv[] array-parameter subscript misfire).",41plus_b50,high
STR34-C,hostap,wpa_supplicant/wpa_cli.c,4368,FP,line is 'argv = &argv[1];' — an address-of expression assigning a pointer to argv; no char dereference or widening conversion exists here at all (misattribution).,41plus_b50,high
STR34-C,hostap,wpa_supplicant/wpa_cli.c,4368,FP,line is 'argv = &argv[1];' — an address-of expression assigning a pointer to argv; no char dereference or widening conversion exists here at all (misattribution).,41plus_b50,high
ARR37-C,hostap,wpa_supplicant/wpa_cli.c,4368,FP,"argv is declared 'char *argv[]' in the function signature — a genuine array parameter, not a 'non-array pointer'; new pattern (argv[] array-parameter subscript misfire).",41plus_b50,high
ARR30-C,hostap,wpa_supplicant/wpa_cli.c,4378,FP,"loop scans the static wpa_cli_commands[] table via its NULL-sentinel 'cmd->cmd' test — a bounded compile-time table scan, not an unbounded pointer walk; extends established sentinel-scan ARR30-C FP family.",41plus_b50,high
ARR37-C,hostap,wpa_supplicant/wpa_cli.c,4379,FP,"argv is declared 'char *argv[]' in the function signature — a genuine array parameter, not a 'non-array pointer'; new pattern (argv[] array-parameter subscript misfire).",41plus_b50,high
ARR37-C,hostap,wpa_supplicant/wpa_cli.c,4379,FP,"argv is declared 'char *argv[]' in the function signature — a genuine array parameter, not a 'non-array pointer'; new pattern (argv[] array-parameter subscript misfire).",41plus_b50,high
ARR37-C,hostap,wpa_supplicant/wpa_cli.c,4382,FP,"argv is declared 'char *argv[]' in the function signature — a genuine array parameter, not a 'non-array pointer'; new pattern (argv[] array-parameter subscript misfire).",41plus_b50,high
ARR37-C,hostap,wpa_supplicant/wpa_cli.c,4393,FP,"argv is declared 'char *argv[]' in the function signature — a genuine array parameter, not a 'non-array pointer'; new pattern (argv[] array-parameter subscript misfire).",41plus_b50,high
ARR30-C,hostap,wpa_supplicant/wpa_cli.c,4395,FP,"loop scans the static wpa_cli_commands[] table via its NULL-sentinel 'cmd->cmd' test — a bounded compile-time table scan, not an unbounded pointer walk; extends established sentinel-scan ARR30-C FP family.",41plus_b50,high
ARR37-C,hostap,wpa_supplicant/wpa_cli.c,4396,FP,"argv is declared 'char *argv[]' in the function signature — a genuine array parameter, not a 'non-array pointer'; new pattern (argv[] array-parameter subscript misfire).",41plus_b50,high
ARR37-C,hostap,wpa_supplicant/wpa_cli.c,4397,FP,"argv is declared 'char *argv[]' in the function signature — a genuine array parameter, not a 'non-array pointer'; new pattern (argv[] array-parameter subscript misfire).",41plus_b50,high
ARR37-C,hostap,wpa_supplicant/wpa_cli.c,4405,FP,"argv is declared 'char *argv[]' in the function signature — a genuine array parameter, not a 'non-array pointer'; new pattern (argv[] array-parameter subscript misfire).",41plus_b50,high
EXP34-C,hostap,wpa_supplicant/wpa_cli.c,4408,FP,"match is only dereferenced in the else branch reached when count==1, which is only ever set in the same loop iteration that also assigns match — control flow guarantees non-NULL.",41plus_b50,high
ARR37-C,hostap,wpa_supplicant/wpa_cli.c,4408,FP,"argv is declared 'char *argv[]' in the function signature — a genuine array parameter, not a 'non-array pointer'; new pattern (argv[] array-parameter subscript misfire).",41plus_b50,high
CON07-C,hostap,wpa_supplicant/wpa_cli.c,4438,FP,"no-pthread FP class: wpa_cli.c has zero pthread_create/mutex usage (single-threaded/eloop CLI), same class as CON32-C/POS49-C/CON33-C/CON34-C precedent.",41plus_b50,high
INT32-C,hostap,wpa_supplicant/wpa_cli.c,4451,FP,pos is a wire-message pointer bounded by the fixed 4096-byte control-interface buffer; extends established protocol/buffer-bound INT32-C FP family.,41plus_b50,med
INT32-C,hostap,wpa_supplicant/wpa_cli.c,4453,FP,pos is a wire-message pointer bounded by the fixed 4096-byte control-interface buffer; extends established protocol/buffer-bound INT32-C FP family.,41plus_b50,med
INT32-C,hostap,wpa_supplicant/wpa_cli.c,4465,FP,pos is a wire-message pointer bounded by the fixed 4096-byte control-interface buffer; extends established protocol/buffer-bound INT32-C FP family.,41plus_b50,med
STR30-C,hostap,wpa_supplicant/wpa_cli.c,4472,FP,"os_setenv/os_unsetenv declare their string params 'const char *' (src/utils/os_unix.c:402,408) — cannot modify a literal by signature; established STR30-C const-param rule-logic-bug class.",41plus_b50,high
STR30-C,hostap,wpa_supplicant/wpa_cli.c,4473,FP,"os_setenv/os_unsetenv declare their string params 'const char *' (src/utils/os_unix.c:402,408) — cannot modify a literal by signature; established STR30-C const-param rule-logic-bug class.",41plus_b50,high
STR30-C,hostap,wpa_supplicant/wpa_cli.c,4474,FP,"os_setenv/os_unsetenv declare their string params 'const char *' (src/utils/os_unix.c:402,408) — cannot modify a literal by signature; established STR30-C const-param rule-logic-bug class.",41plus_b50,high
STR34-C,hostap,wpa_supplicant/wpa_cli.c,4484,FP,"plain '*ptr = '\0';' NUL-terminator char assignment, not a widening char-to-int conversion; established STR34-C misfire class.",41plus_b50,high
ERR07-C,hostap,wpa_supplicant/wpa_cli.c,4485,TP,new_id = atoi(id) has no error/range check at all; a malformed id string silently becomes 0 with no signal — genuine (low-severity) violation per rule text.,41plus_b50,low
ERR34-C,hostap,wpa_supplicant/wpa_cli.c,4485,TP,new_id = atoi(id) has no error/range check at all; a malformed id string silently becomes 0 with no signal — genuine (low-severity) violation per rule text.,41plus_b50,low
STR30-C,hostap,wpa_supplicant/wpa_cli.c,4486,FP,"os_setenv/os_unsetenv declare their string params 'const char *' (src/utils/os_unix.c:402,408) — cannot modify a literal by signature; established STR30-C const-param rule-logic-bug class.",41plus_b50,high
STR34-C,hostap,wpa_supplicant/wpa_cli.c,4494,FP,"plain '*ptr = '\0';' NUL-terminator char assignment, not a widening char-to-int conversion; established STR34-C misfire class.",41plus_b50,high
STR30-C,hostap,wpa_supplicant/wpa_cli.c,4495,FP,"os_setenv/os_unsetenv declare their string params 'const char *' (src/utils/os_unix.c:402,408) — cannot modify a literal by signature; established STR30-C const-param rule-logic-bug class.",41plus_b50,high
STR30-C,hostap,wpa_supplicant/wpa_cli.c,4499,FP,"os_setenv/os_unsetenv declare their string params 'const char *' (src/utils/os_unix.c:402,408) — cannot modify a literal by signature; established STR30-C const-param rule-logic-bug class.",41plus_b50,high
MSC13-C,hostap,wpa_supplicant/wpa_cli.c,4502,FP,"wpa_cli_connected/wpa_cli_last_id are file-scope statics read at the top of this same function on the NEXT invocation (line ~4500) — the assignment persists and is genuinely consumed across calls, not dead.",41plus_b50,med
MSC13-C,hostap,wpa_supplicant/wpa_cli.c,4503,FP,"wpa_cli_connected/wpa_cli_last_id are file-scope statics read at the top of this same function on the NEXT invocation (line ~4500) — the assignment persists and is genuinely consumed across calls, not dead.",41plus_b50,med
EXP34-C,hostap,wpa_supplicant/wpa_cli.c,4504,FP,"action_file is only reachable down this code path when the CLI was invoked with a non-NULL action_file — main() only calls wpa_cli_action() 'if (action_file)' (lines ~5265,5305), which is the sole route into wpa_cli_action_process()/wpa_cli_exec(). Caller-side guard proves action_file non-NULL at every one of these call sites (new interprocedural-guard pattern).",41plus_b50,high
MSC13-C,hostap,wpa_supplicant/wpa_cli.c,4508,FP,"wpa_cli_connected=0 here is read at the top of this same function on the next invocation ('wpa_cli_connected <= 0') — persisted static consumed across calls, not dead.",41plus_b50,med
EXP34-C,hostap,wpa_supplicant/wpa_cli.c,4509,FP,"action_file is only reachable down this code path when the CLI was invoked with a non-NULL action_file — main() only calls wpa_cli_action() 'if (action_file)' (lines ~5265,5305), which is the sole route into wpa_cli_action_process()/wpa_cli_exec(). Caller-side guard proves action_file non-NULL at every one of these call sites (new interprocedural-guard pattern).",41plus_b50,high
EXP34-C,hostap,wpa_supplicant/wpa_cli.c,4512,FP,"action_file is only reachable down this code path when the CLI was invoked with a non-NULL action_file — main() only calls wpa_cli_action() 'if (action_file)' (lines ~5265,5305), which is the sole route into wpa_cli_action_process()/wpa_cli_exec(). Caller-side guard proves action_file non-NULL at every one of these call sites (new interprocedural-guard pattern).",41plus_b50,high
EXP34-C,hostap,wpa_supplicant/wpa_cli.c,4514,FP,"action_file is only reachable down this code path when the CLI was invoked with a non-NULL action_file — main() only calls wpa_cli_action() 'if (action_file)' (lines ~5265,5305), which is the sole route into wpa_cli_action_process()/wpa_cli_exec(). Caller-side guard proves action_file non-NULL at every one of these call sites (new interprocedural-guard pattern).",41plus_b50,high
EXP34-C,hostap,wpa_supplicant/wpa_cli.c,4516,FP,"action_file is only reachable down this code path when the CLI was invoked with a non-NULL action_file — main() only calls wpa_cli_action() 'if (action_file)' (lines ~5265,5305), which is the sole route into wpa_cli_action_process()/wpa_cli_exec(). Caller-side guard proves action_file non-NULL at every one of these call sites (new interprocedural-guard pattern).",41plus_b50,high
EXP34-C,hostap,wpa_supplicant/wpa_cli.c,4518,FP,"action_file is only reachable down this code path when the CLI was invoked with a non-NULL action_file — main() only calls wpa_cli_action() 'if (action_file)' (lines ~5265,5305), which is the sole route into wpa_cli_action_process()/wpa_cli_exec(). Caller-side guard proves action_file non-NULL at every one of these call sites (new interprocedural-guard pattern).",41plus_b50,high
EXP34-C,hostap,wpa_supplicant/wpa_cli.c,4520,FP,"action_file is only reachable down this code path when the CLI was invoked with a non-NULL action_file — main() only calls wpa_cli_action() 'if (action_file)' (lines ~5265,5305), which is the sole route into wpa_cli_action_process()/wpa_cli_exec(). Caller-side guard proves action_file non-NULL at every one of these call sites (new interprocedural-guard pattern).",41plus_b50,high
EXP34-C,hostap,wpa_supplicant/wpa_cli.c,4522,FP,"action_file is only reachable down this code path when the CLI was invoked with a non-NULL action_file — main() only calls wpa_cli_action() 'if (action_file)' (lines ~5265,5305), which is the sole route into wpa_cli_action_process()/wpa_cli_exec(). Caller-side guard proves action_file non-NULL at every one of these call sites (new interprocedural-guard pattern).",41plus_b50,high
EXP34-C,hostap,wpa_supplicant/wpa_cli.c,4524,FP,"action_file is only reachable down this code path when the CLI was invoked with a non-NULL action_file — main() only calls wpa_cli_action() 'if (action_file)' (lines ~5265,5305), which is the sole route into wpa_cli_action_process()/wpa_cli_exec(). Caller-side guard proves action_file non-NULL at every one of these call sites (new interprocedural-guard pattern).",41plus_b50,high
EXP34-C,hostap,wpa_supplicant/wpa_cli.c,4526,FP,"action_file is only reachable down this code path when the CLI was invoked with a non-NULL action_file — main() only calls wpa_cli_action() 'if (action_file)' (lines ~5265,5305), which is the sole route into wpa_cli_action_process()/wpa_cli_exec(). Caller-side guard proves action_file non-NULL at every one of these call sites (new interprocedural-guard pattern).",41plus_b50,high
EXP34-C,hostap,wpa_supplicant/wpa_cli.c,4528,FP,"action_file is only reachable down this code path when the CLI was invoked with a non-NULL action_file — main() only calls wpa_cli_action() 'if (action_file)' (lines ~5265,5305), which is the sole route into wpa_cli_action_process()/wpa_cli_exec(). Caller-side guard proves action_file non-NULL at every one of these call sites (new interprocedural-guard pattern).",41plus_b50,high
EXP34-C,hostap,wpa_supplicant/wpa_cli.c,4530,FP,"action_file is only reachable down this code path when the CLI was invoked with a non-NULL action_file — main() only calls wpa_cli_action() 'if (action_file)' (lines ~5265,5305), which is the sole route into wpa_cli_action_process()/wpa_cli_exec(). Caller-side guard proves action_file non-NULL at every one of these call sites (new interprocedural-guard pattern).",41plus_b50,high
EXP34-C,hostap,wpa_supplicant/wpa_cli.c,4532,FP,"action_file is only reachable down this code path when the CLI was invoked with a non-NULL action_file — main() only calls wpa_cli_action() 'if (action_file)' (lines ~5265,5305), which is the sole route into wpa_cli_action_process()/wpa_cli_exec(). Caller-side guard proves action_file non-NULL at every one of these call sites (new interprocedural-guard pattern).",41plus_b50,high
EXP34-C,hostap,wpa_supplicant/wpa_cli.c,4534,FP,"action_file is only reachable down this code path when the CLI was invoked with a non-NULL action_file — main() only calls wpa_cli_action() 'if (action_file)' (lines ~5265,5305), which is the sole route into wpa_cli_action_process()/wpa_cli_exec(). Caller-side guard proves action_file non-NULL at every one of these call sites (new interprocedural-guard pattern).",41plus_b50,high
EXP34-C,hostap,wpa_supplicant/wpa_cli.c,4536,FP,"action_file is only reachable down this code path when the CLI was invoked with a non-NULL action_file — main() only calls wpa_cli_action() 'if (action_file)' (lines ~5265,5305), which is the sole route into wpa_cli_action_process()/wpa_cli_exec(). Caller-side guard proves action_file non-NULL at every one of these call sites (new interprocedural-guard pattern).",41plus_b50,high
EXP34-C,hostap,wpa_supplicant/wpa_cli.c,4538,FP,"action_file is only reachable down this code path when the CLI was invoked with a non-NULL action_file — main() only calls wpa_cli_action() 'if (action_file)' (lines ~5265,5305), which is the sole route into wpa_cli_action_process()/wpa_cli_exec(). Caller-side guard proves action_file non-NULL at every one of these call sites (new interprocedural-guard pattern).",41plus_b50,high
EXP34-C,hostap,wpa_supplicant/wpa_cli.c,4540,FP,"action_file is only reachable down this code path when the CLI was invoked with a non-NULL action_file — main() only calls wpa_cli_action() 'if (action_file)' (lines ~5265,5305), which is the sole route into wpa_cli_action_process()/wpa_cli_exec(). Caller-side guard proves action_file non-NULL at every one of these call sites (new interprocedural-guard pattern).",41plus_b50,high
EXP34-C,hostap,wpa_supplicant/wpa_cli.c,4542,FP,"action_file is only reachable down this code path when the CLI was invoked with a non-NULL action_file — main() only calls wpa_cli_action() 'if (action_file)' (lines ~5265,5305), which is the sole route into wpa_cli_action_process()/wpa_cli_exec(). Caller-side guard proves action_file non-NULL at every one of these call sites (new interprocedural-guard pattern).",41plus_b50,high
EXP34-C,hostap,wpa_supplicant/wpa_cli.c,4544,FP,"action_file is only reachable down this code path when the CLI was invoked with a non-NULL action_file — main() only calls wpa_cli_action() 'if (action_file)' (lines ~5265,5305), which is the sole route into wpa_cli_action_process()/wpa_cli_exec(). Caller-side guard proves action_file non-NULL at every one of these call sites (new interprocedural-guard pattern).",41plus_b50,high
EXP34-C,hostap,wpa_supplicant/wpa_cli.c,4546,FP,"action_file is only reachable down this code path when the CLI was invoked with a non-NULL action_file — main() only calls wpa_cli_action() 'if (action_file)' (lines ~5265,5305), which is the sole route into wpa_cli_action_process()/wpa_cli_exec(). Caller-side guard proves action_file non-NULL at every one of these call sites (new interprocedural-guard pattern).",41plus_b50,high
EXP34-C,hostap,wpa_supplicant/wpa_cli.c,4548,FP,"action_file is only reachable down this code path when the CLI was invoked with a non-NULL action_file — main() only calls wpa_cli_action() 'if (action_file)' (lines ~5265,5305), which is the sole route into wpa_cli_action_process()/wpa_cli_exec(). Caller-side guard proves action_file non-NULL at every one of these call sites (new interprocedural-guard pattern).",41plus_b50,high
EXP34-C,hostap,wpa_supplicant/wpa_cli.c,4550,FP,"action_file is only reachable down this code path when the CLI was invoked with a non-NULL action_file — main() only calls wpa_cli_action() 'if (action_file)' (lines ~5265,5305), which is the sole route into wpa_cli_action_process()/wpa_cli_exec(). Caller-side guard proves action_file non-NULL at every one of these call sites (new interprocedural-guard pattern).",41plus_b50,high
EXP34-C,hostap,wpa_supplicant/wpa_cli.c,4552,FP,"action_file is only reachable down this code path when the CLI was invoked with a non-NULL action_file — main() only calls wpa_cli_action() 'if (action_file)' (lines ~5265,5305), which is the sole route into wpa_cli_action_process()/wpa_cli_exec(). Caller-side guard proves action_file non-NULL at every one of these call sites (new interprocedural-guard pattern).",41plus_b50,high
EXP34-C,hostap,wpa_supplicant/wpa_cli.c,4554,FP,"action_file is only reachable down this code path when the CLI was invoked with a non-NULL action_file — main() only calls wpa_cli_action() 'if (action_file)' (lines ~5265,5305), which is the sole route into wpa_cli_action_process()/wpa_cli_exec(). Caller-side guard proves action_file non-NULL at every one of these call sites (new interprocedural-guard pattern).",41plus_b50,high
EXP34-C,hostap,wpa_supplicant/wpa_cli.c,4556,FP,"action_file is only reachable down this code path when the CLI was invoked with a non-NULL action_file — main() only calls wpa_cli_action() 'if (action_file)' (lines ~5265,5305), which is the sole route into wpa_cli_action_process()/wpa_cli_exec(). Caller-side guard proves action_file non-NULL at every one of these call sites (new interprocedural-guard pattern).",41plus_b50,high
EXP34-C,hostap,wpa_supplicant/wpa_cli.c,4558,FP,"action_file is only reachable down this code path when the CLI was invoked with a non-NULL action_file — main() only calls wpa_cli_action() 'if (action_file)' (lines ~5265,5305), which is the sole route into wpa_cli_action_process()/wpa_cli_exec(). Caller-side guard proves action_file non-NULL at every one of these call sites (new interprocedural-guard pattern).",41plus_b50,high
EXP34-C,hostap,wpa_supplicant/wpa_cli.c,4560,FP,"action_file is only reachable down this code path when the CLI was invoked with a non-NULL action_file — main() only calls wpa_cli_action() 'if (action_file)' (lines ~5265,5305), which is the sole route into wpa_cli_action_process()/wpa_cli_exec(). Caller-side guard proves action_file non-NULL at every one of these call sites (new interprocedural-guard pattern).",41plus_b50,high
EXP34-C,hostap,wpa_supplicant/wpa_cli.c,4562,FP,"action_file is only reachable down this code path when the CLI was invoked with a non-NULL action_file — main() only calls wpa_cli_action() 'if (action_file)' (lines ~5265,5305), which is the sole route into wpa_cli_action_process()/wpa_cli_exec(). Caller-side guard proves action_file non-NULL at every one of these call sites (new interprocedural-guard pattern).",41plus_b50,high
EXP34-C,hostap,wpa_supplicant/wpa_cli.c,4564,FP,"action_file is only reachable down this code path when the CLI was invoked with a non-NULL action_file — main() only calls wpa_cli_action() 'if (action_file)' (lines ~5265,5305), which is the sole route into wpa_cli_action_process()/wpa_cli_exec(). Caller-side guard proves action_file non-NULL at every one of these call sites (new interprocedural-guard pattern).",41plus_b50,high
EXP34-C,hostap,wpa_supplicant/wpa_cli.c,4566,FP,"action_file is only reachable down this code path when the CLI was invoked with a non-NULL action_file — main() only calls wpa_cli_action() 'if (action_file)' (lines ~5265,5305), which is the sole route into wpa_cli_action_process()/wpa_cli_exec(). Caller-side guard proves action_file non-NULL at every one of these call sites (new interprocedural-guard pattern).",41plus_b50,high
EXP34-C,hostap,wpa_supplicant/wpa_cli.c,4568,FP,"action_file is only reachable down this code path when the CLI was invoked with a non-NULL action_file — main() only calls wpa_cli_action() 'if (action_file)' (lines ~5265,5305), which is the sole route into wpa_cli_action_process()/wpa_cli_exec(). Caller-side guard proves action_file non-NULL at every one of these call sites (new interprocedural-guard pattern).",41plus_b50,high
EXP34-C,hostap,wpa_supplicant/wpa_cli.c,4570,FP,"action_file is only reachable down this code path when the CLI was invoked with a non-NULL action_file — main() only calls wpa_cli_action() 'if (action_file)' (lines ~5265,5305), which is the sole route into wpa_cli_action_process()/wpa_cli_exec(). Caller-side guard proves action_file non-NULL at every one of these call sites (new interprocedural-guard pattern).",41plus_b50,high
EXP34-C,hostap,wpa_supplicant/wpa_cli.c,4572,FP,"action_file is only reachable down this code path when the CLI was invoked with a non-NULL action_file — main() only calls wpa_cli_action() 'if (action_file)' (lines ~5265,5305), which is the sole route into wpa_cli_action_process()/wpa_cli_exec(). Caller-side guard proves action_file non-NULL at every one of these call sites (new interprocedural-guard pattern).",41plus_b50,high
EXP34-C,hostap,wpa_supplicant/wpa_cli.c,4574,FP,"action_file is only reachable down this code path when the CLI was invoked with a non-NULL action_file — main() only calls wpa_cli_action() 'if (action_file)' (lines ~5265,5305), which is the sole route into wpa_cli_action_process()/wpa_cli_exec(). Caller-side guard proves action_file non-NULL at every one of these call sites (new interprocedural-guard pattern).",41plus_b50,high
EXP34-C,hostap,wpa_supplicant/wpa_cli.c,4576,FP,"action_file is only reachable down this code path when the CLI was invoked with a non-NULL action_file — main() only calls wpa_cli_action() 'if (action_file)' (lines ~5265,5305), which is the sole route into wpa_cli_action_process()/wpa_cli_exec(). Caller-side guard proves action_file non-NULL at every one of these call sites (new interprocedural-guard pattern).",41plus_b50,high
MSC01-C,hostap,wpa_supplicant/wpa_cli.c,4577,FP,the giant str_starts()-chain intentionally ignores unrecognized events (no-op); matches established MSC01-C guard-clause/default-value no-final-else FP family.,41plus_b50,med
API05-C,hostap,wpa_supplicant/wpa_cli.c,4586,FP,"wpa_cli_action_cb(char *msg, size_t len) is the standard 'T *ptr, size_t len' idiom; established API05-C categorical FP.",41plus_b50,high
PRE32-C,hostap,wpa_supplicant/wpa_cli.c,4601,FP,no #ifdef/#else/#endif appears anywhere inside or adjacent to this call's arguments (nearest preprocessor block already closed several lines earlier); the finding even quotes the plain string literal itself as the 'directive' — extends established 'no actual #-directive in the call' PRE32-C class (l2_packet_freebsd.c precedent).,41plus_b50,high
DCL11-C,hostap,wpa_supplicant/wpa_cli.c,4603,FP,"global is only passed to wpa_cli_open_global_ctrl() from call sites gated by 'global &&' (lines 4631, 5257) — provably non-NULL whenever this function runs; interprocedural caller-guard pattern (same root cause as the action_file EXP34-C family above).",41plus_b50,high
EXP34-C,hostap,wpa_supplicant/wpa_cli.c,4603,FP,same caller-side 'global &&' guard as the DCL11-C finding on this line — global cannot be NULL here.,41plus_b50,high
CON33-C,hostap,wpa_supplicant/wpa_cli.c,4603,FP,"no-pthread FP class: wpa_cli.c has zero pthread_create/mutex usage (single-threaded/eloop CLI), same class as CON32-C/POS49-C/CON33-C/CON34-C precedent. (strerror/getenv/readdir internal-static-storage concerns are moot without threads.)",41plus_b50,high
CON34-C,hostap,wpa_supplicant/wpa_cli.c,4603,FP,"no-pthread FP class: wpa_cli.c has zero pthread_create/mutex usage (single-threaded/eloop CLI), same class as CON32-C/POS49-C/CON33-C/CON34-C precedent. (strerror/getenv/readdir internal-static-storage concerns are moot without threads.)",41plus_b50,high
MEM12-C,hostap,wpa_supplicant/wpa_cli.c,4604,FP,"ctrl_conn/mon_conn are file-scope statics with process lifetime, closed later by wpa_cli_close_connection() — not leaked at this function's own return; extends the established MEM12-C ownership-persists-elsewhere FP family.",41plus_b50,med
MEM12-C,hostap,wpa_supplicant/wpa_cli.c,4624,FP,"ctrl_conn/mon_conn are file-scope statics with process lifetime, closed later by wpa_cli_close_connection() — not leaked at this function's own return; extends the established MEM12-C ownership-persists-elsewhere FP family.",41plus_b50,med
CON07-C,hostap,wpa_supplicant/wpa_cli.c,4628,FP,"no-pthread FP class: wpa_cli.c has zero pthread_create/mutex usage (single-threaded/eloop CLI), same class as CON32-C/POS49-C/CON33-C/CON34-C precedent.",41plus_b50,high
EXP33-C,hostap,wpa_supplicant/wpa_cli.c,4725,FP,"ctrl_conn/mon_conn are file-scope statics declared with no initializer (:40,41) — implicitly zero-initialized to NULL per C 6.7.9p10; reading them (even in a boolean/NULL test) is well-defined, not an uninitialized-read. New pattern: static-implicit-zero-init misfire.",41plus_b50,high
PRE32-C,hostap,wpa_supplicant/wpa_cli.c,4727,FP,no #ifdef/#else/#endif appears anywhere inside or adjacent to this call's arguments (nearest preprocessor block already closed several lines earlier); the finding even quotes the plain string literal itself as the 'directive' — extends established 'no actual #-directive in the call' PRE32-C class (l2_packet_freebsd.c precedent).,41plus_b50,high
PRE32-C,hostap,wpa_supplicant/wpa_cli.c,4727,FP,no #ifdef/#else/#endif appears anywhere inside or adjacent to this call's arguments (nearest preprocessor block already closed several lines earlier); the finding even quotes the plain string literal itself as the 'directive' — extends established 'no actual #-directive in the call' PRE32-C class (l2_packet_freebsd.c precedent).,41plus_b50,high
EXP33-C,hostap,wpa_supplicant/wpa_cli.c,4741,FP,"ctrl_conn/mon_conn are file-scope statics declared with no initializer (:40,41) — implicitly zero-initialized to NULL per C 6.7.9p10; reading them (even in a boolean/NULL test) is well-defined, not an uninitialized-read. New pattern: static-implicit-zero-init misfire.",41plus_b50,high
ARR30-C,hostap,wpa_supplicant/wpa_cli.c,4749,FP,"len is bounded by the preceding wpa_ctrl_recv/wpa_ctrl_request(..., buf, &len, ...) call, which never writes beyond the input len value (initialized to sizeof(buf)-1 or sizeof(buf)); extends the established recv/request-length-cap ARR30-C FP family.",41plus_b50,high
PRE32-C,hostap,wpa_supplicant/wpa_cli.c,4770,FP,no #ifdef/#else/#endif appears anywhere inside or adjacent to this call's arguments (nearest preprocessor block already closed several lines earlier); the finding even quotes the plain string literal itself as the 'directive' — extends established 'no actual #-directive in the call' PRE32-C class (l2_packet_freebsd.c precedent).,41plus_b50,high
PRE32-C,hostap,wpa_supplicant/wpa_cli.c,4770,FP,no #ifdef/#else/#endif appears anywhere inside or adjacent to this call's arguments (nearest preprocessor block already closed several lines earlier); the finding even quotes the plain string literal itself as the 'directive' — extends established 'no actual #-directive in the call' PRE32-C class (l2_packet_freebsd.c precedent).,41plus_b50,high
DCL13-C,hostap,wpa_supplicant/wpa_cli.c,4781,FP,parameter matches the fixed eloop_timeout_handler/eloop_sock_handler callback typedef (src/utils/eloop.h) — signature is pinned by the eloop dispatch contract; established DCL13-C eloop-callback FP class.,41plus_b50,high
DCL13-C,hostap,wpa_supplicant/wpa_cli.c,4781,FP,parameter matches the fixed eloop_timeout_handler/eloop_sock_handler callback typedef (src/utils/eloop.h) — signature is pinned by the eloop dispatch contract; established DCL13-C eloop-callback FP class.,41plus_b50,high
EXP33-C,hostap,wpa_supplicant/wpa_cli.c,4783,FP,"ctrl_conn/mon_conn are file-scope statics declared with no initializer (:40,41) — implicitly zero-initialized to NULL per C 6.7.9p10; reading them (even in a boolean/NULL test) is well-defined, not an uninitialized-read. New pattern: static-implicit-zero-init misfire.",41plus_b50,high
PRE32-C,hostap,wpa_supplicant/wpa_cli.c,4791,FP,no #ifdef/#else/#endif appears anywhere inside or adjacent to this call's arguments (nearest preprocessor block already closed several lines earlier); the finding even quotes the plain string literal itself as the 'directive' — extends established 'no actual #-directive in the call' PRE32-C class (l2_packet_freebsd.c precedent).,41plus_b50,high
PRE32-C,hostap,wpa_supplicant/wpa_cli.c,4791,FP,no #ifdef/#else/#endif appears anywhere inside or adjacent to this call's arguments (nearest preprocessor block already closed several lines earlier); the finding even quotes the plain string literal itself as the 'directive' — extends established 'no actual #-directive in the call' PRE32-C class (l2_packet_freebsd.c precedent).,41plus_b50,high
DCL13-C,hostap,wpa_supplicant/wpa_cli.c,4802,FP,parameter matches the fixed eloop_timeout_handler/eloop_sock_handler callback typedef (src/utils/eloop.h) — signature is pinned by the eloop dispatch contract; established DCL13-C eloop-callback FP class.,41plus_b50,high
DCL13-C,hostap,wpa_supplicant/wpa_cli.c,4802,FP,parameter matches the fixed eloop_timeout_handler/eloop_sock_handler callback typedef (src/utils/eloop.h) — signature is pinned by the eloop dispatch contract; established DCL13-C eloop-callback FP class.,41plus_b50,high
EXP33-C,hostap,wpa_supplicant/wpa_cli.c,4804,FP,"ctrl_conn/mon_conn are file-scope statics declared with no initializer (:40,41) — implicitly zero-initialized to NULL per C 6.7.9p10; reading them (even in a boolean/NULL test) is well-defined, not an uninitialized-read. New pattern: static-implicit-zero-init misfire.",41plus_b50,high
DCL13-C,hostap,wpa_supplicant/wpa_cli.c,4808,FP,parameter matches the fixed eloop_timeout_handler/eloop_sock_handler callback typedef (src/utils/eloop.h) — signature is pinned by the eloop dispatch contract; established DCL13-C eloop-callback FP class.,41plus_b50,high
MEM05-C,hostap,wpa_supplicant/wpa_cli.c,4810,FP,"max_args is '#define max_args 10' (src/common/cli.h:44), a compile-time constant — 'char *argv[max_args]' is a fixed-size array, not a VLA; extends established macro-constant-sized-array MEM05-C FP family.",41plus_b50,high
ARR32-C,hostap,wpa_supplicant/wpa_cli.c,4810,FP,"same as the paired MEM05-C finding on this line: max_args is a compile-time #define (cli.h:44), not a runtime size.",41plus_b50,high
EXP33-C,hostap,wpa_supplicant/wpa_cli.c,4812,FP,"argv is filled entirely by tokenize_cmd(cmd, argv)'s write-only output-param loop (src/common/cli.c:240) before any read — established uninitialized-output-param EXP33-C FP class.",41plus_b50,high
EXP33-C,hostap,wpa_supplicant/wpa_cli.c,4814,FP,"ctrl_conn/mon_conn are file-scope statics declared with no initializer (:40,41) — implicitly zero-initialized to NULL per C 6.7.9p10; reading them (even in a boolean/NULL test) is well-defined, not an uninitialized-read. New pattern: static-implicit-zero-init misfire.",41plus_b50,high
DCL13-C,hostap,wpa_supplicant/wpa_cli.c,4818,FP,parameter matches the fixed eloop_timeout_handler/eloop_sock_handler callback typedef (src/utils/eloop.h) — signature is pinned by the eloop dispatch contract; established DCL13-C eloop-callback FP class.,41plus_b50,high
CON03-C,hostap,wpa_supplicant/wpa_cli.c,4824,FP,"no-pthread FP class: wpa_cli.c has zero pthread_create/mutex usage (single-threaded/eloop CLI), same class as CON32-C/POS49-C/CON33-C/CON34-C precedent.",41plus_b50,high
CON03-C,hostap,wpa_supplicant/wpa_cli.c,4825,FP,"no-pthread FP class: wpa_cli.c has zero pthread_create/mutex usage (single-threaded/eloop CLI), same class as CON32-C/POS49-C/CON33-C/CON34-C precedent.",41plus_b50,high
CON03-C,hostap,wpa_supplicant/wpa_cli.c,4826,FP,"no-pthread FP class: wpa_cli.c has zero pthread_create/mutex usage (single-threaded/eloop CLI), same class as CON32-C/POS49-C/CON33-C/CON34-C precedent.",41plus_b50,high
CON07-C,hostap,wpa_supplicant/wpa_cli.c,4828,FP,"no-pthread FP class: wpa_cli.c has zero pthread_create/mutex usage (single-threaded/eloop CLI), same class as CON32-C/POS49-C/CON33-C/CON34-C precedent.",41plus_b50,high
EXP33-C,hostap,wpa_supplicant/wpa_cli.c,4834,FP,"ctrl_conn/mon_conn are file-scope statics declared with no initializer (:40,41) — implicitly zero-initialized to NULL per C 6.7.9p10; reading them (even in a boolean/NULL test) is well-defined, not an uninitialized-read. New pattern: static-implicit-zero-init misfire.",41plus_b50,high
ENV34-C,hostap,wpa_supplicant/wpa_cli.c,4840,FP,home is consumed immediately in the same scope (os_strlen/os_snprintf a few lines later) with zero intervening getenv/setenv/putenv calls anywhere in between — no actual invalidation window exists despite the missing strdup.,41plus_b50,med
ERR33-C,hostap,wpa_supplicant/wpa_cli.c,4840,FP,the very next line is 'if (home) {' — the NULL check the rule claims is missing is right there.,41plus_b50,high
CON34-C,hostap,wpa_supplicant/wpa_cli.c,4840,FP,"no-pthread FP class: wpa_cli.c has zero pthread_create/mutex usage (single-threaded/eloop CLI), same class as CON32-C/POS49-C/CON33-C/CON34-C precedent. (strerror/getenv/readdir internal-static-storage concerns are moot without threads.)",41plus_b50,high
ENV30-C,hostap,wpa_supplicant/wpa_cli.c,4844,FP,os_strlen() is a pure read-only length function — cannot modify its argument; rule's 'may modify it' premise is wrong.,41plus_b50,high
STR34-C,hostap,wpa_supplicant/wpa_cli.c,4844,FP,"line only passes home/fname pointers into os_strlen() calls to compute hfile_len — no char dereference or widening conversion occurs at all (misattribution, cf. keystore_get precedent).",41plus_b50,high
STR34-C,hostap,wpa_supplicant/wpa_cli.c,4844,FP,"line only passes home/fname pointers into os_strlen() calls to compute hfile_len — no char dereference or widening conversion occurs at all (misattribution, cf. keystore_get precedent).",41plus_b50,high
MEM10-C,hostap,wpa_supplicant/wpa_cli.c,4869,FP,plain 'if (ctrl == NULL) return;' guard; established MEM10-C ad-hoc-NULL-check-is-stylistic FP class.,41plus_b50,high
ARR30-C,hostap,wpa_supplicant/wpa_cli.c,4874,FP,"len is bounded by the preceding wpa_ctrl_recv/wpa_ctrl_request(..., buf, &len, ...) call, which never writes beyond the input len value (initialized to sizeof(buf)-1 or sizeof(buf)); extends the established recv/request-length-cap ARR30-C FP family.",41plus_b50,high
STR34-C,hostap,wpa_supplicant/wpa_cli.c,4885,FP,"'*end = '\0';' / '*pos = '\0';' is a plain char assignment, not a widening char-to-int conversion; established STR34-C plain-assignment misfire class.",41plus_b50,high
MEM10-C,hostap,wpa_supplicant/wpa_cli.c,4903,FP,plain 'if (ctrl == NULL) return;' guard; established MEM10-C ad-hoc-NULL-check-is-stylistic FP class.,41plus_b50,high
ARR30-C,hostap,wpa_supplicant/wpa_cli.c,4908,FP,"len is bounded by the preceding wpa_ctrl_recv/wpa_ctrl_request(..., buf, &len, ...) call, which never writes beyond the input len value (initialized to sizeof(buf)-1 or sizeof(buf)); extends the established recv/request-length-cap ARR30-C FP family.",41plus_b50,high
STR34-C,hostap,wpa_supplicant/wpa_cli.c,4915,FP,"'*end = '\0';' / '*pos = '\0';' is a plain char assignment, not a widening char-to-int conversion; established STR34-C plain-assignment misfire class.",41plus_b50,high
MEM10-C,hostap,wpa_supplicant/wpa_cli.c,4935,FP,plain 'if (ctrl == NULL) return;' guard; established MEM10-C ad-hoc-NULL-check-is-stylistic FP class.,41plus_b50,high
ARR30-C,hostap,wpa_supplicant/wpa_cli.c,4940,FP,"len is bounded by the preceding wpa_ctrl_recv/wpa_ctrl_request(..., buf, &len, ...) call, which never writes beyond the input len value (initialized to sizeof(buf)-1 or sizeof(buf)); extends the established recv/request-length-cap ARR30-C FP family.",41plus_b50,high
STR34-C,hostap,wpa_supplicant/wpa_cli.c,4947,FP,"'*end = '\0';' / '*pos = '\0';' is a plain char assignment, not a widening char-to-int conversion; established STR34-C plain-assignment misfire class.",41plus_b50,high
MEM10-C,hostap,wpa_supplicant/wpa_cli.c,4967,FP,plain 'if (ctrl == NULL) return;' guard; established MEM10-C ad-hoc-NULL-check-is-stylistic FP class.,41plus_b50,high
ARR30-C,hostap,wpa_supplicant/wpa_cli.c,4972,FP,"len is bounded by the preceding wpa_ctrl_recv/wpa_ctrl_request(..., buf, &len, ...) call, which never writes beyond the input len value (initialized to sizeof(buf)-1 or sizeof(buf)); extends the established recv/request-length-cap ARR30-C FP family.",41plus_b50,high
STR34-C,hostap,wpa_supplicant/wpa_cli.c,4979,FP,"'*end = '\0';' / '*pos = '\0';' is a plain char assignment, not a widening char-to-int conversion; established STR34-C plain-assignment misfire class.",41plus_b50,high
CON07-C,hostap,wpa_supplicant/wpa_cli.c,5009,FP,"no-pthread FP class: wpa_cli.c has zero pthread_create/mutex usage (single-threaded/eloop CLI), same class as CON32-C/POS49-C/CON33-C/CON34-C precedent.",41plus_b50,high
DCL13-C,hostap,wpa_supplicant/wpa_cli.c,5009,FP,parameter matches the fixed eloop_timeout_handler/eloop_sock_handler callback typedef (src/utils/eloop.h) — signature is pinned by the eloop dispatch contract; established DCL13-C eloop-callback FP class.,41plus_b50,high
DCL13-C,hostap,wpa_supplicant/wpa_cli.c,5009,FP,parameter matches the fixed eloop_timeout_handler/eloop_sock_handler callback typedef (src/utils/eloop.h) — signature is pinned by the eloop dispatch contract; established DCL13-C eloop-callback FP class.,41plus_b50,high
EXP33-C,hostap,wpa_supplicant/wpa_cli.c,5011,FP,"ctrl_conn/mon_conn are file-scope statics declared with no initializer (:40,41) — implicitly zero-initialized to NULL per C 6.7.9p10; reading them (even in a boolean/NULL test) is well-defined, not an uninitialized-read. New pattern: static-implicit-zero-init misfire.",41plus_b50,high
EXP33-C,hostap,wpa_supplicant/wpa_cli.c,5015,FP,"wpa_cli_get_default_ifname is a function (decl :74, def :5128), not a static variable — same function-misidentified-as-static-var factual error as the wpa_list_cmd_list finding at :4347.",41plus_b50,high
PRE32-C,hostap,wpa_supplicant/wpa_cli.c,5019,FP,no #ifdef/#else/#endif appears anywhere inside or adjacent to this call's arguments (nearest preprocessor block already closed several lines earlier); the finding even quotes the plain string literal itself as the 'directive' — extends established 'no actual #-directive in the call' PRE32-C class (l2_packet_freebsd.c precedent).,41plus_b50,high
PRE32-C,hostap,wpa_supplicant/wpa_cli.c,5019,FP,no #ifdef/#else/#endif appears anywhere inside or adjacent to this call's arguments (nearest preprocessor block already closed several lines earlier); the finding even quotes the plain string literal itself as the 'directive' — extends established 'no actual #-directive in the call' PRE32-C class (l2_packet_freebsd.c precedent).,41plus_b50,high
MSC13-C,hostap,wpa_supplicant/wpa_cli.c,5022,FP,"warning_displayed is a file-scope static read at the top of this same function on the next invocation ('if (!warning_displayed)') — persisted static consumed across calls, not dead; same class as the wpa_cli_connected/last_id entries above.",41plus_b50,med
DCL13-C,hostap,wpa_supplicant/wpa_cli.c,5063,FP,parameter matches the fixed eloop_timeout_handler/eloop_sock_handler callback typedef (src/utils/eloop.h) — signature is pinned by the eloop dispatch contract; established DCL13-C eloop-callback FP class.,41plus_b50,high
DCL13-C,hostap,wpa_supplicant/wpa_cli.c,5083,FP,parameter matches the fixed eloop_timeout_handler/eloop_sock_handler callback typedef (src/utils/eloop.h) — signature is pinned by the eloop dispatch contract; established DCL13-C eloop-callback FP class.,41plus_b50,high
DCL13-C,hostap,wpa_supplicant/wpa_cli.c,5120,FP,parameter matches the fixed eloop_timeout_handler/eloop_sock_handler callback typedef (src/utils/eloop.h) — signature is pinned by the eloop dispatch contract; established DCL13-C eloop-callback FP class.,41plus_b50,high
ENV01-C,hostap,wpa_supplicant/wpa_cli.c,5133,FP,"ifprop is filled via Android's property_get(), not getenv() — no environment-variable code exists anywhere in this branch; established ENV01-C no-getenv-nearby FP class.",41plus_b50,high
CON34-C,hostap,wpa_supplicant/wpa_cli.c,5145,FP,"no-pthread FP class: wpa_cli.c has zero pthread_create/mutex usage (single-threaded/eloop CLI), same class as CON32-C/POS49-C/CON33-C/CON34-C precedent. (strerror/getenv/readdir internal-static-storage concerns are moot without threads.)",41plus_b50,high
EXP34-C,hostap,wpa_supplicant/wpa_cli.c,5152,FP,the enclosing 'while ((dent = readdir(dir)))' loop condition already gates dent non-NULL before every dent-> access in the body.,41plus_b50,high
ARR30-C,hostap,wpa_supplicant/wpa_cli.c,5181,FP,"len is bounded by the preceding wpa_ctrl_recv/wpa_ctrl_request(..., buf, &len, ...) call, which never writes beyond the input len value (initialized to sizeof(buf)-1 or sizeof(buf)); extends the established recv/request-length-cap ARR30-C FP family.",41plus_b50,high
STR34-C,hostap,wpa_supplicant/wpa_cli.c,5184,FP,"'*end = '\0';' / '*pos = '\0';' is a plain char assignment, not a widening char-to-int conversion; established STR34-C plain-assignment misfire class.",41plus_b50,high
API00-C,hostap,wpa_supplicant/wpa_cli.c,5195,FP,"main()'s argv is guaranteed valid by the C runtime (5.1.2.2.1: argv[0..argc-1] non-null, argv[argc]==NULL) — not attacker-suppliable garbage; rule over-applies defensive pedantry to a language-guaranteed invariant.",41plus_b50,high
API00-C,hostap,wpa_supplicant/wpa_cli.c,5195,FP,"main()'s argc is supplied by the OS/runtime, not computed from untrusted arithmetic — 'overflow validation' on it is not a meaningful check.",41plus_b50,high
CON07-C,hostap,wpa_supplicant/wpa_cli.c,5195,FP,"no-pthread FP class: wpa_cli.c has zero pthread_create/mutex usage (single-threaded/eloop CLI), same class as CON32-C/POS49-C/CON33-C/CON34-C precedent.",41plus_b50,high
STR31-C,hostap,wpa_supplicant/wpa_cli.c,5195,FP,"same as the API00-C findings on this line: argc/argv are runtime-guaranteed valid for main(), not unvalidated attacker input.",41plus_b50,high
ERR07-C,hostap,wpa_supplicant/wpa_cli.c,5219,TP,ping_interval = atoi(optarg) (the -G CLI option) has no range/error check at all and feeds directly into eloop_register_timeout() as a seconds value; genuine (low-severity) unchecked conversion.,41plus_b50,low
ERR34-C,hostap,wpa_supplicant/wpa_cli.c,5219,TP,ping_interval = atoi(optarg) (the -G CLI option) has no range/error check at all and feeds directly into eloop_register_timeout() as a seconds value; genuine (low-severity) unchecked conversion.,41plus_b50,low
EXP33-C,hostap,wpa_supplicant/wpa_cli.c,5263,FP,"wpa_cli_get_default_ifname is a function (decl :74, def :5128), not a static variable — same function-misidentified-as-static-var factual error as the wpa_list_cmd_list finding at :4347.",41plus_b50,high
EXP33-C,hostap,wpa_supplicant/wpa_cli.c,5267,FP,"ctrl_conn/mon_conn are file-scope statics declared with no initializer (:40,41) — implicitly zero-initialized to NULL per C 6.7.9p10; reading them (even in a boolean/NULL test) is well-defined, not an uninitialized-read. New pattern: static-implicit-zero-init misfire.",41plus_b50,high
PRE32-C,hostap,wpa_supplicant/wpa_cli.c,5285,FP,"Ordinary fprintf with concatenated string literals, zero preprocessor directives; matches PRE32-C ordinary-multiline-literal FP family.",41plus_b51,high
PRE32-C,hostap,wpa_supplicant/wpa_cli.c,5285,FP,"Same fprintf call; cited 'directive' is just the second half of a split string literal, no #if/#define present.",41plus_b51,high
CON33-C,hostap,wpa_supplicant/wpa_cli.c,5288,FP,"Confirmed CON33-C strerror() thread-safety FP pattern; wpa_cli is single-threaded, no pthread anywhere in file.",41plus_b51,high
CON34-C,hostap,wpa_supplicant/wpa_cli.c,5288,FP,"Confirmed CON34-C strerror() thread-safety FP pattern; single-threaded CLI, no pthread usage.",41plus_b51,high
PRE32-C,hostap,wpa_supplicant/wpa_cli.c,5296,FP,"Ordinary printf with concatenated string literals, zero real preprocessor directives; ordinary-multiline-literal PRE32-C FP family.",41plus_b51,high
PRE32-C,hostap,wpa_supplicant/wpa_cli.c,5296,FP,"Same printf call; flagged text is just the wrapped second half of the literal, not a directive.",41plus_b51,high
ARR30-C,hostap,wpa_supplicant/wpa_cli.c,5309,FP,Cross-function ARR30-C conflation: argv here is main()'s own argv param (line 5195); size/alloc cited at 4810 is an unrelated char*argv[max_args] local in wpa_cli_edit_cmd_cb.,41plus_b51,high
STR31-C,hostap,wpa_supplicant/wpa_cli.c,5320,FP,Misattributed: line 5320 is the #else-branch main() stub whose body only printf's a disabled-config message and returns -1; argv is never touched.,41plus_b51,high
PRE08-C,hostap,src/ap/wpa_auth.c,15,FP,"8.3-legacy filename-collision rule, not applicable to hostap toolchains (confirmed pattern)",41plus_b52,high
PRE08-C,hostap,src/ap/wpa_auth.c,33,FP,"8.3-legacy filename-collision rule, not applicable to hostap toolchains (confirmed pattern)",41plus_b52,high
PRE08-C,hostap,src/ap/wpa_auth.c,33,FP,"8.3-legacy filename-collision rule, not applicable to hostap toolchains (confirmed pattern)",41plus_b52,high
PRE08-C,hostap,src/ap/wpa_auth.c,35,FP,"8.3-legacy filename-collision rule, not applicable to hostap toolchains (confirmed pattern)",41plus_b52,high
API02-C,hostap,src/ap/wpa_auth.c,62,FP,wpa_derive_ptk already has key_len/pmk_len companions; rule misidentifies last pointer param,41plus_b52,high
EXP34-C,hostap,src/ap/wpa_auth.c,130,FP,"wpa_select_vlan_wpa_group falls back to its non-NULL input on no match, never returns NULL here",41plus_b52,med
DCL13-C,hostap,src/ap/wpa_auth.c,138,FP,sm mutated via alias: link=&sm->mld_links[id]; link->valid=false writes into *sm,41plus_b52,high
EXP40-C,hostap,src/ap/wpa_auth.c,169,FP,data parameter is a plain void * (never const); no const source exists to describe (rule scenario doesn't apply),41plus_b52,high
EXP40-C,hostap,src/ap/wpa_auth.c,206,FP,data parameter is a plain void * (never const); no const source exists to describe (rule scenario doesn't apply),41plus_b52,high
MSC37-C,hostap,src/ap/wpa_auth.c,220,FP,preprocessor-branch-blind: both the #ifdef and #else branches return a value (confirmed pattern),41plus_b52,high
DCL13-C,hostap,src/ap/wpa_auth.c,241,TP,Simple internal getter/forwarder never writes through the pointer; genuine (low-value) const opportunity,41plus_b52,low
DCL13-C,hostap,src/ap/wpa_auth.c,250,TP,Simple internal getter/forwarder never writes through the pointer; genuine (low-value) const opportunity,41plus_b52,low
DCL13-C,hostap,src/ap/wpa_auth.c,257,TP,Simple internal getter/forwarder never writes through the pointer; genuine (low-value) const opportunity,41plus_b52,low
DCL13-C,hostap,src/ap/wpa_auth.c,266,TP,Simple internal getter/forwarder never writes through the pointer; genuine (low-value) const opportunity,41plus_b52,low
DCL13-C,hostap,src/ap/wpa_auth.c,275,TP,Simple internal getter/forwarder never writes through the pointer; genuine (low-value) const opportunity,41plus_b52,low
API05-C,hostap,src/ap/wpa_auth.c,279,FP,"idiomatic T *ptr, size_t len pairing already conveys the bound; not a real conformant-array-syntax gap (confirmed pattern)",41plus_b52,high
DCL13-C,hostap,src/ap/wpa_auth.c,288,TP,Simple internal getter/forwarder never writes through the pointer; genuine (low-value) const opportunity,41plus_b52,low
DCL13-C,hostap,src/ap/wpa_auth.c,297,TP,Simple internal getter/forwarder never writes through the pointer; genuine (low-value) const opportunity,41plus_b52,low
DCL13-C,hostap,src/ap/wpa_auth.c,311,TP,Simple internal getter/forwarder never writes through the pointer; genuine (low-value) const opportunity,41plus_b52,low
DCL13-C,hostap,src/ap/wpa_auth.c,324,TP,Simple internal getter/forwarder never writes through the pointer; genuine (low-value) const opportunity,41plus_b52,low
DCL13-C,hostap,src/ap/wpa_auth.c,361,TP,Simple internal getter/forwarder never writes through the pointer; genuine (low-value) const opportunity,41plus_b52,low
DCL13-C,hostap,src/ap/wpa_auth.c,372,TP,Simple internal getter/forwarder never writes through the pointer; genuine (low-value) const opportunity,41plus_b52,low
DCL13-C,hostap,src/ap/wpa_auth.c,382,TP,Simple internal getter/forwarder never writes through the pointer; genuine (low-value) const opportunity,41plus_b52,low
DCL13-C,hostap,src/ap/wpa_auth.c,401,TP,Simple internal getter/forwarder never writes through the pointer; genuine (low-value) const opportunity,41plus_b52,low
DCL13-C,hostap,src/ap/wpa_auth.c,411,TP,Simple internal getter/forwarder never writes through the pointer; genuine (low-value) const opportunity,41plus_b52,low
API00-C,hostap,src/ap/wpa_auth.c,421,FP,Internal-only API always called with already-validated pointers from within hostap; defensive-check pedantry,41plus_b52,high
DCL13-C,hostap,src/ap/wpa_auth.c,421,TP,Simple internal getter/forwarder never writes through the pointer; genuine (low-value) const opportunity,41plus_b52,low
DCL13-C,hostap,src/ap/wpa_auth.c,431,TP,Simple internal getter/forwarder never writes through the pointer; genuine (low-value) const opportunity,41plus_b52,low
API00-C,hostap,src/ap/wpa_auth.c,439,FP,Internal-only API always called with already-validated pointers from within hostap; defensive-check pedantry,41plus_b52,high
DCL13-C,hostap,src/ap/wpa_auth.c,439,TP,Simple internal getter/forwarder never writes through the pointer; genuine (low-value) const opportunity,41plus_b52,low
API00-C,hostap,src/ap/wpa_auth.c,448,FP,Internal-only API always called with already-validated pointers from within hostap; defensive-check pedantry,41plus_b52,high
API00-C,hostap,src/ap/wpa_auth.c,448,FP,Internal-only API always called with already-validated pointers from within hostap; defensive-check pedantry,41plus_b52,high
DCL15-C,hostap,src/ap/wpa_auth.c,448,FP,wpa_auth_vlogger is declared in wpa_auth_i.h and called from wpa_auth_ie.c - genuine external linkage needed,41plus_b52,high
DCL19-C,hostap,src/ap/wpa_auth.c,448,FP,wpa_auth_vlogger used cross-file (wpa_auth_ie.c) via header declaration - not file-local,41plus_b52,high
ERR33-C,hostap,src/ap/wpa_auth.c,464,TP,vsnprintf return (possible truncation) genuinely unchecked; buffer sized heuristically,41plus_b52,low
DCL13-C,hostap,src/ap/wpa_auth.c,473,TP,Simple internal getter/forwarder never writes through the pointer; genuine (low-value) const opportunity,41plus_b52,low
DCL13-C,hostap,src/ap/wpa_auth.c,485,TP,Simple internal getter/forwarder never writes through the pointer; genuine (low-value) const opportunity,41plus_b52,low
DCL13-C,hostap,src/ap/wpa_auth.c,495,TP,Simple internal getter/forwarder never writes through the pointer; genuine (low-value) const opportunity,41plus_b52,low
DCL13-C,hostap,src/ap/wpa_auth.c,504,FP,timeout_ctx unused param of fixed eloop_timeout_handler callback signature (dispatch contract),41plus_b52,high
MSC41-C,hostap,src/ap/wpa_auth.c,512,FP,"Debug-log message/hexdump title string flagged as hard-coded secret, not actual key/secret data (confirmed pattern)",41plus_b52,high
MSC41-C,hostap,src/ap/wpa_auth.c,528,FP,"Debug-log message/hexdump title string flagged as hard-coded secret, not actual key/secret data (confirmed pattern)",41plus_b52,high
DCL30-C,hostap,src/ap/wpa_auth.c,544,FP,"next/group are both ordinary automatic locals in this function, neither is global/static (confirmed pattern)",41plus_b52,high
DCL30-C,hostap,src/ap/wpa_auth.c,562,FP,"next/group are both ordinary automatic locals in this function, neither is global/static (confirmed pattern)",41plus_b52,high
DCL13-C,hostap,src/ap/wpa_auth.c,594,FP,timeout_ctx param of fixed eloop_timeout_handler callback signature (dispatch contract),41plus_b52,high
MSC41-C,hostap,src/ap/wpa_auth.c,637,FP,"Debug-log message/hexdump title string flagged as hard-coded secret, not actual key/secret data (confirmed pattern)",41plus_b52,high
DCL13-C,hostap,src/ap/wpa_auth.c,657,FP,"ctx is a for_each_sta callback matching a fixed dispatch-contract typedef, not a free choice",41plus_b52,high
DCL13-C,hostap,src/ap/wpa_auth.c,679,TP,Simple internal getter/forwarder never writes through the pointer; genuine (low-value) const opportunity,41plus_b52,low
DCL13-C,hostap,src/ap/wpa_auth.c,680,FP,"group is mutated: random_get_bytes(group->GMK,...) and sha1_prf(...,group->Counter,...) write into it",41plus_b52,high
MEM05-C,hostap,src/ap/wpa_auth.c,682,FP,"array size is a sum of compile-time constants (ETH_ALEN/WPA_NONCE_LEN/etc.), not a VLA (confirmed pattern)",41plus_b52,high
ARR39-C,hostap,src/ap/wpa_auth.c,682,FP,"pure integer/array-size arithmetic, no pointer operand present at all (confirmed ARR39-C misfire pattern)",41plus_b52,high
MSC41-C,hostap,src/ap/wpa_auth.c,708,FP,"Debug-log message/hexdump title string flagged as hard-coded secret, not actual key/secret data (confirmed pattern)",41plus_b52,high
DCL30-C,hostap,src/ap/wpa_auth.c,757,FP,"group returned is heap-allocated via os_zalloc, not automatic storage (confirmed heap-vs-stack pattern)",41plus_b52,high
DCL13-C,hostap,src/ap/wpa_auth.c,761,TP,Simple internal getter/forwarder never writes through the pointer; genuine (low-value) const opportunity,41plus_b52,low
MSC01-C,hostap,src/ap/wpa_auth.c,834,FP,"if/else-if chain has an intentional no-op default case, not an unhandled condition (confirmed pattern)",41plus_b52,med
INT32-C,hostap,src/ap/wpa_auth.c,874,FP,"admin-configured P2P IP range, not adversarial input; clamped to <=1000 immediately after",41plus_b52,med
MSC07-C,hostap,src/ap/wpa_auth.c,894,FP,fail: label is reached via earlier goto fail statements - not unreachable (goto-blindness),41plus_b52,high
API00-C,hostap,src/ap/wpa_auth.c,907,FP,Internal-only API always called with already-validated pointers from within hostap; defensive-check pedantry,41plus_b52,high
API00-C,hostap,src/ap/wpa_auth.c,937,FP,Internal-only API always called with already-validated pointers from within hostap; defensive-check pedantry,41plus_b52,high
ARR01-C,hostap,src/ap/wpa_auth.c,1000,FP,"sizeof applied via dereference/member-access (sizeof(*ptr) or sizeof(ptr->field)), true size, not decayed (confirmed pattern)",41plus_b52,high
API00-C,hostap,src/ap/wpa_auth.c,1021,FP,Internal-only API always called with already-validated pointers from within hostap; defensive-check pedantry,41plus_b52,high
DCL30-C,hostap,src/ap/wpa_auth.c,1044,FP,"sm returned is heap-allocated via os_zalloc, not automatic storage (confirmed heap-vs-stack pattern)",41plus_b52,high
API00-C,hostap,src/ap/wpa_auth.c,1049,FP,Internal-only API always called with already-validated pointers from within hostap; defensive-check pedantry,41plus_b52,high
API00-C,hostap,src/ap/wpa_auth.c,1049,FP,Internal-only API always called with already-validated pointers from within hostap; defensive-check pedantry,41plus_b52,high
ARR01-C,hostap,src/ap/wpa_auth.c,1103,FP,"sizeof applied via dereference/member-access (sizeof(*ptr) or sizeof(ptr->field)), true size, not decayed (confirmed pattern)",41plus_b52,high
MSC41-C,hostap,src/ap/wpa_auth.c,1109,FP,"Debug-log message/hexdump title string flagged as hard-coded secret, not actual key/secret data (confirmed pattern)",41plus_b52,high
EXP20-C,hostap,src/ap/wpa_auth.c,1113,FP,wpa_sm_step is defined in this file and only ever returns 0 or 1; == 1 test matches its real contract,41plus_b52,high
MSC41-C,hostap,src/ap/wpa_auth.c,1119,FP,"Debug-log message/hexdump title string flagged as hard-coded secret, not actual key/secret data (confirmed pattern)",41plus_b52,high
ARR01-C,hostap,src/ap/wpa_auth.c,1182,FP,"sizeof applied via dereference/member-access (sizeof(*ptr) or sizeof(ptr->field)), true size, not decayed (confirmed pattern)",41plus_b52,high
DCL13-C,hostap,src/ap/wpa_auth.c,1252,TP,Simple internal getter/forwarder never writes through the pointer; genuine (low-value) const opportunity,41plus_b52,low
DCL13-C,hostap,src/ap/wpa_auth.c,1282,TP,Simple internal getter/forwarder never writes through the pointer; genuine (low-value) const opportunity,41plus_b52,low
DCL13-C,hostap,src/ap/wpa_auth.c,1284,TP,Simple internal getter/forwarder never writes through the pointer; genuine (low-value) const opportunity,41plus_b52,low
MSC41-C,hostap,src/ap/wpa_auth.c,1342,FP,"Debug-log message/hexdump title string flagged as hard-coded secret, not actual key/secret data (confirmed pattern)",41plus_b52,high
MSC41-C,hostap,src/ap/wpa_auth.c,1393,FP,"Debug-log message/hexdump title string flagged as hard-coded secret, not actual key/secret data (confirmed pattern)",41plus_b52,high
MSC41-C,hostap,src/ap/wpa_auth.c,1396,FP,"Debug-log message/hexdump title string flagged as hard-coded secret, not actual key/secret data (confirmed pattern)",41plus_b52,high
ENV01-C,hostap,src/ap/wpa_auth.c,1422,FP,no getenv()/putenv() call anywhere in this file; fixed array unrelated to environment variables (confirmed pattern),41plus_b52,high
ENV01-C,hostap,src/ap/wpa_auth.c,1423,FP,no getenv()/putenv() call anywhere in this file; fixed array unrelated to environment variables (confirmed pattern),41plus_b52,high
EXP33-C,hostap,src/ap/wpa_auth.c,1485,FP,"key_len only read when ok==true, which is only set after wpa_derive_ptk already wrote key_len on that path",41plus_b52,med
DCL13-C,hostap,src/ap/wpa_auth.c,1503,TP,Simple internal getter/forwarder never writes through the pointer; genuine (low-value) const opportunity,41plus_b52,low
MSC41-C,hostap,src/ap/wpa_auth.c,1532,FP,"Debug-log message/hexdump title string flagged as hard-coded secret, not actual key/secret data (confirmed pattern)",41plus_b52,high
MSC41-C,hostap,src/ap/wpa_auth.c,1542,FP,"Debug-log message/hexdump title string flagged as hard-coded secret, not actual key/secret data (confirmed pattern)",41plus_b52,high
MSC41-C,hostap,src/ap/wpa_auth.c,1550,FP,"Debug-log message/hexdump title string flagged as hard-coded secret, not actual key/secret data (confirmed pattern)",41plus_b52,high
MSC41-C,hostap,src/ap/wpa_auth.c,1568,FP,"Debug-log message/hexdump title string flagged as hard-coded secret, not actual key/secret data (confirmed pattern)",41plus_b52,high
MSC41-C,hostap,src/ap/wpa_auth.c,1605,FP,"Debug-log message/hexdump title string flagged as hard-coded secret, not actual key/secret data (confirmed pattern)",41plus_b52,high
MSC41-C,hostap,src/ap/wpa_auth.c,1626,FP,"Debug-log message/hexdump title string flagged as hard-coded secret, not actual key/secret data (confirmed pattern)",41plus_b52,high
EXP33-C,hostap,src/ap/wpa_auth.c,1678,FP,sizeof(*ptr) never evaluates/dereferences its operand for a non-VLA type (confirmed common idiom FP),41plus_b52,high
EXP33-C,hostap,src/ap/wpa_auth.c,1680,FP,sizeof(*ptr) never evaluates/dereferences its operand for a non-VLA type (confirmed common idiom FP),41plus_b52,high
EXP05-C,hostap,src/ap/wpa_auth.c,1685,FP,data parameter is plain u8 * (never const-qualified); nothing to cast away (confirmed pattern),41plus_b52,high
EXP36-C,hostap,src/ap/wpa_auth.c,1685,TP,genuine alignment-increasing cast from a byte pointer of arbitrary provenance to a struct pointer,41plus_b52,low
ARR39-C,hostap,src/ap/wpa_auth.c,1700,FP,"pure integer/array-size arithmetic, no pointer operand present at all (confirmed ARR39-C misfire pattern)",41plus_b52,high
ARR39-C,hostap,src/ap/wpa_auth.c,1704,FP,"pure integer/array-size arithmetic, no pointer operand present at all (confirmed ARR39-C misfire pattern)",41plus_b52,high
MSC01-C,hostap,src/ap/wpa_auth.c,1716,FP,"if/else-if chain has an intentional no-op default case, not an unhandled condition (confirmed pattern)",41plus_b52,med
MSC41-C,hostap,src/ap/wpa_auth.c,1901,FP,"Debug-log message/hexdump title string flagged as hard-coded secret, not actual key/secret data (confirmed pattern)",41plus_b52,high
MSC41-C,hostap,src/ap/wpa_auth.c,1915,FP,"Debug-log message/hexdump title string flagged as hard-coded secret, not actual key/secret data (confirmed pattern)",41plus_b52,high
MSC41-C,hostap,src/ap/wpa_auth.c,1936,FP,"Debug-log message/hexdump title string flagged as hard-coded secret, not actual key/secret data (confirmed pattern)",41plus_b52,high
MSC41-C,hostap,src/ap/wpa_auth.c,1946,FP,"Debug-log message/hexdump title string flagged as hard-coded secret, not actual key/secret data (confirmed pattern)",41plus_b52,high
MSC41-C,hostap,src/ap/wpa_auth.c,1958,FP,"Debug-log message/hexdump title string flagged as hard-coded secret, not actual key/secret data (confirmed pattern)",41plus_b52,high
MSC41-C,hostap,src/ap/wpa_auth.c,1963,FP,"Debug-log message/hexdump title string flagged as hard-coded secret, not actual key/secret data (confirmed pattern)",41plus_b52,high
ARR01-C,hostap,src/ap/wpa_auth.c,1989,FP,"sizeof applied via dereference/member-access (sizeof(*ptr) or sizeof(ptr->field)), true size, not decayed (confirmed pattern)",41plus_b52,high
ARR01-C,hostap,src/ap/wpa_auth.c,1992,FP,"sizeof applied via dereference/member-access (sizeof(*ptr) or sizeof(ptr->field)), true size, not decayed (confirmed pattern)",41plus_b52,high
API05-C,hostap,src/ap/wpa_auth.c,2021,FP,"idiomatic T *ptr, size_t len pairing already conveys the bound; not a real conformant-array-syntax gap (confirmed pattern)",41plus_b52,high
ENV01-C,hostap,src/ap/wpa_auth.c,2024,FP,no getenv()/putenv() call anywhere in this file; fixed array unrelated to environment variables (confirmed pattern),41plus_b52,high
MEM05-C,hostap,src/ap/wpa_auth.c,2024,FP,"array size is a sum of compile-time constants (ETH_ALEN/WPA_NONCE_LEN/etc.), not a VLA (confirmed pattern)",41plus_b52,high
MSC41-C,hostap,src/ap/wpa_auth.c,2076,FP,"Debug-log message/hexdump title string flagged as hard-coded secret, not actual key/secret data (confirmed pattern)",41plus_b52,high
MSC41-C,hostap,src/ap/wpa_auth.c,2082,FP,"Debug-log message/hexdump title string flagged as hard-coded secret, not actual key/secret data (confirmed pattern)",41plus_b52,high
API00-C,hostap,src/ap/wpa_auth.c,2088,FP,Internal-only API always called with already-validated pointers from within hostap; defensive-check pedantry,41plus_b52,high
API00-C,hostap,src/ap/wpa_auth.c,2088,FP,Internal-only API always called with already-validated pointers from within hostap; defensive-check pedantry,41plus_b52,high
API00-C,hostap,src/ap/wpa_auth.c,2088,FP,Internal-only API always called with already-validated pointers from within hostap; defensive-check pedantry,41plus_b52,high
API00-C,hostap,src/ap/wpa_auth.c,2088,FP,Internal-only API always called with already-validated pointers from within hostap; defensive-check pedantry,41plus_b52,high
DCL37-C,hostap,src/ap/wpa_auth.c,2088,TP,"__wpa_send_eapol genuinely uses a reserved double-underscore-prefixed identifier, no external-header shadowing reason",41plus_b52,low
EXP33-C,hostap,src/ap/wpa_auth.c,2106,FP,sizeof(*ptr) never evaluates/dereferences its operand for a non-VLA type (confirmed common idiom FP),41plus_b52,high
INT32-C,hostap,src/ap/wpa_auth.c,2140,FP,"key_data_len built from internally-constructed KDE length, not attacker-controlled; no realistic overflow",41plus_b52,med
INT30-C,hostap,src/ap/wpa_auth.c,2143,FP,length computed from internally-constructed frame sizes with a guaranteed non-negative/bounded invariant by construction,41plus_b52,med
INT30-C,hostap,src/ap/wpa_auth.c,2145,FP,length computed from internally-constructed frame sizes with a guaranteed non-negative/bounded invariant by construction,41plus_b52,med
INT30-C,hostap,src/ap/wpa_auth.c,2152,FP,length computed from internally-constructed frame sizes with a guaranteed non-negative/bounded invariant by construction,41plus_b52,med
INT30-C,hostap,src/ap/wpa_auth.c,2155,FP,length computed from internally-constructed frame sizes with a guaranteed non-negative/bounded invariant by construction,41plus_b52,med
INT14-C,hostap,src/ap/wpa_auth.c,2163,TP,keyidx is signed int shifted into a bit-field; narrow 0-3 range makes this harmless but letter-of-rule real,41plus_b52,low
STR31-C,hostap,src/ap/wpa_auth.c,2202,FP,"aad/aad_len are arrays of pointers/size_t, not character arrays; rule category error",41plus_b52,high
STR31-C,hostap,src/ap/wpa_auth.c,2203,FP,"aad/aad_len are arrays of pointers/size_t, not character arrays; rule category error",41plus_b52,high
MSC41-C,hostap,src/ap/wpa_auth.c,2206,FP,"Debug-log message/hexdump title string flagged as hard-coded secret, not actual key/secret data (confirmed pattern)",41plus_b52,high
MSC01-C,hostap,src/ap/wpa_auth.c,2225,FP,"if/else-if chain has an intentional no-op default case, not an unhandled condition (confirmed pattern)",41plus_b52,med
DCL30-C,hostap,src/ap/wpa_auth.c,2231,FP,"buf/pos are both ordinary automatic locals in __wpa_send_eapol, neither is global/static",41plus_b52,high
MSC41-C,hostap,src/ap/wpa_auth.c,2239,FP,"Debug-log message/hexdump title string flagged as hard-coded secret, not actual key/secret data (confirmed pattern)",41plus_b52,high
INT32-C,hostap,src/ap/wpa_auth.c,2247,FP,key_data_len-8 guaranteed >=0 by construction (only reached via the padded encr branch adding pad_len+8),41plus_b52,med
MEM30-C,hostap,src/ap/wpa_auth.c,2276,FP,Free/UAF claim spans mutually-exclusive early-return branches in __wpa_send_eapol; none execute in sequence,41plus_b52,high
MSC41-C,hostap,src/ap/wpa_auth.c,2283,FP,"Debug-log message/hexdump title string flagged as hard-coded secret, not actual key/secret data (confirmed pattern)",41plus_b52,high
MEM30-C,hostap,src/ap/wpa_auth.c,2284,FP,Free/UAF claim spans mutually-exclusive early-return branches in __wpa_send_eapol; none execute in sequence,41plus_b52,high
MEM30-C,hostap,src/ap/wpa_auth.c,2288,FP,Free/UAF claim spans mutually-exclusive early-return branches in __wpa_send_eapol; none execute in sequence,41plus_b52,high
MEM30-C,hostap,src/ap/wpa_auth.c,2288,FP,Free/UAF claim spans mutually-exclusive early-return branches in __wpa_send_eapol; none execute in sequence,41plus_b52,high
MEM30-C,hostap,src/ap/wpa_auth.c,2291,FP,Free/UAF claim spans mutually-exclusive early-return branches in __wpa_send_eapol; none execute in sequence,41plus_b52,high
MSC41-C,hostap,src/ap/wpa_auth.c,2300,FP,"Debug-log message/hexdump title string flagged as hard-coded secret, not actual key/secret data (confirmed pattern)",41plus_b52,high
MEM30-C,hostap,src/ap/wpa_auth.c,2307,FP,Free/UAF claim spans mutually-exclusive early-return branches in __wpa_send_eapol; none execute in sequence,41plus_b52,high
MEM30-C,hostap,src/ap/wpa_auth.c,2307,FP,Free/UAF claim spans mutually-exclusive early-return branches in __wpa_send_eapol; none execute in sequence,41plus_b52,high
MEM30-C,hostap,src/ap/wpa_auth.c,2308,FP,Free/UAF claim spans mutually-exclusive early-return branches in __wpa_send_eapol; none execute in sequence,41plus_b52,high
MEM30-C,hostap,src/ap/wpa_auth.c,2308,FP,Free/UAF claim spans mutually-exclusive early-return branches in __wpa_send_eapol; none execute in sequence,41plus_b52,high
DCL13-C,hostap,src/ap/wpa_auth.c,2314,TP,Simple internal getter/forwarder never writes through the pointer; genuine (low-value) const opportunity,41plus_b52,low
DCL13-C,hostap,src/ap/wpa_auth.c,2381,TP,Simple internal getter/forwarder never writes through the pointer; genuine (low-value) const opportunity,41plus_b52,low
ENV01-C,hostap,src/ap/wpa_auth.c,2388,FP,no getenv()/putenv() call anywhere in this file; fixed array unrelated to environment variables (confirmed pattern),41plus_b52,high
EXP33-C,hostap,src/ap/wpa_auth.c,2391,FP,sizeof(*hdr)+sizeof(*key) never dereferences either pointer (confirmed sizeof idiom FP),41plus_b52,high
EXP33-C,hostap,src/ap/wpa_auth.c,2391,FP,sizeof(*hdr)+sizeof(*key) never dereferences either pointer (confirmed sizeof idiom FP),41plus_b52,high
EXP05-C,hostap,src/ap/wpa_auth.c,2394,FP,data parameter is plain u8 * (never const-qualified); nothing to cast away (confirmed pattern),41plus_b52,high
EXP36-C,hostap,src/ap/wpa_auth.c,2394,TP,genuine alignment-increasing cast from a byte pointer of arbitrary provenance to a struct pointer,41plus_b52,low
API00-C,hostap,src/ap/wpa_auth.c,2410,FP,Internal-only API always called with already-validated pointers from within hostap; defensive-check pedantry,41plus_b52,high
ARR01-C,hostap,src/ap/wpa_auth.c,2413,FP,"sizeof applied via dereference/member-access (sizeof(*ptr) or sizeof(ptr->field)), true size, not decayed (confirmed pattern)",41plus_b52,high
MSC17-C,hostap,src/ap/wpa_auth.c,2442,FP,case body under #ifdef always exits (break/return) in the compiled configuration; rule is preprocessor-branch-blind (confirmed pattern),41plus_b52,high
ARR01-C,hostap,src/ap/wpa_auth.c,2456,FP,"sizeof applied via dereference/member-access (sizeof(*ptr) or sizeof(ptr->field)), true size, not decayed (confirmed pattern)",41plus_b52,high
ARR01-C,hostap,src/ap/wpa_auth.c,2459,FP,"sizeof applied via dereference/member-access (sizeof(*ptr) or sizeof(ptr->field)), true size, not decayed (confirmed pattern)",41plus_b52,high
ARR01-C,hostap,src/ap/wpa_auth.c,2461,FP,"sizeof applied via dereference/member-access (sizeof(*ptr) or sizeof(ptr->field)), true size, not decayed (confirmed pattern)",41plus_b52,high
MSC07-C,hostap,src/ap/wpa_auth.c,2465,FP,"next line is a new switch case label (case WPA_REAUTH), reachable on that switch value - not unreachable code",41plus_b52,high
EXP20-C,hostap,src/ap/wpa_auth.c,2479,FP,wpa_sm_step is defined in this file and only ever returns 0 or 1; == 1 test matches its real contract,41plus_b52,high
MSC17-C,hostap,src/ap/wpa_auth.c,2524,FP,case body under #ifdef always exits (break/return) in the compiled configuration; rule is preprocessor-branch-blind (confirmed pattern),41plus_b52,high
MSC17-C,hostap,src/ap/wpa_auth.c,2537,FP,Pattern: MSC17-C #ifdef/#endif-intervening-case fallthrough misfire; both branches end in return/break,41plus_b53,high
ARR01-C,hostap,src/ap/wpa_auth.c,2571,FP,"Pattern: ARR01-C sizeof(ptr->member) on real fixed-size struct field, not decayed array",41plus_b53,high
DCL13-C,hostap,src/ap/wpa_auth.c,2652,TP,sm/wpa_auth genuinely never modified in this internal helper; not a callback contract,41plus_b53,med
DCL13-C,hostap,src/ap/wpa_auth.c,2653,TP,group param never modified in this internal helper,41plus_b53,med
MEM05-C,hostap,src/ap/wpa_auth.c,2770,FP,"u8 msk[2*PMK_LEN] is a fixed compile-time-constant array, not a VLA",41plus_b53,high
INT30-C,hostap,src/ap/wpa_auth.c,2905,FP,"Pattern: small compile-time-bounded buf_len accumulation, far from SIZE_MAX",41plus_b53,high
INT30-C,hostap,src/ap/wpa_auth.c,2909,FP,"buf_len += wpabuf_len(config element); hostapd-config-bounded, not attacker input",41plus_b53,high
MSC41-C,hostap,src/ap/wpa_auth.c,2917,FP,"Pattern: MSC41-C security-substring misfire on plain debug log text, no real secret",41plus_b53,high
EXP30-C,hostap,src/ap/wpa_auth.c,2994,FP,"Pattern: EXP30-C pure-accessor args (wpa_auth_get_aa/get_spa), no real side effects",41plus_b53,high
INT30-C,hostap,src/ap/wpa_auth.c,3014,FP,Pattern: small compile-time-bounded kde_len accumulation,41plus_b53,high
EXP30-C,hostap,src/ap/wpa_auth.c,3020,FP,Pattern: EXP30-C pure-accessor args (wpabuf_head/wpabuf_len),41plus_b53,high
INT30-C,hostap,src/ap/wpa_auth.c,3022,FP,"kde_len += wpabuf_len(config element); config-bounded, not realistic wrap",41plus_b53,high
EXP30-C,hostap,src/ap/wpa_auth.c,3058,FP,Pattern: EXP30-C pure-accessor args (wpa_auth_get_spa/get_aa),41plus_b53,high
EXP30-C,hostap,src/ap/wpa_auth.c,3101,FP,Pattern: EXP30-C pure-accessor args (wpa_auth_get_aa/get_spa),41plus_b53,high
API00-C,hostap,src/ap/wpa_auth.c,3127,FP,"Pattern: API00-C mostly-FP on internal-only APIs, fixed small caller set",41plus_b53,med
API00-C,hostap,src/ap/wpa_auth.c,3127,FP,"Pattern: API00-C mostly-FP on internal-only APIs, fixed small caller set",41plus_b53,med
API00-C,hostap,src/ap/wpa_auth.c,3127,FP,"Pattern: API00-C mostly-FP on internal-only APIs, fixed small caller set",41plus_b53,med
API00-C,hostap,src/ap/wpa_auth.c,3127,FP,"Pattern: API00-C mostly-FP on internal-only APIs, fixed small caller set",41plus_b53,med
API00-C,hostap,src/ap/wpa_auth.c,3127,FP,"Pattern: API00-C mostly-FP on internal-only APIs, fixed small caller set",41plus_b53,med
API00-C,hostap,src/ap/wpa_auth.c,3127,FP,"Pattern: API00-C mostly-FP on internal-only APIs, fixed small caller set",41plus_b53,med
API00-C,hostap,src/ap/wpa_auth.c,3127,FP,"Pattern: API00-C mostly-FP on internal-only APIs, fixed small caller set",41plus_b53,med
ENV01-C,hostap,src/ap/wpa_auth.c,3132,FP,Pattern: ENV01-C misfires on plain fixed crypto buffer; no getenv() anywhere near,41plus_b53,high
ENV01-C,hostap,src/ap/wpa_auth.c,3135,FP,"Pattern: ENV01-C misfire, fixed crypto key buffer, no getenv() involved",41plus_b53,high
EXP30-C,hostap,src/ap/wpa_auth.c,3145,FP,Pattern: EXP30-C pure-accessor args (wpa_auth_get_spa/get_aa),41plus_b53,high
ENV01-C,hostap,src/ap/wpa_auth.c,3173,FP,"Pattern: ENV01-C misfire on fixed pmk_r0/pmk_r0_name crypto buffers, no getenv",41plus_b53,high
EXP30-C,hostap,src/ap/wpa_auth.c,3200,FP,Pattern: EXP30-C pure-accessor args (wpa_auth_get_spa/get_aa),41plus_b53,high
DCL13-C,hostap,src/ap/wpa_auth.c,3220,TP,"ptk param only read (ptk->kek/kek_len), never modified",41plus_b53,med
DCL13-C,hostap,src/ap/wpa_auth.c,3221,FP,Pattern: DCL13-C buf aliased via pos=(u8*)(key+1) then written through alias,41plus_b53,high
STR31-C,hostap,src/ap/wpa_auth.c,3228,FP,Pattern: STR31-C misapplied to non-char array `const u8 *aad[1]` (pointer array),41plus_b53,high
STR31-C,hostap,src/ap/wpa_auth.c,3229,FP,Pattern: STR31-C misapplied to non-char array `size_t aad_len[1]`,41plus_b53,high
ARR39-C,hostap,src/ap/wpa_auth.c,3236,FP,"Pattern: ARR39-C misfires on sizeof() in a pure bounds-check subtraction, no pointer scaling",41plus_b53,high
ARR39-C,hostap,src/ap/wpa_auth.c,3236,FP,"Pattern: ARR39-C misfires on sizeof() in a pure bounds-check subtraction, no pointer scaling",41plus_b53,high
ARR39-C,hostap,src/ap/wpa_auth.c,3260,FP,Pattern: ARR39-C misfire; key_data_len -= AES_BLOCK_SIZE is plain integer arithmetic,41plus_b53,high
API00-C,hostap,src/ap/wpa_auth.c,3275,FP,Pattern: API00-C mostly-FP on internal-only wpa_fils_validate_fils_session API,41plus_b53,med
API00-C,hostap,src/ap/wpa_auth.c,3275,FP,Pattern: API00-C mostly-FP on internal-only wpa_fils_validate_fils_session API,41plus_b53,med
DCL13-C,hostap,src/ap/wpa_auth.c,3275,TP,"sm only read (sm->wpa_key_mgmt), never modified",41plus_b53,med
DCL13-C,hostap,src/ap/wpa_auth.c,3329,TP,"sm only read in wpa_fils_validate_key_confirm, never modified",41plus_b53,med
EXP33-C,hostap,src/ap/wpa_auth.c,3340,FP,Pattern: EXP33-C output-param misfire; elems fully populated by ieee802_11_parse_elems or function returns early,41plus_b53,high
API00-C,hostap,src/ap/wpa_auth.c,3372,FP,Pattern: API00-C mostly-FP on internal-only fils_decrypt_assoc API,41plus_b53,med
API00-C,hostap,src/ap/wpa_auth.c,3372,FP,Pattern: API00-C mostly-FP on internal-only fils_decrypt_assoc API,41plus_b53,med
ARR36-C,hostap,src/ap/wpa_auth.c,3443,FP,Pattern: ARR36-C pos/end family; crypt/aad[4] both derive from same mgmt frame buffer,41plus_b53,high
API00-C,hostap,src/ap/wpa_auth.c,3460,FP,Pattern: API00-C mostly-FP on internal-only fils_encrypt_assoc API,41plus_b53,med
API00-C,hostap,src/ap/wpa_auth.c,3460,FP,Pattern: API00-C mostly-FP on internal-only fils_encrypt_assoc API,41plus_b53,med
API00-C,hostap,src/ap/wpa_auth.c,3460,FP,Pattern: API00-C mostly-FP on internal-only fils_encrypt_assoc API,41plus_b53,med
EXP05-C,hostap,src/ap/wpa_auth.c,3478,FP,buf param is plain non-const u8*; no const qualifier exists to cast away,41plus_b53,high
EXP33-C,hostap,src/ap/wpa_auth.c,3503,FP,Pattern: sqc mistakes call to static function fils_prepare_plainbuf for a variable read; no such variable exists,41plus_b53,high
ARR39-C,hostap,src/ap/wpa_auth.c,3509,FP,"pos + wpabuf_len(plain) + AES_BLOCK_SIZE is ordinary bounds-check pointer arithmetic, no double scaling",41plus_b53,med
EXP30-C,hostap,src/ap/wpa_auth.c,3519,FP,Pattern: EXP30-C pure-accessor args (wpabuf_head/wpabuf_len),41plus_b53,high
DCL30-C,hostap,src/ap/wpa_auth.c,3534,FP,"current_len is a size_t scalar, not a pointer; DCL30-C misapplied to non-pointer return",41plus_b53,high
INT14-C,hostap,src/ap/wpa_auth.c,3580,FP,Pattern: INT14-C conflates gsm->GN bitwise use (&0x03) with unrelated arithmetic use (-1) on same field,41plus_b53,high
EXP33-C,hostap,src/ap/wpa_auth.c,3602,FP,Pattern: sqc mistakes call to static function ieee80211w_kde_add for a variable read,41plus_b53,high
DCL30-C,hostap,src/ap/wpa_auth.c,3643,FP,"Pattern: plain heap-allocated via wpabuf_alloc, not automatic/stack storage",41plus_b53,high
API00-C,hostap,src/ap/wpa_auth.c,3693,FP,Pattern: API00-C mostly-FP on internal-only hostapd_eid_assoc_fils_session API,41plus_b53,med
API00-C,hostap,src/ap/wpa_auth.c,3693,FP,Pattern: API00-C mostly-FP on internal-only hostapd_eid_assoc_fils_session API,41plus_b53,med
API00-C,hostap,src/ap/wpa_auth.c,3693,FP,Pattern: API00-C mostly-FP on internal-only hostapd_eid_assoc_fils_session API,41plus_b53,med
EXP33-C,hostap,src/ap/wpa_auth.c,3706,FP,Pattern: sqc mistakes call to static function fils_prepare_plainbuf for a variable read,41plus_b53,high
EXP30-C,hostap,src/ap/wpa_auth.c,3712,FP,Pattern: EXP30-C pure-accessor args (wpabuf_head/wpabuf_len),41plus_b53,high
DCL30-C,hostap,src/ap/wpa_auth.c,3719,FP,"Pattern: DCL30-C pos/end family; pos aliases the buf parameter, not local automatic storage",41plus_b53,high
DCL13-C,hostap,src/ap/wpa_auth.c,3726,TP,"sm only read in wpa_auth_validate_ml_kdes_m2, never modified",41plus_b53,med
DCL13-C,hostap,src/ap/wpa_auth.c,3740,TP,"sm only read, never modified",41plus_b53,med
DCL13-C,hostap,src/ap/wpa_auth.c,3741,TP,"kde param only read (kde->mac_addr/valid_mlo_links/etc), never modified",41plus_b53,med
EXP33-C,hostap,src/ap/wpa_auth.c,3766,FP,"Pattern: for_each_link(links,i) loop-header-macro fully initializes i; not a real uninitialized use",41plus_b53,high
EXP30-C,hostap,src/ap/wpa_auth.c,3784,FP,"MAC2STR macro args are pure byte reads, no side effects to unsequence",41plus_b53,high
ENV01-C,hostap,src/ap/wpa_auth.c,3824,FP,"Pattern: ENV01-C misfire on fixed pmk_r0/pmk_r0_name crypto buffers, no getenv",41plus_b53,high
ENV01-C,hostap,src/ap/wpa_auth.c,3825,FP,"Pattern: ENV01-C misfire on fixed pmk_r1 crypto buffer, no getenv",41plus_b53,high
ARR39-C,hostap,src/ap/wpa_auth.c,3965,FP,"Pattern: ARR39-C misfire on sizeof() in bounds-check subtraction, no pointer scaling",41plus_b53,high
INT30-C,hostap,src/ap/wpa_auth.c,3965,FP,Comment states last_rx_eapol_key_len already validated in wpa_receive(); no realistic underflow,41plus_b53,high
INT30-C,hostap,src/ap/wpa_auth.c,3965,FP,Comment states last_rx_eapol_key_len already validated in wpa_receive(); no realistic underflow,41plus_b53,high
INT30-C,hostap,src/ap/wpa_auth.c,3965,FP,Comment states last_rx_eapol_key_len already validated in wpa_receive(); no realistic underflow,41plus_b53,high
INT10-C,hostap,src/ap/wpa_auth.c,3979,FP,key_data_length is u16 (always non-negative); promoted-to-int modulo can't be negative in practice,41plus_b53,med
MSC41-C,hostap,src/ap/wpa_auth.c,4003,FP,Pattern: MSC41-C security-substring misfire on plain debug log text,41plus_b53,high
MSC41-C,hostap,src/ap/wpa_auth.c,4018,FP,Pattern: MSC41-C security-substring misfire on plain log text,41plus_b53,high
MSC41-C,hostap,src/ap/wpa_auth.c,4036,FP,Pattern: MSC41-C security-substring misfire on plain log text,41plus_b53,high
MSC41-C,hostap,src/ap/wpa_auth.c,4072,FP,Pattern: MSC41-C security-substring misfire on plain log text,41plus_b53,high
MSC01-C,hostap,src/ap/wpa_auth.c,4074,FP,Pattern: MSC01-C stylistic pedantry; missing branch is the correct OCV-success default,41plus_b53,high
MSC41-C,hostap,src/ap/wpa_auth.c,4108,FP,Pattern: MSC41-C security-substring misfire on plain log text,41plus_b53,high
DCL13-C,hostap,src/ap/wpa_auth.c,4216,TP,"sm only read in ieee80211w_kde_len, never modified",41plus_b53,med
DCL13-C,hostap,src/ap/wpa_auth.c,4237,TP,"sm only read in ieee80211w_kde_add, never modified",41plus_b53,med
EXP33-C,hostap,src/ap/wpa_auth.c,4255,FP,igtk struct fully populated field-by-field before the bounded WPA_IGTK_KDE_PREFIX_LEN+len bytes are read,41plus_b53,high
EXP33-C,hostap,src/ap/wpa_auth.c,4291,FP,bigtk struct fully populated field-by-field before the bounded bytes are read,41plus_b53,high
MSC37-C,hostap,src/ap/wpa_auth.c,4318,FP,Pattern: MSC37-C preprocessor-branch-blind; both CONFIG_OCV arms return on every path,41plus_b53,high
API05-C,hostap,src/ap/wpa_auth.c,4349,FP,"Pattern: API05-C misfire on idiomatic T*ptr,size_t len paired params (old_buf/ie with len/ie_len)",41plus_b53,high
EXP05-C,hostap,src/ap/wpa_auth.c,4366,FP,"elem aliases buf, a plain non-const heap buffer this function itself malloc'd; get_ie's const return type is conservative, object isn't truly const",41plus_b53,med
DCL30-C,hostap,src/ap/wpa_auth.c,4375,FP,"Pattern: buf is heap-allocated via os_malloc, not automatic storage",41plus_b53,high
EXP34-C,hostap,src/ap/wpa_auth.c,4397,FP,wpa_select_vlan_wpa_group always falls back to its non-NULL input gsm if no match; provably never NULL here,41plus_b53,med
INT14-C,hostap,src/ap/wpa_auth.c,4397,FP,Pattern: INT14-C conflates gsm->GN bitwise use with unrelated arithmetic use on same field,41plus_b53,high
ARR01-C,hostap,src/ap/wpa_auth.c,4402,FP,Pattern: ARR01-C sizeof(ptr->member) on real fixed-size struct field info->pn,41plus_b53,high
ARR01-C,hostap,src/ap/wpa_auth.c,4404,FP,Pattern: ARR01-C sizeof(ptr->member) misfire,41plus_b53,high
ARR01-C,hostap,src/ap/wpa_auth.c,4414,FP,Pattern: ARR01-C sizeof(ptr->member) misfire on info->ipn,41plus_b53,high
ARR01-C,hostap,src/ap/wpa_auth.c,4416,FP,Pattern: ARR01-C sizeof(ptr->member) misfire,41plus_b53,high
ARR01-C,hostap,src/ap/wpa_auth.c,4435,FP,Pattern: ARR01-C sizeof(ptr->member) misfire on info->bipn,41plus_b53,high
ARR01-C,hostap,src/ap/wpa_auth.c,4437,FP,Pattern: ARR01-C sizeof(ptr->member) misfire,41plus_b53,high
DCL13-C,hostap,src/ap/wpa_auth.c,4441,TP,"wpa_auth only read in wpa_auth_get_ml_key_info, never modified",41plus_b53,med
DCL13-C,hostap,src/ap/wpa_auth.c,4452,TP,"sm only read in wpa_auth_ml_group_kdes_len, never modified",41plus_b53,med
API00-C,hostap,src/ap/wpa_auth.c,4503,FP,Pattern: API00-C mostly-FP on internal-only wpa_auth_ml_group_kdes API,41plus_b53,med
INT14-C,hostap,src/ap/wpa_auth.c,4549,FP,Pattern: INT14-C conflates ml_key_info struct-field bitwise use with unrelated arithmetic/index use,41plus_b53,high
INT14-C,hostap,src/ap/wpa_auth.c,4549,FP,Pattern: INT14-C conflates ml_key_info struct-field bitwise use with unrelated arithmetic/index use,41plus_b53,high
DCL30-C,hostap,src/ap/wpa_auth.c,4568,FP,"Pattern: DCL30-C pos/start family; pos aliases the pos parameter, not local automatic storage",41plus_b53,high
ARR39-C,hostap,src/ap/wpa_auth.c,4585,FP,Pattern: ARR39-C misfire on sizeof() inside plain additive length expression,41plus_b53,high
DCL30-C,hostap,src/ap/wpa_auth.c,4611,FP,Pattern: DCL30-C pos/start family; pos aliases the parameter,41plus_b53,high
ARR39-C,hostap,src/ap/wpa_auth.c,4629,FP,Pattern: ARR39-C misfire on sizeof() inside plain additive length expression,41plus_b53,high
DCL30-C,hostap,src/ap/wpa_auth.c,4653,FP,Pattern: DCL30-C pos/start family; pos aliases the parameter,41plus_b53,high
EXP33-C,hostap,src/ap/wpa_auth.c,4675,FP,ie is unconditionally assigned via get_ie() before any read in every loop iteration,41plus_b53,med
EXP33-C,hostap,src/ap/wpa_auth.c,4738,FP,rsne/rsnxe/rsnoe/rsno2e/rsnxoe all unconditionally assigned before any read in every path,41plus_b53,med
EXP33-C,hostap,src/ap/wpa_auth.c,4738,FP,rsne/rsnxe/rsnoe/rsno2e/rsnxoe all unconditionally assigned before any read in every path,41plus_b53,med
EXP33-C,hostap,src/ap/wpa_auth.c,4738,FP,rsne/rsnxe/rsnoe/rsno2e/rsnxoe all unconditionally assigned before any read in every path,41plus_b53,med
EXP33-C,hostap,src/ap/wpa_auth.c,4738,FP,rsne/rsnxe/rsnoe/rsno2e/rsnxoe all unconditionally assigned before any read in every path,41plus_b53,med
EXP33-C,hostap,src/ap/wpa_auth.c,4738,FP,rsne/rsnxe/rsnoe/rsno2e/rsnxoe all unconditionally assigned before any read in every path,41plus_b53,med
ARR00-C,hostap,src/ap/wpa_auth.c,4843,FP,Pattern: ARR00-C pos/start family; pos and start both derive from the same function-param buffer,41plus_b53,high
DCL13-C,hostap,src/ap/wpa_auth.c,4852,TP,"sm only read in add_sae_pw_ids, never modified",41plus_b53,med
DCL13-C,hostap,src/ap/wpa_auth.c,4852,TP,"sm only read in add_sae_pw_ids, never modified",41plus_b53,med
ARR36-C,hostap,src/ap/wpa_auth.c,4872,FP,Pattern: ARR36-C pos/end family; end and pos both trace to the same caller buffer,41plus_b53,high
ARR36-C,hostap,src/ap/wpa_auth.c,4904,FP,Pattern: ARR36-C pos/end family,41plus_b53,high
ARR00-C,hostap,src/ap/wpa_auth.c,4927,FP,"Pattern: ARR00-C pos/start family; pos is not yet NULL at this point (assigned after), same buffer as start",41plus_b53,high
ARR00-C,hostap,src/ap/wpa_auth.c,4935,FP,"Pattern: ARR00-C pos/start family; success-path pos-start on same buffer, pos never NULL here",41plus_b53,high
DCL30-C,hostap,src/ap/wpa_auth.c,4939,FP,Pattern: DCL30-C pos/start family; pos aliases the parameter,41plus_b53,high
INT30-C,hostap,src/ap/wpa_auth.c,4986,FP,wpa_ie[1] is a u8 field (max 255); +2U can't realistically wrap,41plus_b53,high
INT32-C,hostap,src/ap/wpa_auth.c,4993,FP,wpa_ie[1] is a u8 field (max 255); +2 can't realistically overflow int,41plus_b53,high
ARR02-C,hostap,src/ap/wpa_auth.c,4999,FP,"Pattern: ARR02-C misfire; ids[] size is exactly the 4-element initializer list, no real bound ambiguity",41plus_b53,high
INT32-C,hostap,src/ap/wpa_auth.c,5019,FP,ie[1] is a u8 field (max 255); +2 can't realistically overflow int,41plus_b53,high
INT32-C,hostap,src/ap/wpa_auth.c,5022,FP,"wpa_ie_len/ie_len are size_t (unsigned); INT32-C signed-overflow rule misapplied, and ie_len is bounded by wpa_ie_len by construction",41plus_b53,high
MSC41-C,hostap,src/ap/wpa_auth.c,5049,FP,Pattern: MSC41-C security-substring misfire on plain log text,41plus_b53,high
EXP30-C,hostap,src/ap/wpa_auth.c,5052,FP,Pattern: EXP30-C pure-accessor args (wpa_cipher_to_alg/wpa_cipher_key_len),41plus_b53,high
EXP30-C,hostap,src/ap/wpa_auth.c,5064,FP,Pattern: EXP30-C pure-accessor args (wpa_cipher_to_alg/wpa_cipher_key_len),41plus_b53,high
INT30-C,hostap,src/ap/wpa_auth.c,5134,FP,Pattern: small compile-time-bounded kde_len accumulation for msg 3/4 KDE sizing,41plus_b53,high
INT30-C,hostap,src/ap/wpa_auth.c,5137,FP,Pattern: small compile-time-bounded kde_len accumulation,41plus_b53,high
INT30-C,hostap,src/ap/wpa_auth.c,5137,FP,Pattern: small compile-time-bounded kde_len accumulation,41plus_b53,high
INT30-C,hostap,src/ap/wpa_auth.c,5140,FP,Pattern: small compile-time-bounded kde_len accumulation,41plus_b53,high
INT30-C,hostap,src/ap/wpa_auth.c,5141,FP,Pattern: small compile-time-bounded kde_len accumulation,41plus_b53,high
INT30-C,hostap,src/ap/wpa_auth.c,5146,FP,Pattern: small compile-time-bounded kde_len accumulation,41plus_b53,high
INT30-C,hostap,src/ap/wpa_auth.c,5150,FP,Pattern: small compile-time-bounded kde_len accumulation,41plus_b53,high
INT30-C,hostap,src/ap/wpa_auth.c,5154,FP,Pattern: small compile-time-bounded kde_len accumulation,41plus_b53,high
INT30-C,hostap,src/ap/wpa_auth.c,5157,FP,"kde_len += wpa_auth_ml_kdes_len(sm); protocol/config-bounded, not realistic wrap",41plus_b53,high
INT30-C,hostap,src/ap/wpa_auth.c,5160,FP,conf->ssid_len is bounded to 32 (SSID_MAX_LEN); no realistic wrap,41plus_b53,high
INT30-C,hostap,src/ap/wpa_auth.c,5160,FP,conf->ssid_len is bounded to 32 (SSID_MAX_LEN); no realistic wrap,41plus_b53,high
INT30-C,hostap,src/ap/wpa_auth.c,5168,FP,Pattern: small compile-time-bounded kde_len accumulation (2+255 max),41plus_b53,high
INT30-C,hostap,src/ap/wpa_auth.c,5175,FP,"kde_len += wpabuf_len(config element); config-bounded, not realistic wrap",41plus_b53,high
INT32-C,hostap,src/ap/wpa_auth.c,5226,FP,sm->assoc_resp_ftie[1] is a u8 field (max 255); +2 can't realistically overflow int,41plus_b53,high
INT32-C,hostap,src/ap/wpa_auth.c,5227,FP,sm->assoc_resp_ftie[1] is a u8 field (max 255); +2 can't realistically overflow int,41plus_b53,high
MEM05-C,hostap,src/ap/wpa_auth.c,5261,FP,"u8 addr[3*4] is a fixed compile-time-constant array (12 bytes), not a VLA",41plus_b53,high
MSC01-C,hostap,src/ap/wpa_auth.c,5282,FP,Pattern: MSC01-C stylistic pedantry; missing branch (dpp_pfs disabled) is the correct no-flags default,41plus_b53,high
EXP30-C,hostap,src/ap/wpa_auth.c,5322,FP,Pattern: EXP30-C pure-accessor args (wpabuf_head/wpabuf_len),41plus_b53,high
INT13-C,hostap,src/ap/wpa_auth.c,5332,FP,"secure is only the ternary's condition, not itself a bitwise '|' operand; rule misattributes the operand",41plus_b53,med
ARR39-C,hostap,src/ap/wpa_auth.c,5370,FP,Pattern: ARR39-C misfire on sizeof() in bounds-check subtraction,41plus_b53,high
MSC41-C,hostap,src/ap/wpa_auth.c,5377,FP,Pattern: MSC41-C security-substring misfire on plain log text,41plus_b53,high
INT32-C,hostap,src/ap/wpa_auth.c,5458,FP,"sm->keycount++ sits inside `if (0 /* IBSS == TRUE */)` dead code, never executes",41plus_b53,high
MSC37-C,hostap,src/ap/wpa_auth.c,5488,FP,"SM_STEP macro expands to `static void sm_WPA_PTK_Step(...)`; function genuinely is void, rule misreads hidden signature",41plus_b53,high
MSC01-C,hostap,src/ap/wpa_auth.c,5533,FP,Pattern: MSC01-C stylistic pedantry; missing branch means state machine stays in current state (correct default),41plus_b53,high
MSC01-C,hostap,src/ap/wpa_auth.c,5586,FP,Pattern: MSC01-C stylistic pedantry; missing branch means no transition (correct default),41plus_b53,high
MSC01-C,hostap,src/ap/wpa_auth.c,5595,FP,Pattern: MSC01-C stylistic pedantry; missing branch means no transition (correct default),41plus_b53,high
MSC01-C,hostap,src/ap/wpa_auth.c,5619,FP,State-machine guard-clause else-if chain; default is intentional no-op (established MSC01-C pattern),41plus_b54,high
MSC41-C,hostap,src/ap/wpa_auth.c,5677,FP,"wpa_auth_logger call with plain descriptive protocol-state string, no secret data (MSC41-C log-string FP)",41plus_b54,high
ARR39-C,hostap,src/ap/wpa_auth.c,5766,FP,"Plain integer length subtraction (last_rx_eapol_key_len minus sizeof consts), not pointer arithmetic; category error",41plus_b54,high
INT30-C,hostap,src/ap/wpa_auth.c,5766,FP,length already validated >= sizeof(hdr)+sizeof(key)+mic_len+2 at wpa_receive():1680 (cross-function guard),41plus_b54,high
INT30-C,hostap,src/ap/wpa_auth.c,5766,FP,same cross-function guard at wpa_receive():1680 makes subtraction safe,41plus_b54,high
INT30-C,hostap,src/ap/wpa_auth.c,5766,FP,same cross-function guard at wpa_receive():1680 makes subtraction safe,41plus_b54,high
MSC41-C,hostap,src/ap/wpa_auth.c,5772,FP,"plain debug log string, no secret data",41plus_b54,high
MSC37-C,hostap,src/ap/wpa_auth.c,5844,FP,SM_STEP macro (state_machine.h:126) expands to `static void`; sqc doesn't expand macro so misjudges return type,41plus_b54,high
MSC01-C,hostap,src/ap/wpa_auth.c,5864,FP,"state-machine guard-clause else-if chain, default is intentional no-op",41plus_b54,high
DCL13-C,hostap,src/ap/wpa_auth.c,5877,TP,"plain internal helper (wpa_gtk_update), wpa_auth read-only, never forwarded to a mutator",41plus_b54,low
ARR01-C,hostap,src/ap/wpa_auth.c,5948,FP,"group->GTK is a genuine member array reached via ->, not a decayed pointer param (established ARR01-C pattern)",41plus_b54,high
DCL13-C,hostap,src/ap/wpa_auth.c,5960,FP,ctx pinned by wpa_auth_for_each_sta's callback dispatch contract (dispatch-bound-callback FP family),41plus_b54,high
EXP33-C,hostap,src/ap/wpa_auth.c,5968,FP,"g is unconditionally assigned immediately after declaration, before the one read; no uninitialized path",41plus_b54,high
MSC41-C,hostap,src/ap/wpa_auth.c,6001,FP,"plain debug log string, no secret data",41plus_b54,high
MSC41-C,hostap,src/ap/wpa_auth.c,6013,FP,"plain debug log string, no secret data",41plus_b54,high
EXP34-C,hostap,src/ap/wpa_auth.c,6028,TP,wpa_select_vlan_wpa_group can return NULL (if gsm param NULL); partner_group dereferenced with no check,41plus_b54,med
DCL13-C,hostap,src/ap/wpa_auth.c,6057,TP,"plain internal helper, sm read-only, never forwarded to a mutator",41plus_b54,low
INT14-C,hostap,src/ap/wpa_auth.c,6069,FP,INT14-C matches base id gsm; GTK_len arithmetic and GN bitwise are different member uses (established pattern),41plus_b54,high
DCL13-C,hostap,src/ap/wpa_auth.c,6097,TP,"plain internal helper, sm read-only",41plus_b54,low
DCL13-C,hostap,src/ap/wpa_auth.c,6136,TP,"plain internal helper, sm/wpa_auth read-only",41plus_b54,low
DCL13-C,hostap,src/ap/wpa_auth.c,6274,FP,ctx pinned by wpa_auth_for_each_sta's callback dispatch contract,41plus_b54,high
MSC01-C,hostap,src/ap/wpa_auth.c,6329,FP,"state-machine guard-clause else-if chain, default is intentional no-op",41plus_b54,high
MSC01-C,hostap,src/ap/wpa_auth.c,6332,FP,nested guard-clause else-if inside same state-machine step function,41plus_b54,high
DCL13-C,hostap,src/ap/wpa_auth.c,6438,FP,matches eloop_timeout_handler typedef exactly (confirmed eloop-callback DCL13-C FP family),41plus_b54,high
PRE00-C,hostap,src/ap/wpa_auth.c,6488,FP,RSN_SUITE_ARG(s) expands to 4 comma-separated printf args; s is always a side-effect-free field/var read at every call site,41plus_b54,high
PRE02-C,hostap,src/ap/wpa_auth.c,6488,FP,"wrapping the whole macro body in parens (PRE02-C's fix) would collapse 4 variadic args into 1, breaking every call site",41plus_b54,high
PRE12-C,hostap,src/ap/wpa_auth.c,6488,FP,same non-evaluating-context reasoning as PRE00-C above,41plus_b54,high
API00-C,hostap,src/ap/wpa_auth.c,6491,FP,buflen only used in bounded os_snprintf/os_snprintf_error arithmetic; no realistic overflow (established API00-C overflow-flag FP),41plus_b54,high
DCL13-C,hostap,src/ap/wpa_auth.c,6491,TP,"plain helper, wpa_auth read-only",41plus_b54,low
API05-C,hostap,src/ap/wpa_auth.c,6491,FP,buf+buflen is the idiomatic ptr+size pair (established API05-C FP),41plus_b54,high
DCL13-C,hostap,src/ap/wpa_auth.c,6491,FP,buf is the output buffer written via os_snprintf; const suggestion would break the function's purpose,41plus_b54,high
MEM05-C,hostap,src/ap/wpa_auth.c,6495,FP,"PMKID_LEN*2+1 is a compile-time constant expression, not a VLA (established MEM05-C FP)",41plus_b54,high
EXP30-C,hostap,src/ap/wpa_auth.c,6506,FP,wpa_bool_txt() is a pure accessor with no side effects to unsequence (established EXP30-C pure-accessor FP),41plus_b54,high
INT14-C,hostap,src/ap/wpa_auth.c,6512,FP,INT14-C matches base id conf; wpa (bitwise) and wpa_group (arithmetic) are different member fields,41plus_b54,high
EXP30-C,hostap,src/ap/wpa_auth.c,6521,FP,"RSN_SUITE_ARG/wpa_cipher_key_len are pure, side-effect-free reads",41plus_b54,high
API00-C,hostap,src/ap/wpa_auth.c,6582,FP,same bounded buflen-arithmetic FP as wpa_get_mib,41plus_b54,high
DCL13-C,hostap,src/ap/wpa_auth.c,6582,TP,"plain helper, sm read-only",41plus_b54,low
API05-C,hostap,src/ap/wpa_auth.c,6582,FP,buf+buflen ptr+size idiom,41plus_b54,high
DCL13-C,hostap,src/ap/wpa_auth.c,6582,FP,buf is the output buffer written via os_snprintf; const would break its purpose,41plus_b54,high
EXP30-C,hostap,src/ap/wpa_auth.c,6600,FP,"MAC2STR/RSN_SUITE_ARG are pure macro expansions, no side effects",41plus_b54,high
API00-C,hostap,src/ap/wpa_auth.c,6647,FP,factually wrong: body is `return sm && sm->pairwise_set;` -- sm is null-checked inline,41plus_b54,high
DCL13-C,hostap,src/ap/wpa_auth.c,6647,TP,"plain helper, sm read-only",41plus_b54,low
API00-C,hostap,src/ap/wpa_auth.c,6653,FP,"internal-only accessor (station state machine), never externally-nullable",41plus_b54,high
DCL13-C,hostap,src/ap/wpa_auth.c,6653,TP,"plain helper, sm read-only",41plus_b54,low
DCL13-C,hostap,src/ap/wpa_auth.c,6659,TP,"plain helper, sm read-only",41plus_b54,low
DCL13-C,hostap,src/ap/wpa_auth.c,6668,TP,"plain helper, sm read-only",41plus_b54,low
DCL13-C,hostap,src/ap/wpa_auth.c,6676,TP,"plain helper, sm read-only",41plus_b54,low
DCL13-C,hostap,src/ap/wpa_auth.c,6684,TP,"plain helper, sm read-only",41plus_b54,low
DCL13-C,hostap,src/ap/wpa_auth.c,6692,TP,"plain helper, sm read-only",41plus_b54,low
DCL13-C,hostap,src/ap/wpa_auth.c,6700,TP,"plain helper, sm read-only",41plus_b54,low
DCL13-C,hostap,src/ap/wpa_auth.c,6709,TP,"entry only compared (!=), never modified",41plus_b54,low
API00-C,hostap,src/ap/wpa_auth.c,6718,FP,factually wrong: body is `return sm ? sm->pmksa : NULL;` -- sm is null-checked inline,41plus_b54,high
DCL13-C,hostap,src/ap/wpa_auth.c,6719,TP,"plain helper, sm read-only",41plus_b54,low
DCL13-C,hostap,src/ap/wpa_auth.c,6732,TP,"plain helper, wpa_auth read-only",41plus_b54,low
MSC01-C,hostap,src/ap/wpa_auth.c,6761,FP,guard-clause clamp else-if; default (already in range) needs no action,41plus_b54,high
EXP30-C,hostap,src/ap/wpa_auth.c,6766,FP,"wpa_auth_get_aa/wpa_auth_get_spa (line 94-111) are pure accessors, no side effects",41plus_b54,high
DCL13-C,hostap,src/ap/wpa_auth.c,6777,TP,"plain helper, wpa_auth read-only",41plus_b54,low
API00-C,hostap,src/ap/wpa_auth.c,6797,FP,"internal-only API; all 3 call sites pass live sta->addr, never attacker-nullable",41plus_b54,high
API00-C,hostap,src/ap/wpa_auth.c,6797,FP,internal-only API; pmkid always a live local buffer at all call sites,41plus_b54,high
DCL13-C,hostap,src/ap/wpa_auth.c,6797,TP,"plain helper, wpa_auth read-only",41plus_b54,low
API00-C,hostap,src/ap/wpa_auth.c,6830,FP,"internal-only API, single caller (ieee802_11.c:4778) always passes live sm/pmkid",41plus_b54,high
API00-C,hostap,src/ap/wpa_auth.c,6830,FP,"internal-only API, single caller always passes live sm/pmkid",41plus_b54,high
DCL13-C,hostap,src/ap/wpa_auth.c,6837,TP,"plain helper, wpa_auth read-only",41plus_b54,low
API00-C,hostap,src/ap/wpa_auth.c,6870,FP,internal-only API; sta_addr always the station's own hw address,41plus_b54,high
DCL13-C,hostap,src/ap/wpa_auth.c,6870,TP,"plain helper, wpa_auth read-only",41plus_b54,low
API00-C,hostap,src/ap/wpa_auth.c,6901,FP,"len only used in bounded os_snprintf/end-pos pointer arithmetic, no realistic overflow",41plus_b54,high
DCL13-C,hostap,src/ap/wpa_auth.c,6901,TP,"plain helper, wpa_auth read-only",41plus_b54,low
API05-C,hostap,src/ap/wpa_auth.c,6901,FP,buf+len ptr+size idiom,41plus_b54,high
DCL13-C,hostap,src/ap/wpa_auth.c,6928,TP,"plain helper, wpa_auth read-only",41plus_b54,low
API00-C,hostap,src/ap/wpa_auth.c,6943,FP,"internal-only API (CONFIG_PMKSA_CACHE_EXTERNAL/MESH), addr always live",41plus_b54,high
DCL13-C,hostap,src/ap/wpa_auth.c,6943,TP,"plain helper, wpa_auth read-only",41plus_b54,low
API05-C,hostap,src/ap/wpa_auth.c,6944,FP,buf+len ptr+size idiom,41plus_b54,high
API00-C,hostap,src/ap/wpa_auth.c,6953,FP,"internal-only mesh/external-PMKSA feature, aa always a live local MAC pointer",41plus_b54,high
API00-C,hostap,src/ap/wpa_auth.c,6953,FP,"expiration is a small local int added to a reltime; not attacker-controlled, no realistic overflow",41plus_b54,high
DCL30-C,hostap,src/ap/wpa_auth.c,6968,FP,"entry comes from pmksa_cache_auth_create_entry -> os_zalloc (heap), not automatic storage (established DCL30-C confusion pattern)",41plus_b54,high
DCL13-C,hostap,src/ap/wpa_auth.c,6972,TP,"plain helper, wpa_auth read-only",41plus_b54,low
MSC37-C,hostap,src/ap/wpa_auth.c,6993,FP,both #ifdef/#else branches return a value; sqc's preprocessor-branch-blindness misses that exactly one is compiled and always returns (extends confirmed MSC37-C ifdef-blind family),41plus_b54,high
DCL13-C,hostap,src/ap/wpa_auth.c,6994,TP,"plain helper, wpa_auth read-only",41plus_b54,low
API00-C,hostap,src/ap/wpa_auth.c,7006,FP,pmkid is a deliberately-optional filter argument by design (internal-only API),41plus_b54,high
DCL13-C,hostap,src/ap/wpa_auth.c,7007,TP,"plain helper, wpa_auth read-only",41plus_b54,low
API00-C,hostap,src/ap/wpa_auth.c,7036,FP,"internal-only helper (CONFIG_PMKSA_CACHE_EXTERNAL/MESH), pmksa always live",41plus_b54,high
API00-C,hostap,src/ap/wpa_auth.c,7036,FP,"internal-only helper, wpa_auth always live",41plus_b54,high
API00-C,hostap,src/ap/wpa_auth.c,7036,FP,"internal-only helper, pmkid always live",41plus_b54,high
API00-C,hostap,src/ap/wpa_auth.c,7036,FP,"internal-only helper, pmk always live",41plus_b54,high
DCL13-C,hostap,src/ap/wpa_auth.c,7038,FP,factually wrong: wpa_auth IS modified via os_memcpy into wpa_auth->dot11RSNAPMKIDUsed (established struct-field-write miss),41plus_b54,high
DCL13-C,hostap,src/ap/wpa_auth.c,7057,TP,"plain helper, wpa_auth read-only",41plus_b54,low
DCL13-C,hostap,src/ap/wpa_auth.c,7079,TP,"plain helper, wpa_auth read-only (only compares wpa_auth->group)",41plus_b54,low
DCL30-C,hostap,src/ap/wpa_auth.c,7138,FP,"group comes from wpa_group_init -> os_zalloc (heap), not automatic storage",41plus_b54,high
INT10-C,hostap,src/ap/wpa_auth.c,7305,FP,"timeout_ms is copied from `const u32 eapol_key_timeout_subseq = 1000`, a fixed positive compile-time constant; can never be negative",41plus_b54,high
DCL13-C,hostap,src/ap/wpa_auth.c,7319,TP,"plain helper, sm read-only",41plus_b54,low
DCL13-C,hostap,src/ap/wpa_auth.c,7327,TP,"plain helper, sm read-only",41plus_b54,low
DCL13-C,hostap,src/ap/wpa_auth.c,7337,TP,"plain helper, sm read-only (only copies FROM sm->ip_addr into output addr)",41plus_b54,low
API00-C,hostap,src/ap/wpa_auth.c,7347,FP,"internal-only, single caller (hostapd.c:1196) always passes live hapd->wpa_auth",41plus_b54,high
API00-C,hostap,src/ap/wpa_auth.c,7347,FP,"attr is a stack-allocated struct passed by address from radius_das.c, never NULL",41plus_b54,high
DCL13-C,hostap,src/ap/wpa_auth.c,7347,TP,"plain helper, wpa_auth read-only (only reads wpa_auth->pmksa)",41plus_b54,low
DCL13-C,hostap,src/ap/wpa_auth.c,7376,FP,a pinned by wpa_auth_for_each_auth's callback dispatch contract (same family as wpa_auth_for_each_sta),41plus_b54,high
API00-C,hostap,src/ap/wpa_auth.c,7389,FP,"internal-only FILS API, sta_addr always live",41plus_b54,high
API00-C,hostap,src/ap/wpa_auth.c,7389,FP,"internal-only FILS API, pmkid always live",41plus_b54,high
API00-C,hostap,src/ap/wpa_auth.c,7408,FP,"internal-only, single caller (ieee802_11.c:2495) always passes live wpa_auth",41plus_b54,high
API00-C,hostap,src/ap/wpa_auth.c,7408,FP,"internal-only, single caller always passes live sm",41plus_b54,high
API00-C,hostap,src/ap/wpa_auth.c,7408,FP,"internal-only, single caller always passes a live stack buffer",41plus_b54,high
DCL13-C,hostap,src/ap/wpa_auth.c,7408,TP,"plain helper, wpa_auth read-only (only takes &wpa_auth->conf)",41plus_b54,low
DCL13-C,hostap,src/ap/wpa_auth.c,7409,TP,"plain helper, sm read-only",41plus_b54,low
API00-C,hostap,src/ap/wpa_auth.c,7421,FP,"internal-only FILS helper, sm always live at call site",41plus_b54,high
API00-C,hostap,src/ap/wpa_auth.c,7421,FP,"internal-only FILS helper, fils_anonce always a live output buffer",41plus_b54,high
API00-C,hostap,src/ap/wpa_auth.c,7421,FP,"internal-only FILS helper, fils_snonce always a live output buffer",41plus_b54,high
API00-C,hostap,src/ap/wpa_auth.c,7421,FP,"internal-only FILS helper, fils_kek always a live output buffer",41plus_b54,high
DCL13-C,hostap,src/ap/wpa_auth.c,7421,TP,"plain helper, sm read-only",41plus_b54,low
API00-C,hostap,src/ap/wpa_auth.c,7432,FP,"internal-only FILS helper, sm always live at call site",41plus_b54,high
API00-C,hostap,src/ap/wpa_auth.c,7432,FP,"internal-only FILS helper, pmk always a live buffer",41plus_b54,high
API00-C,hostap,src/ap/wpa_auth.c,7432,FP,"internal-only FILS helper, pmkid always a live buffer",41plus_b54,high
MSC01-C,hostap,src/ap/wpa_auth.c,7461,FP,guard-clause else-if chain (pmk_len==32/48/64); default (any other length) intentionally leaves hash_alg unchanged,41plus_b54,high
MSC01-C,hostap,src/ap/wpa_auth.c,7480,FP,guard-clause else-if chain (ie[0] selectors); default intentionally does nothing,41plus_b54,high
API00-C,hostap,src/ap/wpa_auth.c,7518,FP,"internal-only CONFIG_TESTING_OPTIONS ctrl_iface test API, sm always live",41plus_b54,high
DCL13-C,hostap,src/ap/wpa_auth.c,7520,FP,"ctx1 pinned by the generic void(*cb)(void*,void*) parameter's callback-context contract",41plus_b54,high
DCL13-C,hostap,src/ap/wpa_auth.c,7520,FP,ctx2 pinned by the same cb callback-context contract,41plus_b54,high
MSC41-C,hostap,src/ap/wpa_auth.c,7532,FP,"plain debug log string, no secret data",41plus_b54,high
DCL13-C,hostap,src/ap/wpa_auth.c,7542,FP,ctx1 pinned by the generic cb callback-context contract,41plus_b54,high
DCL13-C,hostap,src/ap/wpa_auth.c,7542,FP,ctx2 pinned by the same cb callback-context contract,41plus_b54,high
MSC41-C,hostap,src/ap/wpa_auth.c,7574,FP,"plain debug log string, no secret data",41plus_b54,high
EXP33-C,hostap,src/ap/wpa_auth.c,7650,FP,"gtkidx is only read inside `if (gtk)`, and gtk/gtkidx are always assigned together in the same WPA2 branch (coupled invariant sqc doesn't track)",41plus_b54,high
EXP33-C,hostap,src/ap/wpa_auth.c,7655,FP,"ieee80211w_kde_add is a static FUNCTION (defined wpa_auth.c:4237), not a variable; sqc misidentifies the call as an uninitialized-static-variable use (category error, recurs 3x in this batch)",41plus_b54,high
INT13-C,hostap,src/ap/wpa_auth.c,7709,FP,"secure is only a ternary condition (`secure ? X : 0`); the `|` operators combine the WPA_KEY_INFO_* results, not secure itself -- category error",41plus_b54,high
API00-C,hostap,src/ap/wpa_auth.c,7720,FP,"internal-only CONFIG_TESTING_OPTIONS test API, sm always live",41plus_b54,high
API00-C,hostap,src/ap/wpa_auth.c,7720,FP,"cb is only stored (sm->eapol_status_cb = cb) and later invoked behind an explicit null check elsewhere, never called directly here",41plus_b54,high
MSC41-C,hostap,src/ap/wpa_auth.c,7737,FP,"plain debug log string, no secret data",41plus_b54,high
INT14-C,hostap,src/ap/wpa_auth.c,7739,FP,INT14-C matches base id gsm; GTK[GN-1] arithmetic vs GN&0x03 bitwise are established identifier-match FP,41plus_b54,high
DCL30-C,hostap,src/ap/wpa_auth.c,7747,FP,"pos and kde_buf are both locals in the same function (not global/static); kde_buf is heap from os_malloc, not automatic storage -- two factual errors",41plus_b54,high
EXP33-C,hostap,src/ap/wpa_auth.c,7753,FP,"ieee80211w_kde_add is a static function, not a variable (same category error as above)",41plus_b54,high
MSC41-C,hostap,src/ap/wpa_auth.c,7804,FP,"plain debug log string, no secret data",41plus_b54,high
MSC01-C,hostap,src/ap/wpa_auth.c,7824,FP,switch is exhaustive over all 4 values of enum wpa_auth_ocv_override_frame; no unhandled-value risk,41plus_b54,high
API00-C,hostap,src/ap/wpa_auth.c,7868,FP,"internal-only, single caller always passes live sm",41plus_b54,high
DCL13-C,hostap,src/ap/wpa_auth.c,7869,TP,info is null-checked and read-only afterward,41plus_b54,low
ARR01-C,hostap,src/ap/wpa_auth.c,7877,FP,"sm->mld_links is a genuine member array reached via ->, not decayed",41plus_b54,high
DCL13-C,hostap,src/ap/wpa_auth.c,7929,TP,"plain helper, sm read-only",41plus_b54,low
ENV01-C,hostap,src/ap/wpa_auth.c,7934,FP,no getenv/environment-variable code anywhere in this function (established ENV01-C rule-logic-bug pattern),41plus_b54,high
API00-C,hostap,src/ap/wpa_auth.c,7977,FP,"internal-only, eid always a live caller buffer at the sole call site",41plus_b54,high
API00-C,hostap,src/ap/wpa_auth.c,7977,FP,"internal-only, sm already null-checked by its sole caller wpa_auth_write_assoc_resp_eppke before this is invoked",41plus_b54,high
MSC13-C,hostap,src/ap/wpa_auth.c,7980,TP,kde_len=0 initializer is always overwritten in both branches of if(is_ml)/else before any read -- genuine dead store,41plus_b54,low
MSC13-C,hostap,src/ap/wpa_auth.c,7997,TP,"value assigned to kde here is never read again (only kde_len/ptr matter downstream) -- genuine dead store, harmless by design",41plus_b54,low
INT14-C,hostap,src/ap/wpa_auth.c,8000,FP,"INT14-C matches base id gsm; GTK[GN-1] arithmetic vs GN&0x03 bitwise, established identifier-match FP",41plus_b54,high
MSC13-C,hostap,src/ap/wpa_auth.c,8005,TP,same genuine dead-store pattern as the kde assignment above,41plus_b54,low
EXP33-C,hostap,src/ap/wpa_auth.c,8005,FP,"ieee80211w_kde_add is a static function, not a variable (same category error)",41plus_b54,high
API00-C,hostap,src/ap/wpa_auth.c,8048,FP,"internal-only, pos always a live buffer; sm already null-checked by caller",41plus_b54,high
API00-C,hostap,src/ap/wpa_auth.c,8048,FP,max_len is not validated for overflow risk here; the real gap is that the callee ignores it entirely (see FN),41plus_b54,high
DCL30-C,hostap,src/ap/wpa_auth.c,8055,FP,"pos is a caller-supplied buffer pointer parameter (reassigned via pos+=res), not automatic storage",41plus_b54,high
DCL30-C,hostap,src/ap/wpa_auth.c,8059,FP,same parameter-reassignment confusion as above,41plus_b54,high
DCL30-C,hostap,src/ap/wpa_auth.c,8063,FP,same parameter-reassignment confusion as above,41plus_b54,high
API00-C,hostap,src/ap/wpa_auth.c,8069,FP,"internal-only, single caller (assoc_sm always live)",41plus_b54,high
API00-C,hostap,src/ap/wpa_auth.c,8069,FP,"internal-only, single caller (wpa_auth always live)",41plus_b54,high
