rule,project,file,line,verdict,reason,provenance,confidence
API02-C,hostap,hostapd/config_file.h,15,FP,"value is a NUL-terminated config string, not a raw sized buffer",1-5_b1,high
API05-C,hostap,src/ap/dpp_hostapd.h,35,FP,"buf,buflen is idiomatic K&R order; buflen already present",1-5_b1,high
DCL13-C,hostap,src/ap/fils_hlp.h,21,FP,empty build-stub; real impl (fils_hlp.c:647) mutates hapd->dhcp_sock,1-5_b1,high
DCL13-C,hostap,src/ap/ieee802_11_auth.h,38,FP,src is memcpy'd into psk list entries by callers; not a vtable callback but plausibly non-const by design,1-5_b1,med
API05-C,hostap,src/ap/neighbor_db.h,16,FP,"buf,buflen idiomatic order already present",1-5_b1,high
API05-C,hostap,src/ap/taxonomy.h,22,FP,"buf,buflen idiomatic order already present",1-5_b1,high
API05-C,hostap,src/ap/wnm_ap.h,24,FP,"url is a NUL-terminated string param, not a raw array",1-5_b1,high
DCL13-C,hostap,src/common/gas_server.h,46,FP,gas_server_tx_status likely mutates internal gas state via other calls; stub-adjacent API,1-5_b1,med
API05-C,hostap,src/common/ptksa_cache.h,39,FP,"buf,len idiomatic order already present",1-5_b1,high
STR31-C,hostap,src/common/qca-vendor-attr.h,25,FP,"line 25 is a flexible-array-like struct member 'range[0]' (u32 struct type), not a char array at all",1-5_b1,high
DCL37-C,hostap,src/crypto/md5.c,31,FP,"_addr is a block-scope local variable; C reserves leading-underscore lowercase identifiers only at file scope, not block scope",1-5_b1,high
DCL40-C,hostap,src/crypto/ms_funcs.h,26,TP,"verified: first 31 chars of both identifiers are byte-identical, genuine C90 external-name collision",1-5_b1,high
API01-C,hostap,src/drivers/driver_wired_common.h,14,FP,"ifname always written via os_strlcpy(...,sizeof(...)) bounded; cannot overflow into ctx",1-5_b1,high
API01-C,hostap,src/drivers/rfkill.h,16,FP,"rcfg->ifname always written via os_strlcpy(...,sizeof(...)) bounded",1-5_b1,high
API00-C,hostap,src/eap_common/chap.c,15,FP,"internal crypto helper; challenge always caller-supplied non-NULL by contract, not attacker-controlled at this layer",1-5_b1,med
API02-C,hostap,src/eap_common/eap_common.h,23,FP,eap_hdr_validate already returns length via size_t *plen out-param,1-5_b1,high
API05-C,hostap,src/eap_common/eap_fast_common.h,100,FP,eap_fast_derive_key's len is a plain size_t argument already; not a missing-size array issue,1-5_b1,high
API05-C,hostap,src/eap_common/eap_pax_common.h,81,FP,identifier is a NUL-terminated string parameter,1-5_b1,high
API05-C,hostap,src/eap_common/eap_peap_common.h,13,FP,label is a NUL-terminated string parameter,1-5_b1,high
STR31-C,hostap,src/eap_common/eap_pwd_common.h,52,FP,"identity[0] is an intentional flexible-array-style member ('length inferred from payload'), not a fixed too-small buffer",1-5_b1,high
DCL30-C,hostap,src/eap_common/eap_wsc_common.c,32,FP,"msg is a local pointer to heap memory from eap_msg_alloc(), not an automatic-storage object; returning the pointer value is safe",1-5_b1,high
API02-C,hostap,src/eap_peer/mschapv2.h,17,FP,mschapv2_remove_domain already returns length via size_t *len out-param,1-5_b1,high
API02-C,hostap,src/eap_server/eap_methods.h,21,FP,"name is a NUL-terminated string; vendor is an unrelated int* out-param, not an array needing a size",1-5_b1,high
API05-C,hostap,src/eapol_auth/eapol_auth_sm.h,76,FP,identity is a NUL-terminated string parameter,1-5_b1,high
ARR02-C,hostap,src/fst/fst_ctrl_aux.h,86,FP,"names[] is a function PARAMETER (decays to pointer), not an array definition with an implicit-bounds initializer",1-5_b1,high
DCL13-C,hostap,src/fst/fst_group.h,42,TP,"fst_group_first_iface only reads g->ifaces; plain accessor, not a vtable/callback contract, plausibly constifiable",1-5_b1,med
API05-C,hostap,src/l2_packet/l2_packet.h,131,FP,"buf,len idiomatic order already present",1-5_b1,high
API05-C,hostap,src/radius/radius_client.h,287,FP,"buf,buflen idiomatic order already present",1-5_b1,high
API05-C,hostap,src/radius/radius_server.h,134,FP,"buf,buflen idiomatic order already present",1-5_b1,high
API02-C,hostap,src/tls/bignum.h,17,FP,bignum_get_unsigned_bin already takes size_t *len immediately after buf,1-5_b1,high
API05-C,hostap,src/tls/pkcs8.h,14,FP,passwd is a NUL-terminated string parameter,1-5_b1,high
API02-C,hostap,src/tls/rsa.h,22,FP,crypto_rsa_exptmod already takes size_t *outlen immediately after out,1-5_b1,high
API05-C,hostap,src/tls/tlsv1_common.h,256,FP,"out,outlen idiomatic order already present",1-5_b1,high
API05-C,hostap,src/tls/x509v3.h,142,FP,"buf,len idiomatic order already present",1-5_b1,high
DCL37-C,hostap,src/utils/build_config.h,41,TP,"_CRT_SECURE_NO_DEPRECATE is a leading-underscore-capital reserved identifier per C standard, defined at file scope regardless of MSVC provenance",1-5_b1,med
API05-C,hostap,src/utils/ip_addr.h,23,FP,"buf,buflen idiomatic order already present",1-5_b1,high
DCL37-C,hostap,src/utils/radiotap.h,17,TP,__RADIOTAP_H double-underscore header guard is always reserved in any scope,1-5_b1,high
API05-C,hostap,src/utils/uuid.h,15,FP,"str,max_len idiomatic order already present",1-5_b1,high
API01-C,hostap,src/wps/wps_er.h,78,FP,"er->ifname always written via os_strlcpy(...,sizeof(...)) bounded",1-5_b1,high
DCL30-C,hostap,wpa_supplicant/bssid_ignore.c,41,FP,"e is a pointer walked from wpa_s->bssid_ignore heap-allocated list, not an automatic-storage local being returned by address",1-5_b1,high
MSC13-C,hostap,wpa_supplicant/main_winmain.c,26,TP,exitcode initialized -1 at decl then unconditionally overwritten to 0 a few lines later before any read; genuine dead store,1-5_b1,high
API05-C,hostap,wpa_supplicant/wmm_ac.h,171,FP,"buf,buflen idiomatic order already present",1-5_b1,high
DCL13-C,hostap,src/ap/acs.h,23,FP,acs_init build-stub for CONFIG_ACS=n; real acs_init (acs.c:1520) calls acs_cleanup()/hostapd_set_state() which mutate iface,1-5_b1,high
DCL13-C,hostap,src/ap/acs.h,29,FP,acs_cleanup build-stub; real acs_cleanup (acs.c:349) directly mutates iface->chans_surveyed etc.,1-5_b1,high
DCL13-C,hostap,src/ap/dhcp_snoop.h,19,FP,dhcp_snoop_init build-stub; real impl (dhcp_snoop.c:141) writes hapd->sock_dhcp,1-5_b1,high
DCL13-C,hostap,src/ap/dhcp_snoop.h,24,FP,dhcp_snoop_deinit build-stub; real impl (dhcp_snoop.c:156) writes hapd->sock_dhcp = NULL,1-5_b1,high
DCL13-C,hostap,src/ap/vlan.c,17,TP,"vlan_compare only reads a/b fields in both real impl and CONFIG_NO_VLAN stub; not a vtable/callback, genuinely constifiable",1-5_b1,high
DCL13-C,hostap,src/ap/vlan.c,17,TP,same as above for parameter b,1-5_b1,high
DCL13-C,hostap,src/ap/vlan.h,24,TP,"declaration mirrors vlan.c:17 read-only comparison, genuinely constifiable",1-5_b1,high
DCL13-C,hostap,src/ap/vlan.h,24,TP,same as above for parameter b,1-5_b1,high
DCL37-C,hostap,src/common/dhcp.h,16,TP,"hostap itself #defines __FAVOR_BSD (double-underscore, always reserved) even though only transiently, to coax glibc headers",1-5_b1,med
DCL40-C,hostap,src/common/dhcp.h,41,FP,"tool conflates two unrelated structs (dhcp_data, bootp_pkt) that both use the STRUCT_PACKED macro as if it were one 'object'; not actually the same declared object",1-5_b1,high
DCL40-C,hostap,src/common/eapol_common.h,25,FP,same STRUCT_PACKED-macro-name-as-object tool misfire; ieee802_1x_hdr and ieee8023_hdr are unrelated structs,1-5_b1,high
DCL40-C,hostap,src/common/eapol_common.h,64,FP,same STRUCT_PACKED-macro-name-as-object tool misfire; ieee802_1x_hdr and ieee802_1x_eapol_key are unrelated structs,1-5_b1,high
API00-C,hostap,src/crypto/aes-ctr.c,25,FP,"internal crypto helper; key always caller-supplied fixed-size buffer, not attacker-controlled NULL at this layer",1-5_b1,med
API00-C,hostap,src/crypto/aes-ctr.c,67,FP,aes_128_ctr_encrypt is a thin wrapper delegating to aes_ctr_encrypt; same internal-contract reasoning,1-5_b1,med
API00-C,hostap,src/crypto/crypto_internal-modexp.c,16,FP,"prime_len comes from compiled-in DH group parameters, not directly attacker-controlled wire data at this call site",1-5_b1,med
API00-C,hostap,src/crypto/crypto_internal-modexp.c,42,FP,"internal helper; privkey always populated by crypto_dh_init/caller allocation, non-null by contract",1-5_b1,med
DCL13-C,hostap,src/crypto/crypto_none.c,15,FP,empty build-stub ('none' crypto backend); real implementations (openssl/gnutls/linux/md4-internal) write to mac as the hash output,1-5_b1,high
DCL13-C,hostap,src/crypto/crypto_none.c,21,FP,same empty build-stub pattern; des_encrypt real implementations write to cypher output buffer,1-5_b1,high
API02-C,hostap,src/crypto/md5.h,14,FP,hmac_md5_vector already takes const size_t *len as the per-element length array,1-5_b1,high
ARR02-C,hostap,src/crypto/md5.h,15,FP,"addr[] is a function parameter (array-of-pointers, decays), not an initializer-defined array",1-5_b1,high
API02-C,hostap,src/crypto/milenage.h,12,FP,milenage_generate already takes size_t *res_len for the output buffer,1-5_b1,high
API02-C,hostap,src/crypto/milenage.h,19,FP,milenage_check already takes size_t *res_len for the output buffer,1-5_b1,high
API05-C,hostap,src/crypto/random.h,22,FP,likely NUL-terminated string / fixed-size crypto buffer param following K&R idiom,1-5_b1,med
API05-C,hostap,src/crypto/random.h,23,FP,same as above,1-5_b1,med
DCL37-C,hostap,src/crypto/sha1.c,31,FP,_addr is a block-scope local variable; underscore-reserved rule applies only at file scope for lowercase-prefixed identifiers,1-5_b1,high
DCL37-C,hostap,src/crypto/sha1.c,32,FP,"_len is likewise a block-scope local variable, not file scope",1-5_b1,high
PRE05-C,hostap,src/crypto/sha384-internal.c,45,FP,"CONST64(n) is only ever invoked with plain hex literals (never macro arguments needing pre-expansion), so the two-level-indirection concern doesn't materialize in practice",1-5_b1,med
ARR01-C,hostap,src/crypto/sha384-internal.c,82,FP,"md->buf is a fixed-size array MEMBER (u8 buf[SHA512_BLOCK_SIZE] in struct sha512_state), sizeof(md->buf) correctly yields the array size, not a decayed pointer",1-5_b1,high
DCL13-C,hostap,src/drivers/driver_ndis.h,14,FP,read_pipe is a genuine output param: ndis_events.c:799 does '*read_pipe = events->read_pipe;',1-5_b1,high
API01-C,hostap,src/drivers/driver_ndis.h,28,FP,"drv->ifname always written via os_strlcpy(...,sizeof(...)) bounded",1-5_b1,high
API02-C,hostap,src/drivers/linux_ioctl.h,20,TP,linux_br_get writes brname via os_strlcpy bounded to a hardcoded IFNAMSIZ never passed by the caller; current callers all happen to use IFNAMSIZ buffers but the API gives no compile/runtime guarantee,1-5_b1,med
API02-C,hostap,src/drivers/linux_ioctl.h,21,TP,linux_master_get has the same implicit hardcoded-IFNAMSIZ contract with no size parameter,1-5_b1,med
API02-C,hostap,src/eap_common/eap_eke_common.h,105,FP,eap_eke_prot already takes size_t *prot_len immediately after prot,1-5_b1,high
API02-C,hostap,src/eap_common/eap_eke_common.h,108,FP,eap_eke_decrypt_prot already takes size_t *data_len immediately after data,1-5_b1,high
API02-C,hostap,src/eap_server/eap.h,292,FP,eap_get_identity already returns length via size_t *len out-param,1-5_b1,high
API05-C,hostap,src/eap_server/eap.h,298,FP,"source is a NUL-terminated string parameter, not a raw array",1-5_b1,high
API01-C,hostap,src/eap_server/eap_i.h,162,FP,imsi[20] preceding a pointer field; assume bounded os_strlcpy-style writes consistent with codebase-wide pattern seen elsewhere,1-5_b1,med
API01-C,hostap,src/eap_server/eap_i.h,163,FP,sim_aka_permanent[20] same reasoning,1-5_b1,med
API02-C,hostap,src/eap_server/tncs.h,40,FP,"tncs_process_soh already takes soh_tlv_len; int *failure is an unrelated out-param, not an array needing size",1-5_b1,high
API05-C,hostap,src/eap_server/tncs.h,41,FP,"flagged param is 'int *failure', a scalar out-param, not an array at all",1-5_b1,high
API05-C,hostap,src/fst/fst_session.h,75,FP,"request is a NUL-terminated string param; buf,buflen idiomatic order already present",1-5_b1,high
API05-C,hostap,src/fst/fst_session.h,75,FP,"second flagged param is buf, already paired with buflen right after",1-5_b1,high
API02-C,hostap,src/tls/pkcs5.h,12,FP,"pkcs5_decrypt already has explicit lengths (enc_alg_len, enc_data_len) for both input buffers and size_t *data_len for output",1-5_b1,high
API05-C,hostap,src/tls/pkcs5.h,14,FP,enc_data already paired with enc_data_len on the same/next line,1-5_b1,high
API05-C,hostap,src/tls/pkcs8.c,111,FP,"buf,len idiomatic order already present",1-5_b1,high
MEM10-C,hostap,src/tls/pkcs8.c,119,FP,"'if (passwd == NULL) return NULL;' is a completely idiomatic, correct NULL check; suggesting a wrapper validation function is a style preference, not a defect",1-5_b1,high
API02-C,hostap,src/tls/tlsv1_record.h,64,FP,tlsv1_record_send already returns size via size_t *out_len,1-5_b1,high
API02-C,hostap,src/tls/tlsv1_record.h,67,FP,tlsv1_record_receive already returns size via size_t *out_len immediately after out_data,1-5_b1,high
API02-C,hostap,src/utils/config.h,26,FP,wpa_config_get_line's buffer 's' already has explicit 'int size' parameter right after it,1-5_b1,high
API02-C,hostap,src/utils/config.h,26,FP,"duplicate finding on same line for '_pos', an output line-position pointer, not an unsized buffer",1-5_b1,high
API02-C,hostap,src/utils/edit.h,12,FP,"flagged params are function-pointer callbacks (completion_cb etc.), not arrays needing a size argument",1-5_b1,high
API02-C,hostap,src/utils/edit.h,16,FP,"filter_cb is a function-pointer callback, not an array",1-5_b1,high
ARR01-C,hostap,src/wps/wps_attr_parse.c,606,FP,"os_memset(attr, 0, sizeof(*attr)) uses sizeof on the DEREFERENCED struct, correctly yielding struct size, not the decayed-pointer size",1-5_b1,high
EXP33-C,hostap,src/wps/wps_attr_parse.c,658,FP,"start is unconditionally assigned 'start = pos;' at line 609, straight-line before the while loop, always initialized before the flagged use",1-5_b1,high
API05-C,hostap,src/wps/wps_i.h,136,FP,"wps_kdf's buffer params are already paired with explicit length params (label_prefix_len, res_len)",1-5_b1,high
API02-C,hostap,src/wps/wps_i.h,214,FP,wps_authorized_macs already returns count via size_t *count out-param,1-5_b1,high
ARR02-C,hostap,src/wps/wps_module_tests.c,21,TP,"wps_attr_parse_test_cases[] is a real file-scope array definition relying on an implicit initializer-derived bound; matches the literal CERT guideline, though low practical severity",1-5_b1,low
EXP33-C,hostap,src/wps/wps_module_tests.c,293,FP,attr is passed by address to wps_parse_msg() which unconditionally os_memset()s it as its first statement before any return; analyzer misses this cross-function out-param initialization,1-5_b1,high
API02-C,hostap,src/wps/wps_upnp.h,39,FP,"net_if is a NUL-terminated interface-name string, not a raw sized buffer",1-5_b1,high
API05-C,hostap,src/wps/wps_upnp.h,45,FP,"ETH_ALEN is a preprocessor macro constant (#define ETH_ALEN 6), not a runtime size parameter/variable 'declared after' the array",1-5_b1,high
DCL13-C,hostap,wpa_supplicant/binder/binder.h,32,FP,"real impl (binder.cpp:80) only reads wpa_s->global->binder and passes wpa_s into registerInterface(), which plausibly stores/mutates it downstream; C++ binder layer is out of sqc's primary analysis scope",1-5_b1,med
DCL13-C,hostap,wpa_supplicant/binder/binder.h,36,FP,same reasoning for wpas_binder_unregister_interface,1-5_b1,med
MSC37-C,hostap,wpa_supplicant/binder/binder_constants.h,13,FP,"line 13 is 'namespace wpa_supplicant_binder {' - a C++ namespace opener, not a function at all; file has no functions, only an extern const char[] declaration",1-5_b1,high
MSC37-C,hostap,wpa_supplicant/binder/binder_constants.h,14,FP,line 14 is 'namespace binder_constants {' - also not a function,1-5_b1,high
API05-C,hostap,wpa_supplicant/dbus/dbus_new_handlers.h,41,FP,array is already paired with size_t array_len immediately after it,1-5_b1,high
DCL40-C,hostap,wpa_supplicant/dbus/dbus_new_handlers.h,306,TP,verified: first 31 chars of wpas_dbus_handler_nan_subscribe_stop_listen and wpas_dbus_handler_nan_subscribe are identical,1-5_b1,high
DCL40-C,hostap,wpa_supplicant/dbus/dbus_new_handlers_p2p.h,77,TP,verified: first 31 chars of _sd_res and _sd_req variants are identical,1-5_b1,high
DCL40-C,hostap,wpa_supplicant/dbus/dbus_new_handlers_p2p.h,80,TP,verified: first 31 chars of _sd_cancel_req and _sd_req variants are identical,1-5_b1,high
ARR02-C,hostap,wpa_supplicant/interworking.h,15,FP,"info_ids[] is a function PARAMETER (decays to pointer), not an initializer-defined array",1-5_b1,high
API02-C,hostap,wpa_supplicant/interworking.h,26,FP,"freqs is transferred into wpa_s->manual_scan_freqs following hostap's conventional 0-terminated int-array idiom, not an unbounded raw buffer",1-5_b1,med
STR31-C,hostap,wpa_supplicant/libwpa_test.c,13,FP,argv is never dereferenced anywhere in this file; the finding warns about a use that doesn't exist,1-5_b1,high
FIO23-C,hostap,wpa_supplicant/libwpa_test.c,19,FP,no explicit stdout writes in this file; OS/libc flushes stdio at normal process exit regardless,1-5_b1,med
STR31-C,hostap,wpa_supplicant/main_none.c,14,FP,argv is never dereferenced anywhere in this file,1-5_b1,high
FIO23-C,hostap,wpa_supplicant/main_none.c,26,FP,"exit path returns exitcode from wpa_supplicant_run normally; not calling fclose(stdout) is not a genuine defect, streams flush at exit",1-5_b1,med
ARR02-C,hostap,wpa_supplicant/notify.h,66,FP,"bssid[] is a function PARAMETER (decays to pointer), not an initializer-defined array",1-5_b1,high
ARR02-C,hostap,wpa_supplicant/notify.h,68,FP,same misapplication for wpas_notify_bss_removed's bssid[] parameter,1-5_b1,high
MSC04-C,hostap,wpa_supplicant/wpa_gui-qt4/scanresultsitem.h,14,FP,"this is a C++ constructor calling the BASE CLASS constructor QTreeWidgetItem(tree) via a member-initializer-list, not a self-recursive call to ScanResultsItem",1-5_b1,high
MSC37-C,hostap,wpa_supplicant/wpa_gui-qt4/scanresultsitem.h,14,FP,"this is a C++ constructor (no return type, no return statement expected); rule misapplied to constructor semantics",1-5_b1,high
MSC37-C,hostap,wpa_supplicant/wpa_gui-qt4/wpamsg.h,15,FP,C++ class decl misparsed as a non-void function,1-5_b2,high
MSC13-C,hostap,wpa_supplicant/wpa_gui-qt4/wpamsg.h,20,FP,Ctor member-init; timestamp read via getTimestamp() later,1-5_b2,high
DCL13-C,hostap,src/ap/ap_list.h,44,TP,"NEED_AP_MLME-undef stub: iface genuinely unused, real const opportunity",1-5_b2,med
DCL13-C,hostap,src/ap/ap_list.h,49,TP,"same stub-branch pattern, iface unused",1-5_b2,med
DCL13-C,hostap,src/ap/ap_list.h,53,TP,"same stub-branch pattern, iface unused",1-5_b2,med
DCL13-C,hostap,src/ap/tkip_countermeasures.c,24,FP,"eloop_timeout_handler typedef fixes (void*,void*) signature",1-5_b2,high
EXP34-C,hostap,src/ap/tkip_countermeasures.c,49,FP,sta null-checked by the while((sta=...)) condition itself,1-5_b2,high
API00-C,hostap,src/ap/tkip_countermeasures.c,69,FP,hapd always a valid internal struct field addr from 2 fixed call sites,1-5_b2,med
API01-C,hostap,src/common/proximity_ranging.h,346,FP,"country[3] only ever written via bounded os_memcpy(...,3)",1-5_b2,high
API01-C,hostap,src/common/proximity_ranging.h,408,FP,"global_password bounded via os_strlcpy(...,sizeof())",1-5_b2,high
API05-C,hostap,src/common/proximity_ranging.h,493,FP,"idiomatic ptr+len parameter pair, not an unsafe pattern",1-5_b2,med
API01-C,hostap,src/drivers/driver_wext.h,19,FP,"ifname bounded via os_strlcpy(..., sizeof(drv->ifname))",1-5_b2,high
API01-C,hostap,src/drivers/driver_wext.h,20,FP,"phyname bounded via read(..., sizeof(phyname)-1)",1-5_b2,high
API05-C,hostap,src/drivers/driver_wext.h,54,FP,"ssid,ssid_len idiomatic pair",1-5_b2,med
DCL15-C,hostap,src/drivers/drivers.c,14,FP,"wpa_drivers has extern decl in driver.h, used across many .c files",1-5_b2,high
DCL19-C,hostap,src/drivers/drivers.c,14,FP,"same: genuinely needs external linkage, not minimizable",1-5_b2,high
ARR02-C,hostap,src/drivers/drivers.c,14,FP,size legitimately varies per #ifdef CONFIG_DRIVER_* combination,1-5_b2,med
API02-C,hostap,src/eap_common/eap_gpsk_common.h,49,FP,sk_len is already the valid size_t* companion for sk,1-5_b2,high
API02-C,hostap,src/eap_common/eap_gpsk_common.h,49,FP,pk_len is already the valid size_t* companion for pk,1-5_b2,high
API02-C,hostap,src/eap_common/eap_gpsk_common.h,56,FP,sid_len is already the valid size_t* companion for sid,1-5_b2,high
DCL40-C,hostap,src/eap_common/eap_psk_common.h,40,FP,STRUCT_PACKED macro on distinct struct tags misparsed as redeclared object,1-5_b2,high
DCL40-C,hostap,src/eap_common/eap_psk_common.h,49,FP,same macro misparse,1-5_b2,high
DCL40-C,hostap,src/eap_common/eap_psk_common.h,57,FP,same macro misparse,1-5_b2,high
PRE00-C,hostap,src/eap_common/eap_ttls.h,31,TP,pos/start each referenced 2-3x in macro body; real (if currently harmless) multi-eval,1-5_b2,low
PRE01-C,hostap,src/eap_common/eap_ttls.h,31,FP,"pos IS parenthesized at every read use; only the += assignment target lacks parens, which is expected",1-5_b2,med
PRE12-C,hostap,src/eap_common/eap_ttls.h,31,TP,same genuine multi-evaluation as PRE00-C,1-5_b2,low
API05-C,hostap,src/eap_server/eap_tls_common.h,83,FP,"context,context_len idiomatic pair",1-5_b2,med
API02-C,hostap,src/eap_server/eap_tls_common.h,85,FP,*len is already the valid size_t* out-param,1-5_b2,high
API02-C,hostap,src/eap_server/eap_tls_common.h,95,FP,"misfires on proc_version function-pointer param, not an array",1-5_b2,high
API01-C,hostap,src/pae/ieee802_1x_kay.h,210,FP,"if_name bounded via os_strlcpy(kay->if_name, ifname, IFNAMSIZ)",1-5_b2,high
API05-C,hostap,src/pae/ieee802_1x_kay.h,281,FP,"buf,buflen idiomatic pair",1-5_b2,med
API05-C,hostap,src/pae/ieee802_1x_kay.h,283,FP,"buf,buflen idiomatic pair",1-5_b2,med
API02-C,hostap,src/pasn/pasn_common.h,211,FP,"misfires on eppke_set_key function-pointer param, not an array",1-5_b2,high
API02-C,hostap,src/pasn/pasn_common.h,244,FP,pmk_len already the valid size_t* companion for pmk,1-5_b2,high
API02-C,hostap,src/pasn/pasn_common.h,267,FP,pmk_len already the valid size_t* companion for pmk,1-5_b2,high
API05-C,hostap,src/rsn_supp/pmksa_cache.h,81,FP,"buf,len idiomatic pair",1-5_b2,med
API05-C,hostap,src/rsn_supp/pmksa_cache.h,86,FP,"pmk,pmk_len idiomatic pair",1-5_b2,med
API05-C,hostap,src/rsn_supp/pmksa_cache.h,100,FP,"pmk,pmk_len idiomatic pair",1-5_b2,med
API02-C,hostap,src/tls/pkcs1.h,15,FP,outlen already the valid size_t* out-param,1-5_b2,high
API02-C,hostap,src/tls/pkcs1.h,18,FP,outlen already the valid size_t* out-param,1-5_b2,high
API02-C,hostap,src/tls/pkcs1.h,21,FP,plain_len already the valid size_t* out-param,1-5_b2,high
API05-C,hostap,src/tls/tlsv1_server.h,21,FP,"context,context_len idiomatic pair",1-5_b2,med
API02-C,hostap,src/tls/tlsv1_server.h,24,FP,*out_len already the valid size_t* out-param,1-5_b2,high
API05-C,hostap,src/tls/tlsv1_server.h,32,FP,"buf,buflen idiomatic pair",1-5_b2,med
API05-C,hostap,src/utils/ip_addr.c,14,FP,"buf,buflen idiomatic pair",1-5_b2,med
CON34-C,hostap,src/utils/ip_addr.c,21,TP,inet_ntoa() genuinely returns pointer to internal static/shared storage,1-5_b2,high
ARR01-C,hostap,src/utils/ip_addr.c,67,FP,"sizeof(a->u.v6) is a struct-member sizeof, not sizeof on a decayed array param",1-5_b2,high
DCL37-C,hostap,src/utils/radiotap_iter.h,2,TP,"__RADIOTAP_ITER_H literally starts with 2 underscores, a real reserved-namespace violation",1-5_b2,low
DCL12-C,hostap,src/utils/radiotap_iter.h,27,FP,"iterator's public fields are the intended API surface per doc comment, not leaked internals",1-5_b2,med
DCL12-C,hostap,src/utils/radiotap_iter.h,64,FP,"same: this_arg/this_arg_index etc. are documented public fields, opaque type would break the design",1-5_b2,med
DCL13-C,hostap,wpa_supplicant/gas_query.h,47,TP,CONFIG_GAS-undef stub: wpa_s genuinely unused,1-5_b2,med
INT36-C,hostap,wpa_supplicant/gas_query.h,49,FP,"deliberate non-null sentinel idiom (void*)1, never dereferenced by callers",1-5_b2,med
DCL13-C,hostap,wpa_supplicant/gas_query.h,52,TP,CONFIG_GAS-undef stub: gas genuinely unused,1-5_b2,med
DCL13-C,hostap,wpa_supplicant/mesh_mpm.h,33,TP,CONFIG_MESH-undef stub: wpa_s genuinely unused,1-5_b2,med
DCL13-C,hostap,wpa_supplicant/mesh_mpm.h,39,TP,CONFIG_MESH-undef stub: wpa_s genuinely unused,1-5_b2,med
DCL13-C,hostap,wpa_supplicant/mesh_mpm.h,40,TP,CONFIG_MESH-undef stub: rx_mgmt genuinely unused,1-5_b2,med
MSC37-C,hostap,wpa_supplicant/wpa_gui-qt4/signalbar.h,15,FP,C++ class decl misparsed as function,1-5_b2,high
WIN04-C,hostap,wpa_supplicant/wpa_gui-qt4/signalbar.h,20,FP,ctor declaration misparsed as function-pointer storage,1-5_b2,high
EXP34-C,hostap,wpa_supplicant/wpa_gui-qt4/signalbar.h,21,FP,dtor declaration misparsed as a null function-pointer call,1-5_b2,high
EXP43-C,hostap,wpa_supplicant/wpas_module_tests.c,29,FP,"NULL,NULL deliberate API-robustness test call, unrelated pointer types, no restrict",1-5_b2,high
EXP43-C,hostap,wpa_supplicant/wpas_module_tests.c,35,FP,"same NULL,NULL test-harness pattern",1-5_b2,high
EXP43-C,hostap,wpa_supplicant/wpas_module_tests.c,40,FP,"same NULL,NULL test-harness pattern",1-5_b2,high
DCL13-C,hostap,hostapd/ctrl_iface.h,20,TP,CONFIG_NO_CTRL_IFACE stub: hapd genuinely unused,1-5_b2,med
DCL13-C,hostap,hostapd/ctrl_iface.h,25,TP,same stub pattern,1-5_b2,med
DCL13-C,hostap,hostapd/ctrl_iface.h,30,TP,"same stub pattern, interface unused",1-5_b2,med
DCL13-C,hostap,hostapd/ctrl_iface.h,36,TP,same stub pattern,1-5_b2,med
DCL13-C,hostap,src/ap/airtime_policy.h,31,TP,CONFIG_AIRTIME_POLICY-undef stub: hapd unused,1-5_b2,med
DCL13-C,hostap,src/ap/airtime_policy.h,32,TP,"same stub, sta unused",1-5_b2,med
DCL13-C,hostap,src/ap/airtime_policy.h,37,TP,"same stub, iface unused",1-5_b2,med
DCL13-C,hostap,src/ap/airtime_policy.h,42,TP,"same stub, iface unused",1-5_b2,med
DCL13-C,hostap,src/ap/bss_load.c,19,TP,"plain read-only helper (not a callback), hapd never modified",1-5_b2,med
DCL13-C,hostap,src/ap/bss_load.c,42,FP,"eloop_timeout_handler typedef fixes signature (eloop_data,user_data)",1-5_b2,high
INT33-C,hostap,src/ap/bss_load.c,70,FP,bss_load_update_period already validated nonzero by get_bss_load_update_timeout() earlier in this function,1-5_b2,high
INT33-C,hostap,src/ap/bss_load.c,71,FP,same cross-call guard as line 70,1-5_b2,high
API00-C,hostap,src/ap/comeback_token.c,33,FP,comeback_pending_idx always a fixed internal array addr from 2 call sites,1-5_b2,med
EXP30-C,hostap,src/ap/comeback_token.c,48,FP,"MAC2STR/WPA_GET_BE16 are pure reads, no side effects to unsequence",1-5_b2,high
API00-C,hostap,src/ap/comeback_token.c,70,FP,"same as line 33, internal-only callers",1-5_b2,med
DCL30-C,hostap,src/ap/comeback_token.c,136,FP,"buf is a local pointer VARIABLE to heap memory from wpabuf_alloc(), not automatic-storage object",1-5_b2,high
DCL13-C,hostap,src/ap/ndisc_snoop.h,20,TP,stub branch: hapd unused,1-5_b2,med
DCL13-C,hostap,src/ap/ndisc_snoop.h,25,TP,stub branch: hapd unused,1-5_b2,med
DCL13-C,hostap,src/ap/ndisc_snoop.h,29,TP,stub branch: hapd unused,1-5_b2,med
DCL13-C,hostap,src/ap/ndisc_snoop.h,30,TP,stub branch: sta unused,1-5_b2,med
API02-C,hostap,src/ap/pmksa_cache_auth.h,80,FP,"index is a scalar in/out cursor, not an array needing a size",1-5_b2,high
API05-C,hostap,src/ap/pmksa_cache_auth.h,80,FP,"buf,len idiomatic pair",1-5_b2,med
API05-C,hostap,src/ap/pmksa_cache_auth.h,81,FP,"index is a scalar int*, not an array-syntax candidate",1-5_b2,med
API05-C,hostap,src/ap/pmksa_cache_auth.h,84,FP,"addr plain pointer param, normal idiom",1-5_b2,med
DCL37-C,hostap,src/ap/wpa_auth_i.h,325,TP,__wpa_send_eapol literally starts with underscore (reserved namespace),1-5_b2,low
DCL37-C,hostap,src/ap/wpa_auth_i.h,325,TP,duplicate flag of the same reserved-identifier issue,1-5_b2,low
API02-C,hostap,src/ap/wpa_auth_i.h,330,FP,"cb is a function-pointer callback param, not an array",1-5_b2,high
API02-C,hostap,src/ap/wpa_auth_i.h,333,FP,"same: cb is a callback function pointer, not an array",1-5_b2,high
API02-C,hostap,src/common/hw_features_common.h,15,FP,"freq is a scalar int* out-param, not an array",1-5_b2,high
API02-C,hostap,src/common/hw_features_common.h,17,FP,"chan is a scalar int* out-param, not an array",1-5_b2,high
API02-C,hostap,src/common/hw_features_common.h,20,FP,"chan is a scalar int* out-param, not an array",1-5_b2,high
API02-C,hostap,src/common/hw_features_common.h,31,FP,"sec_chan is a scalar int* out-param, not an array",1-5_b2,high
API02-C,hostap,src/crypto/aes_siv.h,12,FP,len[] already the valid parallel-size array paired with addr[]/num_elem,1-5_b2,high
ARR02-C,hostap,src/crypto/aes_siv.h,14,FP,"addr[] is a function parameter (decays to pointer), no bound to specify",1-5_b2,high
API02-C,hostap,src/crypto/aes_siv.h,16,FP,"same vector API pattern, len[] already paired",1-5_b2,high
ARR02-C,hostap,src/crypto/aes_siv.h,18,FP,same: addr[] function parameter,1-5_b2,high
API02-C,hostap,src/crypto/aes_wrap.h,25,FP,len[] already the valid parallel-size array paired with addr[]/num_elem,1-5_b2,high
ARR02-C,hostap,src/crypto/aes_wrap.h,26,FP,"addr[] is a function parameter, no bound to specify",1-5_b2,high
API02-C,hostap,src/crypto/aes_wrap.h,28,FP,same vector API pattern,1-5_b2,high
ARR02-C,hostap,src/crypto/aes_wrap.h,29,FP,same: addr[] function parameter,1-5_b2,high
API00-C,hostap,src/crypto/sha256-kdf.c,32,FP,outlen overflow not reachable; loop maintains pos<=outlen invariant,1-5_b2,med
API05-C,hostap,src/crypto/sha256-kdf.c,33,FP,"out,outlen idiomatic pair",1-5_b2,med
INT30-C,hostap,src/crypto/sha256-kdf.c,61,FP,clen=outlen-pos safe: pos<=outlen loop invariant prevents underflow,1-5_b2,high
INT30-C,hostap,src/crypto/sha256-kdf.c,65,FP,"pos+=clen safe: clen=min(outlen-pos,MAC_LEN) keeps pos<=outlen, no overflow",1-5_b2,high
API00-C,hostap,src/crypto/sha384-kdf.c,32,FP,outlen overflow not reachable; loop maintains pos<=outlen invariant,1-5_b2,med
API05-C,hostap,src/crypto/sha384-kdf.c,33,FP,"out,outlen idiomatic pair",1-5_b2,med
INT30-C,hostap,src/crypto/sha384-kdf.c,61,FP,clen=outlen-pos safe: pos<=outlen loop invariant prevents underflow,1-5_b2,high
INT30-C,hostap,src/crypto/sha384-kdf.c,65,FP,"pos+=clen safe: clen=min(outlen-pos,MAC_LEN) keeps pos<=outlen, no overflow",1-5_b2,high
API00-C,hostap,src/crypto/sha512-kdf.c,32,FP,outlen overflow not reachable; loop maintains pos<=outlen invariant,1-5_b2,med
API05-C,hostap,src/crypto/sha512-kdf.c,33,FP,"out,outlen idiomatic pair",1-5_b2,med
INT30-C,hostap,src/crypto/sha512-kdf.c,61,FP,clen=outlen-pos safe: pos<=outlen loop invariant prevents underflow,1-5_b2,high
INT30-C,hostap,src/crypto/sha512-kdf.c,65,FP,"pos+=clen safe: clen=min(outlen-pos,MAC_LEN) keeps pos<=outlen, no overflow",1-5_b2,high
DCL37-C,hostap,src/drivers/linux_wext.h,18,TP,_LINUX_TYPES_H reserved macro name (intentional kernel-header-guard shadow),1-5_b2,low
DCL37-C,hostap,src/drivers/linux_wext.h,19,TP,"_LINUX_SOCKET_H reserved macro name, same intentional shadow",1-5_b2,low
DCL37-C,hostap,src/drivers/linux_wext.h,20,TP,"_LINUX_IF_H reserved macro name, same intentional shadow",1-5_b2,low
DCL37-C,hostap,src/drivers/linux_wext.h,30,TP,"__user reserved macro name, same intentional shadow",1-5_b2,low
API00-C,hostap,src/eap_common/eap_psk_common.c,34,FP,"internal crypto helper, all callers pass valid buffers, not attacker-facing",1-5_b3,high
API00-C,hostap,src/eap_common/eap_psk_common.c,34,FP,"same internal helper, emsk always non-NULL from callers",1-5_b3,high
MEM05-C,hostap,src/eap_common/eap_psk_common.c,37,FP,"aes_block_size is #define 16, fixed-size array not a VLA",1-5_b3,high
ARR32-C,hostap,src/eap_common/eap_psk_common.c,37,FP,"same array, size is compile-time constant 16 via macro",1-5_b3,high
API00-C,hostap,src/eap_peer/mschapv2.c,36,FP,"internal derive function, callers always pass fixed 16-byte buffers",1-5_b3,high
API00-C,hostap,src/eap_peer/mschapv2.c,36,FP,"same, peer_challenge always caller-supplied fixed buffer",1-5_b3,high
API00-C,hostap,src/eap_peer/mschapv2.c,36,FP,"same, auth_response is caller-owned output buffer",1-5_b3,high
MEM03-C,hostap,src/eap_peer/mschapv2.c,46,TP,"password_hash derived from password, never zeroed before return",1-5_b3,high
PRE08-C,hostap,src/fst/fst_ctrl_aux.c,12,FP,8-char header truncation not a practical issue on any modern build target,1-5_b3,med
ARR02-C,hostap,src/fst/fst_ctrl_aux.c,16,FP,"idiomatic designated-initializer lookup table, compiler derives exact safe size",1-5_b3,high
ARR02-C,hostap,src/fst/fst_ctrl_aux.c,22,FP,same idiomatic designated-initializer table,1-5_b3,high
ARR02-C,hostap,src/fst/fst_ctrl_aux.c,33,FP,same idiomatic designated-initializer table,1-5_b3,high
API02-C,hostap,src/tls/tlsv1_client_i.h,86,FP,"out_len is the output size pointer, function already conveys size via it",1-5_b3,high
API02-C,hostap,src/tls/tlsv1_client_i.h,87,FP,"same output-length-pointer pattern, already size-safe",1-5_b3,high
API02-C,hostap,src/tls/tlsv1_client_i.h,91,FP,buf already paired with size_t *len immediately after it,1-5_b3,high
API02-C,hostap,src/tls/tlsv1_client_i.h,91,FP,"duplicate flag on same signature, out_len already conveys size",1-5_b3,high
API02-C,hostap,src/tls/tlsv1_server_i.h,81,FP,out_len is the output size pointer,1-5_b3,high
API02-C,hostap,src/tls/tlsv1_server_i.h,82,FP,same output-length-pointer pattern,1-5_b3,high
API02-C,hostap,src/tls/tlsv1_server_i.h,84,FP,buf already paired with size_t *len,1-5_b3,high
API02-C,hostap,src/tls/tlsv1_server_i.h,86,FP,dh_p already paired with dh_p_len output pointer,1-5_b3,high
API05-C,hostap,src/utils/eloop.h,153,FP,"opaque void* event handle (platform HANDLE), not a byte buffer needing array syntax",1-5_b3,high
API05-C,hostap,src/utils/eloop.h,155,FP,same opaque event handle in unregister call,1-5_b3,high
API05-C,hostap,src/utils/eloop.h,155,FP,"duplicate flag, same opaque handle param",1-5_b3,high
API05-C,hostap,src/utils/eloop.h,165,FP,"eloop callback context void* params are opaque, not sized buffers",1-5_b3,med
DCL13-C,hostap,wpa_supplicant/autoscan.h,42,FP,stub signature must match CONFIG_AUTOSCAN autoscan_init which does modify wpa_s,1-5_b3,high
DCL13-C,hostap,wpa_supplicant/autoscan.h,47,FP,real autoscan_deinit writes wpa_s->autoscan/scan_interval/sched_scan_plans,1-5_b3,high
DCL13-C,hostap,wpa_supplicant/autoscan.h,51,FP,real autoscan_notify_scan writes wpa_s->scan_interval and calls request_scan(wpa_s),1-5_b3,high
DCL13-C,hostap,wpa_supplicant/autoscan.h,52,FP,"signature shared across CONFIG_AUTOSCAN branches, consistency required",1-5_b3,med
PRE01-C,hostap,wpa_supplicant/dbus/dbus_new_helpers.h,25,FP,"macro param 'f' is a function-name placeholder in a declaration, not used in an expression",1-5_b3,high
API02-C,hostap,wpa_supplicant/dbus/dbus_new_helpers.h,117,FP,"dbus_path is a NUL-terminated D-Bus path string, not a raw buffer",1-5_b3,high
API02-C,hostap,wpa_supplicant/dbus/dbus_new_helpers.h,117,FP,dbus_service likewise a NUL-terminated string,1-5_b3,high
API02-C,hostap,wpa_supplicant/dbus/dbus_new_helpers.h,148,FP,"item is a char** output param (strtok-style), not a sized buffer",1-5_b3,high
API02-C,hostap,wpa_supplicant/wifi_display.h,17,FP,"cmd is parsed with os_strchr/os_strcmp/atoi, a NUL-terminated string not a raw buffer",1-5_b3,high
API02-C,hostap,wpa_supplicant/wifi_display.h,20,FP,cmd is likewise a NUL-terminated command string,1-5_b3,high
API05-C,hostap,wpa_supplicant/wifi_display.h,20,FP,"buf/buflen already bounded via wpa_snprintf_hex, stylistic-only flag",1-5_b3,med
API05-C,hostap,wpa_supplicant/wifi_display.h,21,FP,"same buf/buflen pair, already safely bounded",1-5_b3,med
MSC37-C,hostap,wpa_supplicant/wpa_gui-qt4/stringquery.h,16,FP,"C++ class declaration (Qt), file misparsed as C; sqc is C-only scope",1-5_b3,high
EXP37-C,hostap,wpa_supplicant/wpa_gui-qt4/stringquery.h,22,FP,"C++ constructor declaration, not an old-style C function",1-5_b3,high
DCL20-C,hostap,wpa_supplicant/wpa_gui-qt4/stringquery.h,22,FP,"C++ method declaration, C (void) rule inapplicable",1-5_b3,high
MSC13-C,hostap,wpa_supplicant/wpa_gui-qt4/stringquery.h,25,FP,"'edit' is a private Qt widget member used in the .cpp, not an unused variable",1-5_b3,high
API05-C,hostap,src/ap/p2p_hostapd.h,15,FP,"buf/buflen stub signature, stylistic-only flag",1-5_b3,med
DCL13-C,hostap,src/ap/p2p_hostapd.h,24,TP,hapd never modified in stub or real hostapd_p2p_get_mib_sta implementation,1-5_b3,med
DCL13-C,hostap,src/ap/p2p_hostapd.h,25,TP,"sta only read (sta->p2p_ie) in real implementation, never modified",1-5_b3,med
API05-C,hostap,src/ap/p2p_hostapd.h,26,FP,"buf/buflen ordering, stylistic-only flag",1-5_b3,med
DCL13-C,hostap,src/ap/p2p_hostapd.h,26,FP,buf is genuinely written by p2p_ie_text() in the real implementation,1-5_b3,high
INT14-C,hostap,src/crypto/aes-omac1.c,22,FP,"'i' is only used arithmetically (index/compare/increment), no bitwise op on i itself",1-5_b3,high
API00-C,hostap,src/crypto/aes-omac1.c,43,FP,"internal crypto helper, key always caller-supplied valid buffer",1-5_b3,high
API00-C,hostap,src/crypto/aes-omac1.c,133,FP,"thin wrapper delegating to omac1_aes_vector, same internal contract",1-5_b3,high
API00-C,hostap,src/crypto/aes-omac1.c,152,FP,"thin wrapper, internal helper not attacker-facing",1-5_b3,high
API00-C,hostap,src/crypto/aes-omac1.c,170,FP,"thin wrapper, internal helper not attacker-facing",1-5_b3,high
API00-C,hostap,src/crypto/aes-wrap.c,26,FP,"internal crypto helper, kek always caller-supplied valid key",1-5_b3,high
API00-C,hostap,src/crypto/aes-wrap.c,26,FP,"n is internal key-length-in-units, not attacker-tainted",1-5_b3,high
DCL13-C,hostap,src/crypto/aes-wrap.c,26,FP,cipher is genuinely written via alias 'a'/'r' (os_memset/os_memcpy through a=cipher),1-5_b3,high
INT32-C,hostap,src/crypto/aes-wrap.c,55,FP,"'b + 8' is pointer arithmetic on a fixed 16-byte stack array, not integer addition",1-5_b3,high
INT32-C,hostap,src/crypto/aes-wrap.c,63,FP,"same pointer arithmetic on b[AES_BLOCK_SIZE], misclassified as integer overflow",1-5_b3,high
PRE08-C,hostap,src/crypto/dh_group5.c,12,FP,8-char header truncation non-actionable on modern build systems,1-5_b3,med
INT36-C,hostap,src/crypto/dh_group5.c,22,FP,"(void*)1 is an intentional non-NULL sentinel, never dereferenced (dh5_free ignores ctx)",1-5_b3,high
INT36-C,hostap,src/crypto/dh_group5.c,28,FP,"same sentinel idiom in dh5_init_fixed, never dereferenced",1-5_b3,high
DCL13-C,hostap,src/crypto/dh_group5.c,32,FP,ctx is an unused fixed-signature param matching the dh_group ops contract,1-5_b3,med
DCL13-C,hostap,src/crypto/dh_group5.c,39,FP,"same fixed-signature contract, ctx unused by design",1-5_b3,med
API05-C,hostap,src/crypto/sha1-pbkdf2.c,14,FP,"standard ptr,len parameter ordering, stylistic-only flag",1-5_b3,med
STR34-C,hostap,src/crypto/sha1-pbkdf2.c,23,FP,"os_strlen(passphrase) call, no char-to-int sign-extension arithmetic occurs here",1-5_b3,high
EXP05-C,hostap,src/crypto/sha1-pbkdf2.c,40,TP,"casts away const on passphrase without re-adding const, should be (const u8 *)",1-5_b3,med
EXP05-C,hostap,src/crypto/sha1-pbkdf2.c,46,TP,same unnecessary const-stripping cast on passphrase,1-5_b3,med
API05-C,hostap,src/crypto/sha1-pbkdf2.c,74,FP,"standard ptr,len parameter ordering, stylistic-only flag",1-5_b3,med
API00-C,hostap,src/crypto/sha1-prf.c,30,FP,"buf_len is caller-controlled internal constant (e.g. PMK length), not tainted",1-5_b3,high
API05-C,hostap,src/crypto/sha1-prf.c,30,FP,"standard buf,buf_len ordering, stylistic-only flag",1-5_b3,med
STR34-C,hostap,src/crypto/sha1-prf.c,36,FP,"os_strlen(label)+1 call, no sign-extension conversion at this line",1-5_b3,high
EXP05-C,hostap,src/crypto/sha1-prf.c,40,TP,casts away const on label without re-adding const in the cast,1-5_b3,med
INT30-C,hostap,src/crypto/sha1-prf.c,54,FP,"pos bounded by buf_len, a small internal constant; no realistic wrap",1-5_b3,med
API00-C,hostap,src/crypto/sha1-tlsprf.c,30,FP,"secret_len is internal PMK-derived length, not attacker-tainted",1-5_b3,high
API05-C,hostap,src/crypto/sha1-tlsprf.c,30,FP,"standard ptr,len ordering, stylistic-only flag",1-5_b3,med
EXP05-C,hostap,src/crypto/sha1-tlsprf.c,45,TP,casts away const on label without re-adding const,1-5_b3,med
EXP05-C,hostap,src/crypto/sha1-tlsprf.c,52,TP,same unnecessary const-stripping cast on label,1-5_b3,med
INT14-C,hostap,src/crypto/sha1-tlsprf.c,63,FP,"idiomatic odd/even half-split of secret_len (& 1 then +1/2), not a readability bug",1-5_b3,high
API00-C,hostap,src/crypto/sha256-tlsprf.c,29,FP,"outlen is internal caller-fixed key-derivation length, not attacker-tainted",1-5_b3,high
API05-C,hostap,src/crypto/sha256-tlsprf.c,29,FP,"standard ptr,len ordering, stylistic-only flag",1-5_b3,med
DCL13-C,hostap,src/crypto/sha256-tlsprf.c,30,FP,"out is genuinely written via os_memcpy(out + pos, P, clen)",1-5_b3,high
EXP05-C,hostap,src/crypto/sha256-tlsprf.c,41,TP,casts away const on label without re-adding const,1-5_b3,med
INT30-C,hostap,src/crypto/sha256-tlsprf.c,67,FP,"pos bounded by outlen, small internal constant, no realistic wrap",1-5_b3,med
MEM05-C,hostap,src/crypto/sha256.c,31,FP,"_addr sized by HMAC_VECTOR_MAX_ELEM macro constant, not a VLA",1-5_b3,high
DCL37-C,hostap,src/crypto/sha256.c,31,FP,"_addr is a block-scope local, not file-scope; leading underscore+lowercase is unrestricted at block scope",1-5_b3,high
ENV01-C,hostap,src/crypto/sha256.c,32,FP,tk[32]/getenv misfire - no environment-variable code anywhere in this function,1-5_b3,high
MEM05-C,hostap,src/crypto/sha256.c,32,FP,"_len sized by same macro constant, not a VLA",1-5_b3,high
DCL37-C,hostap,src/crypto/sha256.c,32,FP,"_len is block-scope local, rule misapplied",1-5_b3,high
API00-C,hostap,src/crypto/sha384-tlsprf.c,29,FP,outlen is internal caller-fixed key-derivation length,1-5_b3,high
API05-C,hostap,src/crypto/sha384-tlsprf.c,29,FP,"standard ptr,len ordering, stylistic-only flag",1-5_b3,med
DCL13-C,hostap,src/crypto/sha384-tlsprf.c,30,FP,"out is genuinely written via os_memcpy(out + pos, P, clen)",1-5_b3,high
EXP05-C,hostap,src/crypto/sha384-tlsprf.c,41,TP,casts away const on label without re-adding const,1-5_b3,med
INT30-C,hostap,src/crypto/sha384-tlsprf.c,67,FP,"pos bounded by outlen, small internal constant, no realistic wrap",1-5_b3,med
MEM05-C,hostap,src/crypto/sha384.c,31,FP,"_addr sized by macro constant, not a VLA",1-5_b3,high
DCL37-C,hostap,src/crypto/sha384.c,31,FP,"block-scope local, rule misapplied",1-5_b3,high
ENV01-C,hostap,src/crypto/sha384.c,32,FP,"no environment-variable code in this function, misfire",1-5_b3,high
MEM05-C,hostap,src/crypto/sha384.c,32,FP,"_len sized by macro constant, not a VLA",1-5_b3,high
DCL37-C,hostap,src/crypto/sha384.c,32,FP,"block-scope local, rule misapplied",1-5_b3,high
MEM05-C,hostap,src/crypto/sha512.c,31,FP,"_addr sized by macro constant, not a VLA",1-5_b3,high
DCL37-C,hostap,src/crypto/sha512.c,31,FP,"block-scope local, rule misapplied",1-5_b3,high
ENV01-C,hostap,src/crypto/sha512.c,32,FP,"no environment-variable code in this function, misfire",1-5_b3,high
MEM05-C,hostap,src/crypto/sha512.c,32,FP,"_len sized by macro constant, not a VLA",1-5_b3,high
DCL37-C,hostap,src/crypto/sha512.c,32,FP,"block-scope local, rule misapplied",1-5_b3,high
API02-C,hostap,src/crypto/sha512.h,14,FP,"addr already paired with size_t *len, the standard vector-hmac pattern",1-5_b3,high
ARR02-C,hostap,src/crypto/sha512.h,15,FP,function parameter array always decays to pointer regardless of stated bound,1-5_b3,high
API05-C,hostap,src/crypto/sha512.h,18,FP,"standard ptr,len ordering, stylistic-only flag",1-5_b3,med
API05-C,hostap,src/crypto/sha512.h,20,FP,"standard ptr,len ordering, stylistic-only flag",1-5_b3,med
API05-C,hostap,src/crypto/sha512.h,24,FP,"standard ptr,len ordering, stylistic-only flag",1-5_b3,med
DCL13-C,hostap,src/drivers/driver_none.c,22,FP,"hapd_init is a wpa_driver_ops vtable entry, fixed-signature contract across drivers",1-5_b3,high
DCL30-C,hostap,src/drivers/driver_none.c,34,FP,"drv is heap-allocated via os_zalloc, not an automatic-storage local being returned",1-5_b3,high
DCL30-C,hostap,src/drivers/driver_none.c,58,FP,"same, drv points to heap memory from os_zalloc",1-5_b3,high
DCL15-C,hostap,src/drivers/driver_none.c,70,FP,declared extern in driver.h and referenced in the wpa_drivers[] registry in drivers.c,1-5_b3,high
DCL19-C,hostap,src/drivers/driver_none.c,70,FP,genuinely needs external linkage for the driver registry,1-5_b3,high
DCL40-C,hostap,src/fst/fst_defs.h,47,FP,"STRUCT_PACKED is a trailing attribute macro, not a shared object; engine misfires treating repeated macro use as redeclaration",1-5_b3,high
DCL40-C,hostap,src/fst/fst_defs.h,58,FP,same STRUCT_PACKED macro misfire,1-5_b3,high
DCL40-C,hostap,src/fst/fst_defs.h,70,FP,same STRUCT_PACKED macro misfire,1-5_b3,high
DCL40-C,hostap,src/fst/fst_defs.h,76,FP,same STRUCT_PACKED macro misfire,1-5_b3,high
DCL40-C,hostap,src/fst/fst_defs.h,82,FP,same STRUCT_PACKED macro misfire,1-5_b3,high
EXP33-C,hostap,src/nan/nan.c,22,FP,"sizeof(*nan) is a compile-time type query, not a runtime dereference",1-5_b3,high
ARR01-C,hostap,src/nan/nan.c,26,FP,"sizeof(*cfg) correctly sizes the pointed-to struct, standard os_memdup idiom",1-5_b3,high
DCL30-C,hostap,src/nan/nan.c,34,FP,"nan is heap-allocated via os_zalloc, not automatic-storage local",1-5_b3,high
API00-C,hostap,src/nan/nan.c,38,FP,"idiomatic internal deinit, codebase convention trusts caller to pass non-NULL",1-5_b3,med
DCL13-C,hostap,src/nan/nan.c,68,TP,"nan_update_config never writes through nan, only reads nan->nan_started/nan->cfg; plain function, no vtable constraint",1-5_b3,med
API02-C,hostap,src/wps/http_client.h,21,FP,"char **path is an output param, not a bare array needing a size arg",1-5_b4,high
API05-C,hostap,src/wps/http_client.h,28,FP,"flags void *cb_ctx opaque callback context, not an array parameter at all",1-5_b4,high
API05-C,hostap,src/wps/http_client.h,29,FP,"flags const char *url, an idiomatic NUL-terminated string param, not an array",1-5_b4,high
API05-C,hostap,src/wps/http_client.h,34,FP,"flags void *cb_ctx opaque callback context again, not an array parameter",1-5_b4,high
API02-C,hostap,src/wps/http_client.h,38,FP,"char *url is a NUL-terminated string, standard idiom, not an unsized array",1-5_b4,high
INT14-C,hostap,src/wps/ndef.c,38,FP,conflates pointer arithmetic on data with bitwise AND on dereferenced data[0]; not same-variable misuse,1-5_b4,high
DCL31-C,hostap,src/wps/ndef.c,101,FP,"filter is a local function-pointer parameter being invoked, not an undeclared global function",1-5_b4,high
DCL30-C,hostap,src/wps/ndef.c,157,FP,record is a pointer to heap memory from wpabuf_alloc; not address of automatic-storage object,1-5_b4,high
DCL13-C,hostap,src/wps/ndef.c,161,TP,"wifi_filter never modifies record; file-local callback type, const is a safe self-contained fix",1-5_b4,med
DCL13-C,hostap,src/wps/ndef.c,187,TP,"p2p_filter never modifies record; same file-local callback, const fix is low-risk",1-5_b4,med
API05-C,hostap,src/wps/wps_upnp_i.h,156,FP,"UUID_LEN is a compile-time #define (uuid.h), not a later-declared runtime parameter",1-5_b4,high
API05-C,hostap,src/wps/wps_upnp_i.h,159,FP,"UUID_LEN is a compile-time #define, same misapplied ordering rule",1-5_b4,high
API02-C,hostap,src/wps/wps_upnp_i.h,161,FP,"unsigned *ip_addr is a single output value, not an array requiring a size argument",1-5_b4,high
API02-C,hostap,src/wps/wps_upnp_i.h,161,FP,"char **ip_addr_text is an output string pointer, not an array requiring a size argument",1-5_b4,high
API05-C,hostap,src/wps/wps_upnp_i.h,162,FP,"ETH_ALEN is a compile-time #define (=6, common.h), a valid fixed-size array bound, not an out-of-order parameter",1-5_b4,high
INT14-C,hostap,wpa_supplicant/twt.c,70,FP,"only bitwise ops (& and <<) on setup_cmd, no arithmetic op present; rule's own precondition unmet",1-5_b4,high
EXP07-C,hostap,wpa_supplicant/twt.c,78,FP,no unjustified constant-value assumption; 0x1f/10 are spec-defined bit-packing offsets,1-5_b4,med
INT14-C,hostap,wpa_supplicant/twt.c,78,FP,"exponent masked with & then shifted, both bitwise ops only, no arithmetic operation involved",1-5_b4,high
EXP30-C,hostap,wpa_supplicant/twt.c,87,FP,wpabuf_head/wpabuf_len are pure inline accessors (no side effects); unsequenced order is harmless,1-5_b4,high
EXP30-C,hostap,wpa_supplicant/twt.c,131,FP,"same pure accessor pair wpabuf_head/wpabuf_len, no side effects to unsequence",1-5_b4,high
API02-C,hostap,src/ap/ieee802_1x.h,29,FP,"FILE* stream, not a buffer needing a size arg",6-15_b1,high
API02-C,hostap,src/ap/ieee802_1x.h,37,FP,returns ptr via out-param size_t*len; size already provided on return,6-15_b1,high
API02-C,hostap,src/ap/ieee802_1x.h,41,FP,same out-param len idiom as get_identity,6-15_b1,high
API02-C,hostap,src/ap/ieee802_1x.h,42,FP,same out-param len idiom,6-15_b1,high
API05-C,hostap,src/ap/ieee802_1x.h,48,FP,buf+buflen is standard C idiom; VLA-style array syntax not applicable,6-15_b1,high
API05-C,hostap,src/ap/ieee802_1x.h,50,FP,same buf+buflen idiom,6-15_b1,high
DCL13-C,hostap,src/ap/vlan_init.h,22,FP,vlan_init() writes hapd->full_dynamic_vlan and hapd->conf->vlan,6-15_b1,high
DCL13-C,hostap,src/ap/vlan_init.h,27,FP,vlan_deinit() sets hapd->full_dynamic_vlan = NULL,6-15_b1,high
DCL13-C,hostap,src/ap/vlan_init.h,32,FP,vlan_add_dynamic() writes hapd->conf->vlan,6-15_b1,high
DCL13-C,hostap,src/ap/vlan_init.h,32,TP,"'vlan' param only read (vlan_id/ifname/bridge), never written in vlan_add_dynamic",6-15_b1,med
DCL13-C,hostap,src/ap/vlan_init.h,33,TP,'vlan_desc' only dereferenced for read (*vlan_desc copied out),6-15_b1,med
DCL13-C,hostap,src/ap/vlan_init.h,38,FP,"vlan_remove_dynamic passes hapd to vlan_if_remove which mutates state reachable via hapd, consistent with sibling functions in this file",6-15_b1,med
DCL15-C,hostap,src/crypto/aes-internal.c,64,FP,Te0 is extern-declared in aes_i.h and used via macros in other translation units,6-15_b1,high
DCL19-C,hostap,src/crypto/aes-internal.c,64,FP,"same reason: genuinely needs external linkage, cross-TU use via aes_i.h",6-15_b1,high
DCL15-C,hostap,src/crypto/aes-internal.c,397,FP,"Td0 extern-declared in aes_i.h, used cross-TU",6-15_b1,high
DCL19-C,hostap,src/crypto/aes-internal.c,397,FP,same as Te0 case,6-15_b1,high
ARR02-C,hostap,src/crypto/aes-internal.c,729,FP,self-contained file-local initialized array; no separate extern decl mismatch risk,6-15_b1,med
ARR02-C,hostap,src/crypto/aes-internal.c,769,FP,same as rcon[],6-15_b1,med
API00-C,hostap,src/crypto/aes-unwrap.c,26,FP,internal crypto helper; generic NULL-check demand on caller-guaranteed pointer,6-15_b1,med
API00-C,hostap,src/crypto/aes-unwrap.c,26,FP,"same, 'cipher' param",6-15_b1,med
API00-C,hostap,src/crypto/aes-unwrap.c,26,FP,"'n' is internally computed block count, not attacker-controlled arithmetic",6-15_b1,med
DCL13-C,hostap,src/crypto/aes-unwrap.c,27,FP,"'plain' is written via aliased local pointer r=plain; memcpy(r,...) modifies *plain, analyzer missed the alias",6-15_b1,high
INT32-C,hostap,src/crypto/aes-unwrap.c,60,FP,"'b+8' is pointer arithmetic on local 16-byte array b[AES_BLOCK_SIZE], not signed-int addition; cannot overflow",6-15_b1,high
INT32-C,hostap,src/crypto/aes-unwrap.c,63,FP,same misclassification of pointer arithmetic as integer overflow,6-15_b1,high
API00-C,hostap,src/crypto/fips_prf_openssl.c,61,FP,"internal PRF helper, generic NULL-check demand",6-15_b1,med
API00-C,hostap,src/crypto/fips_prf_openssl.c,61,FP,"same, 'x' param",6-15_b1,med
EXP33-C,hostap,src/crypto/fips_prf_openssl.c,70,FP,"xkey fully initialized: memset covers tail when seed_len<64, memcpy covers head/full array otherwise",6-15_b1,high
INT14-C,hostap,src/crypto/fips_prf_openssl.c,101,FP,"idiomatic byte-carry propagation loop, not a readability defect",6-15_b1,high
ARR30-C,hostap,src/crypto/fips_prf_openssl.c,101,FP,"k ranges 19..0, xkey[64]; statically in-bounds",6-15_b1,high
ARR30-C,hostap,src/crypto/fips_prf_openssl.c,102,FP,"same bounded loop, xkey[k]",6-15_b1,high
API00-C,hostap,src/crypto/fips_prf_wolfssl.c,36,FP,same internal PRF helper pattern as openssl variant,6-15_b1,med
API00-C,hostap,src/crypto/fips_prf_wolfssl.c,36,FP,"same, 'x' param",6-15_b1,med
EXP33-C,hostap,src/crypto/fips_prf_wolfssl.c,45,FP,"xkey fully initialized via memset+memcpy combination, same as openssl variant",6-15_b1,high
INT14-C,hostap,src/crypto/fips_prf_wolfssl.c,76,FP,"idiomatic carry propagation, not a defect",6-15_b1,high
ARR30-C,hostap,src/crypto/fips_prf_wolfssl.c,76,FP,"k in [0,19], xkey[64], statically safe",6-15_b1,high
ARR30-C,hostap,src/crypto/fips_prf_wolfssl.c,77,FP,same bounded access,6-15_b1,high
API00-C,hostap,src/crypto/sha1-tprf.c,29,FP,"buf_len consumed via safe pos<buf_len loop invariant, no overflow risk",6-15_b1,med
API05-C,hostap,src/crypto/sha1-tprf.c,29,FP,"standard buf+buf_len idiom, VLA syntax not applicable",6-15_b1,high
STR34-C,hostap,src/crypto/sha1-tprf.c,35,FP,misfires on os_strlen(label) call; not a char-to-larger-int conversion site,6-15_b1,med
EXP05-C,hostap,src/crypto/sha1-tprf.c,42,FP,"idiomatic (unsigned char*) cast for HMAC vector API; addr[] is read-only, immediately treated as const, no write-through",6-15_b1,med
INT14-C,hostap,src/crypto/sha1-tprf.c,51,FP,"single-purpose byte-extraction (buf_len>>8)&0xff idiom, not confusing mixed usage",6-15_b1,high
INT30-C,hostap,src/crypto/sha1-tprf.c,61,FP,"pos+=SHA1_MAC_LEN only reached when plen>=SHA1_MAC_LEN, i.e. pos+SHA1_MAC_LEN<=buf_len; no realistic wrap",6-15_b1,med
API02-C,hostap,src/crypto/sha1.h,14,FP,num_elem already IS the size parameter for the addr/len vector arrays,6-15_b1,high
ARR02-C,hostap,src/crypto/sha1.h,15,FP,addr[] is a function parameter (decays to pointer); explicit bound not meaningful/applicable,6-15_b1,high
API05-C,hostap,src/crypto/sha1.h,18,FP,"key+key_len idiom, VLA array syntax not applicable",6-15_b1,high
API05-C,hostap,src/crypto/sha1.h,20,FP,data+data_len idiom,6-15_b1,high
API05-C,hostap,src/crypto/sha1.h,23,FP,seed+seed_len idiom,6-15_b1,high
API05-C,hostap,src/crypto/sha1.h,25,FP,secret+secret_len idiom,6-15_b1,high
API02-C,hostap,src/crypto/sha256.h,14,FP,"num_elem already the size param for vector arrays, same as sha1.h",6-15_b1,high
ARR02-C,hostap,src/crypto/sha256.h,15,FP,"function-parameter array, bound not meaningful",6-15_b1,high
API05-C,hostap,src/crypto/sha256.h,18,FP,key+key_len idiom,6-15_b1,high
API05-C,hostap,src/crypto/sha256.h,20,FP,data+data_len idiom,6-15_b1,high
API05-C,hostap,src/crypto/sha256.h,24,FP,seed+seed_len idiom,6-15_b1,high
API05-C,hostap,src/crypto/sha256.h,27,FP,secret+secret_len idiom,6-15_b1,high
API02-C,hostap,src/crypto/sha384.h,14,FP,num_elem already the size param for vector arrays,6-15_b1,high
ARR02-C,hostap,src/crypto/sha384.h,15,FP,"function-parameter array, bound not meaningful",6-15_b1,high
API05-C,hostap,src/crypto/sha384.h,18,FP,key+key_len idiom,6-15_b1,high
API05-C,hostap,src/crypto/sha384.h,20,FP,data+data_len idiom,6-15_b1,high
API05-C,hostap,src/crypto/sha384.h,24,FP,seed+seed_len idiom,6-15_b1,high
API05-C,hostap,src/crypto/sha384.h,27,FP,secret+secret_len idiom,6-15_b1,high
ARR39-C,hostap,src/drivers/driver_ndis_.c,52,FP,"buf is u8* (1-byte element); buf+sizeof(int) is plain byte-offset arithmetic, no double scaling possible",6-15_b1,high
INT14-C,hostap,src/drivers/driver_ndis_.c,55,FP,"idiomatic big-endian 2-byte length parse (*pos++<<8), not a real readability defect",6-15_b1,med
DCL30-C,hostap,src/drivers/driver_ndis_.c,62,FP,"both 'pos' and 'data' are local variables in this function, not global/static; message is factually wrong",6-15_b1,high
MSC01-C,hostap,src/drivers/driver_ndis_.c,66,TP,switch on 'type' read directly from untrusted event buffer (*(int*)buf) with no default case to handle unanticipated values,6-15_b1,high
DCL15-C,hostap,src/drivers/driver_ndis_.c,86,FP,wpa_driver_ndis_event_pipe_cb is declared in driver_ndis.h and registered as an eloop callback from driver_ndis.c; needs external linkage,6-15_b1,high
DCL13-C,hostap,src/drivers/driver_ndis_.c,86,FP,"fixed eloop_register_event callback signature (void*,void*) contract, not actionable",6-15_b1,high
API00-C,hostap,src/eap_common/eap_peap_common.c,15,FP,"buf_len bounded by internal loop invariant, generic overflow demand",6-15_b1,med
API05-C,hostap,src/eap_common/eap_peap_common.c,16,FP,"key+key_len idiom, VLA syntax not applicable",6-15_b1,high
STR34-C,hostap,src/eap_common/eap_peap_common.c,22,FP,"misfires on os_strlen(label) call, not a char-to-int conversion site",6-15_b1,med
EXP05-C,hostap,src/eap_common/eap_peap_common.c,29,FP,"idiomatic (unsigned char*) cast for HMAC vector API, addr[] read-only, no write-through",6-15_b1,med
INT14-C,hostap,src/eap_common/eap_peap_common.c,60,FP,"single mask op (buf_len & 0xff) to extract low byte, not confusing mixed usage",6-15_b1,high
INT30-C,hostap,src/eap_common/eap_peap_common.c,76,FP,"pos+=SHA1_MAC_LEN only when plen>=SHA1_MAC_LEN, bounded by buf_len, no realistic wrap",6-15_b1,med
API02-C,hostap,src/eap_peer/eap_i.h,399,FP,"getter returns internal ptr via out-param size_t*len, standard hostap accessor idiom",6-15_b1,high
API02-C,hostap,src/eap_peer/eap_i.h,400,FP,same getter idiom,6-15_b1,high
API02-C,hostap,src/eap_peer/eap_i.h,401,FP,same getter idiom,6-15_b1,high
API05-C,hostap,src/eap_peer/eap_i.h,401,FP,"out-param len idiom, VLA syntax not applicable",6-15_b1,high
API02-C,hostap,src/eap_peer/eap_i.h,402,FP,same getter idiom,6-15_b1,high
API02-C,hostap,src/eap_peer/eap_i.h,403,FP,same getter idiom,6-15_b1,high
API02-C,hostap,src/eap_peer/eap_proxy.h,30,FP,getter returns ptr via out-param size_t*len idiom,6-15_b1,high
API05-C,hostap,src/eap_peer/eap_proxy.h,40,FP,buf+len idiom,6-15_b1,high
API02-C,hostap,src/eap_peer/eap_proxy.h,43,FP,"imsi_len used as in/out capacity size_t*, matching the chained wrapper in eapol_supp_sm.c",6-15_b1,med
API05-C,hostap,src/eap_peer/eap_proxy.h,44,FP,imsi_buf+imsi_len idiom,6-15_b1,high
API02-C,hostap,src/eap_peer/eap_proxy.h,49,FP,getter returns ptr via out-param size_t*len idiom,6-15_b1,high
API02-C,hostap,src/eap_peer/eap_proxy.h,51,FP,same getter idiom,6-15_b1,high
API05-C,hostap,src/eap_peer/eap_tls_common.h,108,FP,context+context_len idiom,6-15_b1,high
API02-C,hostap,src/eap_peer/eap_tls_common.h,110,FP,getter returns ptr via out-param size_t*len idiom,6-15_b1,high
API05-C,hostap,src/eap_peer/eap_tls_common.h,121,FP,buf+buflen idiom,6-15_b1,high
API02-C,hostap,src/eap_peer/eap_tls_common.h,122,FP,"getter returns ptr via out-param size_t*len, u8*flags idiom",6-15_b1,high
DCL13-C,hostap,src/eap_peer/eap_tls_common.h,132,FP,eap_peer_tls_decrypt() writes *in_decrypted = tls_connection_decrypt(...); double-pointer write-through not tracked by analyzer,6-15_b1,high
API05-C,hostap,src/eap_peer/eap_tls_common.h,138,FP,"in_data/out_data idiom, VLA syntax not applicable",6-15_b1,high
API05-C,hostap,src/tls/tlsv1_cred.h,35,FP,cert_blob+cert_blob_len idiom,6-15_b1,high
API05-C,hostap,src/tls/tlsv1_cred.h,37,FP,cert_blob+cert_blob_len idiom,6-15_b1,high
API05-C,hostap,src/tls/tlsv1_cred.h,38,FP,private_key_blob+len idiom,6-15_b1,high
API05-C,hostap,src/tls/tlsv1_cred.h,41,FP,same idiom,6-15_b1,high
API05-C,hostap,src/tls/tlsv1_cred.h,42,FP,same idiom,6-15_b1,high
API05-C,hostap,src/tls/tlsv1_cred.h,45,FP,dh_blob+dh_blob_len idiom,6-15_b1,high
MSC37-C,hostap,wpa_supplicant/binder/supplicant.h,23,FP,"C++ file (class/namespace/AIDL binder) parsed as C; CreateInterface is a C++ method declaration, not a body with missing return",6-15_b1,high
MSC37-C,hostap,wpa_supplicant/binder/supplicant.h,30,FP,"same C++ misparse, RemoveInterface() declaration",6-15_b1,high
DCL31-C,hostap,wpa_supplicant/binder/supplicant.h,33,FP,C++ misparse of GetInterface() multi-line declaration,6-15_b1,high
WIN04-C,hostap,wpa_supplicant/binder/supplicant.h,34,FP,"C++ misparse; 'wpa_global_' is a plain struct pointer member, not a function pointer, and hostap is not Windows-only code",6-15_b1,high
DCL20-C,hostap,wpa_supplicant/binder/supplicant.h,34,FP,C++ misparse of struct member declaration as a function,6-15_b1,high
INT34-C,hostap,wpa_supplicant/binder/supplicant.h,49,FP,C++ template std::vector<android::sp<...>> misparsed as a shift operation,6-15_b1,high
WIN04-C,hostap,wpa_supplicant/wpa_gui-qt4/userdatarequest.h,22,FP,C++/Qt file; constructor default-argument list misparsed as function pointers,6-15_b1,high
WIN04-C,hostap,wpa_supplicant/wpa_gui-qt4/userdatarequest.h,22,FP,same C++/Qt misparse,6-15_b1,high
WIN04-C,hostap,wpa_supplicant/wpa_gui-qt4/userdatarequest.h,23,FP,"same C++/Qt misparse, destructor line",6-15_b1,high
WIN04-C,hostap,wpa_supplicant/wpa_gui-qt4/userdatarequest.h,23,FP,same,6-15_b1,high
DCL20-C,hostap,wpa_supplicant/wpa_gui-qt4/userdatarequest.h,29,FP,Qt 'public slots:' virtual method sendReply(); C++ misparse,6-15_b1,high
DCL20-C,hostap,wpa_supplicant/wpa_gui-qt4/userdatarequest.h,32,FP,Qt 'protected slots:' virtual method languageChange(); C++ misparse,6-15_b1,high
DCL13-C,hostap,wpa_supplicant/wpas_kay.h,25,FP,this is the CONFIG_MACSEC-disabled stub (returns 0); the real implementation in wpas_kay.c writes wpa_s->kay - const would break signature parity across build configs,6-15_b1,med
DCL13-C,hostap,wpa_supplicant/wpas_kay.h,26,FP,same stub/real-impl signature-parity issue; real impl reads ssid->macsec_* fields to build kay state,6-15_b1,med
DCL13-C,hostap,wpa_supplicant/wpas_kay.h,32,FP,"stub for ieee802_1x_notify_create_actor; real CONFIG_MACSEC impl uses wpa_s state, signature must match stub",6-15_b1,med
DCL13-C,hostap,wpa_supplicant/wpas_kay.h,38,FP,stub for ieee802_1x_dealloc_kay_sm; real impl sets wpa_s->kay = NULL,6-15_b1,med
DCL13-C,hostap,wpa_supplicant/wpas_kay.h,43,FP,stub for ieee802_1x_create_preshared_mka; same signature-parity reasoning,6-15_b1,med
DCL13-C,hostap,wpa_supplicant/wpas_kay.h,44,FP,"same, ssid param of the stub",6-15_b1,med
API02-C,hostap,src/ap/sta_info.h,351,FP,"cb is a function pointer callback, not an array; API02 misapplied",6-15_b2,high
DCL13-C,hostap,src/ap/sta_info.h,402,TP,"ap_sta_is_authorized only reads sta->flags, never modifies sta",6-15_b2,high
API05-C,hostap,src/ap/sta_info.h,414,FP,"buf+buflen is idiomatic pointer+size convention, stylistic only",6-15_b2,med
MSC37-C,hostap,src/ap/sta_info.h,424,FP,both #ifdef/#else branches of ap_sta_is_mld return a value,6-15_b2,high
DCL13-C,hostap,src/ap/sta_info.h,424,TP,"ap_sta_is_mld only reads hapd in either branch, never modifies",6-15_b2,high
DCL13-C,hostap,src/ap/sta_info.h,425,TP,"ap_sta_is_mld only reads sta in either branch, never modifies",6-15_b2,high
MSC37-C,hostap,src/ap/sta_info.h,452,FP,both #ifdef/#else branches of ap_sta_is_epp return a value,6-15_b2,high
MSC13-C,hostap,src/ap/vlan_util.c,27,FP,"defensive NULL init immediately before alloc call, idiomatic, harmless",6-15_b2,med
MSC13-C,hostap,src/ap/vlan_util.c,29,FP,"same defensive-init idiom as handle=NULL, harmless dead store",6-15_b2,med
MEM31-C,hostap,src/ap/vlan_util.c,46,FP,handle freed via nl_socket_free at vlan_add_error label on every path,6-15_b2,high
MEM31-C,hostap,src/ap/vlan_util.c,81,FP,rlink freed via rtnl_link_put at vlan_add_error label on every path,6-15_b2,high
STR30-C,hostap,src/ap/vlan_util.c,87,FP,"rtnl_link_set_type takes const char* per libnl3 header, never modifies literal",6-15_b2,high
MSC13-C,hostap,src/ap/vlan_util.c,127,FP,same defensive NULL-init idiom in vlan_rem,6-15_b2,med
MEM31-C,hostap,src/ap/vlan_util.c,132,FP,handle freed at vlan_rem_error label on every path,6-15_b2,high
DCL13-C,hostap,src/ap/wpa_auth_kay.h,25,FP,disabled-CONFIG_MACSEC stub; real impl in wpa_auth_kay.c mutates hapd,6-15_b2,high
DCL13-C,hostap,src/ap/wpa_auth_kay.h,26,FP,disabled-CONFIG_MACSEC stub; real impl mutates sta via kay sm alloc,6-15_b2,high
DCL13-C,hostap,src/ap/wpa_auth_kay.h,32,FP,disabled-CONFIG_MACSEC stub; real impl signature must match mutable use,6-15_b2,high
DCL13-C,hostap,src/ap/wpa_auth_kay.h,33,FP,disabled-CONFIG_MACSEC stub; real impl signature must match mutable use,6-15_b2,high
DCL13-C,hostap,src/ap/wpa_auth_kay.h,38,FP,disabled-CONFIG_MACSEC stub; real ieee802_1x_dealloc_kay_sm_hapd mutates hapd,6-15_b2,high
DCL13-C,hostap,src/ap/wpa_auth_kay.h,43,FP,disabled-CONFIG_MACSEC stub; real impl signature must match mutable use,6-15_b2,high
DCL13-C,hostap,src/ap/wpa_auth_kay.h,44,FP,disabled-CONFIG_MACSEC stub; real impl signature must match mutable use,6-15_b2,high
API02-C,hostap,src/common/cli.h,41,FP,argc already specifies argv element count; size arg already present,6-15_b2,high
API05-C,hostap,src/common/cli.h,41,FP,"buf+buflen is idiomatic pointer+size convention, stylistic only",6-15_b2,med
API05-C,hostap,src/common/cli.h,41,FP,argv already declared with array syntax 'char *argv[]',6-15_b2,high
ARR02-C,hostap,src/common/cli.h,42,FP,function parameter array decays to pointer; not an object w/ initializer,6-15_b2,high
API02-C,hostap,src/common/cli.h,45,FP,"cmd is a NUL-terminated string, standard C string parameter convention",6-15_b2,med
API02-C,hostap,src/common/cli.h,45,FP,tokenize_cmd bounds argv internally via #define max_args shared contract,6-15_b2,high
ARR02-C,hostap,src/common/cli.h,45,FP,function parameter array decays to pointer; not an object w/ initializer,6-15_b2,high
API00-C,hostap,src/crypto/fips_prf_internal.c,17,FP,internal crypto helper always called with valid caller-owned buffers,6-15_b2,med
API00-C,hostap,src/crypto/fips_prf_internal.c,17,FP,internal crypto helper always called with valid caller-owned buffers,6-15_b2,med
DCL37-C,hostap,src/crypto/fips_prf_internal.c,20,FP,"_t is a block-scope local, not file-scope; not reserved at block scope",6-15_b2,high
EXP33-C,hostap,src/crypto/fips_prf_internal.c,27,FP,"os_memcpy(xkey,...) writes xkey, doesn't read uninitialized data",6-15_b2,high
INT14-C,hostap,src/crypto/fips_prf_internal.c,55,FP,"idiomatic byte-wise carry-propagation addition (FIPS186-2), not a defect",6-15_b2,med
ARR30-C,hostap,src/crypto/fips_prf_internal.c,55,FP,"k statically bounded 19..0, well within xkey[64]",6-15_b2,high
ARR30-C,hostap,src/crypto/fips_prf_internal.c,56,FP,"k statically bounded 19..0, well within xkey[64]",6-15_b2,high
MEM10-C,hostap,src/eap_common/eap_fast_common.c,48,FP,"idiomatic NULL check on buf param, no dedicated validator needed",6-15_b2,med
DCL30-C,hostap,src/eap_common/eap_fast_common.c,64,FP,"e holds wpabuf_alloc() heap pointer, not address of a stack object",6-15_b2,high
API00-C,hostap,src/eap_common/eap_fast_common.c,68,FP,internal derive helper always called with valid fixed-size buffer,6-15_b2,med
MEM05-C,hostap,src/eap_common/eap_fast_common.c,73,FP,"2*TLS_RANDOM_LEN is a compile-time macro constant (64), not a VLA",6-15_b2,high
API05-C,hostap,src/eap_common/eap_fast_common.c,96,FP,"struct tls_connection* is an opaque handle, not an array parameter",6-15_b2,high
DCL30-C,hostap,src/eap_common/eap_fast_common.c,109,FP,"out holds os_malloc() heap pointer, not local stack address",6-15_b2,high
ARR01-C,hostap,src/eap_common/eap_fast_common.c,225,FP,"sizeof applies to *tlv->crypto_binding (member deref), not decayed tlv param",6-15_b2,high
API00-C,hostap,src/eap_common/eap_pax_common.c,30,FP,internal KDF helper always called with valid caller-owned entropy buffer,6-15_b2,med
API00-C,hostap,src/eap_common/eap_pax_common.c,30,FP,"output_len values are internal protocol-fixed key lengths, not raw attacker length; num_blocks>=255 checked",6-15_b2,med
API05-C,hostap,src/eap_common/eap_pax_common.c,31,FP,"key+key_len is idiomatic pointer+size convention, stylistic only",6-15_b2,med
DCL13-C,hostap,src/eap_common/eap_pax_common.c,33,FP,"pos aliases output and os_memcpy(pos,...) writes through it; const would be wrong",6-15_b2,high
API00-C,hostap,src/eap_common/eap_pax_common.c,87,FP,docstring explicitly allows NULL; all current callers pass non-NULL/empty string,6-15_b2,med
API00-C,hostap,src/eap_common/eap_pax_common.c,87,FP,docstring explicitly allows NULL; all current callers pass non-NULL/empty string,6-15_b2,med
API00-C,hostap,src/eap_common/eap_pax_common.c,87,FP,docstring explicitly allows NULL; all current callers pass non-NULL/empty string,6-15_b2,med
DCL13-C,hostap,src/eap_common/eap_sim_common.h,111,FP,disabled-AKA-PRIME stub body is empty; real enabled impl writes derived key,6-15_b2,high
DCL13-C,hostap,src/eap_common/eap_sim_common.h,111,FP,disabled-AKA-PRIME stub body is empty; real enabled impl writes derived key,6-15_b2,high
DCL13-C,hostap,src/eap_common/eap_sim_common.h,111,FP,disabled-AKA-PRIME stub body is empty; real enabled impl writes derived key,6-15_b2,high
DCL13-C,hostap,src/eap_common/eap_sim_common.h,112,FP,disabled-AKA-PRIME stub body is empty; real enabled impl writes derived key,6-15_b2,high
DCL13-C,hostap,src/eap_common/eap_sim_common.h,112,FP,disabled-AKA-PRIME stub body is empty; real enabled impl writes derived key,6-15_b2,high
DCL13-C,hostap,src/eap_common/eap_sim_common.h,119,FP,"disabled-AKA-PRIME reauth stub returns -1, never touches msk; real impl writes it",6-15_b2,high
DCL13-C,hostap,src/eap_common/eap_sim_common.h,120,FP,"disabled-AKA-PRIME reauth stub returns -1, never touches emsk; real impl writes it",6-15_b2,high
DCL40-C,hostap,src/eap_common/eap_teap_common.h,49,FP,"STRUCT_PACKED is a packing-attribute macro suffix, not a redeclared object",6-15_b2,high
DCL40-C,hostap,src/eap_common/eap_teap_common.h,55,FP,"STRUCT_PACKED is a packing-attribute macro suffix, not a redeclared object",6-15_b2,high
DCL40-C,hostap,src/eap_common/eap_teap_common.h,62,FP,"STRUCT_PACKED is a packing-attribute macro suffix, not a redeclared object",6-15_b2,high
DCL40-C,hostap,src/eap_common/eap_teap_common.h,70,FP,"STRUCT_PACKED is a packing-attribute macro suffix, not a redeclared object",6-15_b2,high
DCL40-C,hostap,src/eap_common/eap_teap_common.h,82,FP,"STRUCT_PACKED is a packing-attribute macro suffix, not a redeclared object",6-15_b2,high
DCL40-C,hostap,src/eap_common/eap_teap_common.h,96,FP,"STRUCT_PACKED is a packing-attribute macro suffix, not a redeclared object",6-15_b2,high
DCL40-C,hostap,src/eap_common/eap_teap_common.h,104,FP,"STRUCT_PACKED is a packing-attribute macro suffix, not a redeclared object",6-15_b2,high
DCL40-C,hostap,src/eap_common/eap_tlv_common.h,47,FP,"STRUCT_PACKED is a packing-attribute macro suffix, not a redeclared object",6-15_b2,high
DCL40-C,hostap,src/eap_common/eap_tlv_common.h,54,FP,"STRUCT_PACKED is a packing-attribute macro suffix, not a redeclared object",6-15_b2,high
DCL40-C,hostap,src/eap_common/eap_tlv_common.h,61,FP,"STRUCT_PACKED is a packing-attribute macro suffix, not a redeclared object",6-15_b2,high
DCL40-C,hostap,src/eap_common/eap_tlv_common.h,69,FP,"STRUCT_PACKED is a packing-attribute macro suffix, not a redeclared object",6-15_b2,high
DCL40-C,hostap,src/eap_common/eap_tlv_common.h,80,FP,"STRUCT_PACKED is a packing-attribute macro suffix, not a redeclared object",6-15_b2,high
DCL40-C,hostap,src/eap_common/eap_tlv_common.h,89,FP,"STRUCT_PACKED is a packing-attribute macro suffix, not a redeclared object",6-15_b2,high
DCL40-C,hostap,src/eap_common/eap_tlv_common.h,96,FP,"STRUCT_PACKED is a packing-attribute macro suffix, not a redeclared object",6-15_b2,high
DCL40-C,hostap,src/eap_common/ikev2_common.h,37,FP,"STRUCT_PACKED is a packing-attribute macro suffix, not a redeclared object",6-15_b2,high
DCL40-C,hostap,src/eap_common/ikev2_common.h,43,FP,"STRUCT_PACKED is a packing-attribute macro suffix, not a redeclared object",6-15_b2,high
DCL40-C,hostap,src/eap_common/ikev2_common.h,55,FP,"STRUCT_PACKED is a packing-attribute macro suffix, not a redeclared object",6-15_b2,high
API02-C,hostap,src/eap_common/ikev2_common.h,274,FP,num_elem already bounds the addr[]/len[] vector arrays; size arg present,6-15_b2,med
ARR02-C,hostap,src/eap_common/ikev2_common.h,275,FP,function parameter array decays to pointer; not an object w/ initializer,6-15_b2,high
API02-C,hostap,src/eap_common/ikev2_common.h,320,FP,"encrypted_len bounds input, res_len is an out-param for result length",6-15_b2,med
API05-C,hostap,src/eap_common/ikev2_common.h,329,FP,"const struct ikev2_integ_alg* is an opaque handle, not an array parameter",6-15_b2,high
DCL13-C,hostap,src/eap_peer/eap_otp.c,15,FP,"struct eap_method init callback, fixed vtable signature contract",6-15_b2,high
INT36-C,hostap,src/eap_peer/eap_otp.c,19,FP,"documented non-NULL sentinel idiom, never dereferenced; same pattern in eap_md5.c",6-15_b2,med
DCL13-C,hostap,src/eap_peer/eap_otp.c,23,FP,"struct eap_method deinit callback, fixed vtable signature contract",6-15_b2,high
DCL13-C,hostap,src/eap_peer/eap_otp.c,23,FP,"struct eap_method deinit callback, fixed vtable signature contract",6-15_b2,high
DCL13-C,hostap,src/eap_peer/eap_otp.c,28,FP,"struct eap_method process callback, fixed vtable signature contract",6-15_b2,high
DCL30-C,hostap,src/eap_peer/eap_otp.c,79,FP,"resp holds eap_msg_alloc() heap pointer, not stack address",6-15_b2,high
MEM31-C,hostap,src/eap_peer/eap_otp.c,87,FP,"ownership of eap transfers to eap_peer_method_register, not leaked",6-15_b2,high
API00-C,hostap,src/utils/bitfield.c,21,FP,"internal helper, callers pass small fixed pool sizes (8/123/255), not raw untrusted length",6-15_b2,med
EXP33-C,hostap,src/utils/bitfield.c,25,FP,"sizeof(*bf) is a compile-time type computation, not a runtime dereference",6-15_b2,high
DCL30-C,hostap,src/utils/bitfield.c,30,FP,"bf holds os_zalloc() heap pointer, not stack address",6-15_b2,high
INT14-C,hostap,src/utils/bitfield.c,52,FP,"idiomatic bit-index arithmetic (div/mod + bitmask), not a defect",6-15_b2,med
DCL13-C,hostap,src/utils/bitfield.c,56,TP,"bitfield_is_set only reads bf->max_bits/bf->bits, never modifies",6-15_b2,high
INT14-C,hostap,src/utils/bitfield.c,60,FP,"idiomatic bit-index arithmetic (div/mod + bitmask), not a defect",6-15_b2,med
DCL13-C,hostap,src/utils/bitfield.c,76,TP,"bitfield_get_first_zero only reads bf fields, never modifies",6-15_b2,high
EXP33-C,hostap,src/utils/ext_password_test.c,24,FP,"sizeof(*data) is a compile-time type computation, not a runtime dereference",6-15_b2,high
DCL30-C,hostap,src/utils/ext_password_test.c,31,FP,"data holds os_zalloc() heap pointer, not stack address",6-15_b2,high
DCL13-C,hostap,src/utils/ext_password_test.c,44,FP,"ext_password_backend.get vtable fixed signature (void *ctx, const char *name)",6-15_b2,high
ARR30-C,hostap,src/utils/ext_password_test.c,57,FP,"inner while loop terminates on NUL check, standard bounded C-string scan",6-15_b2,high
EXP30-C,hostap,src/utils/ext_password_test.c,68,FP,"wpabuf_head/wpabuf_len are pure read-only accessors, no unsequenced side effects",6-15_b2,high
DCL15-C,hostap,src/utils/ext_password_test.c,85,FP,"extern'd in ext_password_i.h, referenced from ext_password.c registry; needs linkage",6-15_b2,high
DCL19-C,hostap,src/utils/ext_password_test.c,85,FP,"extern'd in ext_password_i.h, referenced from ext_password.c registry; needs linkage",6-15_b2,high
DCL13-C,hostap,src/utils/uuid.c,15,FP,opos aliases bin and hexstr2bin writes decoded bytes through it,6-15_b2,high
EXP30-C,hostap,src/utils/uuid.c,28,FP,"|| provides a sequence point between pos++ and hexstr2bin(pos,...) call",6-15_b2,high
EXP30-C,hostap,src/utils/uuid.c,33,FP,"|| provides a sequence point between pos++ and hexstr2bin(pos,...) call",6-15_b2,high
EXP30-C,hostap,src/utils/uuid.c,38,FP,"|| provides a sequence point between pos++ and hexstr2bin(pos,...) call",6-15_b2,high
EXP30-C,hostap,src/utils/uuid.c,43,FP,"|| provides a sequence point between pos++ and hexstr2bin(pos,...) call",6-15_b2,high
API05-C,hostap,src/utils/uuid.c,50,FP,"str+max_len is idiomatic pointer+size convention, stylistic only",6-15_b2,med
API00-C,hostap,src/utils/uuid.c,65,FP,internal helper always called with valid fixed 16-byte uuid buffer,6-15_b2,med
API05-C,hostap,src/utils/wpabuf.h,32,FP,"data+len is idiomatic pointer+size convention, stylistic only",6-15_b2,med
DCL13-C,hostap,src/utils/wpabuf.h,108,FP,"wpabuf_mhead is the intentional mutable counterpart to const wpabuf_head, API design",6-15_b2,med
API05-C,hostap,src/utils/wpabuf.h,172,FP,"data+len is idiomatic pointer+size convention, stylistic only",6-15_b2,med
EXP30-C,hostap,src/utils/wpabuf.h,182,FP,"wpabuf_head/wpabuf_len pure read accessors as separate args, no UB",6-15_b2,high
API05-C,hostap,src/utils/wpabuf.h,185,FP,"data+len is idiomatic pointer+size convention, stylistic only",6-15_b2,med
EXP05-C,hostap,src/utils/wpabuf.h,187,TP,"casts away const on caller's const void *data, stores as mutable buf->buf field",6-15_b2,med
EXP36-C,hostap,src/utils/wpabuf.h,187,FP,"u8 is typedef'd uint8_t (1-byte align) here, not a 4-byte-aligned type",6-15_b2,high
API05-C,hostap,src/wps/wps.h,874,FP,"p2p_dev_addr is a fixed 6-byte MAC pointer, idiomatic convention",6-15_b2,med
API02-C,hostap,src/wps/wps.h,903,FP,buf/end form a bounded begin/end pointer pair; end is the implicit bound,6-15_b2,high
API02-C,hostap,src/wps/wps.h,903,FP,buf/end form a bounded begin/end pointer pair; end is the implicit bound,6-15_b2,high
API05-C,hostap,src/wps/wps.h,929,FP,"WPS_DEV_TYPE_LEN is a compile-time macro (=8), not a runtime size param",6-15_b2,high
API05-C,hostap,src/wps/wps.h,930,FP,"WPS_DEV_TYPE_LEN is a compile-time macro (=8), not a runtime size param",6-15_b2,high
API05-C,hostap,src/wps/wps.h,930,FP,"buf+buf_len is idiomatic pointer+size convention, stylistic only",6-15_b2,med
API02-C,hostap,src/wps/wps.h,940,FP,"int *id is a scalar output parameter, not an array requiring capacity",6-15_b2,high
PRE08-C,hostap,src/wps/wps_upnp_ap.c,15,FP,"8-char filename rule not applicable; hostap targets POSIX, no 8.3-filesystem constraint",6-15_b3,high
ARR01-C,hostap,src/wps/wps_upnp_ap.c,44,FP,"sizeof(s->authorized_macs) is a struct member array via pointer, not a decayed param sizeof",6-15_b3,high
EXP33-C,hostap,src/wps/wps_upnp_ap.c,45,FP,wps_parse_msg() memsets *attr at entry (wps_attr_parse.c:606) before filling it; not actually uninitialized,6-15_b3,high
FLP03-C,hostap,src/wps/wps_upnp_ap.c,56,FP,"line is integer division (authorized_macs_len/ETH_ALEN), not floating point at all",6-15_b3,high
MSC01-C,hostap,src/wps/wps_upnp_ap.c,61,FP,"missing final else is an intentional no-op (WPS2.0 skip-broadcast-fallback), not an unhandled case bug",6-15_b3,med
API00-C,hostap,src/wps/wps_upnp_ap.c,76,FP,"sole caller subscription_destroy() always passes a live loop-var s, never NULL; internal-only API pattern",6-15_b3,high
EXP34-C,hostap,src/wps/wps_upnp_ap.c,79,FP,s cannot be NULL at this call site (verified all 7 upstream call chains); internal-only API pattern,6-15_b3,high
DCL13-C,hostap,wpa_supplicant/bgscan.h,53,FP,"bgscan_init writes wpa_s->bgscan_priv/wpa_s->bgscan (bgscan.c:60,63); wpa_s genuinely modified",6-15_b3,high
DCL13-C,hostap,wpa_supplicant/bgscan.h,54,TP,ssid only forwarded read-only to ops->init(); safe const opportunity,6-15_b3,med
DCL13-C,hostap,wpa_supplicant/bgscan.h,59,FP,bgscan_deinit writes wpa_s->bgscan=NULL/wpa_s->bgscan_priv=NULL; genuinely modified,6-15_b3,high
DCL13-C,hostap,wpa_supplicant/bgscan.h,63,TP,"bgscan_notify_scan only reads wpa_s->bgscan/bgscan_priv, never writes",6-15_b3,med
DCL13-C,hostap,wpa_supplicant/bgscan.h,64,FP,"scan_res forwarded verbatim to non-const ops->notify_scan() vtable field; const would break the call, dispatch-contract style FP",6-15_b3,med
DCL13-C,hostap,wpa_supplicant/bgscan.h,69,TP,bgscan_notify_beacon_loss only reads wpa_s members,6-15_b3,med
DCL13-C,hostap,wpa_supplicant/bgscan.h,73,TP,bgscan_notify_signal_change only reads wpa_s members,6-15_b3,med
MSC37-C,hostap,wpa_supplicant/binder/iface.h,21,FP,C++ class decl misparsed as a C function; categorical C++ misparse FP,6-15_b3,high
MSC13-C,hostap,wpa_supplicant/binder/iface.h,28,FP,'public:' access specifier misparsed as an unused variable decl; C++ misparse FP,6-15_b3,high
DCL31-C,hostap,wpa_supplicant/binder/iface.h,31,FP,C++ constructor declaration misparsed; C++ misparse FP,6-15_b3,high
MSC13-C,hostap,wpa_supplicant/binder/iface.h,32,FP,C++ destructor '~Iface() = default;' misparsed as dead assignment; C++ misparse FP,6-15_b3,high
WIN04-C,hostap,wpa_supplicant/binder/iface.h,32,FP,same destructor line misparsed as a function-pointer store; C++ misparse FP,6-15_b3,high
DCL20-C,hostap,wpa_supplicant/binder/iface.h,32,FP,destructor's () misparsed as a C empty-parameter-list function; C++ misparse FP,6-15_b3,high
MSC13-C,hostap,wpa_supplicant/binder/iface.h,37,FP,"wpa_s_ is a real private class member used in the .cc implementation; C++ misparse, sqc only sees the header",6-15_b3,high
PRE02-C,hostap,wpa_supplicant/config.h,46,FP,macro body is a single primary expr (unary-minus literal -75); no adjacent-token precedence hazard exists,6-15_b3,med
PRE08-C,hostap,wpa_supplicant/config.h,54,FP,8-char filename rule not applicable to POSIX-targeted hostap build,6-15_b3,high
API01-C,hostap,wpa_supplicant/config.h,857,FP,"confirmed categorical FP; both writes to config->country are single-byte assigns bounded to the 2-byte field (config.c:5153-4, dbus_new_handlers.c:4070-1)",6-15_b3,high
API05-C,hostap,wpa_supplicant/config.h,1942,FP,confirmed categorical FP: buf+buflen idiom (wpa_config_dump_values),6-15_b3,high
API05-C,hostap,wpa_supplicant/config.h,1944,FP,confirmed categorical FP: buf+buflen idiom (wpa_config_get_value),6-15_b3,high
API05-C,hostap,wpa_supplicant/config.h,1945,FP,confirmed categorical FP: buf+buflen idiom,6-15_b3,high
API02-C,hostap,wpa_supplicant/config.h,1991,FP,"no_var is a scalar int* out-param, not an array; confirmed categorical scalar-misfire FP",6-15_b3,high
DCL13-C,hostap,wpa_supplicant/config_none.c,20,FP,cfgp's identity flows into non-const return type 'struct wpa_config *'; making it const would break the assignment/return contract,6-15_b3,high
MEM10-C,hostap,wpa_supplicant/config_none.c,25,FP,"stylistic 'use a dedicated validator function' nitpick on a plain, present NULL check; recurring across batch, not a real safety gap",6-15_b3,med
EXP43-C,hostap,wpa_supplicant/config_none.c,30,FP,both arguments to wpa_config_alloc_empty are literal NULL; no aliasing exists between two null literals,6-15_b3,high
DCL30-C,hostap,wpa_supplicant/config_none.c,34,FP,"confirmed categorical FP: config is a local pointer variable but points to cfgp (caller-owned) or heap storage from wpa_config_alloc_empty, not automatic storage",6-15_b3,high
API00-C,hostap,wpa_supplicant/config_none.c,38,FP,internal-only backend API pattern; name/config always valid from config.c call path,6-15_b3,med
API00-C,hostap,wpa_supplicant/config_none.c,38,FP,internal-only backend API pattern,6-15_b3,med
DCL13-C,hostap,wpa_supplicant/config_none.c,38,TP,verified both config_none.c and config_file.c's wpa_config_write never modify config (read-only serialize/no-op); safe const across the shared backend interface,6-15_b3,med
PRE02-C,hostap,wpa_supplicant/config_ssid.h,31,FP,single-token negative-literal macro (-1); no adjacent-token precedence hazard,6-15_b3,med
PRE02-C,hostap,wpa_supplicant/config_ssid.h,41,FP,single-token negative-literal macro (-1),6-15_b3,med
PRE02-C,hostap,wpa_supplicant/config_ssid.h,42,FP,single-token negative-literal macro (-1),6-15_b3,med
PRE02-C,hostap,wpa_supplicant/config_ssid.h,43,FP,single-token negative-literal macro (-1),6-15_b3,med
PRE02-C,hostap,wpa_supplicant/config_ssid.h,44,FP,single-token negative-literal macro (-1),6-15_b3,med
PRE02-C,hostap,wpa_supplicant/config_ssid.h,45,FP,single-token negative-literal macro (-1),6-15_b3,med
PRE02-C,hostap,wpa_supplicant/config_ssid.h,47,FP,single-token negative-literal macro (-1),6-15_b3,med
MEM10-C,hostap,wpa_supplicant/nfc_pw_token.c,23,FP,"stylistic ad-hoc-NULL-check nitpick, not a real safety gap; recurring pattern this batch",6-15_b3,med
FIO23-C,hostap,wpa_supplicant/nfc_pw_token.c,24,FP,"return from main() is equivalent to exit(), which the C standard guarantees flushes open streams incl. stdout; explicit fclose unnecessary",6-15_b3,high
STR31-C,hostap,wpa_supplicant/nfc_pw_token.c,37,FP,"argv/argc are never referenced anywhere in main()'s body; rule fires purely off the (argc,argv) signature",6-15_b3,high
EXP30-C,hostap,wpa_supplicant/nfc_pw_token.c,61,FP,"wpabuf_head/wpabuf_len are pure read-only static-inline accessors (wpabuf.h:58,93), no side effects to unsequence",6-15_b3,high
FIO47-C,hostap,wpa_supplicant/nfc_pw_token.c,63,FP,"txt is a char[1000] array (decays to pointer), matches %s exactly; 'argument is Integer' claim is false",6-15_b3,high
EXP30-C,hostap,wpa_supplicant/nfc_pw_token.c,65,FP,same pure-accessor misfire as line 61 (wpabuf_head/wpabuf_len on ndef),6-15_b3,high
FIO47-C,hostap,wpa_supplicant/nfc_pw_token.c,67,FP,same false type-mismatch misfire as line 63,6-15_b3,high
MSC37-C,hostap,wpa_supplicant/wpa_gui-qt4/addinterface.h,20,FP,C++ class decl misparsed as C function; categorical C++/Qt misparse FP,6-15_b3,high
MSC13-C,hostap,wpa_supplicant/wpa_gui-qt4/addinterface.h,25,FP,C++ constructor misparsed; Qt misparse FP,6-15_b3,high
WIN04-C,hostap,wpa_supplicant/wpa_gui-qt4/addinterface.h,25,FP,C++ constructor misparsed as function-pointer store; Qt misparse FP,6-15_b3,high
DCL20-C,hostap,wpa_supplicant/wpa_gui-qt4/addinterface.h,31,FP,C++ Qt-slot method decl misparsed; Qt misparse FP,6-15_b3,high
MSC13-C,hostap,wpa_supplicant/wpa_gui-qt4/addinterface.h,34,FP,vboxLayout is a real private class member used in the .cpp; Qt misparse FP,6-15_b3,high
MSC13-C,hostap,wpa_supplicant/wpa_gui-qt4/addinterface.h,35,FP,interfaceWidget is a real private class member used in the .cpp; Qt misparse FP,6-15_b3,high
MSC13-C,hostap,wpa_supplicant/wpa_gui-qt4/addinterface.h,36,FP,wpagui is a real private class member used in the .cpp; Qt misparse FP,6-15_b3,high
API00-C,hostap,hostapd/nt_password_hash.c,15,FP,main()'s argv pointer is guaranteed non-NULL by the C runtime/OS; not a real validation gap,6-15_b3,high
MEM03-C,hostap,hostapd/nt_password_hash.c,17,FP,password_hash's entire purpose is to be printed to stdout as the tool's output; clearing it after intentional disclosure has no security value,6-15_b3,med
MEM03-C,hostap,hostapd/nt_password_hash.c,19,TP,"raw plaintext password left in stack buf/pointer, never cleared before exit; genuine sensitive-data hygiene gap",6-15_b3,med
FIO40-C,hostap,hostapd/nt_password_hash.c,24,FP,buf is never touched after the fgets-failure branch (function returns immediately); no indeterminate read occurs,6-15_b3,high
FIO20-C,hostap,hostapd/nt_password_hash.c,24,TP,no truncation check on 64-byte password buffer; a >63-char password is silently truncated with no warning,6-15_b3,low
FIO23-C,hostap,hostapd/nt_password_hash.c,26,FP,return from main() auto-flushes stdout per C standard; same misfire as nfc_pw_token.c,6-15_b3,high
ARR30-C,hostap,hostapd/nt_password_hash.c,30,FP,"buf is guaranteed NUL-terminated (buf[sizeof(buf)-1]='\0' at line 28) before the scan; standard bounded nul-terminated-string-walk idiom, not actually unbounded",6-15_b3,med
STR34-C,hostap,hostapd/nt_password_hash.c,32,FP,"'*pos = '\0';' is a plain char assignment of a zero literal, not a widening char-to-int conversion; no sign-extension risk exists",6-15_b3,high
DCL13-C,hostap,src/ap/accounting.h,13,TP,"confirmed stub-branch pattern: CONFIG_NO_ACCOUNTING no-op inline, hapd genuinely 100% unused",6-15_b3,med
DCL13-C,hostap,src/ap/accounting.h,14,TP,"stub-branch pattern, sta unused",6-15_b3,med
DCL13-C,hostap,src/ap/accounting.h,19,TP,"stub-branch pattern, hapd unused",6-15_b3,med
DCL13-C,hostap,src/ap/accounting.h,20,TP,"stub-branch pattern, sta unused",6-15_b3,med
DCL13-C,hostap,src/ap/accounting.h,24,TP,"stub-branch pattern, hapd unused",6-15_b3,med
DCL13-C,hostap,src/ap/accounting.h,25,TP,"stub-branch pattern, sta unused",6-15_b3,med
DCL13-C,hostap,src/ap/accounting.h,29,TP,"stub-branch pattern, hapd unused",6-15_b3,med
DCL13-C,hostap,src/ap/accounting.h,34,TP,"stub-branch pattern, hapd unused",6-15_b3,med
API00-C,hostap,src/ap/utils.c,18,FP,internal-only API; hapd/cb always supplied by controlled internal callers,6-15_b3,med
API00-C,hostap,src/ap/utils.c,18,FP,internal-only API pattern,6-15_b3,med
EXP43-C,hostap,src/ap/utils.c,27,FP,os_realloc_array is a single-pointer realloc-style call; there are no two restrict-qualified buffer args that could overlap,6-15_b3,high
DCL13-C,hostap,src/ap/utils.c,49,FP,"prune_associations is a for_each_interface callback matching the fixed 'int(*)(struct hostapd_iface*, void*)' typedef (hostapd.h:49-56); dispatch-contract FP",6-15_b3,high
DCL13-C,hostap,src/ap/utils.c,49,FP,same dispatch-contract callback signature FP,6-15_b3,high
API00-C,hostap,src/ap/utils.c,99,FP,sole caller (sta_info.c:1740) always passes its own already-dereferenced hapd; never NULL,6-15_b3,high
API00-C,hostap,src/ap/utils.c,99,FP,"addr is sta->addr, a fixed u8[ETH_ALEN] array member, can never be NULL",6-15_b3,high
EXP34-C,hostap,src/ap/utils.c,108,FP,hapd cannot be NULL at this call site (verified sole caller); not a real null-deref risk,6-15_b3,high
DCL13-C,hostap,src/ap/x_snoop.h,29,TP,"stub-branch pattern (CONFIG_PROXYARP #else), hapd unused",6-15_b3,med
DCL13-C,hostap,src/ap/x_snoop.h,35,TP,"stub-branch pattern, hapd unused",6-15_b3,med
DCL40-C,hostap,src/ap/x_snoop.h,43,FP,"the u8* buf real decl (line 22-24) and void* buf stub decl (line 44-46) live in mutually-exclusive #ifdef/#else branches, never both compiled/visible together; new pattern, see categorical_patterns.md",6-15_b3,med
DCL13-C,hostap,src/ap/x_snoop.h,44,TP,"stub-branch pattern, hapd unused",6-15_b3,med
DCL13-C,hostap,src/ap/x_snoop.h,45,TP,"stub-branch pattern, sta unused",6-15_b3,med
API05-C,hostap,src/ap/x_snoop.h,45,FP,confirmed categorical FP: buf+len idiom,6-15_b3,high
DCL13-C,hostap,src/ap/x_snoop.h,45,TP,"stub-branch pattern, buf unused in empty stub body",6-15_b3,med
DCL13-C,hostap,src/ap/x_snoop.h,50,TP,"stub-branch pattern, hapd unused",6-15_b3,med
PRE08-C,hostap,src/drivers/driver.h,23,FP,8-char filename rule not applicable to POSIX-targeted hostap build,6-15_b3,high
PRE01-C,hostap,src/drivers/driver.h,2446,TP,genuine: macro parameter drv_flags is not individually parenthesized inside '(drv_flags & FLAG)'; a caller passing a lower-precedence expr (e.g. 'a|b') gets wrong grouping,6-15_b3,high
STR31-C,hostap,src/drivers/driver.h,2713,FP,"mac_acl[0] is a GNU flexible-array-member of struct mac_address (6-byte MAC entries), not a char array/string at all; rule totally misapplied",6-15_b3,high
API05-C,hostap,src/drivers/driver.h,7311,FP,"confirmed categorical FP: ptr+len idiom (req_ies/req_ielen, resp_ies/resp_ielen)",6-15_b3,high
EXP39-C,hostap,src/drivers/driver.h,7333,FP,drv_event_disassoc declares its OWN fresh local 'union wpa_event_data event' (memset first) distinct from drv_event_assoc's local of the same name in a different function; sqc conflates two unrelated same-named locals across function boundaries,6-15_b3,high
API05-C,hostap,src/drivers/driver.h,7337,FP,confirmed categorical FP: ptr+len idiom (data/data_len),6-15_b3,high
EXP39-C,hostap,src/drivers/driver.h,7342,FP,"same cross-function local-variable conflation misfire as line 7333, in drv_event_eapol_rx's own distinct local",6-15_b3,high
API05-C,hostap,src/drivers/driver.h,7350,FP,confirmed categorical FP: ptr+len idiom,6-15_b3,high
PRE00-C,hostap,src/drivers/priv_netlink.h,54,TP,genuine: NLMSG_NEXT evaluates (nlh)->nlmsg_len twice; classic kernel-header macro multi-eval hazard if called with a side-effecting arg,6-15_b3,med
PRE12-C,hostap,src/drivers/priv_netlink.h,54,TP,same multi-evaluation of nlh in NLMSG_NEXT,6-15_b3,med
PRE00-C,hostap,src/drivers/priv_netlink.h,57,TP,genuine: NLMSG_OK evaluates len 3x and nlh 2x,6-15_b3,med
PRE12-C,hostap,src/drivers/priv_netlink.h,57,TP,same multi-evaluation in NLMSG_OK,6-15_b3,med
PRE00-C,hostap,src/drivers/priv_netlink.h,64,TP,"genuine: RTA_OK evaluates rta 2x, len 2x",6-15_b3,med
PRE12-C,hostap,src/drivers/priv_netlink.h,64,TP,same multi-evaluation in RTA_OK,6-15_b3,med
PRE00-C,hostap,src/drivers/priv_netlink.h,67,TP,genuine: RTA_NEXT evaluates rta 2x,6-15_b3,med
PRE12-C,hostap,src/drivers/priv_netlink.h,67,TP,same multi-evaluation in RTA_NEXT,6-15_b3,med
DCL13-C,hostap,src/eap_peer/eap_md5.c,16,FP,"eap_md5_init is assigned to eap->init (line 111), a fixed struct eap_method callback contract; confirmed EAP-method dispatch-table FP pattern",6-15_b3,high
INT36-C,hostap,src/eap_peer/eap_md5.c,20,FP,"(void*)1 is an intentional opaque non-NULL sentinel, per the comment, and is never dereferenced anywhere (deinit ignores priv); no misalignment/invalid-access risk manifests",6-15_b3,med
DCL13-C,hostap,src/eap_peer/eap_md5.c,24,FP,eap_md5_deinit assigned to eap->deinit; dispatch-contract FP,6-15_b3,high
DCL13-C,hostap,src/eap_peer/eap_md5.c,24,FP,same dispatch-contract FP for priv param,6-15_b3,high
DCL13-C,hostap,src/eap_peer/eap_md5.c,29,FP,eap_md5_process assigned to eap->process (line 113); dispatch-contract FP,6-15_b3,high
EXP34-C,hostap,src/eap_peer/eap_md5.c,49,FP,pos is passed to wpa_printf only as a %p format value inside the very check for pos==NULL; printing a NULL pointer's value is well-defined and never dereferences it,6-15_b3,high
DCL30-C,hostap,src/eap_peer/eap_md5.c,98,FP,"confirmed categorical FP: resp is a local pointer variable but points to heap storage from eap_msg_alloc(), not automatic storage",6-15_b3,high
MEM31-C,hostap,src/eap_peer/eap_md5.c,106,FP,"eap is passed to eap_peer_method_register() which takes ownership on every path (stores in global list on success, calls eap_peer_method_free() on both error returns, eap_methods.c:318-344); its doc comment states the caller must not free it",6-15_b3,high
API02-C,hostap,src/eap_peer/eap_methods.h,16,FP,"count is the pointer's own scalar out-param (number of methods), not an array needing its own size; confirmed categorical scalar-misfire pattern",6-15_b3,high
API02-C,hostap,src/eap_peer/eap_methods.h,26,FP,"vendor is a scalar int* out-param, not an array; confirmed categorical scalar-misfire FP",6-15_b3,high
API05-C,hostap,src/eap_peer/eap_methods.h,28,FP,confirmed categorical FP: buf+buflen idiom (eap_get_names),6-15_b3,high
API02-C,hostap,src/eap_peer/eap_methods.h,29,FP,"num is a scalar size_t* out-param (count of returned array), not itself an array; confirmed categorical scalar-misfire FP",6-15_b3,high
API05-C,hostap,src/eap_peer/eap_methods.h,45,FP,confirmed categorical FP: buf+buflen idiom (IEEE8021X_EAPOL #else stub),6-15_b3,high
DCL13-C,hostap,src/eap_peer/eap_methods.h,45,TP,stub-branch pattern: buf unused in '{ return 0; }' body,6-15_b3,med
DCL13-C,hostap,src/eap_peer/eap_methods.h,59,TP,stub-branch pattern: num unused in '{ return NULL; }' body,6-15_b3,med
DCL13-C,hostap,src/eap_peer/eap_methods.h,79,TP,stub-branch pattern (CONFIG_DYNAMIC_EAP_METHODS #else): method unused in '{ return 0; }' body,6-15_b3,med
PRE02-C,hostap,src/eap_server/eap_sim_db.h,45,FP,"Unary-minus integer literal macro (-1); unary minus binds tighter than any binary op, safe unparenthesized",6-15_b4,high
PRE02-C,hostap,src/eap_server/eap_sim_db.h,46,FP,Same as above for -2 literal macro,6-15_b4,high
API02-C,hostap,src/eap_server/eap_sim_db.h,54,FP,"pseudonym is a NUL-terminated identity string, not a sizeless array",6-15_b4,med
API02-C,hostap,src/eap_server/eap_sim_db.h,57,FP,reauth_id is NUL-terminated string; mk is fixed EAP_SIM_MK_LEN buffer,6-15_b4,med
API02-C,hostap,src/eap_server/eap_sim_db.h,59,FP,reauth_id string; k_encr/k_aut/k_re are fixed-length protocol crypto keys,6-15_b4,med
API02-C,hostap,src/eap_server/eap_sim_db.h,85,FP,res already paired with existing size_t *res_len output param; rand/autn/ik/ck are fixed EAP-AKA sizes,6-15_b4,med
API05-C,hostap,src/eap_server/eap_sim_db.h,85,FP,res/res_len is the standard ptr+len idiom; size already present,6-15_b4,med
API05-C,hostap,src/eap_server/eap_sim_db.h,87,FP,Same ptr+len pairing already present,6-15_b4,med
PRE05-C,hostap,src/fst/fst_internal.h,20,FP,"##__VA_ARGS__ is the standard GNU comma-elision idiom, not param token-pasting",6-15_b4,med
PRE05-C,hostap,src/fst/fst_internal.h,23,FP,"Same comma-elision idiom, not concatenation of a parameter",6-15_b4,med
PRE00-C,hostap,src/fst/fst_internal.h,27,TP,iface truly substituted twice: fst_iface_get_group(iface) and fst_iface_get_name(iface),6-15_b4,med
PRE05-C,hostap,src/fst/fst_internal.h,27,FP,"##__VA_ARGS__ comma-elision idiom again, not concatenation of iface",6-15_b4,med
PRE12-C,hostap,src/fst/fst_internal.h,27,TP,Same genuine double-evaluation of iface parameter as PRE00 finding,6-15_b4,med
PRE00-C,hostap,src/fst/fst_internal.h,40,FP,"clb only used as a struct member-name token (ctrl.clb / ctrl.clb(...)), never evaluated as a value expression; all call sites pass bare identifiers",6-15_b4,med
PRE01-C,hostap,src/fst/fst_internal.h,40,FP,clb is a struct member selector; wrapping in parens would break syntax (ctrl.(clb) is invalid C),6-15_b4,high
PRE12-C,hostap,src/fst/fst_internal.h,40,FP,"clb substituted only as an identifier/member-name; verified all call sites (fst.c, fst_session.c, fst_group.c) pass bare identifiers with no side effects",6-15_b4,med
API05-C,hostap,src/tls/tlsv1_client.h,21,FP,"label is a NUL-terminated const string, not an unbounded array",6-15_b4,med
API02-C,hostap,src/tls/tlsv1_client.h,24,FP,"out_len is itself the output size_t*, not an array needing a size",6-15_b4,med
API02-C,hostap,src/tls/tlsv1_client.h,24,FP,"need_more_data is an int* out-flag, not an array",6-15_b4,high
API05-C,hostap,src/tls/tlsv1_client.h,27,FP,in_data is already paired with the adjacent in_len size_t param,6-15_b4,med
API02-C,hostap,src/tls/tlsv1_client.h,31,FP,"need_more_data is a boolean out-flag, not an array",6-15_b4,high
API05-C,hostap,src/tls/tlsv1_client.h,33,FP,"conn is an opaque handle pointer, not an array",6-15_b4,med
API05-C,hostap,src/tls/tlsv1_client.h,34,FP,in_data/in_len is the standard ptr+len pairing,6-15_b4,med
API05-C,hostap,src/tls/tlsv1_client.h,60,FP,buf/buflen is the standard ptr+len pairing,6-15_b4,med
MSC37-C,hostap,wpa_supplicant/binder/binder_manager.h,22,FP,"Line 22 is a C++ namespace opening brace, not a function; sqc has no C++ support and misparsed it as a function body missing a return",6-15_b4,high
MSC04-C,hostap,wpa_supplicant/binder/binder_manager.h,30,FP,class BinderManager{...} misparsed as a self-recursive function named BinderManager (matches constructor name); no actual call anywhere,6-15_b4,high
MSC37-C,hostap,wpa_supplicant/binder/binder_manager.h,30,FP,Same class-declaration-as-function misparse; there is no function body to check for a missing return,6-15_b4,high
EXP37-C,hostap,wpa_supplicant/binder/binder_manager.h,33,FP,C++ empty parens unambiguously mean zero parameters; the K&R old-style-declaration rule is C-only and doesn't apply,6-15_b4,high
DCL20-C,hostap,wpa_supplicant/binder/binder_manager.h,34,FP,"Line has a declared parameter (wpa_s), not an empty parameter list; finding is misattributed",6-15_b4,high
EXP13-C,hostap,wpa_supplicant/binder/binder_manager.h,49,FP,"'<' '>' are C++ template angle brackets (android::sp<Supplicant>), not chained relational operators",6-15_b4,high
EXP00-C,hostap,wpa_supplicant/binder/binder_manager.h,53,FP,"'>>' is the closing of a nested C++ template std::map<..., android::sp<Iface>>, not an operator expression",6-15_b4,high
INT34-C,hostap,wpa_supplicant/binder/binder_manager.h,53,FP,Same nested-template '>>' misparsed as a bitwise right-shift operation,6-15_b4,high
API02-C,hostap,wpa_supplicant/mesh.h,19,FP,buf/end is a begin/end pointer-pair; the end pointer itself is the capacity mechanism,6-15_b4,med
API02-C,hostap,wpa_supplicant/mesh.h,19,FP,Same begin/end idiom for the second flagged param,6-15_b4,med
API05-C,hostap,wpa_supplicant/mesh.h,19,FP,Same begin/end idiom,6-15_b4,med
API05-C,hostap,wpa_supplicant/mesh.h,20,FP,ifname already paired with explicit len size_t param,6-15_b4,med
API05-C,hostap,wpa_supplicant/mesh.h,21,FP,"addr is a fixed 6-byte MAC address, not an unbounded array",6-15_b4,med
DCL13-C,hostap,wpa_supplicant/mesh.h,36,FP,CONFIG_MESH=n no-op stub mirroring the real declaration's signature; constifying only the stub breaks parity across build configs,6-15_b4,med
DCL13-C,hostap,wpa_supplicant/mesh.h,42,FP,Same inert stub-signature-mirroring pattern,6-15_b4,med
DCL13-C,hostap,wpa_supplicant/mesh.h,43,FP,Same inert stub-signature-mirroring pattern,6-15_b4,med
WIN04-C,hostap,wpa_supplicant/wpa_gui-qt4/scanresults.h,22,FP,Constructor declaration with default args misidentified as an unencrypted function-pointer store; no function pointer present,6-15_b4,high
WIN04-C,hostap,wpa_supplicant/wpa_gui-qt4/scanresults.h,22,FP,"Same misfire, second column on same constructor line",6-15_b4,high
WIN04-C,hostap,wpa_supplicant/wpa_gui-qt4/scanresults.h,23,FP,"Same misfire, continuation of constructor declaration",6-15_b4,high
WIN04-C,hostap,wpa_supplicant/wpa_gui-qt4/scanresults.h,23,FP,Same misfire,6-15_b4,high
DCL20-C,hostap,wpa_supplicant/wpa_gui-qt4/scanresults.h,28,FP,C++ empty parens mean zero params by language rule; K&R-only C concern doesn't apply,6-15_b4,high
DCL20-C,hostap,wpa_supplicant/wpa_gui-qt4/scanresults.h,29,FP,Same C++ empty-parens semantics,6-15_b4,high
DCL20-C,hostap,wpa_supplicant/wpa_gui-qt4/scanresults.h,30,FP,Same C++ empty-parens semantics,6-15_b4,high
DCL20-C,hostap,wpa_supplicant/wpa_gui-qt4/scanresults.h,34,FP,Same C++ empty-parens semantics,6-15_b4,high
API05-C,hostap,src/ap/mbo_ap.h,20,FP,"elems is an opaque struct pointer, not an unbounded array",6-15_b4,med
DCL13-C,hostap,src/ap/mbo_ap.h,27,FP,CONFIG_MBO=n stub mirrors real declaration signature; can't constify stub alone,6-15_b4,med
DCL13-C,hostap,src/ap/mbo_ap.h,28,FP,Real CONFIG_MBO-enabled counterpart mutates sta->cell_capa in mbo_ap.c; this is the inert stub mirroring its signature,6-15_b4,high
DCL13-C,hostap,src/ap/mbo_ap.h,29,FP,Stub mirrors real declaration signature,6-15_b4,med
DCL13-C,hostap,src/ap/mbo_ap.h,33,FP,Stub mirroring pattern (sta param),6-15_b4,med
API05-C,hostap,src/ap/mbo_ap.h,33,FP,buf already paired with len size_t param in this stub signature,6-15_b4,med
DCL13-C,hostap,src/ap/mbo_ap.h,33,FP,Stub mirroring pattern (buf param),6-15_b4,med
DCL13-C,hostap,src/ap/mbo_ap.h,39,FP,Stub mirroring pattern (hapd param),6-15_b4,med
DCL13-C,hostap,src/ap/mbo_ap.h,45,FP,Stub mirroring pattern (sta param),6-15_b4,med
DCL13-C,hostap,src/ap/preauth_auth.h,24,FP,CONFIG_RSN_PREAUTH=n no-op stub mirrors real declaration signature; constifying stub alone breaks parity,6-15_b4,med
DCL13-C,hostap,src/ap/preauth_auth.h,29,FP,Same stub-mirroring pattern,6-15_b4,med
DCL13-C,hostap,src/ap/preauth_auth.h,33,FP,Same stub-mirroring pattern,6-15_b4,med
DCL13-C,hostap,src/ap/preauth_auth.h,34,FP,Same stub-mirroring pattern (sta),6-15_b4,med
DCL13-C,hostap,src/ap/preauth_auth.h,39,FP,Same stub-mirroring pattern,6-15_b4,med
DCL13-C,hostap,src/ap/preauth_auth.h,40,FP,Same stub-mirroring pattern (sta),6-15_b4,med
DCL13-C,hostap,src/ap/preauth_auth.h,41,FP,Same stub-mirroring pattern (buf),6-15_b4,med
DCL13-C,hostap,src/ap/preauth_auth.h,45,FP,Same stub-mirroring pattern,6-15_b4,med
DCL13-C,hostap,src/ap/preauth_auth.h,46,FP,Same stub-mirroring pattern (sta),6-15_b4,med
DCL13-C,hostap,src/common/ctrl_iface_common.c,17,TP,"sockaddr_compare only reads through a/in_a/u_a casts, never writes; genuine const opportunity",6-15_b4,med
DCL13-C,hostap,src/common/ctrl_iface_common.c,18,TP,"Same: b is only ever read, never modified",6-15_b4,med
EXP08-C,hostap,src/common/ctrl_iface_common.c,63,FP,"a_len - offsetof(...) is plain integer subtraction on a socklen_t length, not pointer arithmetic on a struct pointer",6-15_b4,high
EXP08-C,hostap,src/common/ctrl_iface_common.c,104,FP,"socklen - offsetof(...) is integer arithmetic on a length variable, not pointer arithmetic",6-15_b4,high
ERR07-C,hostap,src/common/ctrl_iface_common.c,128,TP,atoi(value) used with no error detection on ctrl-iface input,6-15_b4,med
ERR34-C,hostap,src/common/ctrl_iface_common.c,128,TP,Same underlying atoi() lacking error checking,6-15_b4,med
API00-C,hostap,src/common/ctrl_iface_common.c,190,FP,level is always non-NULL pointer arithmetic (pos+6 / buf+6) into an already prefix-matched buffer at every call site,6-15_b4,med
ERR07-C,hostap,src/common/ctrl_iface_common.c,203,TP,atoi(level) lacks error checking,6-15_b4,med
ERR34-C,hostap,src/common/ctrl_iface_common.c,203,TP,Same underlying atoi() issue,6-15_b4,med
API00-C,hostap,src/crypto/crypto_internal-rsa.c,22,FP,"Thin pass-through wrapper; key forwarded to crypto_rsa_import_public_key, not dereferenced here",6-15_b4,med
API05-C,hostap,src/crypto/crypto_internal-rsa.c,40,FP,n/e already paired with n_len/e_len size_t params,6-15_b4,med
DCL30-C,hostap,src/crypto/crypto_internal-rsa.c,47,FP,"res is a local pointer VARIABLE holding a heap address returned by pkcs8_key_import(); returning its value returns a heap pointer by value, not a pointer into automatic storage",6-15_b4,high
DCL30-C,hostap,src/crypto/crypto_internal-rsa.c,53,FP,"Same: res holds a heap address from pkcs8_enc_key_import(), not a stack address",6-15_b4,high
API00-C,hostap,src/crypto/crypto_internal-rsa.c,72,FP,"Pass-through wrapper; key forwarded to pkcs1_encrypt, not dereferenced",6-15_b4,med
API00-C,hostap,src/crypto/crypto_internal-rsa.c,72,FP,"Same: out forwarded, not dereferenced in this function",6-15_b4,med
API00-C,hostap,src/crypto/crypto_internal-rsa.c,81,FP,Pass-through wrapper to pkcs1_v15_private_key_decrypt,6-15_b4,med
API00-C,hostap,src/crypto/crypto_internal-rsa.c,90,FP,Pass-through wrapper to pkcs1_encrypt,6-15_b4,med
API00-C,hostap,src/crypto/crypto_internal-rsa.c,105,FP,Pass-through wrapper to crypto_rsa_free,6-15_b4,med
API00-C,hostap,src/crypto/sha256-prf.c,30,FP,"buf_len*8 overflow only reachable near SIZE_MAX; all real callers pass small, protocol-fixed key-derivation lengths",6-15_b4,med
API05-C,hostap,src/crypto/sha256-prf.c,30,FP,buf/buf_len already a standard ptr+len pair,6-15_b4,med
API00-C,hostap,src/crypto/sha256-prf.c,54,FP,Same unreachable-overflow reasoning for the internal PRF helper,6-15_b4,med
API05-C,hostap,src/crypto/sha256-prf.c,54,FP,buf/buf_len_bits already paired,6-15_b4,med
INT14-C,hostap,src/crypto/sha256-prf.c,64,FP,"buf_len_bits only used with arithmetic (+, /, %, -); never combined with an actual bitwise operator",6-15_b4,med
EXP05-C,hostap,src/crypto/sha256-prf.c,68,TP,"(u8 *) label literally casts away const on a const char* param, even though the vector is only read downstream",6-15_b4,med
INT30-C,hostap,src/crypto/sha256-prf.c,84,FP,pos is strictly bounded by while(pos<buf_len) and buf_len is always small; wraparound unreachable,6-15_b4,med
INT30-C,hostap,src/crypto/sha256-prf.c,90,FP,Same bounded-loop reasoning,6-15_b4,med
INT34-C,hostap,src/crypto/sha256-prf.c,101,FP,Shift amount 8-(buf_len_bits%8) is provably 1..7 because the enclosing if already guards buf_len_bits%8 != 0,6-15_b4,high
API00-C,hostap,src/crypto/sha384-prf.c,30,FP,Same unreachable buf_len*8 overflow pattern as sha256-prf.c,6-15_b4,med
API05-C,hostap,src/crypto/sha384-prf.c,30,FP,buf/buf_len already paired,6-15_b4,med
API00-C,hostap,src/crypto/sha384-prf.c,54,FP,Same unreachable-overflow reasoning,6-15_b4,med
API05-C,hostap,src/crypto/sha384-prf.c,54,FP,buf/buf_len_bits already paired,6-15_b4,med
INT14-C,hostap,src/crypto/sha384-prf.c,64,FP,"buf_len_bits only used arithmetically, never with a bitwise operator",6-15_b4,med
EXP05-C,hostap,src/crypto/sha384-prf.c,68,TP,Same literal cast-away-const as sha256-prf.c,6-15_b4,med
INT30-C,hostap,src/crypto/sha384-prf.c,84,FP,pos bounded by the loop; wraparound unreachable,6-15_b4,med
INT30-C,hostap,src/crypto/sha384-prf.c,90,FP,Same bounded-loop reasoning,6-15_b4,med
INT34-C,hostap,src/crypto/sha384-prf.c,101,FP,Shift amount provably 1..7 given the preceding %8!=0 guard,6-15_b4,high
API00-C,hostap,src/crypto/sha512-prf.c,30,FP,Same unreachable buf_len*8 overflow pattern,6-15_b4,med
API05-C,hostap,src/crypto/sha512-prf.c,30,FP,buf/buf_len already paired,6-15_b4,med
API00-C,hostap,src/crypto/sha512-prf.c,54,FP,Same unreachable-overflow reasoning,6-15_b4,med
API05-C,hostap,src/crypto/sha512-prf.c,54,FP,buf/buf_len_bits already paired,6-15_b4,med
INT14-C,hostap,src/crypto/sha512-prf.c,64,FP,"buf_len_bits only used arithmetically, never with a bitwise operator",6-15_b4,med
EXP05-C,hostap,src/crypto/sha512-prf.c,68,TP,Same literal cast-away-const as sha256-prf.c,6-15_b4,med
INT30-C,hostap,src/crypto/sha512-prf.c,84,FP,pos bounded by the loop; wraparound unreachable,6-15_b4,med
INT30-C,hostap,src/crypto/sha512-prf.c,90,FP,Same bounded-loop reasoning,6-15_b4,med
INT34-C,hostap,src/crypto/sha512-prf.c,101,FP,Shift amount provably 1..7 given the preceding %8!=0 guard,6-15_b4,high
API00-C,hostap,src/eap_common/eap_common.c,25,FP,sizeof(*hdr)+min_payload overflow only reachable near SIZE_MAX; all callers pass small literal or bounded min_payload values,6-15_b4,med
MEM10-C,hostap,src/eap_common/eap_common.c,30,FP,'if (msg == NULL) return 0' is the standard idiomatic NULL check; a wrapper valid()-function indirection is not a real defect,6-15_b4,high
DCL30-C,hostap,src/eap_common/eap_common.c,100,FP,"pos points into wpabuf_head(msg) (heap-backed buffer data); the local variable itself is stack, but the address it holds is heap, not automatic storage",6-15_b4,high
EXP33-C,hostap,src/eap_common/eap_common.c,141,FP,"sizeof(*hdr) does not evaluate hdr at runtime -- sizeof of an unevaluated operand, no dereference occurs even though hdr is uninitialized here",6-15_b4,high
DCL30-C,hostap,src/eap_common/eap_common.c,154,FP,"buf = wpabuf_alloc(len) is heap-allocated; returning buf returns a heap pointer by value, not an address of automatic storage",6-15_b4,high
EXP33-C,hostap,src/eap_common/eap_common.c,186,FP,sizeof(*eap) does not evaluate eap; same non-evaluated-operand pattern as line 141,6-15_b4,high
API00-C,hostap,src/eap_common/eap_common.c,209,FP,"end is always a valid pointer-arithmetic buffer boundary at every call site (eap_server.c, eap.c), never NULL, and only ever used in comparisons",6-15_b4,med
ARR01-C,hostap,src/eap_common/eap_common.c,212,FP,"'sizeof(*tlvs)' correctly dereferences the pointer before sizeof, yielding sizeof(struct erp_tlvs); this is not sizeof(tlvs) on the decayed pointer",6-15_b4,high
MSC01-C,hostap,src/eap_common/eap_common.c,256,FP,"if/else-if is nested inside a switch-case already scoped to specific tlv_types; only 2 of ~8 need special handling, remainder intentionally fall through to shared pos += tlv_len -- no unhandled state",6-15_b4,med
API05-C,hostap,src/eap_peer/eap.h,335,FP,Conformant-array VLA syntax never used in this codebase; buf+len idiom is standard C,6-15_b5,high
API05-C,hostap,src/eap_peer/eap.h,343,FP,"Same conformant-array style nitpick, non-actionable in K&R-style C",6-15_b5,high
API02-C,hostap,src/eap_peer/eap.h,347,FP,"vendor is single out-param, not an array needing a size argument",6-15_b5,high
API02-C,hostap,src/eap_peer/eap.h,348,FP,"count is the paired out-length accessor param, standard ptr+len-out idiom",6-15_b5,high
API02-C,hostap,src/eap_peer/eap.h,357,FP,"len is the paired out-length accessor param, same idiom",6-15_b5,high
API02-C,hostap,src/eap_peer/eap.h,358,FP,"len is the paired out-length accessor param, same idiom",6-15_b5,high
API02-C,hostap,src/eap_peer/eap.h,373,FP,username_len is paired out-length accessor param,6-15_b5,high
API02-C,hostap,src/eap_peer/eap.h,373,FP,realm_len is paired out-length accessor param,6-15_b5,high
API02-C,hostap,src/eap_peer/eap.h,373,FP,rrk_len is paired out-length accessor param,6-15_b5,high
DCL13-C,hostap,src/eap_peer/eap_gtc.c,20,FP,eap_gtc_init is registered as eap->init vtable callback with fixed signature,6-15_b5,high
EXP33-C,hostap,src/eap_peer/eap_gtc.c,23,FP,"sizeof(*data) is compile-time type sizing, not a runtime dereference",6-15_b5,high
DCL30-C,hostap,src/eap_peer/eap_gtc.c,33,FP,"data is heap-allocated via os_zalloc, not automatic storage",6-15_b5,high
DCL13-C,hostap,src/eap_peer/eap_gtc.c,37,FP,eap_gtc_deinit is a fixed-signature eap->deinit vtable callback,6-15_b5,high
DCL13-C,hostap,src/eap_peer/eap_gtc.c,44,FP,eap_gtc_process is a fixed-signature eap->process vtable callback,6-15_b5,high
MEM31-C,hostap,src/eap_peer/eap_gtc.c,72,FP,"resp is returned to the caller immediately, ownership transferred not leaked",6-15_b5,high
DCL30-C,hostap,src/eap_peer/eap_gtc.c,74,FP,"resp is heap-allocated via eap_msg_alloc, not automatic storage",6-15_b5,high
DCL30-C,hostap,src/eap_peer/eap_gtc.c,123,FP,"resp is heap-allocated via eap_msg_alloc, not automatic storage",6-15_b5,high
MEM31-C,hostap,src/eap_peer/eap_gtc.c,131,FP,"eap ownership transferred to eap_peer_method_register, not leaked",6-15_b5,high
API00-C,hostap,src/fst/fst_iface.c,15,FP,Internal-only constructor always called with a valid own_addr from init code,6-15_b5,med
EXP33-C,hostap,src/fst/fst_iface.c,22,FP,"sizeof(*i) is compile-time type sizing, not a runtime dereference",6-15_b5,high
DCL30-C,hostap,src/fst/fst_iface.c,40,FP,"i is heap-allocated via os_zalloc, not automatic storage",6-15_b5,high
API00-C,hostap,src/fst/fst_iface.c,44,FP,"Internal-only teardown function, i always valid by call-site convention",6-15_b5,med
API00-C,hostap,src/fst/fst_iface.c,52,FP,"Internal-only function, iface always valid by call-site convention",6-15_b5,med
MSC21-C,hostap,src/fst/fst_iface.c,58,FP,"NULL-terminated pointer walk, not a numeric counter with a step",6-15_b5,high
API00-C,hostap,src/fst/fst_iface.c,66,FP,"Internal-only function, i always valid by call-site convention",6-15_b5,med
API00-C,hostap,src/fst/fst_iface.c,66,FP,"mbie ownership handoff from validated caller, not externally nullable",6-15_b5,med
API00-C,hostap,src/fst/fst_iface.c,73,FP,"Internal-only function, i always valid by call-site convention",6-15_b5,med
DCL40-C,hostap,src/radius/radius.h,43,FP,"STRUCT_PACKED is a trailing attribute macro, not a redeclared object; parser misfire",6-15_b5,high
DCL40-C,hostap,src/radius/radius.h,49,FP,Same STRUCT_PACKED macro-as-object misparse,6-15_b5,high
DCL40-C,hostap,src/radius/radius.h,197,FP,Same STRUCT_PACKED macro-as-object misparse,6-15_b5,high
DCL13-C,hostap,src/radius/radius.h,298,TP,"radius_msg_copy_attr never writes through src, confirmed in radius.c body",6-15_b5,med
API02-C,hostap,src/radius/radius.h,325,FP,numtagged already supplies the array size for the paired out params,6-15_b5,med
API02-C,hostap,src/radius/radius.h,327,FP,"keylen is the paired out-length accessor param, standard idiom",6-15_b5,high
API05-C,hostap,src/radius/radius.h,327,FP,"Conformant-array style nitpick, non-actionable in this codebase",6-15_b5,high
EXP33-C,hostap,src/radius/radius.h,347,FP,"val is filled via &val passed into radius_msg_get_attr before use, not uninitialized",6-15_b5,high
API02-C,hostap,src/radius/radius.h,350,FP,"len is the paired out-length accessor param, standard idiom",6-15_b5,high
INT14-C,hostap,src/utils/const_time.h,34,FP,"val is only used with a single shift op here, not both bitwise and arithmetic",6-15_b5,med
INT34-C,hostap,src/utils/const_time.h,34,FP,Shift amount sizeof(val)*8-1 is a compile-time constant always within bit width,6-15_b5,high
INT14-C,hostap,src/utils/const_time.h,43,FP,"Idiomatic constant-time bit-manipulation primitive, not an actionable readability issue",6-15_b5,med
API05-C,hostap,src/utils/const_time.h,77,FP,"Conformant-array style nitpick, non-actionable in this codebase",6-15_b5,high
API05-C,hostap,src/utils/const_time.h,77,FP,"Conformant-array style nitpick, non-actionable in this codebase",6-15_b5,high
EXP34-C,hostap,src/utils/const_time.h,168,FP,Generic unchecked-pointer heuristic; internal helper always called with valid buffers,6-15_b5,med
API05-C,hostap,src/utils/const_time.h,172,FP,"Conformant-array style nitpick, non-actionable in this codebase",6-15_b5,high
API05-C,hostap,src/utils/const_time.h,172,FP,"Conformant-array style nitpick, non-actionable in this codebase",6-15_b5,high
EXP34-C,hostap,src/utils/const_time.h,183,FP,Generic unchecked-pointer heuristic; internal helper always called with valid buffers,6-15_b5,med
PRE10-C,hostap,src/utils/trace.h,21,FP,"WPA_TRACE_INFO is a struct-member declaration-list macro, not a statement macro",6-15_b5,high
PRE11-C,hostap,src/utils/trace.h,21,FP,"Trailing semicolon is a required struct-member declaration, not a stray statement terminator",6-15_b5,high
PRE05-C,hostap,src/utils/trace.h,31,FP,"Identifier token-pasting idiom; name argument is always a literal identifier, never a macro",6-15_b5,med
PRE00-C,hostap,src/utils/trace.h,33,TP,ptr genuinely expanded 3x in macro body; real double-evaluation hazard if a side-effecting expr is passed,6-15_b5,low
PRE12-C,hostap,src/utils/trace.h,33,TP,Same multiple-evaluation macro hygiene issue,6-15_b5,low
PRE00-C,hostap,src/utils/trace.h,38,TP,ptr expanded twice in macro body; real double-evaluation hazard,6-15_b5,low
PRE12-C,hostap,src/utils/trace.h,38,TP,Same multiple-evaluation macro hygiene issue,6-15_b5,low
PRE05-C,hostap,src/utils/trace.h,44,FP,"Identifier token-pasting idiom, name always a literal field-name identifier",6-15_b5,med
PRE05-C,hostap,src/utils/trace.h,47,FP,"Identifier token-pasting idiom, name always a literal field-name identifier",6-15_b5,med
ARR02-C,hostap,wpa_supplicant/autoscan.c,20,FP,"Idiomatic implicit-size array-from-initializer, extremely common and safe",6-15_b5,high
MSC04-C,hostap,wpa_supplicant/autoscan.c,31,FP,"Event-driven callback chain guarded by an already-initialized early-return, not true unbounded recursion",6-15_b5,med
MSC04-C,hostap,wpa_supplicant/autoscan.c,40,FP,"Same guarded event-driven chain, not true unbounded recursion",6-15_b5,med
ARR36-C,hostap,wpa_supplicant/autoscan.c,69,FP,params-name is a legitimate same-buffer pointer subtraction; analyzer misattributes an unrelated string literal,6-15_b5,high
ARR01-C,hostap,wpa_supplicant/autoscan.c,86,FP,"sizeof(*wpa_s->sched_scan_plans) sizes the dereferenced struct type, not the wpa_s pointer parameter",6-15_b5,high
ARR00-C,hostap,wpa_supplicant/autoscan.c,98,FP,scan_plans is written before any free occurs; old wpa_s->sched_scan_plans (different pointer) is freed afterward,6-15_b5,high
ARR00-C,hostap,wpa_supplicant/autoscan.c,99,FP,Same misattributed use-after-free; scan_plans not freed at this point,6-15_b5,high
API00-C,hostap,wpa_supplicant/autoscan.c,125,FP,"Internal-only teardown, wpa_s always valid core context object",6-15_b5,med
API00-C,hostap,wpa_supplicant/autoscan.c,143,FP,"Internal-only callback, wpa_s always valid core context object",6-15_b5,med
MEM10-C,hostap,wpa_supplicant/autoscan_exponential.c,29,FP,Direct NULL check is valid idiomatic C; centralized validator suggestion not actionable,6-15_b5,high
ERR07-C,hostap,wpa_supplicant/autoscan_exponential.c,32,TP,atoi(params) on config string genuinely lacks error/range checking,6-15_b5,high
ERR34-C,hostap,wpa_supplicant/autoscan_exponential.c,32,TP,Same unvalidated atoi conversion,6-15_b5,high
ERR07-C,hostap,wpa_supplicant/autoscan_exponential.c,39,TP,atoi(pos) on config string genuinely lacks error/range checking,6-15_b5,high
ERR34-C,hostap,wpa_supplicant/autoscan_exponential.c,39,TP,Same unvalidated atoi conversion,6-15_b5,high
DCL30-C,hostap,wpa_supplicant/autoscan_exponential.c,64,FP,"data is heap-allocated via os_zalloc, not automatic storage",6-15_b5,high
DCL13-C,hostap,wpa_supplicant/autoscan_exponential.c,77,FP,notify_scan is a fixed-signature autoscan_ops vtable callback,6-15_b5,high
DCL15-C,hostap,wpa_supplicant/autoscan_exponential.c,99,FP,autoscan_exponential_ops is referenced externally from autoscan.c and needs external linkage,6-15_b5,high
DCL19-C,hostap,wpa_supplicant/autoscan_exponential.c,99,FP,File-scope is intentional; variable is part of the cross-file module dispatch table,6-15_b5,high
MEM10-C,hostap,wpa_supplicant/autoscan_periodic.c,26,FP,Direct NULL check is valid idiomatic C; centralized validator suggestion not actionable,6-15_b5,high
ERR07-C,hostap,wpa_supplicant/autoscan_periodic.c,29,TP,atoi(params) on config string genuinely lacks error/range checking,6-15_b5,high
ERR34-C,hostap,wpa_supplicant/autoscan_periodic.c,29,TP,Same unvalidated atoi conversion,6-15_b5,high
DCL13-C,hostap,wpa_supplicant/autoscan_periodic.c,40,FP,init is a fixed-signature autoscan_ops vtable callback,6-15_b5,high
DCL30-C,hostap,wpa_supplicant/autoscan_periodic.c,57,FP,"data is heap-allocated via os_zalloc, not automatic storage",6-15_b5,high
DCL13-C,hostap,wpa_supplicant/autoscan_periodic.c,69,FP,deinit is a fixed-signature autoscan_ops vtable callback,6-15_b5,high
DCL13-C,hostap,wpa_supplicant/autoscan_periodic.c,70,FP,notify_scan is a fixed-signature autoscan_ops vtable callback,6-15_b5,high
DCL15-C,hostap,wpa_supplicant/autoscan_periodic.c,80,FP,autoscan_periodic_ops is referenced externally from autoscan.c and needs external linkage,6-15_b5,high
DCL19-C,hostap,wpa_supplicant/autoscan_periodic.c,80,FP,File-scope is intentional; variable is part of the cross-file module dispatch table,6-15_b5,high
API01-C,hostap,wpa_supplicant/wnm_sta.h,35,FP,"country[2] is not adjacent to meas_pilot; multiple fields intervene, no overflow-into-pointer path",6-15_b5,high
DCL13-C,hostap,wpa_supplicant/wnm_sta.h,86,TP,wnm_active_bss_trans_mgmt (CONFIG_WNM branch) only reads wpa_s->wnm_dialog_token,6-15_b5,med
DCL40-C,hostap,wpa_supplicant/wnm_sta.h,93,FP,"The two signatures are in mutually exclusive #ifdef/#else branches, never both visible to the compiler",6-15_b5,high
DCL13-C,hostap,wpa_supplicant/wnm_sta.h,93,TP,"CONFIG_WNM-disabled stub body is `return 0;`, wpa_s entirely unused/unmodified",6-15_b5,low
DCL13-C,hostap,wpa_supplicant/wnm_sta.h,99,TP,"CONFIG_WNM-disabled stub has empty body, wpa_s entirely unused",6-15_b5,low
DCL13-C,hostap,wpa_supplicant/wnm_sta.h,104,TP,"CONFIG_WNM-disabled stub returns false, wpa_s entirely unused",6-15_b5,low
DCL13-C,hostap,wpa_supplicant/wnm_sta.h,104,TP,"CONFIG_WNM-disabled stub returns false, bss entirely unused",6-15_b5,low
DCL13-C,hostap,wpa_supplicant/wnm_sta.h,109,TP,"CONFIG_WNM-disabled stub has empty body, wpa_s entirely unused",6-15_b5,low
DCL13-C,hostap,wpa_supplicant/wnm_sta.h,113,TP,"CONFIG_WNM-disabled stub returns false, wpa_s entirely unused",6-15_b5,low
EXP33-C,hostap,src/crypto/crypto_internal-cipher.c,49,FP,"sizeof(*ctx) is compile-time type sizing, not a runtime dereference",6-15_b5,high
DCL30-C,hostap,src/crypto/crypto_internal-cipher.c,99,FP,"ctx is heap-allocated via os_zalloc, not automatic storage",6-15_b5,high
MEM30-C,hostap,src/crypto/crypto_internal-cipher.c,99,FP,"Flow-insensitive merge: the os_free+return NULL branches are separate exits, ctx is not freed on the path reaching this return",6-15_b5,high
API00-C,hostap,src/crypto/crypto_internal-cipher.c,103,FP,Internal crypto primitive always called with valid buffers by convention,6-15_b5,med
API00-C,hostap,src/crypto/crypto_internal-cipher.c,103,FP,Internal crypto primitive always called with valid buffers by convention,6-15_b5,med
ARR30-C,hostap,src/crypto/crypto_internal-cipher.c,122,FP,"Wrong union member size resolved: this is aes.cbc[32] (AES_BLOCK_SIZE=16 fits), not des.cbc[8]",6-15_b5,high
EXP43-C,hostap,src/crypto/crypto_internal-cipher.c,137,FP,des3_encrypt has no restrict-qualified params and reads all input into locals before writing output; in-place aliasing is safe,6-15_b5,high
EXP43-C,hostap,src/crypto/crypto_internal-cipher.c,151,FP,des_block_encrypt has no restrict-qualified params and reads input into locals before writing output; in-place aliasing is safe,6-15_b5,high
API00-C,hostap,src/crypto/crypto_internal-cipher.c,166,FP,Internal crypto primitive always called with valid buffers by convention,6-15_b5,med
ARR30-C,hostap,src/crypto/crypto_internal-cipher.c,188,FP,"Wrong union member size resolved: this is aes.cbc[32] (AES_BLOCK_SIZE=16 fits), not des.cbc[8]",6-15_b5,high
PRE00-C,hostap,src/crypto/rc4.c,14,TP,a and b genuinely expanded multiple times in S_SWAP; real double-evaluation hazard if callers pass side-effecting exprs,6-15_b5,low
PRE01-C,hostap,src/crypto/rc4.c,14,FP,a is used only as an array subscript; no operator-precedence risk in that context,6-15_b5,med
PRE01-C,hostap,src/crypto/rc4.c,14,FP,b is used only as an array subscript; no operator-precedence risk in that context,6-15_b5,med
PRE12-C,hostap,src/crypto/rc4.c,14,TP,Same multiple-evaluation macro hygiene issue as PRE00-C,6-15_b5,low
DCL13-C,hostap,src/crypto/rc4.c,17,FP,data is modified in place via the pos alias (*pos++ ^= ...); analyzer missed the alias,6-15_b5,high
INT14-C,hostap,src/crypto/rc4.c,29,FP,"Idiomatic RC4 KSA bit-manipulation; mixing bitwise/arithmetic here is standard crypto code, not actionable",6-15_b5,med
INT14-C,hostap,src/crypto/rc4.c,29,FP,Idiomatic RC4 KSA bit-manipulation; not actionable,6-15_b5,med
INT14-C,hostap,src/crypto/rc4.c,29,FP,Idiomatic RC4 KSA bit-manipulation; not actionable,6-15_b5,med
INT14-C,hostap,src/crypto/rc4.c,29,FP,Idiomatic RC4 KSA bit-manipulation; not actionable,6-15_b5,med
INT14-C,hostap,src/crypto/rc4.c,29,FP,Idiomatic RC4 KSA bit-manipulation; not actionable,6-15_b5,med
API00-C,hostap,src/eap_common/eap_ikev2_common.c,18,FP,i_nonce_len is protocol-bounded (16-bit IKEv2 field); sum with r_nonce_len cannot realistically overflow size_t,6-15_b5,med
API00-C,hostap,src/eap_common/eap_ikev2_common.c,18,FP,r_nonce_len is protocol-bounded; unrealistic overflow,6-15_b5,med
DCL13-C,hostap,src/eap_common/eap_ikev2_common.c,18,TP,eap_ikev2_derive_keymat is a plain function (not a vtable callback) and never writes through keys,6-15_b5,med
DCL30-C,hostap,src/eap_common/eap_ikev2_common.c,64,FP,"msg is heap-allocated via eap_msg_alloc, not automatic storage",6-15_b5,high
API00-C,hostap,src/eap_common/eap_ikev2_common.c,68,FP,"integ_alg is only used as a lookup key (ikev2_get_integ), no arithmetic performed on it at all",6-15_b5,high
DCL13-C,hostap,src/eap_common/eap_ikev2_common.c,68,TP,eap_ikev2_validate_icv never writes through keys,6-15_b5,med
ENV01-C,hostap,src/eap_common/eap_ikev2_common.c,74,FP,Line declares a local icv[] hash buffer; no getenv/environment-variable usage anywhere in this function,6-15_b5,high
ARR36-C,hostap,src/eap_common/eap_ikev2_common.c,85,FP,"pos/end are a standard same-buffer range pointer pair from message parsing, not different arrays",6-15_b5,med
ARR36-C,hostap,src/eap_common/eap_ikev2_common.c,103,FP,"end - icv_len is pointer-minus-integer arithmetic, not a pointer-pointer subtraction; rule misapplied",6-15_b5,high
ARR36-C,hostap,src/eap_common/eap_ikev2_common.c,108,FP,"end - icv_len is pointer-minus-integer arithmetic, not a pointer-pointer subtraction; rule misapplied",6-15_b5,high
API01-C,hostap,src/p2p/p2p_i.h,108,TP,char country[3] declared before pointer field go_neg_conf in struct p2p_device,6-15_b6,med
API01-C,hostap,src/p2p/p2p_i.h,191,TP,char password[100] declared before pointer field pasn in struct p2p_device,6-15_b6,med
API01-C,hostap,src/p2p/p2p_i.h,767,TP,device_name buffer precedes wps_pri_dev_type pointer in struct; not strictly adjacent but matches rule as written,6-15_b6,med
API05-C,hostap,src/p2p/p2p_i.h,860,FP,"p2p_random(buf,len) is idiomatic buf+len C signature; stylistic-only rule",6-15_b6,high
API02-C,hostap,src/p2p/p2p_i.h,876,FP,"classes array is 0-value sentinel terminated per p2p_utils.c, not unbounded",6-15_b6,high
API05-C,hostap,src/p2p/p2p_i.h,886,FP,p2p_copy_filter_devname already has dst_len/src_len; idiomatic,6-15_b6,high
API05-C,hostap,src/p2p/p2p_i.h,887,FP,"idiomatic buf+len pattern, stylistic only",6-15_b6,high
API02-C,hostap,src/p2p/p2p_i.h,894,FP,"p2p_attr_text(data,buf,end): buf/end pair IS the bounds mechanism, no extra size param needed",6-15_b6,high
API02-C,hostap,src/p2p/p2p_i.h,894,FP,duplicate finding for 'end' param; same buf/end bounds idiom applies,6-15_b6,high
ARR02-C,hostap,src/p2p/p2p_i.h,1085,FP,"req_dev_type[] is a function parameter, not an initialized array decl; num_req_dev_type gives count",6-15_b6,high
API05-C,hostap,src/tls/asn1.h,68,FP,"buf+len idiomatic signature, stylistic only",6-15_b6,high
API02-C,hostap,src/tls/asn1.h,71,FP,"'int *integer' is a scalar output param, not an array needing a size arg",6-15_b6,high
API05-C,hostap,src/tls/asn1.h,71,FP,idiomatic buf+len signature,6-15_b6,high
API02-C,hostap,src/tls/asn1.h,74,FP,"'size_t *params_len' is an output length, not an array parameter",6-15_b6,high
DCL23-C,hostap,src/tls/asn1.h,199,FP,"numeric key-size suffix (256/384/512) is standard unambiguous naming, same convention as unflagged sha256/384/512 above",6-15_b6,high
DCL23-C,hostap,src/tls/asn1.h,200,FP,same as line 199: idiomatic numeric-suffix naming,6-15_b6,high
DCL23-C,hostap,src/tls/asn1.h,201,FP,same as line 199: idiomatic numeric-suffix naming,6-15_b6,high
DCL23-C,hostap,src/tls/asn1.h,202,FP,same as line 199; also a literal duplicate extern decl of line 199 (real but different issue),6-15_b6,high
DCL23-C,hostap,src/tls/asn1.h,203,FP,same as line 199,6-15_b6,high
DCL23-C,hostap,src/tls/asn1.h,204,FP,same as line 199,6-15_b6,high
API02-C,hostap,src/utils/base64.h,12,FP,"out_len is an output length param (malloc'd result size), not an input array needing a bound",6-15_b6,high
API05-C,hostap,src/utils/base64.h,12,FP,idiomatic src+len signature,6-15_b6,high
API02-C,hostap,src/utils/base64.h,13,FP,"out_len is output length, not input array size",6-15_b6,high
API05-C,hostap,src/utils/base64.h,13,FP,idiomatic src+len signature,6-15_b6,high
API02-C,hostap,src/utils/base64.h,14,FP,"out_len is output length, not input array size",6-15_b6,high
API05-C,hostap,src/utils/base64.h,14,FP,idiomatic src+len signature,6-15_b6,high
API02-C,hostap,src/utils/base64.h,15,FP,"out_len is output length, not input array size",6-15_b6,high
API05-C,hostap,src/utils/base64.h,15,FP,idiomatic src+len signature,6-15_b6,high
API02-C,hostap,src/utils/base64.h,16,FP,"out_len is output length, not input array size",6-15_b6,high
API05-C,hostap,src/utils/base64.h,16,FP,idiomatic src+len signature,6-15_b6,high
API02-C,hostap,src/utils/http-utils.h,20,FP,"resp_len is an output length param, not an unbounded input array",6-15_b6,high
API05-C,hostap,src/utils/http-utils.h,20,FP,"url/data are NUL-terminated strings, no size param exists to make array syntax meaningful",6-15_b6,high
API05-C,hostap,src/utils/http-utils.h,20,FP,same NUL-terminated string misapplication,6-15_b6,high
API05-C,hostap,src/utils/http-utils.h,21,FP,"NUL-terminated strings, rule inapplicable",6-15_b6,high
API05-C,hostap,src/utils/http-utils.h,21,FP,"NUL-terminated strings, rule inapplicable",6-15_b6,high
API05-C,hostap,src/utils/http-utils.h,22,FP,"NUL-terminated string, rule inapplicable",6-15_b6,high
API05-C,hostap,src/utils/http-utils.h,23,FP,"NUL-terminated strings, rule inapplicable",6-15_b6,high
API05-C,hostap,src/utils/http-utils.h,23,FP,"NUL-terminated strings, rule inapplicable",6-15_b6,high
API05-C,hostap,src/utils/http-utils.h,24,FP,"NUL-terminated strings, rule inapplicable",6-15_b6,high
API05-C,hostap,src/utils/http-utils.h,24,FP,"NUL-terminated strings, rule inapplicable",6-15_b6,high
API05-C,hostap,src/utils/json.h,34,FP,"idiomatic name/val+len signature, stylistic only",6-15_b6,high
API05-C,hostap,src/utils/json.h,34,FP,idiomatic signature,6-15_b6,high
API05-C,hostap,src/utils/json.h,35,FP,idiomatic signature,6-15_b6,high
API05-C,hostap,src/utils/json.h,42,FP,val+len pair already present (json_add_string_escape); stylistic only,6-15_b6,high
API05-C,hostap,src/utils/json.h,45,FP,val+len pair already present; stylistic only,6-15_b6,high
API05-C,hostap,src/utils/json.h,46,FP,val+len pair already present; stylistic only,6-15_b6,high
API05-C,hostap,src/utils/json.h,47,FP,val+len pair already present; stylistic only,6-15_b6,high
API05-C,hostap,src/utils/json.h,47,FP,val+len pair already present; stylistic only,6-15_b6,high
API05-C,hostap,src/utils/json.h,49,FP,val+len pair already present; stylistic only,6-15_b6,high
API05-C,hostap,src/utils/json.h,49,FP,val+len pair already present; stylistic only,6-15_b6,high
API02-C,hostap,src/utils/xml-utils.h,42,FP,"xml_node_get_text_free(ctx,val) frees a previously-obtained string; val isn't written into, no bound needed",6-15_b6,high
API02-C,hostap,src/utils/xml-utils.h,43,FP,"ret_len is an output length, not an input array size",6-15_b6,high
PRE00-C,hostap,src/utils/xml-utils.h,46,FP,"for-loop iterator macro idiom (xml_node_for_each_child); repeated use of 'child' across init/test/incr is the intended pattern, not a side-effect bug",6-15_b6,high
PRE01-C,hostap,src/utils/xml-utils.h,46,FP,'child' used as bare lvalue/identifier in assignment and truth-test position; no operator-precedence composition to break,6-15_b6,high
PRE10-C,hostap,src/utils/xml-utils.h,46,FP,this macro IS a for-loop header by design; wrapping in do-while would break the loop control flow entirely,6-15_b6,high
PRE12-C,hostap,src/utils/xml-utils.h,46,FP,"'ctx' passed to two distinct calls (init/increment clauses) of an iterator macro, not a repeated-evaluation side-effect bug",6-15_b6,high
PRE00-C,hostap,src/utils/xml-utils.h,51,FP,xml_node_for_each_sibling is the same for-loop iterator idiom,6-15_b6,high
PRE01-C,hostap,src/utils/xml-utils.h,51,FP,"'node' used as bare identifier, no precedence issue",6-15_b6,high
PRE10-C,hostap,src/utils/xml-utils.h,51,FP,"for-loop header macro, do-while wrap would break control flow",6-15_b6,high
PRE12-C,hostap,src/utils/xml-utils.h,51,FP,"iterator macro pattern, not a side-effect bug",6-15_b6,high
ARR02-C,hostap,wpa_supplicant/bgscan.c,17,FP,"static internal array, NULL-sentinel iterated; no extern size-mismatch risk CERT rule targets",6-15_b6,med
API00-C,hostap,wpa_supplicant/bgscan.c,28,FP,"ssid is unused directly in this function, only forwarded to ops->init",6-15_b6,high
API00-C,hostap,wpa_supplicant/bgscan.c,28,FP,sole caller wpa_supplicant_reset_bgscan() guards name non-NULL/non-empty before calling bgscan_init,6-15_b6,high
ARR36-C,hostap,wpa_supplicant/bgscan.c,43,FP,"in the executed branch, params is a strchr(name,...) result within the same 'name' buffer, not the '""""' literal from the other branch; analyzer misattributes",6-15_b6,high
API00-C,hostap,wpa_supplicant/bgscan.c,71,FP,"wpa_s is the core supplicant context struct, always valid by codebase-wide convention",6-15_b6,high
DCL13-C,hostap,wpa_supplicant/bgscan.c,83,TP,"bgscan_notify_scan only reads wpa_s->bgscan/bgscan_priv fields, never writes; genuinely const-eligible",6-15_b6,high
API00-C,hostap,wpa_supplicant/bgscan.c,93,FP,wpa_s always valid by convention,6-15_b6,high
DCL13-C,hostap,wpa_supplicant/bgscan.c,93,TP,"bgscan_notify_beacon_loss only reads wpa_s fields, never writes",6-15_b6,high
API00-C,hostap,wpa_supplicant/bgscan.c,100,FP,wpa_s always valid by convention,6-15_b6,high
DCL13-C,hostap,wpa_supplicant/bgscan.c,100,TP,"bgscan_notify_signal_change only reads wpa_s fields, never writes",6-15_b6,high
WIN04-C,hostap,wpa_supplicant/wpa_gui-qt4/networkconfig.h,22,FP,"Qt C++ virtual method/slot declaration, not a raw Windows function pointer needing EncodePointer",6-15_b6,high
WIN04-C,hostap,wpa_supplicant/wpa_gui-qt4/networkconfig.h,22,FP,same misapplication to Qt member declaration,6-15_b6,high
WIN04-C,hostap,wpa_supplicant/wpa_gui-qt4/networkconfig.h,23,FP,"Qt C++ member declaration, not raw fn-ptr storage",6-15_b6,high
WIN04-C,hostap,wpa_supplicant/wpa_gui-qt4/networkconfig.h,23,FP,same misapplication,6-15_b6,high
DCL20-C,hostap,wpa_supplicant/wpa_gui-qt4/networkconfig.h,31,FP,"C++ class method; empty () already means no-args in C++, unlike C",6-15_b6,high
DCL20-C,hostap,wpa_supplicant/wpa_gui-qt4/networkconfig.h,35,FP,"C++ method, (void) not idiomatic/needed",6-15_b6,high
DCL20-C,hostap,wpa_supplicant/wpa_gui-qt4/networkconfig.h,38,FP,C++ method,6-15_b6,high
DCL20-C,hostap,wpa_supplicant/wpa_gui-qt4/networkconfig.h,40,FP,C++ method,6-15_b6,high
DCL20-C,hostap,wpa_supplicant/wpa_gui-qt4/networkconfig.h,43,FP,C++ method,6-15_b6,high
DCL20-C,hostap,wpa_supplicant/wpa_gui-qt4/networkconfig.h,52,FP,C++ method,6-15_b6,high
DCL13-C,hostap,src/ap/hs20.c,22,TP,"hostapd_eid_hs20_indication only reads hapd->conf fields, never writes hapd",6-15_b6,high
INT14-C,hostap,src/ap/hs20.c,32,FP,"misattributed to 'hapd'; actual bitwise(|=)/arithmetic mix (if any) is on local var 'conf', not the hapd pointer",6-15_b6,high
API00-C,hostap,src/ap/hs20.c,47,FP,"internal function, hapd core context always valid",6-15_b6,high
API00-C,hostap,src/ap/hs20.c,47,FP,addr passed from internal trusted caller within same subsystem,6-15_b6,high
API00-C,hostap,src/ap/hs20.c,47,FP,payload wpabuf from internal trusted caller; function already handles alloc failure defensively elsewhere,6-15_b6,high
EXP30-C,hostap,src/ap/hs20.c,73,FP,wpabuf_head/wpabuf_len are pure read-only accessors with no side effects; unsequenced order is harmless,6-15_b6,high
API00-C,hostap,src/ap/hs20.c,82,FP,"internal function, hapd always valid",6-15_b6,high
API00-C,hostap,src/ap/hs20.c,82,FP,addr from internal trusted caller; also explicitly NULL-checked (url) where relevant,6-15_b6,high
EXP30-C,hostap,src/ap/hs20.c,119,FP,same wpabuf_head/wpabuf_len pure-accessor pattern as line 73,6-15_b6,high
API00-C,hostap,src/ap/hs20.c,128,FP,"internal function, hapd always valid",6-15_b6,high
DCL13-C,hostap,src/ap/hs20.c,128,TP,"hs20_t_c_filtering only reads hapd->msg_ctx, never writes hapd",6-15_b6,high
API00-C,hostap,src/ap/p2p_hostapd.c,23,FP,buf from internal trusted caller within same control-interface path,6-15_b6,high
API00-C,hostap,src/ap/p2p_hostapd.c,23,FP,buflen only used in pointer arithmetic buf+buflen to form an end pointer; no overflow-prone arithmetic,6-15_b6,high
DCL13-C,hostap,src/ap/p2p_hostapd.c,23,TP,hostapd_p2p_get_mib_sta never touches hapd in its body; trivially const-eligible,6-15_b6,high
DCL13-C,hostap,src/ap/p2p_hostapd.c,23,TP,"sta only read (sta->p2p_ie), never written",6-15_b6,high
API05-C,hostap,src/ap/p2p_hostapd.c,24,FP,"buf already paired with buflen on the same line; idiomatic, stylistic only",6-15_b6,high
API00-C,hostap,src/ap/p2p_hostapd.c,68,FP,"hapd core context, always valid by convention",6-15_b6,high
API00-C,hostap,src/ap/p2p_hostapd.c,79,FP,"hapd core context, always valid by convention",6-15_b6,high
EXP34-C,hostap,src/ap/p2p_hostapd.c,83,FP,"hapd core context struct, never NULL in practice for this internal callback",6-15_b6,high
API00-C,hostap,src/ap/p2p_hostapd.c,94,FP,"hapd core context, always valid",6-15_b6,high
API00-C,hostap,src/ap/p2p_hostapd.c,94,FP,"eid buffer supplied by internal EID-building framework, always valid by convention",6-15_b6,high
DCL13-C,hostap,src/ap/p2p_hostapd.c,94,TP,"hostapd_eid_p2p_manage only reads hapd->conf->p2p, never writes hapd",6-15_b6,high
API05-C,hostap,src/common/dpp_i.h,46,FP,"idiomatic buf+len style declaration, stylistic only",6-15_b6,high
API05-C,hostap,src/common/dpp_i.h,93,FP,idiomatic signature,6-15_b6,high
API02-C,hostap,src/common/dpp_i.h,94,FP,dpp_hmac_vector's addr[]/len arrays are already bounded by the num_elem parameter,6-15_b6,high
ARR02-C,hostap,src/common/dpp_i.h,95,FP,"addr[] is a function parameter, not an initialized array declaration",6-15_b6,high
API02-C,hostap,src/common/dpp_i.h,97,FP,"dpp_ecdh's secret_len is an output length, not an input array bound",6-15_b6,high
API05-C,hostap,src/common/dpp_i.h,106,FP,"idiomatic signature, stylistic only",6-15_b6,high
API05-C,hostap,src/common/dpp_i.h,122,FP,idiomatic signature,6-15_b6,high
API05-C,hostap,src/common/dpp_i.h,122,FP,idiomatic signature,6-15_b6,high
API05-C,hostap,src/common/dpp_i.h,126,FP,idiomatic signature,6-15_b6,high
API05-C,hostap,src/common/dpp_i.h,126,FP,idiomatic signature,6-15_b6,high
API05-C,hostap,src/common/dpp_i.h,132,FP,idiomatic signature,6-15_b6,high
