rule,project,file,line,verdict,reason,provenance,confidence
PRE08-C,hostap,src/rsn_supp/wpa.c,21,FP,8.3-legacy-filesystem header-collision pattern; not actionable for modern POSIX project.,41plus_b65,high
API02-C,hostap,src/rsn_supp/wpa.c,39,FP,"sm is a single struct pointer, not an array needing a size argument; len out-param already present.",41plus_b65,high
API05-C,hostap,src/rsn_supp/wpa.c,42,FP,"ptr+len companion idiom, confirmed categorical FP.",41plus_b65,high
API05-C,hostap,src/rsn_supp/wpa.c,43,FP,"ptr+len companion idiom, confirmed categorical FP.",41plus_b65,high
API05-C,hostap,src/rsn_supp/wpa.c,67,FP,"ptr+len companion idiom, confirmed categorical FP.",41plus_b65,high
API05-C,hostap,src/rsn_supp/wpa.c,68,FP,"ptr+len companion idiom, confirmed categorical FP.",41plus_b65,high
API05-C,hostap,src/rsn_supp/wpa.c,74,FP,"ptr+len companion idiom, confirmed categorical FP.",41plus_b65,high
API05-C,hostap,src/rsn_supp/wpa.c,75,FP,"ptr+len companion idiom, confirmed categorical FP.",41plus_b65,high
API00-C,hostap,src/rsn_supp/wpa.c,93,FP,"internal-only API, never externally-nullable pointer (sm).",41plus_b65,high
API00-C,hostap,src/rsn_supp/wpa.c,93,FP,"internal-only API, never externally-nullable pointer (dest).",41plus_b65,high
API00-C,hostap,src/rsn_supp/wpa.c,93,FP,"msg_len is internally-bounded by caller construction, not raw attacker input at this layer.",41plus_b65,med
DCL13-C,hostap,src/rsn_supp/wpa.c,93,TP,"ptk only ever read (fields passed by value/pointer-to-member), never modified; genuine low-severity const opportunity.",41plus_b65,med
EXP34-C,hostap,src/rsn_supp/wpa.c,128,FP,"call is inside `if (key_mic && wpa_eapol_key_mic(...))`, short-circuit guards key_mic non-NULL before use.",41plus_b65,high
EXP34-C,hostap,src/rsn_supp/wpa.c,138,FP,"wpa_hexdump/_key gracefully handle a NULL buf internally (prints ""[NULL]""), new sub-shape of %p-NULL EXP34-C FP family.",41plus_b65,high
INT30-C,hostap,src/rsn_supp/wpa.c,145,FP,"msg_len is an internally-constructed message length for a message being sent, not attacker-controlled; wrap unrealistic.",41plus_b65,med
STR31-C,hostap,src/rsn_supp/wpa.c,148,FP,"aad[1]/aad_len[1] are non-char arrays (const u8* / size_t), STR31-C misapplied to non-string data.",41plus_b65,high
STR31-C,hostap,src/rsn_supp/wpa.c,149,FP,"aad[1]/aad_len[1] are non-char arrays, STR31-C misapplied to non-string data.",41plus_b65,high
ARR39-C,hostap,src/rsn_supp/wpa.c,154,FP,"pure size_t integer subtraction (msg_len minus struct sizeof constants), no pointer arithmetic involved at all.",41plus_b65,high
INT30-C,hostap,src/rsn_supp/wpa.c,154,FP,internal build-path invariant: msg was constructed with these exact headers so msg_len always exceeds the subtrahends.,41plus_b65,med
INT30-C,hostap,src/rsn_supp/wpa.c,154,FP,same internal build-path invariant as the combined subtraction above.,41plus_b65,med
EXP33-C,hostap,src/rsn_supp/wpa.c,255,FP,sizeof(*reply) never evaluates the operand; confirmed sizeof(*ptr)-not-a-dereference idiom.,41plus_b65,high
EXP34-C,hostap,src/rsn_supp/wpa.c,261,FP,reply set via wpa_sm_alloc_eapol's &reply out-param; rbuf==NULL check above gates reply's validity.,41plus_b65,high
MSC01-C,hostap,src/rsn_supp/wpa.c,360,FP,"guard-clause if/else-if chain, missing final else is deliberate (no case left unhandled).",41plus_b65,high
MEM05-C,hostap,src/rsn_supp/wpa.c,363,FP,"u8 buf[2*PMK_LEN] is a fixed compile-time-constant-sized array, not a VLA.",41plus_b65,high
MSC41-C,hostap,src/rsn_supp/wpa.c,426,FP,"hexdump-title FP class: ""machines"" is the tail of a split string-literal debug label, not sensitive data.",41plus_b65,high
EXP34-C,hostap,src/rsn_supp/wpa.c,442,FP,"call is inside `if (pmkid && !sm->cur_pmksa)`, pmkid already guarded non-NULL in the enclosing condition.",41plus_b65,high
MSC01-C,hostap,src/rsn_supp/wpa.c,447,FP,"guard-clause chain, deliberate fallthrough-to-default-behavior.",41plus_b65,high
MSC01-C,hostap,src/rsn_supp/wpa.c,478,FP,"guard-clause chain, deliberate fallthrough-to-default-behavior.",41plus_b65,high
EXP33-C,hostap,src/rsn_supp/wpa.c,488,FP,"buf is unconditionally assigned via wpa_sm_alloc_eapol immediately after declaration, before its only use.",41plus_b65,high
API00-C,hostap,src/rsn_supp/wpa.c,526,FP,"internal-only API, never externally-nullable pointer (sm).",41plus_b65,high
API00-C,hostap,src/rsn_supp/wpa.c,526,FP,"internal-only API, never externally-nullable pointer (dst).",41plus_b65,high
API00-C,hostap,src/rsn_supp/wpa.c,526,FP,"internal-only API, never externally-nullable pointer (key).",41plus_b65,high
API00-C,hostap,src/rsn_supp/wpa.c,526,FP,"internal-only API, never externally-nullable pointer (nonce).",41plus_b65,high
API00-C,hostap,src/rsn_supp/wpa.c,526,FP,"wpa_ie_len is internally bounded, not raw wire-parsed at this call boundary.",41plus_b65,med
API05-C,hostap,src/rsn_supp/wpa.c,526,FP,"ptr+len companion idiom, confirmed categorical FP.",41plus_b65,high
MEM10-C,hostap,src/rsn_supp/wpa.c,541,FP,stylistic ad-hoc-NULL-check pedantry; the check is present and correct.,41plus_b65,high
MEM12-C,hostap,src/rsn_supp/wpa.c,591,FP,"rsn_ie_buf freed on the immediately preceding line, buf2 never allocated on this path; MEM12-C false-leak-after-free class.",41plus_b65,high
ARR30-C,hostap,src/rsn_supp/wpa.c,598,FP,"cross-function buffer-size conflation: cited ""allocation at line 7161"" is owe_process_assoc_resp's unrelated size_t len[2].",41plus_b65,high
MEM12-C,hostap,src/rsn_supp/wpa.c,608,FP,rsn_ie_buf and buf2 both freed on the two immediately preceding lines; MEM12-C false-leak-after-free class.,41plus_b65,high
MEM30-C,hostap,src/rsn_supp/wpa.c,616,FP,wpa_ie's only frees happen on sibling mutually-exclusive early-return branches never reached on this path; mutually-exclusive-branch free conflation.,41plus_b65,high
EXP33-C,hostap,src/rsn_supp/wpa.c,630,FP,sizeof(*reply) never evaluates the operand; confirmed sizeof(*ptr)-not-a-dereference idiom.,41plus_b65,high
MEM12-C,hostap,src/rsn_supp/wpa.c,637,FP,rsn_ie_buf and buf2 both freed on the two immediately preceding lines; MEM12-C false-leak-after-free class.,41plus_b65,high
EXP34-C,hostap,src/rsn_supp/wpa.c,640,FP,reply set via wpa_sm_alloc_eapol's &reply out-param; rbuf==NULL check above gates reply's validity.,41plus_b65,high
MEM30-C,hostap,src/rsn_supp/wpa.c,668,FP,"wpa_ie is read here BEFORE the real os_free(rsn_ie_buf)/os_free(buf2) two lines later; ordering confusion, not a real UAF.",41plus_b65,high
EXP30-C,hostap,src/rsn_supp/wpa.c,673,FP,"wpabuf_head/wpabuf_len are pure accessor reads, no side effects to unsequence.",41plus_b65,high
MEM12-C,hostap,src/rsn_supp/wpa.c,690,FP,"rsn_ie_buf/buf2 already freed at lines 669-670, well before this return; MEM12-C false-leak-after-free class.",41plus_b65,high
ARR00-C,hostap,src/rsn_supp/wpa.c,693,FP,"plain_len - pad_len is scalar size_t subtraction used as an array index, no pointers involved at all.",41plus_b65,high
MEM12-C,hostap,src/rsn_supp/wpa.c,701,FP,"rsn_ie_buf/buf2 already freed at lines 669-670, well before this return; MEM12-C false-leak-after-free class.",41plus_b65,high
MEM12-C,hostap,src/rsn_supp/wpa.c,713,FP,"rsn_ie_buf/buf2 already freed at lines 669-670, well before this return; MEM12-C false-leak-after-free class.",41plus_b65,high
EXP33-C,hostap,src/rsn_supp/wpa.c,726,FP,wpa_sm_get_ap_rsnxe is a static function (declared line 39); the call is mistaken for a read of a same-named static variable.,41plus_b65,high
DCL13-C,hostap,src/rsn_supp/wpa.c,778,TP,kde only ever read in wpa_handle_ext_key_id; genuine low-severity const opportunity.,41plus_b65,med
DCL13-C,hostap,src/rsn_supp/wpa.c,835,TP,sm only ever read in wpa_mlo_link_kde_len; genuine low-severity const opportunity.,41plus_b65,med
EXP33-C,hostap,src/rsn_supp/wpa.c,841,FP,for_each_link() macro's own for-loop init clause initializes i; macro-opaque loop-variable-init FP class.,41plus_b65,high
DCL13-C,hostap,src/rsn_supp/wpa.c,849,TP,sm only ever read in wpa_mlo_link_kde; genuine low-severity const opportunity.,41plus_b65,med
MEM05-C,hostap,src/rsn_supp/wpa.c,852,FP,"u8 hdr[1+ETH_ALEN] is a fixed compile-time-constant-sized array, not a VLA.",41plus_b65,high
EXP33-C,hostap,src/rsn_supp/wpa.c,855,FP,for_each_link() macro's own for-loop init clause initializes i; macro-opaque loop-variable-init FP class.,41plus_b65,high
INT13-C,hostap,src/rsn_supp/wpa.c,860,TP,"i is declared plain `int`; literal bitwise-on-signed-operand match per CERT text, though practically harmless (loop index always non-negative).",41plus_b65,low
DCL13-C,hostap,src/rsn_supp/wpa.c,869,TP,sm only ever read in is_valid_ap_mld_mac_kde; genuine low-severity const opportunity.,41plus_b65,med
API05-C,hostap,src/rsn_supp/wpa.c,889,FP,"ptr+len companion idiom, confirmed categorical FP.",41plus_b65,high
MSC07-C,hostap,src/rsn_supp/wpa.c,951,FP,"failed: label is reached via an earlier goto, not by falling through the preceding return.",41plus_b65,high
API05-C,hostap,src/rsn_supp/wpa.c,957,FP,"ptr+len companion idiom, confirmed categorical FP.",41plus_b65,high
MSC01-C,hostap,src/rsn_supp/wpa.c,1127,FP,"guard-clause if/else-if chain over independent GTK-install conditions, no case unhandled.",41plus_b65,high
ARR00-C,hostap,src/rsn_supp/wpa.c,1130,FP,"pos and kde are the same buffer (pos walks forward from kde), not different arrays; pos/kde wire-buffer-builder idiom.",41plus_b65,high
ARR00-C,hostap,src/rsn_supp/wpa.c,1146,FP,"pos and kde are the same buffer, not different arrays; pos/kde wire-buffer-builder idiom.",41plus_b65,high
MSC07-C,hostap,src/rsn_supp/wpa.c,1157,FP,"failed: label is reached via an earlier goto, not by falling through the preceding return.",41plus_b65,high
MEM30-C,hostap,src/rsn_supp/wpa.c,1158,FP,"os_free(kde_buf) at line 1153 (success path, returns immediately) and at 1158 (failed: label) are mutually exclusive, never both executed.",41plus_b65,high
MEM31-C,hostap,src/rsn_supp/wpa.c,1158,FP,same mutually-exclusive success-path-vs-failed-label conflation as the MEM30-C finding at this line.,41plus_b65,high
DCL13-C,hostap,src/rsn_supp/wpa.c,1163,FP,timeout_ctx is bound to the fixed eloop_timeout_handler callback signature; dispatch-contract FP.,41plus_b65,high
EXP30-C,hostap,src/rsn_supp/wpa.c,1173,FP,"MAC2STR/wpa_cipher_txt are pure accessor reads, no side effects to unsequence.",41plus_b65,high
DCL13-C,hostap,src/rsn_supp/wpa.c,1218,FP,timeout_ctx is bound to the fixed eloop_timeout_handler callback signature; dispatch-contract FP.,41plus_b65,high
EXP33-C,hostap,src/rsn_supp/wpa.c,1293,FP,wpa_sm_get_ap_rsnxe is a static function; call mistaken for a read of a same-named static variable.,41plus_b65,high
DCL13-C,hostap,src/rsn_supp/wpa.c,1348,TP,sm only ever read in wpa_supplicant_check_group_cipher; genuine low-severity const opportunity.,41plus_b65,med
DCL37-C,hostap,src/rsn_supp/wpa.c,1388,FP,_gtk is a block-scope local variable inside wpa_supplicant_install_gtk; the single-underscore reserved-identifier restriction is file-scope only.,41plus_b65,high
MSC01-C,hostap,src/rsn_supp/wpa.c,1426,FP,"guard-clause if/else-if chain, deliberate fallthrough.",41plus_b65,high
INT14-C,hostap,src/rsn_supp/wpa.c,1581,FP,gtk[0]&0x3 is bitwise on a dereferenced element; gtk+=1/-=1 is pointer arithmetic on the pointer itself; different operations on different things sharing the base identifier.,41plus_b65,high
DCL13-C,hostap,src/rsn_supp/wpa.c,1613,TP,ie only ever read in wpa_supplicant_pairwise_mlo_gtk; genuine low-severity const opportunity.,41plus_b65,med
EXP33-C,hostap,src/rsn_supp/wpa.c,1621,FP,for_each_link() macro's own for-loop init clause initializes i.,41plus_b65,high
INT14-C,hostap,src/rsn_supp/wpa.c,1657,FP,same element-bitwise-vs-pointer-arithmetic conflation as the line-1581 gtk finding.,41plus_b65,high
ARR01-C,hostap,src/rsn_supp/wpa.c,1716,FP,"pn is a real fixed-size array field (u8 pn[RSN_PN_LEN]) of struct wpa_igtk_kde; sizeof is legitimate, nothing decayed.",41plus_b65,high
ARR01-C,hostap,src/rsn_supp/wpa.c,1785,FP,"pn is a real fixed-size array field of struct wpa_bigtk_kde; sizeof is legitimate, nothing decayed.",41plus_b65,high
ARR01-C,hostap,src/rsn_supp/wpa.c,1838,FP,pn is a real fixed-size array field of struct wpa_igtk_kde; sizeof is legitimate.,41plus_b65,high
ARR01-C,hostap,src/rsn_supp/wpa.c,1898,FP,pn is a real fixed-size array field of struct wpa_bigtk_kde; sizeof is legitimate.,41plus_b65,high
DCL13-C,hostap,src/rsn_supp/wpa.c,1922,TP,ie only ever read in _mlo_ieee80211w_set_keys; genuine low-severity const opportunity.,41plus_b65,med
EXP33-C,hostap,src/rsn_supp/wpa.c,1968,FP,for_each_link() macro's own for-loop init clause initializes i.,41plus_b65,high
DCL13-C,hostap,src/rsn_supp/wpa.c,1977,TP,ie only ever read in ieee80211w_set_keys; genuine low-severity const opportunity.,41plus_b65,med
API05-C,hostap,src/rsn_supp/wpa.c,2014,FP,"ptr+len companion idiom, confirmed categorical FP.",41plus_b65,high
DCL13-C,hostap,src/rsn_supp/wpa.c,2053,TP,sm only ever read in ft_validate_mdie; genuine low-severity const opportunity.,41plus_b65,med
DCL13-C,hostap,src/rsn_supp/wpa.c,2055,TP,ie only ever read in ft_validate_mdie; genuine low-severity const opportunity.,41plus_b65,med
DCL13-C,hostap,src/rsn_supp/wpa.c,2084,TP,sm only ever read in ft_validate_ftie; genuine low-severity const opportunity.,41plus_b65,med
DCL13-C,hostap,src/rsn_supp/wpa.c,2086,TP,ie only ever read in ft_validate_ftie; genuine low-severity const opportunity.,41plus_b65,med
MEM10-C,hostap,src/rsn_supp/wpa.c,2095,FP,stylistic ad-hoc-NULL-check pedantry.,41plus_b65,high
DCL13-C,hostap,src/rsn_supp/wpa.c,2112,TP,sm only ever read in ft_validate_rsnie; genuine low-severity const opportunity.,41plus_b65,med
DCL13-C,hostap,src/rsn_supp/wpa.c,2114,TP,ie only ever read in ft_validate_rsnie; genuine low-severity const opportunity.,41plus_b65,med
CON43-C,hostap,src/rsn_supp/wpa.c,2160,FP,switch(*pos) evaluates its controlling expression exactly once (single fetch); also no pthread in this codebase (extends the tls_connection_set_cipher_list switch(*c) precedent).,41plus_b65,high
API00-C,hostap,src/rsn_supp/wpa.c,2333,FP,"internal-only API, never externally-nullable pointer (sm).",41plus_b65,high
API00-C,hostap,src/rsn_supp/wpa.c,2333,FP,"internal-only API, never externally-nullable pointer (dst).",41plus_b65,high
API00-C,hostap,src/rsn_supp/wpa.c,2333,FP,"internal-only API, never externally-nullable pointer (key).",41plus_b65,high
EXP33-C,hostap,src/rsn_supp/wpa.c,2374,FP,sizeof(*reply) never evaluates the operand; confirmed idiom.,41plus_b65,high
EXP34-C,hostap,src/rsn_supp/wpa.c,2383,FP,reply set via wpa_sm_alloc_eapol's &reply out-param; rbuf==NULL check above gates reply's validity.,41plus_b65,high
EXP30-C,hostap,src/rsn_supp/wpa.c,2413,FP,"wpa_cipher_txt/MAC2STR pure accessor args, no side effects to unsequence.",41plus_b65,high
ARR00-C,hostap,src/rsn_supp/wpa.c,2433,FP,"scalar size_t subtraction used as array index, no pointers involved.",41plus_b65,high
EXP30-C,hostap,src/rsn_supp/wpa.c,2477,FP,"wpa_cipher_txt/MAC2STR pure accessor args, no side effects to unsequence.",41plus_b65,high
INT14-C,hostap,src/rsn_supp/wpa.c,2486,FP,link_kde[0]&FLAG is bitwise on an array element; link_kde+OFFSET is pointer arithmetic on the pointer itself; conflated operations.,41plus_b65,high
MSC07-C,hostap,src/rsn_supp/wpa.c,2630,FP,"failed: label reached via earlier goto, not fallthrough.",41plus_b65,high
DCL13-C,hostap,src/rsn_supp/wpa.c,2636,TP,sm only ever read in wpa_validate_mlo_ieee80211w_kdes; genuine low-severity const opportunity.,41plus_b65,med
DCL13-C,hostap,src/rsn_supp/wpa.c,2638,TP,ie only ever read in wpa_validate_mlo_ieee80211w_kdes; genuine low-severity const opportunity.,41plus_b65,med
EXP30-C,hostap,src/rsn_supp/wpa.c,2696,FP,wpa_cipher_txt/MAC2STR pure accessor args.,41plus_b65,high
MSC07-C,hostap,src/rsn_supp/wpa.c,2727,FP,"failed: label reached via earlier goto, not fallthrough.",41plus_b65,high
DCL13-C,hostap,src/rsn_supp/wpa.c,2732,TP,sm only ever read in wpa_sm_sae_pw_id_change; genuine low-severity const opportunity.,41plus_b65,med
MEM31-C,hostap,src/rsn_supp/wpa.c,2751,FP,"wa ownership is transferred to sm->ctx->sae_pw_id_change() callback, which either frees it or stores it in ssid->alt_sae_password_ids; ownership-transfer FP family.",41plus_b65,high
EXP30-C,hostap,src/rsn_supp/wpa.c,2911,FP,"pure accessor args, no side effects to unsequence.",41plus_b65,high
ARR01-C,hostap,src/rsn_supp/wpa.c,2922,FP,"p2p_ip_addr is a real fixed-size array field (u8[3*4]) of struct wpa_sm; sizeof is legitimate, sm itself not decayed.",41plus_b65,high
MSC01-C,hostap,src/rsn_supp/wpa.c,3017,FP,"guard-clause if/else-if chain, deliberate fallthrough.",41plus_b65,high
MSC07-C,hostap,src/rsn_supp/wpa.c,3064,FP,"failed: label reached via earlier goto, not fallthrough.",41plus_b65,high
EXP33-C,hostap,src/rsn_supp/wpa.c,3091,FP,sizeof(*reply) never evaluates the operand.,41plus_b65,high
EXP34-C,hostap,src/rsn_supp/wpa.c,3097,FP,reply set via wpa_sm_alloc_eapol's &reply out-param; rbuf==NULL check gates reply's validity.,41plus_b65,high
API05-C,hostap,src/rsn_supp/wpa.c,3152,FP,"ptr+len companion idiom, confirmed categorical FP.",41plus_b65,high
EXP33-C,hostap,src/rsn_supp/wpa.c,3225,FP,for_each_link() macro's own for-loop init clause initializes i.,41plus_b65,high
EXP30-C,hostap,src/rsn_supp/wpa.c,3233,FP,"pure accessor args, no side effects to unsequence.",41plus_b65,high
MSC07-C,hostap,src/rsn_supp/wpa.c,3243,FP,"failed: label reached via earlier goto, not fallthrough.",41plus_b65,high
API05-C,hostap,src/rsn_supp/wpa.c,3249,FP,"ptr+len companion idiom, confirmed categorical FP.",41plus_b65,high
EXP30-C,hostap,src/rsn_supp/wpa.c,3363,FP,"pure accessor args, no side effects to unsequence.",41plus_b65,high
MSC07-C,hostap,src/rsn_supp/wpa.c,3378,FP,"failed: label reached via earlier goto, not fallthrough.",41plus_b65,high
API05-C,hostap,src/rsn_supp/wpa.c,3385,FP,"ptr+len companion idiom, confirmed categorical FP.",41plus_b65,high
EXP30-C,hostap,src/rsn_supp/wpa.c,3489,FP,"pure accessor args, no side effects to unsequence.",41plus_b65,high
MSC07-C,hostap,src/rsn_supp/wpa.c,3499,FP,"failed: label reached via earlier goto, not fallthrough.",41plus_b65,high
ARR01-C,hostap,src/rsn_supp/wpa.c,3509,FP,sm->ptk is a real struct wpa_ptk field (not a pointer at all); sizeof is legitimate.,41plus_b65,high
ARR01-C,hostap,src/rsn_supp/wpa.c,3510,FP,sm->tptk is a real struct wpa_ptk field; sizeof is legitimate.,41plus_b65,high
ARR01-C,hostap,src/rsn_supp/wpa.c,3521,FP,sm->last_kck is a real fixed-size array field (u8[WPA_KCK_MAX_LEN]); sizeof is legitimate.,41plus_b65,high
DCL13-C,hostap,src/rsn_supp/wpa.c,3529,FP,"key IS written through: os_memset(key+1, 0, mic_len) mutates the pointee; DCL13-C ""not modified"" is factually wrong.",41plus_b65,high
ENV01-C,hostap,src/rsn_supp/wpa.c,3533,FP,no getenv()/environment-variable code anywhere in this function; plain crypto MIC buffer.,41plus_b65,high
DCL13-C,hostap,src/rsn_supp/wpa.c,3606,TP,sm only ever read in wpa_supplicant_decrypt_key_data; genuine low-severity const opportunity.,41plus_b65,med
DCL13-C,hostap,src/rsn_supp/wpa.c,3607,FP,"key IS written through: WPA_PUT_BE16(((u8*)(key+1))+mic_len, ...) mutates the pointee; ""not modified"" is factually wrong.",41plus_b65,high
DCL13-C,hostap,src/rsn_supp/wpa.c,3719,TP,sm only ever read in wpa_eapol_key_dump; genuine low-severity const opportunity.,41plus_b65,med
EXP07-C,hostap,src/rsn_supp/wpa.c,3733,FP,"shift amount 13 is self-documenting from the adjacent BIT(13) literal in the same expression, not an assumption about an opaque constant.",41plus_b65,med
DCL13-C,hostap,src/rsn_supp/wpa.c,3757,FP,"buf IS written through the hdr/key/pos aliases derived from it (os_memcpy(pos,...), WPA_PUT_BE16(pos,...)); ""not modified"" is factually wrong.",41plus_b65,high
STR31-C,hostap,src/rsn_supp/wpa.c,3764,FP,"aad[1] is a non-char array (const u8*), STR31-C misapplied to non-string data.",41plus_b65,high
STR31-C,hostap,src/rsn_supp/wpa.c,3765,FP,"aad_len[1] is a non-char array (size_t), STR31-C misapplied to non-string data.",41plus_b65,high
ARR30-C,hostap,src/rsn_supp/wpa.c,3782,FP,"cross-function buffer-size conflation: cited ""allocation at line 7161"" is owe_process_assoc_resp's unrelated size_t len[2].",41plus_b65,high
ARR39-C,hostap,src/rsn_supp/wpa.c,3800,FP,"(*key_data_len) -= AES_BLOCK_SIZE is a pure size_t decrement, no pointer operand at all.",41plus_b65,high
API00-C,hostap,src/rsn_supp/wpa.c,3922,FP,"internal-only API entry point, sm never externally-nullable.",41plus_b65,high
API00-C,hostap,src/rsn_supp/wpa.c,3922,FP,"internal-only API entry point, buf never externally-nullable (always a valid received-frame buffer from the L2/eapol layer).",41plus_b65,high
EXP33-C,hostap,src/rsn_supp/wpa.c,3942,FP,sizeof(*key) never evaluates the operand; confirmed idiom.,41plus_b65,high
EXP33-C,hostap,src/rsn_supp/wpa.c,3944,FP,sizeof(*hdr) never evaluates the operand; confirmed idiom.,41plus_b65,high
MSC01-C,hostap,src/rsn_supp/wpa.c,4127,FP,"guard-clause if/else-if chain, deliberate fallthrough.",41plus_b65,high
DCL13-C,hostap,src/rsn_supp/wpa.c,4215,TP,sm only ever read in wpa_key_mgmt_suite; genuine low-severity const opportunity.,41plus_b65,med
MSC17-C,hostap,src/rsn_supp/wpa.c,4222,FP,"case WPA_KEY_MGMT_PSK has an explicit return statement immediately, no fallthrough; #ifdef intervenes before the next case.",41plus_b65,high
PRE00-C,hostap,src/rsn_supp/wpa.c,4255,FP,"RSN_SUITE_ARG(s) call-site arguments (wpa_key_mgmt_suite/wpa_cipher_to_suite) are side-effect-free lookups; ""evaluates multiple times"" is moot, confirmed RSN_SUITE_ARG pattern.",41plus_b65,med
PRE02-C,hostap,src/rsn_supp/wpa.c,4255,FP,"macro body is 4 comma-separated printf varargs, not one expression; wrapping in parens would collapse them into a single argument, breaking every RSN_SUITE call site.",41plus_b65,high
PRE12-C,hostap,src/rsn_supp/wpa.c,4255,FP,same side-effect-free-argument reasoning as the PRE00-C finding at this line.,41plus_b65,med
API00-C,hostap,src/rsn_supp/wpa.c,4267,FP,"API00-C internal-only-API FP: sm never externally nullable, matches confirmed pattern.",41plus_b66,high
API00-C,hostap,src/rsn_supp/wpa.c,4267,FP,"buflen overflow-validation pedantry on internal API, no attacker-controlled arithmetic here.",41plus_b66,med
API05-C,hostap,src/rsn_supp/wpa.c,4267,FP,"buf+buflen paired idiom, confirmed categorical FP.",41plus_b66,high
MEM05-C,hostap,src/rsn_supp/wpa.c,4269,FP,"char pmkid_txt[PMKID_LEN*2+1] is a fixed macro-sized array, not a VLA.",41plus_b66,high
EXP30-C,hostap,src/rsn_supp/wpa.c,4307,FP,"RSN_SUITE_ARG(...) macro args are pure byte-extraction, no side effects to unsequence.",41plus_b66,high
DCL13-C,hostap,src/rsn_supp/wpa.c,4338,FP,entry/ctx match pmksa_cache_init's fixed free_cb typedef contract (pmksa_cache.h:66-73); dispatch-contract DCL13-C FP.,41plus_b66,high
DCL13-C,hostap,src/rsn_supp/wpa.c,4380,FP,matches is_current_cb typedef in pmksa_cache_init; dispatch-contract DCL13-C FP.,41plus_b66,high
DCL13-C,hostap,src/rsn_supp/wpa.c,4381,FP,ctx param of pmksa is_current_cb typedef; dispatch-contract DCL13-C FP.,41plus_b66,high
API00-C,hostap,src/rsn_supp/wpa.c,4406,FP,"wpa_sm_init's ctx is internal-only, never externally nullable in practice.",41plus_b66,high
EXP33-C,hostap,src/rsn_supp/wpa.c,4410,FP,"sm = os_zalloc(sizeof(*sm)) is the confirmed sizeof(*ptr)-not-a-dereference idiom, not a real deref.",41plus_b66,high
DCL30-C,hostap,src/rsn_supp/wpa.c,4431,FP,"sm points to os_zalloc'd heap memory, not automatic storage; confirmed heap-vs-stack DCL30-C FP.",41plus_b66,high
MEM10-C,hostap,src/rsn_supp/wpa.c,4443,FP,"direct NULL check stylistic pedantry, confirmed categorical FP.",41plus_b66,high
ARR01-C,hostap,src/rsn_supp/wpa.c,4487,FP,"sizeof(sm->last_kck) is sizeof of a real fixed array field (wpa_i.h:247), not the decayed sm pointer.",41plus_b66,high
ARR01-C,hostap,src/rsn_supp/wpa.c,4497,FP,"sizeof(sm->ptk) is sizeof of a real struct wpa_ptk field, not decayed pointer.",41plus_b66,high
ARR01-C,hostap,src/rsn_supp/wpa.c,4499,FP,"sizeof(sm->tptk) real struct field, not decayed pointer.",41plus_b66,high
ARR01-C,hostap,src/rsn_supp/wpa.c,4500,FP,"sizeof(sm->gtk) real struct wpa_gtk field, not decayed pointer.",41plus_b66,high
ARR01-C,hostap,src/rsn_supp/wpa.c,4501,FP,"sizeof(sm->gtk_wnm_sleep) real struct field, not decayed pointer.",41plus_b66,high
ARR01-C,hostap,src/rsn_supp/wpa.c,4502,FP,"sizeof(sm->igtk) real struct wpa_igtk field, not decayed pointer.",41plus_b66,high
ARR01-C,hostap,src/rsn_supp/wpa.c,4503,FP,"sizeof(sm->igtk_wnm_sleep) real struct field, not decayed pointer.",41plus_b66,high
ARR01-C,hostap,src/rsn_supp/wpa.c,4504,FP,"sizeof(sm->bigtk) real struct wpa_bigtk field, not decayed pointer.",41plus_b66,high
ARR01-C,hostap,src/rsn_supp/wpa.c,4505,FP,"sizeof(sm->bigtk_wnm_sleep) real struct field, not decayed pointer.",41plus_b66,high
ARR01-C,hostap,src/rsn_supp/wpa.c,4509,FP,"sizeof(sm->mlo.links[i].gtk) real struct field (wpa.h:182), not decayed pointer.",41plus_b66,high
ARR01-C,hostap,src/rsn_supp/wpa.c,4511,FP,"sizeof(sm->mlo.links[i].gtk_wnm_sleep) real struct field, not decayed pointer.",41plus_b66,high
ARR01-C,hostap,src/rsn_supp/wpa.c,4513,FP,"sizeof(sm->mlo.links[i].igtk) real struct field, not decayed pointer.",41plus_b66,high
ARR01-C,hostap,src/rsn_supp/wpa.c,4515,FP,"sizeof(sm->mlo.links[i].igtk_wnm_sleep) real struct field, not decayed pointer.",41plus_b66,high
ARR01-C,hostap,src/rsn_supp/wpa.c,4517,FP,"sizeof(sm->mlo.links[i].bigtk) real struct field, not decayed pointer.",41plus_b66,high
ARR01-C,hostap,src/rsn_supp/wpa.c,4519,FP,"sizeof(sm->mlo.links[i].bigtk_wnm_sleep) real struct field, not decayed pointer.",41plus_b66,high
API00-C,hostap,src/rsn_supp/wpa.c,4532,FP,"internal-only API, bssid never externally nullable.",41plus_b66,high
MEM10-C,hostap,src/rsn_supp/wpa.c,4536,FP,direct NULL check stylistic pedantry.,41plus_b66,high
ARR01-C,hostap,src/rsn_supp/wpa.c,4592,FP,"sizeof(sm->p2p_ip_addr) real array field u8 p2p_ip_addr[3*4], not decayed pointer.",41plus_b66,high
API00-C,hostap,src/rsn_supp/wpa.c,4606,FP,"internal-only API pattern, sm never externally nullable at this call path.",41plus_b66,high
API00-C,hostap,src/rsn_supp/wpa.c,4645,FP,"internal-only API, pmk supplied by internal callers only.",41plus_b66,high
MEM10-C,hostap,src/rsn_supp/wpa.c,4648,FP,direct NULL check stylistic pedantry.,41plus_b66,high
MSC01-C,hostap,src/rsn_supp/wpa.c,4662,FP,"deliberate guard-clause; unmatched pmk_len leaves hash_alg unchanged by design, confirmed no-final-else pedantry pattern.",41plus_b66,high
MEM10-C,hostap,src/rsn_supp/wpa.c,4692,FP,direct NULL check stylistic pedantry.,41plus_b66,high
API00-C,hostap,src/rsn_supp/wpa.c,4726,FP,"internal-only API, scard_ctx never externally nullable in a way that matters here.",41plus_b66,high
MEM10-C,hostap,src/rsn_supp/wpa.c,4728,FP,direct NULL check stylistic pedantry.,41plus_b66,high
ARR00-C,hostap,src/rsn_supp/wpa.c,4812,FP,wpa_sm_clear_mlo_group_keys' only caller passes a for-loop index bounded to MAX_NUM_MLD_LINKS = array size; provably in-bounds across the whole call graph.,41plus_b66,med
ARR30-C,hostap,src/rsn_supp/wpa.c,4812,FP,same bounded-sole-caller reasoning as the paired ARR00-C finding.,41plus_b66,med
ARR01-C,hostap,src/rsn_supp/wpa.c,4813,FP,"sizeof(sm->mlo.links[link_id].gtk) real struct field, not decayed pointer.",41plus_b66,high
ARR00-C,hostap,src/rsn_supp/wpa.c,4813,FP,"NEW pattern: link_id subscript appears only inside sizeof(...), never evaluated at runtime (non-VLA); doubly-safe beyond the bounded-caller argument.",41plus_b66,high
ARR30-C,hostap,src/rsn_supp/wpa.c,4813,FP,same sizeof-operand-not-evaluated reasoning as the paired ARR00-C finding.,41plus_b66,high
ARR00-C,hostap,src/rsn_supp/wpa.c,4814,FP,"bounded sole-caller reasoning, same as :4812.",41plus_b66,med
ARR30-C,hostap,src/rsn_supp/wpa.c,4814,FP,"bounded sole-caller reasoning, same as :4812.",41plus_b66,med
ARR01-C,hostap,src/rsn_supp/wpa.c,4815,FP,"sizeof(sm->mlo.links[link_id].gtk_wnm_sleep) real struct field, not decayed pointer.",41plus_b66,high
ARR00-C,hostap,src/rsn_supp/wpa.c,4815,FP,"sizeof-operand subscript never evaluated at runtime, same new pattern as :4813.",41plus_b66,high
ARR30-C,hostap,src/rsn_supp/wpa.c,4815,FP,sizeof-operand subscript never evaluated at runtime.,41plus_b66,high
ARR00-C,hostap,src/rsn_supp/wpa.c,4816,FP,"bounded sole-caller reasoning, same as :4812.",41plus_b66,med
ARR30-C,hostap,src/rsn_supp/wpa.c,4816,FP,"bounded sole-caller reasoning, same as :4812.",41plus_b66,med
ARR01-C,hostap,src/rsn_supp/wpa.c,4817,FP,"sizeof(sm->mlo.links[link_id].igtk) real struct field, not decayed pointer.",41plus_b66,high
ARR00-C,hostap,src/rsn_supp/wpa.c,4817,FP,sizeof-operand subscript never evaluated at runtime.,41plus_b66,high
ARR30-C,hostap,src/rsn_supp/wpa.c,4817,FP,sizeof-operand subscript never evaluated at runtime.,41plus_b66,high
ARR00-C,hostap,src/rsn_supp/wpa.c,4818,FP,"bounded sole-caller reasoning, same as :4812.",41plus_b66,med
ARR30-C,hostap,src/rsn_supp/wpa.c,4818,FP,"bounded sole-caller reasoning, same as :4812.",41plus_b66,med
ARR01-C,hostap,src/rsn_supp/wpa.c,4819,FP,"sizeof(sm->mlo.links[link_id].igtk_wnm_sleep) real struct field, not decayed pointer.",41plus_b66,high
ARR00-C,hostap,src/rsn_supp/wpa.c,4819,FP,sizeof-operand subscript never evaluated at runtime.,41plus_b66,high
ARR30-C,hostap,src/rsn_supp/wpa.c,4819,FP,sizeof-operand subscript never evaluated at runtime.,41plus_b66,high
ARR00-C,hostap,src/rsn_supp/wpa.c,4820,FP,"bounded sole-caller reasoning, same as :4812.",41plus_b66,med
ARR30-C,hostap,src/rsn_supp/wpa.c,4820,FP,"bounded sole-caller reasoning, same as :4812.",41plus_b66,med
ARR01-C,hostap,src/rsn_supp/wpa.c,4821,FP,"sizeof(sm->mlo.links[link_id].bigtk) real struct field, not decayed pointer.",41plus_b66,high
ARR00-C,hostap,src/rsn_supp/wpa.c,4821,FP,sizeof-operand subscript never evaluated at runtime.,41plus_b66,high
ARR30-C,hostap,src/rsn_supp/wpa.c,4821,FP,sizeof-operand subscript never evaluated at runtime.,41plus_b66,high
ARR00-C,hostap,src/rsn_supp/wpa.c,4822,FP,"bounded sole-caller reasoning, same as :4812.",41plus_b66,med
ARR30-C,hostap,src/rsn_supp/wpa.c,4822,FP,"bounded sole-caller reasoning, same as :4812.",41plus_b66,med
ARR01-C,hostap,src/rsn_supp/wpa.c,4823,FP,"sizeof(sm->mlo.links[link_id].bigtk_wnm_sleep) real struct field, not decayed pointer.",41plus_b66,high
ARR00-C,hostap,src/rsn_supp/wpa.c,4823,FP,sizeof-operand subscript never evaluated at runtime.,41plus_b66,high
ARR30-C,hostap,src/rsn_supp/wpa.c,4823,FP,sizeof-operand subscript never evaluated at runtime.,41plus_b66,high
API00-C,hostap,src/rsn_supp/wpa.c,4827,FP,"internal-only API, mlo supplied only by internal driver-event callers.",41plus_b66,high
MEM30-C,hostap,src/rsn_supp/wpa.c,4865,FP,"if (sm->mlo.links[i].ap_rsne) after os_free only reads the stale pointer's value for a debug-log guard, never dereferences it; matches confirmed 'comparing freed pointer value, not dereferencing' MEM30-C FP class.",41plus_b66,high
MEM30-C,hostap,src/rsn_supp/wpa.c,4886,FP,"same freed-pointer-value-for-debug-log shape as :4865, field ap_rsnxe.",41plus_b66,high
MEM30-C,hostap,src/rsn_supp/wpa.c,4907,FP,"same freed-pointer-value-for-debug-log shape as :4865, field ap_rsnoe.",41plus_b66,high
MEM30-C,hostap,src/rsn_supp/wpa.c,4928,FP,"same freed-pointer-value-for-debug-log shape as :4865, field ap_rsno2e.",41plus_b66,high
MEM30-C,hostap,src/rsn_supp/wpa.c,4949,FP,"same freed-pointer-value-for-debug-log shape as :4865, field ap_rsnxoe.",41plus_b66,high
DCL13-C,hostap,src/rsn_supp/wpa.c,4983,FP,"rule's own premise is false: sm->own_addr is written via os_memcpy, so sm is genuinely modified through the pointer.",41plus_b66,high
MEM10-C,hostap,src/rsn_supp/wpa.c,5030,FP,direct NULL check stylistic pedantry.,41plus_b66,high
MSC17-C,hostap,src/rsn_supp/wpa.c,5091,FP,case has a real unconditional break; next case sits behind #ifdef CONFIG_TESTING_OPTIONS; confirmed #ifdef-intervening MSC17-C FP class.,41plus_b66,high
MSC17-C,hostap,src/rsn_supp/wpa.c,5126,FP,case has a real unconditional break; next case sits behind #ifdef CONFIG_DPP2; same confirmed #ifdef-intervening MSC17-C FP class.,41plus_b66,high
DCL13-C,hostap,src/rsn_supp/wpa.c,5163,TP,wpa_sm_get_ap_rsne is a static read-only accessor that never assigns to any sm field; genuine (low-severity) const opportunity.,41plus_b66,med
DCL13-C,hostap,src/rsn_supp/wpa.c,5180,TP,"wpa_sm_get_ap_rsnxe is a static read-only accessor, same as :5163.",41plus_b66,med
API00-C,hostap,src/rsn_supp/wpa.c,5205,FP,"internal-only API, sm never externally nullable.",41plus_b66,high
API00-C,hostap,src/rsn_supp/wpa.c,5205,FP,buf pointer supplied only by internal callers with a valid buffer.,41plus_b66,high
API00-C,hostap,src/rsn_supp/wpa.c,5205,FP,buflen overflow-validation pedantry on internal API.,41plus_b66,med
API05-C,hostap,src/rsn_supp/wpa.c,5205,FP,"buf+buflen paired idiom, confirmed categorical FP.",41plus_b66,high
EXP40-C,hostap,src/rsn_supp/wpa.c,5208,FP,buf is a plain (non-const) char *buf parameter; neither side of 'char *pos = buf' involves a const-qualified type at all.,41plus_b66,high
EXP30-C,hostap,src/rsn_supp/wpa.c,5215,FP,"wpa_cipher_txt()/wpa_key_mgmt_txt() are pure accessor getters passed as snprintf args, no side effects to unsequence.",41plus_b66,high
API00-C,hostap,src/rsn_supp/wpa.c,5276,FP,"internal-only API, sm never externally nullable.",41plus_b66,high
API00-C,hostap,src/rsn_supp/wpa.c,5287,FP,"internal-only API, sm never externally nullable.",41plus_b66,high
DCL13-C,hostap,src/rsn_supp/wpa.c,5287,TP,wpa_sm_ext_key_id only reads sm->ext_key_id via a ternary; genuine (low-severity) const opportunity.,41plus_b66,med
API00-C,hostap,src/rsn_supp/wpa.c,5293,FP,"internal-only API, sm never externally nullable.",41plus_b66,high
DCL13-C,hostap,src/rsn_supp/wpa.c,5293,TP,wpa_sm_ext_key_id_active only reads sm->use_ext_key_id; genuine (low-severity) const opportunity.,41plus_b66,med
EXP33-C,hostap,src/rsn_supp/wpa.c,5310,FP,"wpa_parse_wpa_ie_rsn (wpa_common.c:2020) unconditionally os_memsets *data before any parse/early-return, so rsn.capabilities is always initialized when read; matches confirmed callee-memsets-output-param FP class.",41plus_b66,high
API00-C,hostap,src/rsn_supp/wpa.c,5321,FP,"internal-only API, wpa_ie_len supplied only by internal callers.",41plus_b66,high
MEM10-C,hostap,src/rsn_supp/wpa.c,5326,FP,direct NULL check stylistic pedantry.,41plus_b66,high
EXP30-C,hostap,src/rsn_supp/wpa.c,5335,FP,wpabuf_head()/wpabuf_len() are the exact documented pure-accessor sibling-argument EXP30-C FP shape.,41plus_b66,high
MEM10-C,hostap,src/rsn_supp/wpa.c,5382,FP,direct NULL check stylistic pedantry.,41plus_b66,high
API00-C,hostap,src/rsn_supp/wpa.c,5406,FP,"only ever called with wpa_s->wpa from ctrl_iface.c, internal-only invariant.",41plus_b66,high
DCL13-C,hostap,src/rsn_supp/wpa.c,5434,TP,"static wpa_set_test_rsnxe_data only reads sm->test_rsnxe_data/mask, never assigns to sm; genuine (low-severity) const opportunity.",41plus_b66,med
API00-C,hostap,src/rsn_supp/wpa.c,5481,FP,"internal-only API, rsnxe supplied only by internal callers.",41plus_b66,high
API00-C,hostap,src/rsn_supp/wpa.c,5481,FP,"internal-only API, rsnxe_len supplied only by internal callers.",41plus_b66,high
MSC01-C,hostap,src/rsn_supp/wpa.c,5505,FP,else-if has an implicit do-nothing final case by design; confirmed no-final-else guard-clause pedantry.,41plus_b66,high
MEM10-C,hostap,src/rsn_supp/wpa.c,5576,FP,direct NULL check stylistic pedantry.,41plus_b66,high
MEM10-C,hostap,src/rsn_supp/wpa.c,5610,FP,direct NULL check stylistic pedantry.,41plus_b66,high
DCL13-C,hostap,src/rsn_supp/wpa.c,5749,TP,"wpa_sm_parse_own_wpa_ie only reads sm->assoc_wpa_ie*, never assigns to sm; genuine (low-severity) const opportunity.",41plus_b66,med
MEM10-C,hostap,src/rsn_supp/wpa.c,5751,FP,direct NULL check stylistic pedantry.,41plus_b66,high
API00-C,hostap,src/rsn_supp/wpa.c,5765,FP,"internal-only API, sm never externally nullable.",41plus_b66,high
API00-C,hostap,src/rsn_supp/wpa.c,5765,FP,buf supplied only by internal callers with a valid buffer.,41plus_b66,high
DCL13-C,hostap,src/rsn_supp/wpa.c,5765,TP,"wpa_sm_pmksa_cache_list only forwards sm->pmksa, never assigns to sm; genuine (low-severity) const opportunity.",41plus_b66,med
API05-C,hostap,src/rsn_supp/wpa.c,5765,FP,"buf+len paired idiom, confirmed categorical FP.",41plus_b66,high
API00-C,hostap,src/rsn_supp/wpa.c,5771,FP,"internal-only API, sm never externally nullable.",41plus_b66,high
DCL13-C,hostap,src/rsn_supp/wpa.c,5771,TP,"wpa_sm_pmksa_cache_head only forwards sm->pmksa, never assigns to sm.",41plus_b66,med
API00-C,hostap,src/rsn_supp/wpa.c,5777,FP,"internal-only API, sm never externally nullable.",41plus_b66,high
DCL13-C,hostap,src/rsn_supp/wpa.c,5778,TP,"wpa_sm_pmksa_cache_add_entry only forwards sm->pmksa, never assigns to sm.",41plus_b66,med
API00-C,hostap,src/rsn_supp/wpa.c,5785,FP,"internal-only API, sm never externally nullable.",41plus_b66,high
API00-C,hostap,src/rsn_supp/wpa.c,5785,FP,"internal-only API, pmk supplied only by internal callers.",41plus_b66,high
API00-C,hostap,src/rsn_supp/wpa.c,5785,FP,"internal-only API, pmkid supplied only by internal callers.",41plus_b66,high
API00-C,hostap,src/rsn_supp/wpa.c,5785,FP,"internal-only API, bssid supplied only by internal callers.",41plus_b66,high
API00-C,hostap,src/rsn_supp/wpa.c,5785,FP,"internal-only API, fils_cache_id supplied only by internal callers.",41plus_b66,high
API00-C,hostap,src/rsn_supp/wpa.c,5795,FP,"internal-only API, sm never externally nullable.",41plus_b66,high
DCL13-C,hostap,src/rsn_supp/wpa.c,5795,TP,"wpa_sm_pmksa_exists only forwards sm->pmksa, never assigns to sm.",41plus_b66,med
API00-C,hostap,src/rsn_supp/wpa.c,5803,FP,"internal-only API, sm never externally nullable.",41plus_b66,high
API00-C,hostap,src/rsn_supp/wpa.c,5803,FP,"internal-only API, aa supplied only by internal callers.",41plus_b66,high
API00-C,hostap,src/rsn_supp/wpa.c,5803,FP,"internal-only API, pmkid supplied only by internal callers.",41plus_b66,high
API00-C,hostap,src/rsn_supp/wpa.c,5803,FP,"internal-only API, network_ctx supplied only by internal callers.",41plus_b66,high
DCL13-C,hostap,src/rsn_supp/wpa.c,5803,TP,"wpa_sm_pmksa_cache_get only forwards sm->pmksa/sm->own_addr, never assigns to sm.",41plus_b66,med
API00-C,hostap,src/rsn_supp/wpa.c,5814,FP,"internal-only API, sm never externally nullable.",41plus_b66,high
DCL13-C,hostap,src/rsn_supp/wpa.c,5833,TP,"wpa_sm_pmksa_cache_remove only forwards sm->pmksa, never assigns to sm.",41plus_b66,med
API00-C,hostap,src/rsn_supp/wpa.c,5841,FP,"wpa_sm_drop_sa is internal-only, called from wpa_sm_deinit/wpa_sm_notify_disassoc/ctrl_iface with an already-validated wpa_s->wpa.",41plus_b66,high
ARR01-C,hostap,src/rsn_supp/wpa.c,5846,FP,"sizeof(sm->pmk) real array field u8 pmk[PMK_LEN_MAX], not decayed pointer.",41plus_b66,high
ARR01-C,hostap,src/rsn_supp/wpa.c,5848,FP,"sizeof(sm->xxkey) real array field u8 xxkey[PMK_LEN_MAX], not decayed pointer.",41plus_b66,high
ARR01-C,hostap,src/rsn_supp/wpa.c,5850,FP,"sizeof(sm->pmk_r0) real array field u8 pmk_r0[PMK_LEN_MAX], not decayed pointer.",41plus_b66,high
ARR01-C,hostap,src/rsn_supp/wpa.c,5852,FP,"sizeof(sm->pmk_r1) real array field u8 pmk_r1[PMK_LEN_MAX], not decayed pointer.",41plus_b66,high
DCL13-C,hostap,src/rsn_supp/wpa.c,5864,TP,"wpa_sm_has_ft_keys only reads sm fields, never assigns to sm.",41plus_b66,med
DCL13-C,hostap,src/rsn_supp/wpa.c,5880,TP,"wpa_sm_has_ptk_installed only reads sm fields, never assigns to sm.",41plus_b66,med
API00-C,hostap,src/rsn_supp/wpa.c,5888,FP,"internal-only API, sm never externally nullable.",41plus_b66,high
API00-C,hostap,src/rsn_supp/wpa.c,5888,FP,"internal-only API, replay_ctr supplied only by internal callers.",41plus_b66,high
DCL13-C,hostap,src/rsn_supp/wpa.c,5888,FP,"rule's own premise is false: os_memcpy(sm->rx_replay_counter, replay_ctr, ...) genuinely modifies sm through the pointer.",41plus_b66,high
API00-C,hostap,src/rsn_supp/wpa.c,5894,FP,"internal-only API, sm never externally nullable.",41plus_b66,high
API00-C,hostap,src/rsn_supp/wpa.c,5894,FP,"internal-only API, network_ctx supplied only by internal callers.",41plus_b66,high
DCL13-C,hostap,src/rsn_supp/wpa.c,5894,TP,"wpa_sm_pmksa_cache_flush only forwards sm->pmksa, never assigns to sm.",41plus_b66,med
API00-C,hostap,src/rsn_supp/wpa.c,5900,FP,"internal-only API, sm never externally nullable.",41plus_b66,high
API00-C,hostap,src/rsn_supp/wpa.c,5900,FP,"internal-only API, network_ctx supplied only by internal callers.",41plus_b66,high
DCL13-C,hostap,src/rsn_supp/wpa.c,5900,TP,"wpa_sm_external_pmksa_cache_flush only forwards sm->pmksa, never assigns to sm.",41plus_b66,med
API00-C,hostap,src/rsn_supp/wpa.c,5907,FP,"internal-only API, sm never externally nullable.",41plus_b66,high
API00-C,hostap,src/rsn_supp/wpa.c,5907,FP,buf's length is validated by the sole caller (wnm_sta.c) before this function is invoked.,41plus_b66,high
DCL13-C,hostap,src/rsn_supp/wpa.c,5907,TP,buf is read-only key-data throughout wpa_wnmsleep_install_key; genuine const opportunity (would also require key_rsc's local type to become const u8 *).,41plus_b66,med
MSC41-C,hostap,src/rsn_supp/wpa.c,5939,FP,"""Install GTK (WNM SLEEP)"" is the descriptive title/label argument to wpa_hexdump_key, not actual key material; confirmed MSC41-C hexdump-title FP class.",41plus_b66,high
DCL13-C,hostap,src/rsn_supp/wpa.c,5973,TP,"wpa_sm_get_p2p_ip_addr only reads sm->p2p_ip_addr, never assigns to sm.",41plus_b66,med
API00-C,hostap,src/rsn_supp/wpa.c,5984,FP,"internal-only API, sm never externally nullable.",41plus_b66,high
MEM10-C,hostap,src/rsn_supp/wpa.c,5986,FP,direct NULL check stylistic pedantry.,41plus_b66,high
API00-C,hostap,src/rsn_supp/wpa.c,5996,FP,"internal-only API, sm never externally nullable.",41plus_b66,high
API00-C,hostap,src/rsn_supp/wpa.c,6023,FP,"API00-C internal-only-API pattern; wpa_sm_set_test_assoc_ie is CONFIG_TESTING_OPTIONS internal, sm never externally-nullable",41plus_b67,high
API00-C,hostap,src/rsn_supp/wpa.c,6023,FP,API00-C internal-only-API pattern; buf always caller-owned local,41plus_b67,high
API00-C,hostap,src/rsn_supp/wpa.c,6030,FP,"API00-C internal-only-API pattern, testing-only setter",41plus_b67,high
API00-C,hostap,src/rsn_supp/wpa.c,6030,FP,API00-C internal-only-API pattern,41plus_b67,high
API00-C,hostap,src/rsn_supp/wpa.c,6037,FP,"API00-C internal-only-API pattern, testing-only setter",41plus_b67,high
API00-C,hostap,src/rsn_supp/wpa.c,6037,FP,API00-C internal-only-API pattern,41plus_b67,high
API00-C,hostap,src/rsn_supp/wpa.c,6044,FP,"API00-C internal-only-API pattern; read-only accessor, sm always non-NULL from state machine",41plus_b67,high
DCL13-C,hostap,src/rsn_supp/wpa.c,6044,TP,"DCL13-C plain-internal-helper read-only-param TP pattern; sm only read (sm->anonce), not forwarded to any callback/vtable",41plus_b67,low
API00-C,hostap,src/rsn_supp/wpa.c,6052,FP,API00-C internal-only-API pattern,41plus_b67,high
DCL13-C,hostap,src/rsn_supp/wpa.c,6052,TP,DCL13-C plain-internal-helper read-only-param TP pattern; sm only read (sm->key_mgmt),41plus_b67,low
API00-C,hostap,src/rsn_supp/wpa.c,6058,FP,API00-C internal-only-API pattern,41plus_b67,high
DCL13-C,hostap,src/rsn_supp/wpa.c,6058,TP,"DCL13-C plain-internal-helper read-only-param TP pattern; sm only read (sm->mlo.*, sm->bssid)",41plus_b67,low
API00-C,hostap,src/rsn_supp/wpa.c,6066,FP,API00-C internal-only-API pattern; sm always the caller's own state-machine object,41plus_b67,high
EXP33-C,hostap,src/rsn_supp/wpa.c,6151,FP,"EXP33-C sizeof(*ptr)-misidentified-as-deref pattern: 'wpabuf_put_u8(buf, sizeof(*mdie))' -- sizeof doesn't evaluate/dereference its operand; mdie is assigned on the very next line before any real use",41plus_b67,high
EXP30-C,hostap,src/rsn_supp/wpa.c,6181,FP,"EXP30-C pure-accessor-args pattern; wpabuf_head()/wpabuf_len() are pure reads, no unsequenced side effects",41plus_b67,high
API00-C,hostap,src/rsn_supp/wpa.c,6197,FP,API00-C internal-only-API pattern; sm always wpa_s->wpa from sme.c's single call site,41plus_b67,high
API00-C,hostap,src/rsn_supp/wpa.c,6197,FP,API00-C internal-only-API pattern; bssid always wpa_s->pending_bssid,41plus_b67,high
API00-C,hostap,src/rsn_supp/wpa.c,6197,FP,"API00-C internal-only-API pattern; data always data->auth.ies from a driver event, single call site",41plus_b67,high
API00-C,hostap,src/rsn_supp/wpa.c,6197,FP,"API00-C internal-only-API pattern extended to integer len; len is data->auth.ies_len from a bounded driver frame event, not attacker-arbitrary-sized",41plus_b67,med
ENV01-C,hostap,src/rsn_supp/wpa.c,6204,FP,"ENV01-C wholesale misfire; zero getenv() anywhere in wpa.c, ick[] is a plain crypto buffer",41plus_b67,high
ARR30-C,hostap,src/rsn_supp/wpa.c,6240,FP,"ARR30-C cross-function buffer-size name conflation: cites 'size 2 allocated at line 7161', which is owe_process_assoc_resp's unrelated local 'size_t len[2]' in a completely different function; pos here walks the bounded data/len wire buffer with explicit end-pos checks",41plus_b67,high
EXP33-C,hostap,src/rsn_supp/wpa.c,6278,FP,"EXP33-C output-param-uninitialized misfire; elems is filled by ieee802_11_parse_elems(pos, end-pos, &elems, 1) two lines earlier, which os_memset's it unconditionally as its own first statement",41plus_b67,high
ENV01-C,hostap,src/rsn_supp/wpa.c,6387,FP,"ENV01-C wholesale misfire; zero getenv() in file, rmsk[] is a plain crypto buffer",41plus_b67,high
MEM31-C,hostap,src/rsn_supp/wpa.c,6471,FP,"MEM31-C double-free misfire; dh_ss was freed+NULLed at line 6416-6417 (wpabuf_clear_free(dh_ss); dh_ss=NULL;), so wpabuf_clear_free(NULL) here is a safe no-op, not a real double-free",41plus_b67,high
ARR01-C,hostap,src/rsn_supp/wpa.c,6476,FP,"ARR01-C member-array-doesn't-decay pattern; sizeof(sm->tptk) sizes a fixed struct-field array via member access, sm itself never decays",41plus_b67,high
MSC07-C,hostap,src/rsn_supp/wpa.c,6510,FP,"MSC07-C goto-blindness family; 'fail:' at line 6510 is reached via earlier 'goto fail' statements, not fallthrough from the preceding return",41plus_b67,high
MEM31-C,hostap,src/rsn_supp/wpa.c,6511,FP,"MEM31-C mutually-exclusive-branch double-free misfire; success path frees pub at line 6504 and returns before reaching fail:, fail: path (which frees pub once) is reached only via an earlier goto -- never both on the same execution path",41plus_b67,high
MEM31-C,hostap,src/rsn_supp/wpa.c,6512,FP,"MEM31-C mutually-exclusive-branch double-free misfire, same root cause as #27/#24; dh_ss may already be NULL (freed+nulled at 6471-6472) by the time a later goto fail is taken, making the fail-path free a safe no-op",41plus_b67,high
MEM31-C,hostap,src/rsn_supp/wpa.c,6514,FP,MEM31-C mutually-exclusive-branch double-free misfire; wpa_ft_parse_ies_free(&parse) at success-path line 6507 and fail-path line 6514 are on mutually exclusive control-flow paths (success returns at 6509 without reaching fail:),41plus_b67,high
EXP33-C,hostap,src/rsn_supp/wpa.c,6529,FP,"EXP33-C sizeof(*ptr)-misidentified-as-deref pattern, same shape as #14: 'rsnie = wpabuf_put(buf, sizeof(*rsnie))' -- sizeof does not evaluate rsnie",41plus_b67,high
API00-C,hostap,src/rsn_supp/wpa.c,6631,FP,API00-C internal-only-API pattern; sm from state machine,41plus_b67,high
API00-C,hostap,src/rsn_supp/wpa.c,6631,FP,"API00-C internal-only-API pattern; kek is an out-param pointer, always caller's own local",41plus_b67,high
API00-C,hostap,src/rsn_supp/wpa.c,6631,FP,API00-C internal-only-API pattern; kek_len is an out-param pointer,41plus_b67,high
API00-C,hostap,src/rsn_supp/wpa.c,6631,FP,API00-C internal-only-API pattern; snonce is an out-param pointer,41plus_b67,high
API00-C,hostap,src/rsn_supp/wpa.c,6631,FP,API00-C internal-only-API pattern; anonce is an out-param pointer,41plus_b67,high
API00-C,hostap,src/rsn_supp/wpa.c,6631,FP,API00-C internal-only-API pattern; hlp is null-checked at every use site ('hlp && ...'),41plus_b67,high
ARR30-C,hostap,src/rsn_supp/wpa.c,6646,FP,"ARR30-C cross-function buffer-size name conflation, same root cause as #21; cites unrelated 'size 2 allocated at line 7161' (owe_process_assoc_resp's local); len here is fils_build_assoc_req's own size_t accumulator, not an array at all",41plus_b67,high
ARR00-C,hostap,src/rsn_supp/wpa.c,6648,FP,"ARR00-C category error; 'hlp' is a function parameter (const struct wpabuf **), not an uninitialized variable, and every dereference is guarded by 'hlp &&' in the loop condition itself",41plus_b67,high
DCL30-C,hostap,src/rsn_supp/wpa.c,6755,FP,"DCL30-C confuses local pointer variable with local storage; buf is heap-allocated via wpabuf_alloc(len) at line 6650, not automatic storage",41plus_b67,high
MSC09-C,hostap,src/rsn_supp/wpa.c,6769,FP,"MSC09-C fires on a deliberate SNAP/LLC header magic-byte constant (\xaa\xaa\x03\x00\x00\x00), a binary protocol pattern rather than human-readable text subject to locale/ASCII portability concerns",41plus_b67,med
ARR30-C,hostap,src/rsn_supp/wpa.c,6770,FP,"ARR30-C cross-function buffer-size name conflation, same root cause as #21/#37; pos here is fils_process_hlp_resp's bounded pointer, guarded by 'end - pos >= 6' immediately above",41plus_b67,high
ARR30-C,hostap,src/rsn_supp/wpa.c,6787,FP,"ARR30-C cross-function buffer-size name conflation, same root cause as #21; pos is fils_process_hlp_container's dynamically-sized wire-buffer walker, loop-bounded by 'end - pos >= 2' checks",41plus_b67,high
ARR30-C,hostap,src/rsn_supp/wpa.c,6802,FP,"ARR30-C cross-function buffer-size name conflation, same root cause as #42",41plus_b67,high
ARR00-C,hostap,src/rsn_supp/wpa.c,6810,FP,ARR00-C factually-wrong pointer-subtraction claim; the actual expressions at these lines are 'end - pos' (both from the same buffer) -- no 'pos - tmp' subtraction occurs on these lines at all,41plus_b67,high
ARR00-C,hostap,src/rsn_supp/wpa.c,6811,FP,"ARR00-C factually-wrong pointer-subtraction claim, same as #44",41plus_b67,high
ARR36-C,hostap,src/rsn_supp/wpa.c,6862,FP,"ARR36-C category error; mgmt is '(const struct ieee80211_mgmt *) resp' -- mgmt->u.assoc_resp.variable and end (=resp+len) are both views into the same underlying resp buffer, not different arrays",41plus_b67,high
EXP33-C,hostap,src/rsn_supp/wpa.c,6869,FP,"EXP33-C output-param-uninitialized misfire, same as #22; elems is filled by ieee802_11_parse_elems two lines earlier",41plus_b67,high
MSC01-C,hostap,src/rsn_supp/wpa.c,6890,FP,"MSC01-C no-final-else guard-clause pedantry; the RSNE-match else-if intentionally does nothing when the condition doesn't hold (documented interop workaround), not a missing-behavior gap",41plus_b67,med
EXP43-C,hostap,src/rsn_supp/wpa.c,6906,FP,"EXP43-C category error; sm->ap_rsnxe (a struct field buffer) and elems.rsnxe (parsed from the received frame) are two genuinely distinct, non-overlapping buffers",41plus_b67,high
INT14-C,hostap,src/rsn_supp/wpa.c,7006,FP,INT14-C identifier-only-match FP; the bitwise op is on kde.gtk[0] (a different member/array element) while the arithmetic is on kde.gtk_len -- different fields conflated by base identifier,41plus_b67,high
ARR36-C,hostap,src/rsn_supp/wpa.c,7067,FP,"ARR36-C category error, same as #46; ie_start/end are both derived from the same resp buffer via the mgmt cast",41plus_b67,high
MSC07-C,hostap,src/rsn_supp/wpa.c,7079,FP,"MSC07-C goto-blindness family, same as #26; 'fail:' at 7079 reached via earlier goto, not fallthrough",41plus_b67,high
API00-C,hostap,src/rsn_supp/wpa.c,7094,FP,API00-C factually-wrong sub-pattern; the function body itself is 'return sm && sm->fils_completed;' -- already an inline NULL guard on the exact param flagged,41plus_b67,high
MSC37-C,hostap,src/rsn_supp/wpa.c,7094,FP,"MSC37-C ifdef-branch-blind pattern; both the #ifdef CONFIG_FILS and #else branches end in a return statement, sqc doesn't resolve the preprocessor branch",41plus_b67,high
DCL13-C,hostap,src/rsn_supp/wpa.c,7094,TP,DCL13-C plain-internal-helper read-only-param TP pattern; sm only read,41plus_b67,low
API00-C,hostap,src/rsn_supp/wpa.c,7106,FP,API00-C internal-only-API pattern; sm from state machine,41plus_b67,high
MSC13-C,hostap,src/rsn_supp/wpa.c,7108,TP,MSC13-C genuine dead store; 'ie = NULL' initializer is never read on any path -- the fail: label doesn't touch ie and the success path overwrites it unconditionally at line 7130 before any read,41plus_b67,low
MSC07-C,hostap,src/rsn_supp/wpa.c,7143,FP,"MSC07-C goto-blindness family, same as #26/#52",41plus_b67,high
MEM30-C,hostap,src/rsn_supp/wpa.c,7144,FP,"MEM30-C mutually-exclusive-branch double-free misfire; owe_build_assoc_req's success path (frees pub at 7138, returns ie at 7142) and fail: path (frees pub at 7144) are mutually exclusive, never both executed",41plus_b67,high
MEM31-C,hostap,src/rsn_supp/wpa.c,7144,FP,"MEM31-C mutually-exclusive-branch double-free misfire, same root cause as #59",41plus_b67,high
API00-C,hostap,src/rsn_supp/wpa.c,7151,FP,API00-C internal-only-API pattern; bssid from a single internal caller,41plus_b67,high
MEM03-C,hostap,src/rsn_supp/wpa.c,7156,FP,"MEM03-C factually wrong; every exit path frees 'secret' via wpabuf_clear_free(secret), which is hostap's sensitive-buffer clear-then-free wrapper -- the buffer IS cleared before release",41plus_b67,high
EXP33-C,hostap,src/rsn_supp/wpa.c,7173,FP,"EXP33-C output-param-uninitialized misfire, same as #22/#47; elems filled by ieee802_11_parse_elems immediately above",41plus_b67,high
EXP30-C,hostap,src/rsn_supp/wpa.c,7266,FP,"EXP30-C pure-accessor-args pattern, same as #15; wpabuf_head()/wpabuf_len() are pure reads",41plus_b67,high
EXP30-C,hostap,src/rsn_supp/wpa.c,7269,FP,"EXP30-C pure-accessor-args pattern, same as #64",41plus_b67,high
MSC01-C,hostap,src/rsn_supp/wpa.c,7271,FP,"MSC01-C 'already validated upstream' pattern; group is proven to be one of 19/20/21 by the exhaustive if/else-if/else return -1 at lines 7202-7209 earlier in the same function, so this later if/else-if is exhaustive by construction",41plus_b67,med
EXP30-C,hostap,src/rsn_supp/wpa.c,7272,FP,"EXP30-C pure-accessor-args pattern, same as #64/#65",41plus_b67,high
MSC01-C,hostap,src/rsn_supp/wpa.c,7289,FP,"MSC01-C 'already validated upstream' pattern, same as #66",41plus_b67,med
API00-C,hostap,src/rsn_supp/wpa.c,7335,FP,"API00-C internal-only-API pattern; sm from driver capability-flags callback, single internal caller",41plus_b67,high
DCL13-C,hostap,src/rsn_supp/wpa.c,7348,TP,DCL13-C plain-internal-helper read-only-param TP pattern; sm only read (sm->pmksa) in wpa_sm_pmksa_cache_reconfig,41plus_b67,low
API00-C,hostap,src/rsn_supp/wpa.c,7355,FP,API00-C internal-only-API pattern,41plus_b67,high
DCL13-C,hostap,src/rsn_supp/wpa.c,7355,TP,DCL13-C plain-internal-helper read-only-param TP pattern; sm only read (sm->spp_amsdu),41plus_b67,low
API00-C,hostap,src/rsn_supp/wpa.c,7361,FP,API00-C internal-only-API pattern,41plus_b67,high
DCL13-C,hostap,src/rsn_supp/wpa.c,7361,TP,DCL13-C plain-internal-helper read-only-param TP pattern; sm only read (sm->pmksa),41plus_b67,low
DCL13-C,hostap,src/rsn_supp/wpa.c,7383,TP,"DCL13-C plain-internal-helper read-only-param TP pattern; sm only read throughout wpa_sm_known_sta_identification (sm->last_kck*, sm->ctx, sm->mgmt_group_cipher)",41plus_b67,low
DCL30-C,hostap,src/rsn_supp/wpa.c,7419,FP,"DCL30-C confuses local pointer variable with local storage, same as #39; ie is heap-allocated via wpabuf_alloc at line 7400, not automatic storage",41plus_b67,high
EXP33-C,hostap,src/rsn_supp/wpa.c,7434,FP,"EXP33-C dl_list_for_each/for_each_link macro lvalue-init misfire; 'i' is initialized inside for_each_link's own hidden loop-init clause, not at the point sqc treats as 'the declaration'",41plus_b67,high
DCL13-C,hostap,src/rsn_supp/wpa.c,7443,TP,"DCL13-C plain-internal-helper read-only-param TP pattern; ie only read (ie->mlo_gtk[i], ie->mlo_gtk_len[i]) in wpa_supplicant_install_mlo_gtk_keys, never written",41plus_b67,low
EXP33-C,hostap,src/rsn_supp/wpa.c,7451,FP,"EXP33-C for_each_link macro lvalue-init misfire, same as #77",41plus_b67,high
PRE08-C,hostap,src/p2p/p2p.c,14,FP,"PRE08-C 8.3-legacy-filesystem header-name-collision — reconfirmed FP for hostap (ieee802_11_defs.h/_common.h, same as 16-40_b22)",41plus_b68,high
API00-C,hostap,src/p2p/p2p.c,57,FP,"API00-C internal-only-API FP class: p2p.c functions always called with a valid p2p/addr from the same trust boundary, never externally-nullable",41plus_b68,high
API00-C,hostap,src/p2p/p2p.c,145,FP,"API00-C internal-only-API FP class: p2p.c functions always called with a valid p2p/addr from the same trust boundary, never externally-nullable",41plus_b68,high
DCL13-C,hostap,src/p2p/p2p.c,145,TP,"Read-only struct-pointer param, never reassigned nor forwarded to a non-const vtable slot — genuine low-value const opportunity per 16-40_b6/41plus_b3 clarification",41plus_b68,low
API00-C,hostap,src/p2p/p2p.c,151,FP,"API00-C internal-only-API FP class: p2p.c functions always called with a valid p2p/addr from the same trust boundary, never externally-nullable",41plus_b68,high
DCL13-C,hostap,src/p2p/p2p.c,151,TP,"Read-only struct-pointer param, never reassigned nor forwarded to a non-const vtable slot — genuine low-value const opportunity per 16-40_b6/41plus_b3 clarification",41plus_b68,low
DCL13-C,hostap,src/p2p/p2p.c,157,FP,DCL13-C misses mutation via direct param->field write (p2p->intended_addr/p2p->ssid_set/p2p->dev_sae_password) — confirmed miss-mutation FP class,41plus_b68,high
MSC13-C,hostap,src/p2p/p2p.c,166,TP,dead NULL-init (dev=NULL) always reassigned before use on every path — genuine low-severity dead-store per confirmed MSC13-C-caught-real-case class,41plus_b68,low
MSC13-C,hostap,src/p2p/p2p.c,181,TP,dead NULL-init (dev=NULL) always reassigned before use on every path — genuine low-severity dead-store per confirmed MSC13-C-caught-real-case class,41plus_b68,low
EXP30-C,hostap,src/p2p/p2p.c,194,FP,MAC2STR()/pure read-only macro+accessor args in a p2p_dbg() call — confirmed EXP30-C pure-accessor FP class,41plus_b68,high
ARR01-C,hostap,src/p2p/p2p.c,252,FP,"sizeof(struct_ptr->fixed_size_member) — confirmed ARR01-C misclassification (member is a real fixed-size array field, not a decayed parameter)",41plus_b68,high
ARR01-C,hostap,src/p2p/p2p.c,253,FP,"sizeof(struct_ptr->fixed_size_member) — confirmed ARR01-C misclassification (member is a real fixed-size array field, not a decayed parameter)",41plus_b68,high
INT32-C,hostap,src/p2p/p2p.c,288,TP,"tu=(r%%((max_disc_int-min_disc_int)+1)+min_disc_int)*100: p2p_set_disc_int() only enforces min<=max>=0, no upper cap, so a large ctrl_iface-set max_disc_int can make this signed multiply overflow — not provably bounded",41plus_b68,med
EXP33-C,hostap,src/p2p/p2p.c,288,FP,Output parameter written by-reference by the callee (os_get_random/parse/p2p_channels_intersect/p2p_dfs_channel_filter) or sizeof(*ptr) idiom — confirmed EXP33-C output-param/sizeof(*ptr) FP class,41plus_b68,high
INT33-C,hostap,src/p2p/p2p.c,288,FP,Divisor (max_disc_int-min_disc_int)+1 is guaranteed >=1 by p2p_set_disc_int()'s min<=max>=0 validation — confirmed div-by-zero-after-guard FP class,41plus_b68,high
INT10-C,hostap,src/p2p/p2p.c,288,FP,"r is unsigned and the divisor is guaranteed positive by p2p_set_disc_int()'s validation — no realistic negative-modulo path, same guard as the paired INT33-C finding",41plus_b68,med
DCL30-C,hostap,src/p2p/p2p.c,396,FP,"Returned pointer aliases heap memory (os_zalloc/dl_list-tracked device, not local automatic storage) — confirmed DCL30-C local-variable-vs-local-storage confusion class",41plus_b68,high
API00-C,hostap,src/p2p/p2p.c,408,FP,"API00-C internal-only-API FP class: p2p.c functions always called with a valid p2p/addr from the same trust boundary, never externally-nullable",41plus_b68,high
DCL30-C,hostap,src/p2p/p2p.c,414,FP,"Returned pointer aliases heap memory (os_zalloc/dl_list-tracked device, not local automatic storage) — confirmed DCL30-C local-variable-vs-local-storage confusion class",41plus_b68,high
ARR01-C,hostap,src/p2p/p2p.c,468,FP,"sizeof(struct_ptr->fixed_size_member) — confirmed ARR01-C misclassification (member is a real fixed-size array field, not a decayed parameter)",41plus_b68,high
MEM10-C,hostap,src/p2p/p2p.c,490,FP,Plain 'if (ptr == NULL)'/'if (!ptr)' guard already performs the validation — confirmed MEM10-C stylistic-pedantry FP class,41plus_b68,high
ARR00-C,hostap,src/p2p/p2p.c,508,FP,Loop counter is initialized in the very same for(x=0;...) init-clause — confirmed ARR00-C for-loop-init CFG-parsing FP class,41plus_b68,high
EXP33-C,hostap,src/p2p/p2p.c,508,FP,Output parameter written by-reference by the callee (os_get_random/parse/p2p_channels_intersect/p2p_dfs_channel_filter) or sizeof(*ptr) idiom — confirmed EXP33-C output-param/sizeof(*ptr) FP class,41plus_b68,high
ARR01-C,hostap,src/p2p/p2p.c,566,FP,"sizeof(struct_ptr->fixed_size_member) — confirmed ARR01-C misclassification (member is a real fixed-size array field, not a decayed parameter)",41plus_b68,high
ARR01-C,hostap,src/p2p/p2p.c,569,FP,"sizeof(struct_ptr->fixed_size_member) — confirmed ARR01-C misclassification (member is a real fixed-size array field, not a decayed parameter)",41plus_b68,high
ARR01-C,hostap,src/p2p/p2p.c,571,FP,"sizeof(struct_ptr->fixed_size_member) — confirmed ARR01-C misclassification (member is a real fixed-size array field, not a decayed parameter)",41plus_b68,high
ARR01-C,hostap,src/p2p/p2p.c,577,FP,"sizeof(struct_ptr->fixed_size_member) — confirmed ARR01-C misclassification (member is a real fixed-size array field, not a decayed parameter)",41plus_b68,high
ARR01-C,hostap,src/p2p/p2p.c,579,FP,"sizeof(struct_ptr->fixed_size_member) — confirmed ARR01-C misclassification (member is a real fixed-size array field, not a decayed parameter)",41plus_b68,high
ARR01-C,hostap,src/p2p/p2p.c,585,FP,"sizeof(struct_ptr->fixed_size_member) — confirmed ARR01-C misclassification (member is a real fixed-size array field, not a decayed parameter)",41plus_b68,high
ARR01-C,hostap,src/p2p/p2p.c,587,FP,"sizeof(struct_ptr->fixed_size_member) — confirmed ARR01-C misclassification (member is a real fixed-size array field, not a decayed parameter)",41plus_b68,high
ARR01-C,hostap,src/p2p/p2p.c,593,FP,"sizeof(struct_ptr->fixed_size_member) — confirmed ARR01-C misclassification (member is a real fixed-size array field, not a decayed parameter)",41plus_b68,high
ARR01-C,hostap,src/p2p/p2p.c,595,FP,"sizeof(struct_ptr->fixed_size_member) — confirmed ARR01-C misclassification (member is a real fixed-size array field, not a decayed parameter)",41plus_b68,high
ARR01-C,hostap,src/p2p/p2p.c,602,FP,"sizeof(struct_ptr->fixed_size_member) — confirmed ARR01-C misclassification (member is a real fixed-size array field, not a decayed parameter)",41plus_b68,high
MSC01-C,hostap,src/p2p/p2p.c,603,FP,"Deliberate guard-clause chain (the unmatched-condition case needs no action, or is handled by a trailing return) — confirmed MSC01-C stylistic-pedantry FP class",41plus_b68,high
ARR01-C,hostap,src/p2p/p2p.c,605,FP,"sizeof(struct_ptr->fixed_size_member) — confirmed ARR01-C misclassification (member is a real fixed-size array field, not a decayed parameter)",41plus_b68,high
INT14-C,hostap,src/p2p/p2p.c,621,FP,"Bitwise ops apply only to msg->capability[i] element values, not to 'msg' itself — confirmed INT14-C struct-pointer/member conflation FP class",41plus_b68,high
API00-C,hostap,src/p2p/p2p.c,651,FP,"API00-C internal-only-API FP class: p2p.c functions always called with a valid p2p/addr from the same trust boundary, never externally-nullable",41plus_b68,high
EXP34-C,hostap,src/p2p/p2p.c,656,FP,dev/cla guaranteed non-NULL by internal calling convention or by a same-function 'found' flag correlation the rule doesn't track — confirmed EXP34-C internal-invariant FP class,41plus_b68,high
DCL13-C,hostap,src/p2p/p2p.c,702,TP,"Read-only struct-pointer param, never reassigned nor forwarded to a non-const vtable slot — genuine low-value const opportunity per 16-40_b6/41plus_b3 clarification",41plus_b68,low
MEM10-C,hostap,src/p2p/p2p.c,781,FP,Plain 'if (ptr == NULL)'/'if (!ptr)' guard already performs the validation — confirmed MEM10-C stylistic-pedantry FP class,41plus_b68,high
EXP34-C,hostap,src/p2p/p2p.c,960,FP,dev/cla guaranteed non-NULL by internal calling convention or by a same-function 'found' flag correlation the rule doesn't track — confirmed EXP34-C internal-invariant FP class,41plus_b68,high
ARR00-C,hostap,src/p2p/p2p.c,1000,FP,Loop counter is initialized in the very same for(x=0;...) init-clause — confirmed ARR00-C for-loop-init CFG-parsing FP class,41plus_b68,high
ARR00-C,hostap,src/p2p/p2p.c,1004,FP,Loop counter is initialized in the very same for(x=0;...) init-clause — confirmed ARR00-C for-loop-init CFG-parsing FP class,41plus_b68,high
EXP33-C,hostap,src/p2p/p2p.c,1021,FP,Output parameter written by-reference by the callee (os_get_random/parse/p2p_channels_intersect/p2p_dfs_channel_filter) or sizeof(*ptr) idiom — confirmed EXP33-C output-param/sizeof(*ptr) FP class,41plus_b68,high
EXP33-C,hostap,src/p2p/p2p.c,1021,FP,Output parameter written by-reference by the callee (os_get_random/parse/p2p_channels_intersect/p2p_dfs_channel_filter) or sizeof(*ptr) idiom — confirmed EXP33-C output-param/sizeof(*ptr) FP class,41plus_b68,high
EXP34-C,hostap,src/p2p/p2p.c,1021,FP,dev/cla guaranteed non-NULL by internal calling convention or by a same-function 'found' flag correlation the rule doesn't track — confirmed EXP34-C internal-invariant FP class,41plus_b68,high
MSC13-C,hostap,src/p2p/p2p.c,1064,FP,"freq IS read via the enclosing '>0' comparison and later at p2p->cfg->p2p_scan() call — engine miss, not a dead store",41plus_b68,high
DCL13-C,hostap,src/p2p/p2p.c,1084,FP,"eloop timeout callback dispatch contract (fixed void(*)(void*,void*) typedef) — confirmed DCL13-C FP class",41plus_b68,high
API00-C,hostap,src/p2p/p2p.c,1092,FP,"API00-C internal-only-API FP class: p2p.c functions always called with a valid p2p/addr from the same trust boundary, never externally-nullable",41plus_b68,high
DCL13-C,hostap,src/p2p/p2p.c,1139,FP,"eloop timeout callback dispatch contract (fixed void(*)(void*,void*) typedef) — confirmed DCL13-C FP class",41plus_b68,high
DCL13-C,hostap,src/p2p/p2p.c,1161,TP,"Read-only struct-pointer param, never reassigned nor forwarded to a non-const vtable slot — genuine low-value const opportunity per 16-40_b6/41plus_b3 clarification",41plus_b68,low
EXP33-C,hostap,src/p2p/p2p.c,1176,FP,Output parameter written by-reference by the callee (os_get_random/parse/p2p_channels_intersect/p2p_dfs_channel_filter) or sizeof(*ptr) idiom — confirmed EXP33-C output-param/sizeof(*ptr) FP class,41plus_b68,high
API00-C,hostap,src/p2p/p2p.c,1196,FP,"API00-C overflow variant on internal-only API param (num_req_dev_types is locally-sourced, not wire data) — internal-only-API FP class",41plus_b68,med
MEM30-C,hostap,src/p2p/p2p.c,1221,FP,No free of p2p occurs anywhere in p2p_find(); this is stale free-state bleeding in from p2p_free_req_dev_types(p2p)'s internal os_free(p2p->req_dev_types) member-free being misattributed as freeing p2p itself,41plus_b68,high
MEM30-C,hostap,src/p2p/p2p.c,1221,FP,No free of p2p occurs anywhere in p2p_find(); this is stale free-state bleeding in from p2p_free_req_dev_types(p2p)'s internal os_free(p2p->req_dev_types) member-free being misattributed as freeing p2p itself,41plus_b68,high
MEM30-C,hostap,src/p2p/p2p.c,1222,FP,No free of p2p occurs anywhere in p2p_find(); this is stale free-state bleeding in from p2p_free_req_dev_types(p2p)'s internal os_free(p2p->req_dev_types) member-free being misattributed as freeing p2p itself,41plus_b68,high
MSC01-C,hostap,src/p2p/p2p.c,1333,FP,"Deliberate guard-clause chain (the unmatched-condition case needs no action, or is handled by a trailing return) — confirmed MSC01-C stylistic-pedantry FP class",41plus_b68,high
API00-C,hostap,src/p2p/p2p.c,1415,FP,"API00-C internal-only-API FP class: p2p.c functions always called with a valid p2p/addr from the same trust boundary, never externally-nullable",41plus_b68,high
MSC01-C,hostap,src/p2p/p2p.c,1441,FP,"Deliberate guard-clause chain (the unmatched-condition case needs no action, or is handled by a trailing return) — confirmed MSC01-C stylistic-pedantry FP class",41plus_b68,high
ARR02-C,hostap,src/p2p/p2p.c,1474,FP,"Local const int array is 0-terminated and only ever consumed by iterating to the sentinel (p2p_channel_select) — no sizeof/fixed-index consumer that could mismatch, confirmed ARR02-C local-initializer-array FP class",41plus_b68,high
ARR02-C,hostap,src/p2p/p2p.c,1475,FP,"Local const int array is 0-terminated and only ever consumed by iterating to the sentinel (p2p_channel_select) — no sizeof/fixed-index consumer that could mismatch, confirmed ARR02-C local-initializer-array FP class",41plus_b68,high
ARR02-C,hostap,src/p2p/p2p.c,1476,FP,"Local const int array is 0-terminated and only ever consumed by iterating to the sentinel (p2p_channel_select) — no sizeof/fixed-index consumer that could mismatch, confirmed ARR02-C local-initializer-array FP class",41plus_b68,high
ARR02-C,hostap,src/p2p/p2p.c,1477,FP,"Local const int array is 0-terminated and only ever consumed by iterating to the sentinel (p2p_channel_select) — no sizeof/fixed-index consumer that could mismatch, confirmed ARR02-C local-initializer-array FP class",41plus_b68,high
ARR02-C,hostap,src/p2p/p2p.c,1478,FP,"Local const int array is 0-terminated and only ever consumed by iterating to the sentinel (p2p_channel_select) — no sizeof/fixed-index consumer that could mismatch, confirmed ARR02-C local-initializer-array FP class",41plus_b68,high
API00-C,hostap,src/p2p/p2p.c,1577,FP,"API00-C internal-only-API FP class: p2p.c functions always called with a valid p2p/addr from the same trust boundary, never externally-nullable",41plus_b68,high
EXP33-C,hostap,src/p2p/p2p.c,1595,FP,Output parameter written by-reference by the callee (os_get_random/parse/p2p_channels_intersect/p2p_dfs_channel_filter) or sizeof(*ptr) idiom — confirmed EXP33-C output-param/sizeof(*ptr) FP class,41plus_b68,high
MSC01-C,hostap,src/p2p/p2p.c,1606,FP,"Deliberate guard-clause chain (the unmatched-condition case needs no action, or is handled by a trailing return) — confirmed MSC01-C stylistic-pedantry FP class",41plus_b68,high
MSC01-C,hostap,src/p2p/p2p.c,1627,FP,"Deliberate guard-clause chain (the unmatched-condition case needs no action, or is handled by a trailing return) — confirmed MSC01-C stylistic-pedantry FP class",41plus_b68,high
API00-C,hostap,src/p2p/p2p.c,1644,FP,"API00-C internal-only-API FP class: p2p.c functions always called with a valid p2p/addr from the same trust boundary, never externally-nullable",41plus_b68,high
API05-C,hostap,src/p2p/p2p.c,1650,FP,pos/end (or fixed ETH_ALEN pointer) buffer-pair idiom — confirmed API05-C paired-bounds/well-known-length FP class,41plus_b68,high
EXP30-C,hostap,src/p2p/p2p.c,1654,FP,MAC2STR()/pure read-only macro+accessor args in a p2p_dbg() call — confirmed EXP30-C pure-accessor FP class,41plus_b68,high
API00-C,hostap,src/p2p/p2p.c,1751,FP,"API00-C internal-only-API FP class: p2p.c functions always called with a valid p2p/addr from the same trust boundary, never externally-nullable",41plus_b68,high
API05-C,hostap,src/p2p/p2p.c,1757,FP,pos/end (or fixed ETH_ALEN pointer) buffer-pair idiom — confirmed API05-C paired-bounds/well-known-length FP class,41plus_b68,high
EXP30-C,hostap,src/p2p/p2p.c,1761,FP,MAC2STR()/pure read-only macro+accessor args in a p2p_dbg() call — confirmed EXP30-C pure-accessor FP class,41plus_b68,high
API00-C,hostap,src/p2p/p2p.c,1807,FP,"API00-C internal-only-API FP class: p2p.c functions always called with a valid p2p/addr from the same trust boundary, never externally-nullable",41plus_b68,high
EXP34-C,hostap,src/p2p/p2p.c,1810,FP,dev/cla guaranteed non-NULL by internal calling convention or by a same-function 'found' flag correlation the rule doesn't track — confirmed EXP34-C internal-invariant FP class,41plus_b68,high
DCL13-C,hostap,src/p2p/p2p.c,1865,FP,DCL13-C misses mutation via direct param->field write (p2p->intended_addr/p2p->ssid_set/p2p->dev_sae_password) — confirmed miss-mutation FP class,41plus_b68,high
API00-C,hostap,src/p2p/p2p.c,1875,FP,"API00-C internal-only-API FP class: p2p.c functions always called with a valid p2p/addr from the same trust boundary, never externally-nullable",41plus_b68,high
ARR01-C,hostap,src/p2p/p2p.c,1894,FP,"sizeof(struct_ptr->fixed_size_member) — confirmed ARR01-C misclassification (member is a real fixed-size array field, not a decayed parameter)",41plus_b68,high
ARR01-C,hostap,src/p2p/p2p.c,1896,FP,"sizeof(struct_ptr->fixed_size_member) — confirmed ARR01-C misclassification (member is a real fixed-size array field, not a decayed parameter)",41plus_b68,high
API00-C,hostap,src/p2p/p2p.c,1903,FP,"API00-C internal-only-API FP class: p2p.c functions always called with a valid p2p/addr from the same trust boundary, never externally-nullable",41plus_b68,high
EXP33-C,hostap,src/p2p/p2p.c,1948,FP,Output parameter written by-reference by the callee (os_get_random/parse/p2p_channels_intersect/p2p_dfs_channel_filter) or sizeof(*ptr) idiom — confirmed EXP33-C output-param/sizeof(*ptr) FP class,41plus_b68,high
MSC01-C,hostap,src/p2p/p2p.c,1990,FP,"Deliberate guard-clause chain (the unmatched-condition case needs no action, or is handled by a trailing return) — confirmed MSC01-C stylistic-pedantry FP class",41plus_b68,high
ARR01-C,hostap,src/p2p/p2p.c,2005,FP,"sizeof(struct_ptr->fixed_size_member) — confirmed ARR01-C misclassification (member is a real fixed-size array field, not a decayed parameter)",41plus_b68,high
ARR01-C,hostap,src/p2p/p2p.c,2007,FP,"sizeof(struct_ptr->fixed_size_member) — confirmed ARR01-C misclassification (member is a real fixed-size array field, not a decayed parameter)",41plus_b68,high
MSC01-C,hostap,src/p2p/p2p.c,2077,FP,"Deliberate guard-clause chain (the unmatched-condition case needs no action, or is handled by a trailing return) — confirmed MSC01-C stylistic-pedantry FP class",41plus_b68,high
API00-C,hostap,src/p2p/p2p.c,2107,FP,"API00-C internal-only-API FP class: p2p.c functions always called with a valid p2p/addr from the same trust boundary, never externally-nullable",41plus_b68,high
API00-C,hostap,src/p2p/p2p.c,2107,FP,"API00-C internal-only-API FP class: p2p.c functions always called with a valid p2p/addr from the same trust boundary, never externally-nullable",41plus_b68,high
DCL13-C,hostap,src/p2p/p2p.c,2154,FP,"eloop timeout callback dispatch contract (fixed void(*)(void*,void*) typedef) — confirmed DCL13-C FP class",41plus_b68,high
DCL13-C,hostap,src/p2p/p2p.c,2175,FP,"eloop timeout callback dispatch contract (fixed void(*)(void*,void*) typedef) — confirmed DCL13-C FP class",41plus_b68,high
MEM31-C,hostap,src/p2p/p2p.c,2260,FP,"os_free(p2p->p2ps_prov) sets the field back to NULL, or the wpabuf_dup'd field is freed later in p2p_device_free() — same interprocedural member-free-misattribution / struct-field-ownership FP class as the MEM30-C entries",41plus_b68,high
API00-C,hostap,src/p2p/p2p.c,2273,FP,"API00-C internal-only-API FP class: p2p.c functions always called with a valid p2p/addr from the same trust boundary, never externally-nullable",41plus_b68,high
DCL30-C,hostap,src/p2p/p2p.c,2282,FP,"Returned pointer aliases heap memory (os_zalloc/dl_list-tracked device, not local automatic storage) — confirmed DCL30-C local-variable-vs-local-storage confusion class",41plus_b68,high
DCL30-C,hostap,src/p2p/p2p.c,2291,FP,"Returned pointer aliases heap memory (os_zalloc/dl_list-tracked device, not local automatic storage) — confirmed DCL30-C local-variable-vs-local-storage confusion class",41plus_b68,high
API00-C,hostap,src/p2p/p2p.c,2307,FP,"API00-C internal-only-API FP class: p2p.c functions always called with a valid p2p/addr from the same trust boundary, never externally-nullable",41plus_b68,high
DCL13-C,hostap,src/p2p/p2p.c,2329,TP,"Read-only struct-pointer param, never reassigned nor forwarded to a non-const vtable slot — genuine low-value const opportunity per 16-40_b6/41plus_b3 clarification",41plus_b68,low
EXP33-C,hostap,src/p2p/p2p.c,2337,FP,Output parameter written by-reference by the callee (os_get_random/parse/p2p_channels_intersect/p2p_dfs_channel_filter) or sizeof(*ptr) idiom — confirmed EXP33-C output-param/sizeof(*ptr) FP class,41plus_b68,high
DCL30-C,hostap,src/p2p/p2p.c,2415,FP,"Returned pointer aliases heap memory (os_zalloc/dl_list-tracked device, not local automatic storage) — confirmed DCL30-C local-variable-vs-local-storage confusion class",41plus_b68,high
MSC01-C,hostap,src/p2p/p2p.c,2457,FP,"Deliberate guard-clause chain (the unmatched-condition case needs no action, or is handled by a trailing return) — confirmed MSC01-C stylistic-pedantry FP class",41plus_b68,high
EXP05-C,hostap,src/p2p/p2p.c,2506,FP,"ieee802_11_parse_elems()'s own first parameter is already 'const u8 *' — the cast enables no mutation path, confirmed EXP05-C cast-to-a-const-consumer FP class",41plus_b68,high
EXP33-C,hostap,src/p2p/p2p.c,2513,FP,Output parameter written by-reference by the callee (os_get_random/parse/p2p_channels_intersect/p2p_dfs_channel_filter) or sizeof(*ptr) idiom — confirmed EXP33-C output-param/sizeof(*ptr) FP class,41plus_b68,high
API00-C,hostap,src/p2p/p2p.c,2664,FP,"API00-C internal-only-API FP class: p2p.c functions always called with a valid p2p/addr from the same trust boundary, never externally-nullable",41plus_b68,high
API00-C,hostap,src/p2p/p2p.c,2664,FP,"API00-C internal-only-API FP class: p2p.c functions always called with a valid p2p/addr from the same trust boundary, never externally-nullable",41plus_b68,high
API00-C,hostap,src/p2p/p2p.c,2664,FP,"API00-C internal-only-API FP class: p2p.c functions always called with a valid p2p/addr from the same trust boundary, never externally-nullable",41plus_b68,high
MEM10-C,hostap,src/p2p/p2p.c,2727,FP,Plain 'if (ptr == NULL)'/'if (!ptr)' guard already performs the validation — confirmed MEM10-C stylistic-pedantry FP class,41plus_b68,high
API00-C,hostap,src/p2p/p2p.c,2778,FP,"API00-C internal-only-API FP class: p2p.c functions always called with a valid p2p/addr from the same trust boundary, never externally-nullable",41plus_b68,high
API00-C,hostap,src/p2p/p2p.c,2841,FP,"API00-C internal-only-API FP class: p2p.c functions always called with a valid p2p/addr from the same trust boundary, never externally-nullable",41plus_b68,high
API00-C,hostap,src/p2p/p2p.c,2841,FP,"API00-C internal-only-API FP class: p2p.c functions always called with a valid p2p/addr from the same trust boundary, never externally-nullable",41plus_b68,high
API00-C,hostap,src/p2p/p2p.c,2841,FP,"API00-C internal-only-API FP class: p2p.c functions always called with a valid p2p/addr from the same trust boundary, never externally-nullable",41plus_b68,high
API05-C,hostap,src/p2p/p2p.c,2841,FP,pos/end (or fixed ETH_ALEN pointer) buffer-pair idiom — confirmed API05-C paired-bounds/well-known-length FP class,41plus_b68,high
API05-C,hostap,src/p2p/p2p.c,2841,FP,pos/end (or fixed ETH_ALEN pointer) buffer-pair idiom — confirmed API05-C paired-bounds/well-known-length FP class,41plus_b68,high
DCL13-C,hostap,src/p2p/p2p.c,2857,TP,"Read-only struct-pointer param, never reassigned nor forwarded to a non-const vtable slot — genuine low-value const opportunity per 16-40_b6/41plus_b3 clarification",41plus_b68,low
DCL30-C,hostap,src/p2p/p2p.c,2867,FP,"Returned pointer aliases heap memory (os_zalloc/dl_list-tracked device, not local automatic storage) — confirmed DCL30-C local-variable-vs-local-storage confusion class",41plus_b68,high
DCL30-C,hostap,src/p2p/p2p.c,2961,FP,"Returned pointer aliases heap memory (os_zalloc/dl_list-tracked device, not local automatic storage) — confirmed DCL30-C local-variable-vs-local-storage confusion class",41plus_b68,high
MSC01-C,hostap,src/p2p/p2p.c,3020,FP,"Deliberate guard-clause chain (the unmatched-condition case needs no action, or is handled by a trailing return) — confirmed MSC01-C stylistic-pedantry FP class",41plus_b68,high
API00-C,hostap,src/p2p/p2p.c,3028,FP,"API00-C internal-only-API FP class: p2p.c functions always called with a valid p2p/addr from the same trust boundary, never externally-nullable",41plus_b68,high
EXP30-C,hostap,src/p2p/p2p.c,3059,FP,MAC2STR()/pure read-only macro+accessor args in a p2p_dbg() call — confirmed EXP30-C pure-accessor FP class,41plus_b68,high
DCL13-C,hostap,src/p2p/p2p.c,3087,TP,"Read-only struct-pointer param, never reassigned nor forwarded to a non-const vtable slot — genuine low-value const opportunity per 16-40_b6/41plus_b3 clarification",41plus_b68,low
DCL13-C,hostap,src/p2p/p2p.c,3095,TP,"Read-only struct-pointer param, never reassigned nor forwarded to a non-const vtable slot — genuine low-value const opportunity per 16-40_b6/41plus_b3 clarification",41plus_b68,low
API00-C,hostap,src/p2p/p2p.c,3102,FP,"API00-C internal-only-API FP class: p2p.c functions always called with a valid p2p/addr from the same trust boundary, never externally-nullable",41plus_b68,high
DCL13-C,hostap,src/p2p/p2p.c,3118,TP,"Read-only struct-pointer param, never reassigned nor forwarded to a non-const vtable slot — genuine low-value const opportunity per 16-40_b6/41plus_b3 clarification",41plus_b68,low
EXP33-C,hostap,src/p2p/p2p.c,3174,FP,Output parameter written by-reference by the callee (os_get_random/parse/p2p_channels_intersect/p2p_dfs_channel_filter) or sizeof(*ptr) idiom — confirmed EXP33-C output-param/sizeof(*ptr) FP class,41plus_b68,high
ARR01-C,hostap,src/p2p/p2p.c,3174,FP,"sizeof(*cfg) idiom sizing an allocation/memcpy from the pointee's own type — sizeof(*ptr) rule-bug family, not a decayed-array issue",41plus_b68,high
ARR01-C,hostap,src/p2p/p2p.c,3178,FP,"sizeof(*cfg) idiom sizing an allocation/memcpy from the pointee's own type — sizeof(*ptr) rule-bug family, not a decayed-array issue",41plus_b68,high
DCL30-C,hostap,src/p2p/p2p.c,3230,FP,"Returned pointer aliases heap memory (os_zalloc/dl_list-tracked device, not local automatic storage) — confirmed DCL30-C local-variable-vs-local-storage confusion class",41plus_b68,high
API00-C,hostap,src/p2p/p2p.c,3234,FP,"API00-C internal-only-API FP class: p2p.c functions always called with a valid p2p/addr from the same trust boundary, never externally-nullable",41plus_b68,high
MEM30-C,hostap,src/p2p/p2p.c,3256,FP,"os_free(p2p->cfg->X)/os_free(p2p->groups) etc. free a *member*, not p2p itself; p2p is freed exactly once at the real os_free(p2p) — confirmed 'helper frees sub-field, tool thinks *ptr is freed' class extended interprocedurally",41plus_b68,high
MEM30-C,hostap,src/p2p/p2p.c,3257,FP,"os_free(p2p->cfg->X)/os_free(p2p->groups) etc. free a *member*, not p2p itself; p2p is freed exactly once at the real os_free(p2p) — confirmed 'helper frees sub-field, tool thinks *ptr is freed' class extended interprocedurally",41plus_b68,high
MEM30-C,hostap,src/p2p/p2p.c,3258,FP,"os_free(p2p->cfg->X)/os_free(p2p->groups) etc. free a *member*, not p2p itself; p2p is freed exactly once at the real os_free(p2p) — confirmed 'helper frees sub-field, tool thinks *ptr is freed' class extended interprocedurally",41plus_b68,high
MEM30-C,hostap,src/p2p/p2p.c,3259,FP,"os_free(p2p->cfg->X)/os_free(p2p->groups) etc. free a *member*, not p2p itself; p2p is freed exactly once at the real os_free(p2p) — confirmed 'helper frees sub-field, tool thinks *ptr is freed' class extended interprocedurally",41plus_b68,high
MEM30-C,hostap,src/p2p/p2p.c,3260,FP,"os_free(p2p->cfg->X)/os_free(p2p->groups) etc. free a *member*, not p2p itself; p2p is freed exactly once at the real os_free(p2p) — confirmed 'helper frees sub-field, tool thinks *ptr is freed' class extended interprocedurally",41plus_b68,high
MEM30-C,hostap,src/p2p/p2p.c,3261,FP,"os_free(p2p->cfg->X)/os_free(p2p->groups) etc. free a *member*, not p2p itself; p2p is freed exactly once at the real os_free(p2p) — confirmed 'helper frees sub-field, tool thinks *ptr is freed' class extended interprocedurally",41plus_b68,high
MEM30-C,hostap,src/p2p/p2p.c,3263,FP,"os_free(p2p->cfg->X)/os_free(p2p->groups) etc. free a *member*, not p2p itself; p2p is freed exactly once at the real os_free(p2p) — confirmed 'helper frees sub-field, tool thinks *ptr is freed' class extended interprocedurally",41plus_b68,high
MEM30-C,hostap,src/p2p/p2p.c,3265,FP,"os_free(p2p->cfg->X)/os_free(p2p->groups) etc. free a *member*, not p2p itself; p2p is freed exactly once at the real os_free(p2p) — confirmed 'helper frees sub-field, tool thinks *ptr is freed' class extended interprocedurally",41plus_b68,high
MEM30-C,hostap,src/p2p/p2p.c,3266,FP,"os_free(p2p->cfg->X)/os_free(p2p->groups) etc. free a *member*, not p2p itself; p2p is freed exactly once at the real os_free(p2p) — confirmed 'helper frees sub-field, tool thinks *ptr is freed' class extended interprocedurally",41plus_b68,high
MEM30-C,hostap,src/p2p/p2p.c,3267,FP,"os_free(p2p->cfg->X)/os_free(p2p->groups) etc. free a *member*, not p2p itself; p2p is freed exactly once at the real os_free(p2p) — confirmed 'helper frees sub-field, tool thinks *ptr is freed' class extended interprocedurally",41plus_b68,high
MEM30-C,hostap,src/p2p/p2p.c,3268,FP,"os_free(p2p->cfg->X)/os_free(p2p->groups) etc. free a *member*, not p2p itself; p2p is freed exactly once at the real os_free(p2p) — confirmed 'helper frees sub-field, tool thinks *ptr is freed' class extended interprocedurally",41plus_b68,high
MEM30-C,hostap,src/p2p/p2p.c,3270,FP,"os_free(p2p->cfg->X)/os_free(p2p->groups) etc. free a *member*, not p2p itself; p2p is freed exactly once at the real os_free(p2p) — confirmed 'helper frees sub-field, tool thinks *ptr is freed' class extended interprocedurally",41plus_b68,high
MEM31-C,hostap,src/p2p/p2p.c,3270,FP,"os_free(p2p->p2ps_prov) sets the field back to NULL, or the wpabuf_dup'd field is freed later in p2p_device_free() — same interprocedural member-free-misattribution / struct-field-ownership FP class as the MEM30-C entries",41plus_b68,high
API00-C,hostap,src/p2p/p2p.c,3274,FP,"API00-C internal-only-API FP class: p2p.c functions always called with a valid p2p/addr from the same trust boundary, never externally-nullable",41plus_b68,high
MEM31-C,hostap,src/p2p/p2p.c,3287,FP,"os_free(p2p->p2ps_prov) sets the field back to NULL, or the wpabuf_dup'd field is freed later in p2p_device_free() — same interprocedural member-free-misattribution / struct-field-ownership FP class as the MEM30-C entries",41plus_b68,high
API00-C,hostap,src/p2p/p2p.c,3393,FP,"API00-C internal-only-API FP class: p2p.c functions always called with a valid p2p/addr from the same trust boundary, never externally-nullable",41plus_b68,high
DCL13-C,hostap,src/p2p/p2p.c,3393,TP,"Read-only struct-pointer param, never reassigned nor forwarded to a non-const vtable slot — genuine low-value const opportunity per 16-40_b6/41plus_b3 clarification",41plus_b68,low
API00-C,hostap,src/p2p/p2p.c,3399,FP,"API00-C internal-only-API FP class: p2p.c functions always called with a valid p2p/addr from the same trust boundary, never externally-nullable",41plus_b68,high
DCL13-C,hostap,src/p2p/p2p.c,3399,TP,"Read-only struct-pointer param, never reassigned nor forwarded to a non-const vtable slot — genuine low-value const opportunity per 16-40_b6/41plus_b3 clarification",41plus_b68,low
MEM10-C,hostap,src/p2p/p2p.c,3433,FP,Plain 'if (ptr == NULL)'/'if (!ptr)' guard already performs the validation — confirmed MEM10-C stylistic-pedantry FP class,41plus_b68,high
DCL13-C,hostap,src/p2p/p2p.c,3451,TP,"Read-only struct-pointer param, never reassigned nor forwarded to a non-const vtable slot — genuine low-value const opportunity per 16-40_b6/41plus_b3 clarification",41plus_b68,low
API00-C,hostap,src/p2p/p2p.c,3488,FP,"API00-C internal-only-API FP class: p2p.c functions always called with a valid p2p/addr from the same trust boundary, never externally-nullable",41plus_b68,high
MSC13-C,hostap,src/p2p/p2p.c,3499,FP,'found' is read in the next loop iteration's 'if (!found) continue;' — CFG blind spot for loop-carried flags read across dl_list_for_each iterations,41plus_b68,high
MSC01-C,hostap,src/p2p/p2p.c,3643,FP,"Deliberate guard-clause chain (the unmatched-condition case needs no action, or is handled by a trailing return) — confirmed MSC01-C stylistic-pedantry FP class",41plus_b68,high
API00-C,hostap,src/p2p/p2p.c,3733,FP,"API00-C internal-API FP class: bssid only ever supplied by internal scan-result dispatch, never externally nullable",41plus_b69,high
API00-C,hostap,src/p2p/p2p.c,3733,FP,API00-C internal-API FP class: ies supplied only via internal scan pipeline,41plus_b69,high
API00-C,hostap,src/p2p/p2p.c,3780,FP,API00-C internal-API FP class,41plus_b69,high
DCL13-C,hostap,src/p2p/p2p.c,3826,TP,"Plain read-only accessor (p2p->wfd_ie_probe_req/vendor_elem), never forwarded to a non-const call (16-40_b6 clarification)",41plus_b69,low
API00-C,hostap,src/p2p/p2p.c,3843,FP,API00-C internal-API FP class: p2p_ie_text just forwards to p2p_attr_text,41plus_b69,high
API00-C,hostap,src/p2p/p2p.c,3843,FP,API00-C internal-API FP class,41plus_b69,high
API00-C,hostap,src/p2p/p2p.c,3843,FP,API00-C internal-API FP class,41plus_b69,high
MSC01-C,hostap,src/p2p/p2p.c,3866,FP,MSC01-C guard-clause fallthrough FP class (deliberate no-op on unhandled combos),41plus_b69,high
INT32-C,hostap,src/p2p/p2p.c,3898,FP,"INT32-C: r%100000 bounded [0,99999], timeout starts <=500000; no realistic overflow (protocol-bound arithmetic FP class)",41plus_b69,high
EXP33-C,hostap,src/p2p/p2p.c,3898,FP,"EXP33-C FP: r is initialized on both branches (os_get_random sets it, else r=0) before use",41plus_b69,high
INT10-C,hostap,src/p2p/p2p.c,3898,FP,"INT10-C FP: r is declared 'unsigned int', not signed, rule misidentified type",41plus_b69,high
EXP30-C,hostap,src/p2p/p2p.c,3964,FP,EXP30-C confirmed pure-accessor-args FP class (wpabuf_head/wpabuf_len),41plus_b69,high
API00-C,hostap,src/p2p/p2p.c,4004,FP,API00-C internal-API FP class: p2p_send_action_cb is an internal TX-status callback,41plus_b69,high
API00-C,hostap,src/p2p/p2p.c,4004,FP,API00-C internal-API FP class,41plus_b69,high
API00-C,hostap,src/p2p/p2p.c,4004,FP,API00-C internal-API FP class,41plus_b69,high
API00-C,hostap,src/p2p/p2p.c,4004,FP,API00-C internal-API FP class,41plus_b69,high
EXP30-C,hostap,src/p2p/p2p.c,4011,FP,EXP30-C confirmed macro-arg FP class (MAC2STR is a pure read),41plus_b69,high
MSC01-C,hostap,src/p2p/p2p.c,4018,FP,"MSC01-C FP: switch covers every enum p2p_pending_action_state value, exhaustive dispatch needs no default",41plus_b69,high
MSC01-C,hostap,src/p2p/p2p.c,4130,FP,MSC01-C guard-clause fallthrough FP class: trailing 'return 0;' covers the unhandled case,41plus_b69,high
DCL13-C,hostap,src/p2p/p2p.c,4373,FP,"DCL13-C confirmed eloop_timeout_handler dispatch-contract FP class (void*,void*) signature",41plus_b69,high
MSC01-C,hostap,src/p2p/p2p.c,4386,FP,"MSC01-C FP: switch(p2p->state) covers every enum value, exhaustive",41plus_b69,high
API00-C,hostap,src/p2p/p2p.c,4450,FP,API00-C internal-API FP class,41plus_b69,high
API00-C,hostap,src/p2p/p2p.c,4503,FP,API00-C internal-API FP class,41plus_b69,high
API00-C,hostap,src/p2p/p2p.c,4526,FP,API00-C internal-API FP class,41plus_b69,high
API00-C,hostap,src/p2p/p2p.c,4526,FP,"API00-C internal-API FP class; buflen only used to bound os_snprintf, no arithmetic overflow risk",41plus_b69,high
API05-C,hostap,src/p2p/p2p.c,4527,FP,"API05-C confirmed idiomatic ptr+size-pair FP class (buf,buflen)",41plus_b69,high
DCL13-C,hostap,src/p2p/p2p.c,4527,FP,"DCL13-C miss: buf's pointee is written via aliased local 'pos = buf; os_snprintf(pos,...)' (ctrl_iface.c:129-style aliased-write miss)",41plus_b69,high
MEM10-C,hostap,src/p2p/p2p.c,4534,FP,MEM10-C confirmed stylistic-pedantry FP class (check IS present),41plus_b69,high
EXP08-C,hostap,src/p2p/p2p.c,4537,FP,"EXP08-C: code already casts to (u8*) [uint8_t, byte-sized] before offset arithmetic, satisfying the rule's own suggestion; new instance, watch for recurrence",41plus_b69,med
EXP05-C,hostap,src/p2p/p2p.c,4537,FP,"EXP05-C confirmed FP class: cast-away-const read-only overlay, dev fields only read afterward, never written",41plus_b69,high
EXP30-C,hostap,src/p2p/p2p.c,4544,FP,EXP30-C confirmed pure-accessor-args FP class,41plus_b69,high
INT14-C,hostap,src/p2p/p2p.c,4561,FP,INT14-C confirmed base-identifier-conflation FP class: different struct members used bitwise vs arithmetic,41plus_b69,high
ERR02-C,hostap,src/p2p/p2p.c,4638,FP,ERR02-C confirmed misidentification of wpa_snprintf_hex() as sprintf() FP class,41plus_b69,high
EXP30-C,hostap,src/p2p/p2p.c,4638,FP,EXP30-C confirmed pure-accessor-args FP class,41plus_b69,high
DCL30-C,hostap,src/p2p/p2p.c,4703,FP,"DCL30-C confirmed FP class: req is heap memory from wpabuf_alloc(), not automatic storage",41plus_b69,high
API00-C,hostap,src/p2p/p2p.c,4707,FP,API00-C internal-API FP class,41plus_b69,high
API00-C,hostap,src/p2p/p2p.c,4707,FP,API00-C internal-API FP class,41plus_b69,high
API00-C,hostap,src/p2p/p2p.c,4707,FP,API00-C internal-API FP class,41plus_b69,high
EXP30-C,hostap,src/p2p/p2p.c,4714,FP,EXP30-C confirmed macro-arg FP class (MAC2STR),41plus_b69,high
EXP30-C,hostap,src/p2p/p2p.c,4726,FP,EXP30-C confirmed pure-accessor-args FP class (wpabuf_head/len),41plus_b69,high
DCL30-C,hostap,src/p2p/p2p.c,4758,FP,DCL30-C confirmed FP class: resp is heap memory from wpabuf_alloc(),41plus_b69,high
ARR00-C,hostap,src/p2p/p2p.c,4777,FP,ARR00-C confirmed FP class: g is initialized in the for-loop's own init clause (g = 0),41plus_b69,high
EXP33-C,hostap,src/p2p/p2p.c,4811,FP,"EXP33-C FP: noa is only read when noa_len>0, gating consumption to the portion the get_noa callback contract fills (write-only output-param class extended to callback)",41plus_b69,med
EXP30-C,hostap,src/p2p/p2p.c,4820,FP,EXP30-C confirmed pure-accessor-args FP class,41plus_b69,high
DCL13-C,hostap,src/p2p/p2p.c,4866,FP,DCL13-C confirmed eloop callback dispatch-contract FP class,41plus_b69,high
API00-C,hostap,src/p2p/p2p.c,4912,FP,API00-C internal-API FP class,41plus_b69,high
API00-C,hostap,src/p2p/p2p.c,5006,FP,API00-C internal-API FP class,41plus_b69,high
API00-C,hostap,src/p2p/p2p.c,5015,FP,API00-C internal-API FP class,41plus_b69,high
API00-C,hostap,src/p2p/p2p.c,5022,FP,API00-C internal-API FP class,41plus_b69,high
API00-C,hostap,src/p2p/p2p.c,5029,FP,API00-C internal-API FP class,41plus_b69,high
API00-C,hostap,src/p2p/p2p.c,5046,FP,API00-C internal-API FP class,41plus_b69,high
API00-C,hostap,src/p2p/p2p.c,5070,FP,API00-C internal-API FP class,41plus_b69,high
API00-C,hostap,src/p2p/p2p.c,5070,FP,API00-C internal-API FP class,41plus_b69,high
API00-C,hostap,src/p2p/p2p.c,5114,FP,API00-C internal-API FP class,41plus_b69,high
DCL13-C,hostap,src/p2p/p2p.c,5114,TP,"Plain read-only accessor (returns p2p->cfg->channel), never forwarded to a non-const call",41plus_b69,low
MEM10-C,hostap,src/p2p/p2p.c,5123,FP,MEM10-C confirmed stylistic-pedantry FP class,41plus_b69,high
ARR01-C,hostap,src/p2p/p2p.c,5127,FP,"ARR01-C confirmed FP class: ssid_postfix is a genuine fixed-size array struct field reached via ->, not a decayed pointer",41plus_b69,high
API00-C,hostap,src/p2p/p2p.c,5150,FP,"API00-C internal-API FP class extended to integer overflow: num_pref_chan sourced from local wpa_supplicant config (p2p_pref_chan), not attacker/network-controlled data",41plus_b69,med
API00-C,hostap,src/p2p/p2p.c,5196,FP,API00-C internal-API FP class,41plus_b69,high
API00-C,hostap,src/p2p/p2p.c,5212,FP,API00-C internal-API FP class,41plus_b69,high
API00-C,hostap,src/p2p/p2p.c,5250,FP,API00-C internal-API FP class,41plus_b69,high
API00-C,hostap,src/p2p/p2p.c,5271,FP,API00-C internal-API FP class,41plus_b69,high
API00-C,hostap,src/p2p/p2p.c,5271,FP,API00-C internal-API FP class,41plus_b69,high
API00-C,hostap,src/p2p/p2p.c,5290,FP,API00-C internal-API FP class,41plus_b69,high
API00-C,hostap,src/p2p/p2p.c,5303,FP,API00-C internal-API FP class,41plus_b69,high
API00-C,hostap,src/p2p/p2p.c,5303,FP,API00-C internal-API FP class,41plus_b69,high
API00-C,hostap,src/p2p/p2p.c,5303,FP,API00-C internal-API FP class,41plus_b69,high
API00-C,hostap,src/p2p/p2p.c,5334,FP,API00-C internal-API FP class,41plus_b69,high
DCL13-C,hostap,src/p2p/p2p.c,5341,FP,"DCL13-C FP: rule's own premise is false, function writes p2p->own_freq_preference = freq (gas_query.c:803-style wrong-premise class)",41plus_b69,high
API00-C,hostap,src/p2p/p2p.c,5349,FP,API00-C internal-API FP class,41plus_b69,high
DCL13-C,hostap,src/p2p/p2p.c,5390,TP,"Plain read-only accessor (p2p->state checks only), never forwarded to a non-const call",41plus_b69,low
MEM10-C,hostap,src/p2p/p2p.c,5392,FP,MEM10-C confirmed stylistic-pedantry FP class,41plus_b69,high
DCL13-C,hostap,src/p2p/p2p.c,5412,TP,"Static internal helper, p2p only read (num_groups/groups[]), never forwarded to a non-const call",41plus_b69,low
ARR00-C,hostap,src/p2p/p2p.c,5417,FP,ARR00-C confirmed FP class: g initialized in the for-loop's own init clause,41plus_b69,high
API00-C,hostap,src/p2p/p2p.c,5424,FP,API00-C internal-API FP class,41plus_b69,high
API00-C,hostap,src/p2p/p2p.c,5424,FP,API00-C internal-API FP class,41plus_b69,high
API00-C,hostap,src/p2p/p2p.c,5433,FP,API00-C internal-API FP class,41plus_b69,high
API00-C,hostap,src/p2p/p2p.c,5433,FP,API00-C internal-API FP class,41plus_b69,high
API00-C,hostap,src/p2p/p2p.c,5441,FP,API00-C internal-API FP class,41plus_b69,high
API00-C,hostap,src/p2p/p2p.c,5441,FP,API00-C internal-API FP class,41plus_b69,high
API00-C,hostap,src/p2p/p2p.c,5450,FP,API00-C internal-API FP class,41plus_b69,high
API00-C,hostap,src/p2p/p2p.c,5450,FP,API00-C internal-API FP class,41plus_b69,high
API00-C,hostap,src/p2p/p2p.c,5458,FP,API00-C internal-API FP class,41plus_b69,high
API00-C,hostap,src/p2p/p2p.c,5458,FP,API00-C internal-API FP class,41plus_b69,high
API00-C,hostap,src/p2p/p2p.c,5466,FP,API00-C internal-API FP class,41plus_b69,high
API00-C,hostap,src/p2p/p2p.c,5466,FP,API00-C internal-API FP class,41plus_b69,high
API00-C,hostap,src/p2p/p2p.c,5474,FP,API00-C internal-API FP class,41plus_b69,high
API00-C,hostap,src/p2p/p2p.c,5474,FP,API00-C internal-API FP class,41plus_b69,high
API00-C,hostap,src/p2p/p2p.c,5482,FP,API00-C internal-API FP class,41plus_b69,high
API00-C,hostap,src/p2p/p2p.c,5482,FP,API00-C internal-API FP class,41plus_b69,high
API00-C,hostap,src/p2p/p2p.c,5490,FP,API00-C internal-API FP class,41plus_b69,high
MEM30-C,hostap,src/p2p/p2p.c,5495,FP,"MEM30-C reassign-then-check FP class (p2p_sd.c:450 precedent): wpabuf_free() immediately followed by unconditional reassignment, the NULL-check reads the *new* value, not the freed one",41plus_b69,high
API00-C,hostap,src/p2p/p2p.c,5504,FP,API00-C internal-API FP class,41plus_b69,high
MEM30-C,hostap,src/p2p/p2p.c,5509,FP,"MEM30-C reassign-then-check FP class, same shape as :5495",41plus_b69,high
API00-C,hostap,src/p2p/p2p.c,5518,FP,API00-C internal-API FP class,41plus_b69,high
MEM30-C,hostap,src/p2p/p2p.c,5523,FP,"MEM30-C reassign-then-check FP class, same shape as :5495",41plus_b69,high
API00-C,hostap,src/p2p/p2p.c,5532,FP,API00-C internal-API FP class,41plus_b69,high
MEM30-C,hostap,src/p2p/p2p.c,5538,FP,"MEM30-C reassign-then-check FP class, same shape as :5495",41plus_b69,high
API00-C,hostap,src/p2p/p2p.c,5549,FP,API00-C internal-API FP class,41plus_b69,high
DCL15-C,hostap,src/p2p/p2p.c,5565,FP,"DCL15-C confirmed cross-file-linkage FP class: p2p_dbg declared in p2p_i.h, called from other src/p2p/*.c translation units",41plus_b69,high
DCL19-C,hostap,src/p2p/p2p.c,5565,FP,"DCL19-C confirmed cross-file-linkage FP class, same as :99",41plus_b69,high
DCL13-C,hostap,src/p2p/p2p.c,5565,TP,"Plain read of p2p->cfg fields, never forwarded to a non-const call",41plus_b69,low
ERR33-C,hostap,src/p2p/p2p.c,5574,TP,"ERR33-C: vsnprintf's return value is genuinely never consulted anywhere in the function (batch-local pattern, recurs 3x: p2p_dbg/p2p_info/p2p_err)",41plus_b69,low
DCL15-C,hostap,src/p2p/p2p.c,5581,FP,DCL15-C confirmed cross-file-linkage FP class,41plus_b69,high
DCL13-C,hostap,src/p2p/p2p.c,5581,TP,"Plain read of p2p->cfg fields, never forwarded to a non-const call",41plus_b69,low
ERR33-C,hostap,src/p2p/p2p.c,5590,TP,"ERR33-C: vsnprintf return value never consulted, same as :5574",41plus_b69,low
DCL15-C,hostap,src/p2p/p2p.c,5597,FP,DCL15-C confirmed cross-file-linkage FP class,41plus_b69,high
DCL19-C,hostap,src/p2p/p2p.c,5597,FP,DCL19-C confirmed cross-file-linkage FP class,41plus_b69,high
DCL13-C,hostap,src/p2p/p2p.c,5597,TP,"Plain read of p2p->cfg fields, never forwarded to a non-const call",41plus_b69,low
ERR33-C,hostap,src/p2p/p2p.c,5606,TP,"ERR33-C: vsnprintf return value never consulted, same as :5574",41plus_b69,low
API00-C,hostap,src/p2p/p2p.c,5613,FP,API00-C internal-API FP class,41plus_b69,high
API00-C,hostap,src/p2p/p2p.c,5613,FP,API00-C internal-API FP class,41plus_b69,high
DCL31-C,hostap,src/p2p/p2p.c,5621,FP,"DCL31-C confirmed FP class: peer_callback is a function-pointer *variable* being invoked, not an implicitly-declared bare function",41plus_b69,high
MSC01-C,hostap,src/p2p/p2p.c,5658,FP,MSC01-C guard-clause fallthrough FP class,41plus_b69,high
MSC01-C,hostap,src/p2p/p2p.c,5676,FP,MSC01-C guard-clause fallthrough FP class,41plus_b69,high
DCL30-C,hostap,src/p2p/p2p.c,5686,FP,DCL30-C confirmed FP class: buf is heap memory from wpabuf_alloc(),41plus_b69,high
API00-C,hostap,src/p2p/p2p.c,5690,FP,API00-C internal-API FP class,41plus_b69,high
API00-C,hostap,src/p2p/p2p.c,5690,FP,API00-C internal-API FP class,41plus_b69,high
API00-C,hostap,src/p2p/p2p.c,5700,FP,API00-C internal-API FP class,41plus_b69,high
API00-C,hostap,src/p2p/p2p.c,5700,FP,API00-C internal-API FP class,41plus_b69,high
API00-C,hostap,src/p2p/p2p.c,5836,FP,API00-C internal-API FP class,41plus_b69,high
API00-C,hostap,src/p2p/p2p.c,5836,FP,API00-C internal-API FP class,41plus_b69,high
API00-C,hostap,src/p2p/p2p.c,5866,FP,API00-C internal-API FP class,41plus_b69,high
API00-C,hostap,src/p2p/p2p.c,5866,FP,API00-C internal-API FP class,41plus_b69,high
DCL13-C,hostap,src/p2p/p2p.c,5872,FP,DCL13-C confirmed eloop callback dispatch-contract FP class,41plus_b69,high
API00-C,hostap,src/p2p/p2p.c,5882,FP,API00-C internal-API FP class,41plus_b69,high
API00-C,hostap,src/p2p/p2p.c,5900,FP,API00-C internal-API FP class,41plus_b69,high
API00-C,hostap,src/p2p/p2p.c,5908,FP,API00-C internal-API FP class,41plus_b69,high
ARR02-C,hostap,src/p2p/p2p.c,5912,TP,"ARR02-C literal match: local array 'addr[]' sized only by its initializer, not a function-param/ifdef-variant shape (those are the confirmed FP sub-classes) - genuine if trivial instance",41plus_b69,low
DCL30-C,hostap,src/p2p/p2p.c,5935,FP,DCL30-C confirmed FP class: buf is heap memory from wpabuf_alloc(),41plus_b69,high
API00-C,hostap,src/p2p/p2p.c,5939,FP,API00-C internal-API FP class,41plus_b69,high
API00-C,hostap,src/p2p/p2p.c,5951,FP,API00-C internal-API FP class,41plus_b69,high
DCL13-C,hostap,src/p2p/p2p.c,5964,TP,"Plain read-only accessor (p2p->p2p_6ghz_capable), never forwarded to a non-const call",41plus_b69,low
API00-C,hostap,src/p2p/p2p.c,5970,FP,API00-C internal-API FP class,41plus_b69,high
MSC37-C,hostap,src/p2p/p2p.c,5970,FP,MSC37-C confirmed preprocessor-branch-blind FP class: both #ifdef and #else branches end in return,41plus_b69,high
DCL13-C,hostap,src/p2p/p2p.c,5970,TP,"#ifdef stub pattern: p2p unused in #else branch, only read in #ifdef branch, never forwarded to a non-const call",41plus_b69,low
API00-C,hostap,src/p2p/p2p.c,5980,FP,API00-C internal-API FP class,41plus_b69,high
API00-C,hostap,src/p2p/p2p.c,5980,FP,API00-C internal-API FP class,41plus_b69,high
MSC37-C,hostap,src/p2p/p2p.c,5980,FP,MSC37-C confirmed preprocessor-branch-blind FP class,41plus_b69,high
API00-C,hostap,src/p2p/p2p.c,5993,FP,API00-C internal-API FP class,41plus_b69,high
DCL13-C,hostap,src/p2p/p2p.c,5993,TP,"Plain read-only accessor (p2p->allow_6ghz), never forwarded to a non-const call",41plus_b69,low
API00-C,hostap,src/p2p/p2p.c,5999,FP,API00-C internal-API FP class,41plus_b69,high
DCL13-C,hostap,src/p2p/p2p.c,6005,FP,"DCL13-C FP: rule's own premise is false, function writes through dev_ik alias derived from &p2p->pairing_info->dev_ik (aliased-pointer-write miss class)",41plus_b69,high
ENV01-C,hostap,src/p2p/p2p.c,6008,FP,ENV01-C confirmed rule-logic-bug FP class: no getenv/environment-variable code anywhere in this function,41plus_b69,high
MEM05-C,hostap,src/p2p/p2p.c,6009,FP,"MEM05-C confirmed FP class: fixed-size array, bound is a sum of #define'd integer constants, not a VLA",41plus_b69,high
DCL13-C,hostap,src/p2p/p2p.c,6063,TP,dev is only read (dev->info.p2p_device_addr passed to a const u8* callback param); dev itself never forwarded to a non-const call,41plus_b69,low
DCL30-C,hostap,src/p2p/p2p.c,6159,FP,DCL30-C confirmed FP class: buf is heap memory from wpabuf_alloc(),41plus_b69,high
API00-C,hostap,src/p2p/p2p.c,6251,FP,API00-C internal-API FP class,41plus_b69,high
API00-C,hostap,src/p2p/p2p.c,6251,FP,API00-C internal-API FP class,41plus_b69,high
DCL13-C,hostap,src/p2p/p2p.c,6265,FP,"DCL13-C FP: rule's own premise is false, function writes through p2p via os_memset(p2p->dev_sae_password, ...)",41plus_b69,high
ARR01-C,hostap,src/p2p/p2p.c,6267,FP,"sizeof(p2p->dev_sae_password), fixed char[100] struct member, doesn't decay -- confirmed ARR01-C member-array pattern",41plus_b70,high
ARR01-C,hostap,src/p2p/p2p.c,6268,FP,"Same fixed-array member, ARR01-C member-array pattern",41plus_b70,high
ARR01-C,hostap,src/p2p/p2p.c,6271,FP,"Same fixed-array member, ARR01-C member-array pattern",41plus_b70,high
MSC13-C,hostap,src/p2p/p2p.c,6324,TP,"ie_len=NULL init is never read: early-return path never uses it, other path unconditionally overwrites it before any read",41plus_b70,med
MEM31-C,hostap,src/p2p/p2p.c,6330,FP,"buf freed inside wpabuf_concat(buf,extra_ies), which unconditionally frees both args per its own doc comment -- new instance of confirmed ownership-transfer MEM31-C family",41plus_b70,high
MEM31-C,hostap,src/p2p/p2p.c,6340,FP,Same wpabuf_concat ownership-transfer FP at the return statement,41plus_b70,high
INT14-C,hostap,src/p2p/p2p.c,6356,FP,"capab is the operand of >>; flen only ever does arithmetic (*8, --, -1) -- INT14-C misattributes capab's bitwise op to flen",41plus_b70,high
INT34-C,hostap,src/p2p/p2p.c,6356,FP,"capab built from 2 small fixed BIT() constants (bits 5,18); loop-bounded flen*8 never exceeds 24, well within u32 width",41plus_b70,high
DCL30-C,hostap,src/p2p/p2p.c,6377,FP,"buf is a local pointer variable to wpabuf_alloc() heap memory, not automatic storage -- confirmed local-pointer-vs-local-storage pattern",41plus_b70,high
EXP30-C,hostap,src/p2p/p2p.c,6477,FP,wpabuf_head_u8(rsnxe)/wpabuf_len(rsnxe) are pure accessor reads -- confirmed pure-accessor-args EXP30-C pattern,41plus_b70,high
API00-C,hostap,src/p2p/p2p.c,6501,FP,p2p_get_listen_freq is an internal-only API always called with a valid module context -- confirmed API00-C internal-invariant FP,41plus_b70,med
MEM31-C,hostap,src/p2p/p2p.c,6592,FP,goto out target unconditionally does wpabuf_free(extra_ies) -- confirmed goto-frees-at-label MEM31-C FP,41plus_b70,high
EXP30-C,hostap,src/p2p/p2p.c,6599,FP,wpabuf_head_u8/wpabuf_len pure accessor args to os_memdup -- confirmed pure-accessor-args pattern,41plus_b70,high
API00-C,hostap,src/p2p/p2p.c,6629,FP,"Internal-only API, p2p always valid -- confirmed API00-C internal-invariant FP",41plus_b70,med
EXP05-C,hostap,src/p2p/p2p.c,6656,TP,Genuine (if pointless -- callee param is already const u8*) cast-away-const; graded low-severity TP per established EXP05-C disposition,41plus_b70,low
MEM31-C,hostap,src/p2p/p2p.c,6674,FP,goto out target unconditionally does wpabuf_free(extra_ies) -- confirmed goto-frees-at-label MEM31-C FP,41plus_b70,high
EXP08-C,hostap,src/p2p/p2p.c,6722,FP,"Rule bug (verified in exp08_c.rs): fires whenever RHS text contains 'offsetof', without checking LHS is a pointer. len/ies_len is a plain size_t, no pointer arithmetic occurs",41plus_b70,high
EXP08-C,hostap,src/p2p/p2p.c,6758,FP,"Same EXP08-C offsetof-substring rule bug, len - offsetof(...) is plain integer arithmetic, no pointer involved",41plus_b70,high
EXP33-C,hostap,src/p2p/p2p.c,6766,FP,"elems filled by ieee802_11_parse_elems() called just above, which memsets the struct before any read -- confirmed EXP33-C write-only-output-param pattern",41plus_b70,high
INT30-C,hostap,src/p2p/p2p.c,6809,FP,data_len >= 1 already validated in the same if condition guarding this branch -- confirmed 'already validated upstream' INT30-C FP,41plus_b70,high
INT30-C,hostap,src/p2p/p2p.c,6829,FP,data_len >= 1 already validated in the same if condition guarding this branch,41plus_b70,high
MSC01-C,hostap,src/p2p/p2p.c,6838,FP,trans_seq if/else-if chain: unmatched value intentionally falls through to no-op/return 0 -- confirmed no-final-else pedantry pattern,41plus_b70,high
DCL13-C,hostap,src/p2p/p2p.c,6852,TP,"dev is genuinely read-only in this static helper, not bound to any callback typedef -- plain-internal-helper low-value TP",41plus_b70,low
INT10-C,hostap,src/p2p/p2p.c,6896,FP,os_random() returns unsigned long; os_random()%10 can never be negative -- confirmed wrong-signedness-detection INT10-C FP,41plus_b70,high
EXP30-C,hostap,src/p2p/p2p.c,6912,FP,wpabuf_mhead_u8/wpabuf_len pure accessor args -- confirmed pure-accessor-args pattern,41plus_b70,high
API00-C,hostap,src/p2p/p2p.c,6919,FP,peer_addr always supplied by internal P2P glue with a valid MAC address -- confirmed API00-C internal-invariant FP,41plus_b70,med
MEM31-C,hostap,src/p2p/p2p.c,6942,FP,goto out target unconditionally does wpabuf_free(extra_ies) -- confirmed goto-frees-at-label MEM31-C FP,41plus_b70,high
EXP30-C,hostap,src/p2p/p2p.c,6948,FP,wpabuf_head_u8/wpabuf_len pure accessor args to pasn_set_extra_ies -- confirmed pure-accessor-args pattern,41plus_b70,high
ARR01-C,hostap,src/p2p/p2p.c,7033,FP,"sizeof(p2p->peer_sae_password), fixed char[100] struct member -- confirmed ARR01-C member-array pattern",41plus_b70,high
ARR01-C,hostap,src/p2p/p2p.c,7040,FP,"Same fixed-array member, ARR01-C member-array pattern",41plus_b70,high
DCL13-C,hostap,src/p2p/p2p.c,7057,TP,dev is genuinely read-only in p2p_validate_custom_pmkid -- plain-internal-helper low-value TP,41plus_b70,low
ENV01-C,hostap,src/p2p/p2p.c,7095,FP,Fixed u8 pmk[PMK_LEN_MAX] buffer; zero getenv() calls in this function -- confirmed ENV01-C wholesale-misfire pattern,41plus_b70,high
API00-C,hostap,src/p2p/p2p.c,7122,FP,"data is caller-supplied tx-status frame data from the driver event path, internal invariant -- confirmed API00-C internal-invariant FP",41plus_b70,med
MSC13-C,hostap,src/p2p/p2p.c,7125,TP,ret=0 init is never read; both branches (7143/7310 equivalent) unconditionally overwrite ret before any use,41plus_b70,med
EXP36-C,hostap,src/p2p/p2p.c,7129,TP,Cast from const u8* (alignment 1) to struct ieee80211_mgmt* (alignment >1); buffer's actual alignment unproven in-function -- graded genuine low-severity TP per established EXP36-C disposition,41plus_b70,low
EXP30-C,hostap,src/p2p/p2p.c,7145,FP,wpabuf_head/wpabuf_len pure accessor args to send_mgmt -- confirmed pure-accessor-args pattern,41plus_b70,high
MSC01-C,hostap,src/p2p/p2p.c,7157,FP,if/else-if with no final else intentionally means 'no action needed' -- confirmed no-final-else pedantry pattern,41plus_b70,high
MEM31-C,hostap,src/p2p/p2p.c,7215,FP,"pasn->pasn_groups is a struct field with pasn's lifetime, os_free()'d and reassigned on every call -- ownership-transfer-to-struct-field FP, extends confirmed class",41plus_b70,high
MEM31-C,hostap,src/p2p/p2p.c,7221,FP,Same pasn->pasn_groups ownership-transfer-to-struct-field FP,41plus_b70,high
MEM31-C,hostap,src/p2p/p2p.c,7227,FP,Same pasn->pasn_groups ownership-transfer-to-struct-field FP,41plus_b70,high
MSC01-C,hostap,src/p2p/p2p.c,7229,FP,"auth_transaction if/else-if with no final else intentionally means 'unrecognized, do nothing' -- confirmed no-final-else pedantry pattern",41plus_b70,high
MEM31-C,hostap,src/p2p/p2p.c,7234,FP,Same pasn->pasn_groups ownership-transfer-to-struct-field FP,41plus_b70,high
ARR01-C,hostap,src/p2p/p2p.c,7245,FP,"sizeof(p2p->peer_dik_data), fixed u8[DEVICE_IDENTITY_KEY_MAX_LEN] struct member -- confirmed ARR01-C member-array pattern",41plus_b70,high
ARR01-C,hostap,src/p2p/p2p.c,7247,FP,"sizeof(p2p->peer_sae_password), fixed char[100] struct member -- confirmed ARR01-C member-array pattern",41plus_b70,high
MEM31-C,hostap,src/p2p/p2p.c,7248,FP,Same pasn->pasn_groups ownership-transfer-to-struct-field FP,41plus_b70,high
MEM31-C,hostap,src/p2p/p2p.c,7252,FP,Same pasn->pasn_groups ownership-transfer-to-struct-field FP,41plus_b70,high
API00-C,hostap,src/p2p/p2p.c,7256,FP,"mgmt is caller-supplied from the RX event path, internal invariant -- confirmed API00-C internal-invariant FP",41plus_b70,med
MSC13-C,hostap,src/p2p/p2p.c,7259,TP,ret=0 init is never read; both dispatch branches unconditionally overwrite ret before any use,41plus_b70,med
EXP33-C,hostap,src/p2p/p2p.c,7299,FP,wpa_pasn_auth_rx -> wpa_pasn_parse_parameter_ie() os_memsets the whole pasn_data struct before any field write -- confirmed write-only-output-param EXP33-C FP,41plus_b70,high
API00-C,hostap,src/p2p/p2p.c,7316,FP,"p2p_pasn_pmksa_set_pmk is a pure thin-forwarding wrapper -- none of src/dst/pmkid are dereferenced in this function itself, just passed through",41plus_b70,high
API00-C,hostap,src/p2p/p2p.c,7316,FP,Same thin-forwarding-wrapper FP for dst,41plus_b70,high
API00-C,hostap,src/p2p/p2p.c,7316,FP,Same thin-forwarding-wrapper FP for pmkid,41plus_b70,high
DCL13-C,hostap,src/p2p/p2p.c,7316,TP,p2p is genuinely read-only in this thin forwarding wrapper -- plain-internal-helper low-value TP,41plus_b70,low
ARR01-C,hostap,src/p2p/p2p.c,7332,FP,"sizeof(p2p->pasn_ptk), fixed u8[128] struct member -- confirmed ARR01-C member-array pattern",41plus_b70,high
MSC13-C,hostap,src/p2p/p2p.c,7353,TP,pos += ptk->kdk_len is the final statement of the function; the updated pos value is never read afterward -- genuine trivial dead store,41plus_b70,low
DCL13-C,hostap,src/p2p/p2p.c,7358,TP,p2p is genuinely read-only in p2p_pasn_get_ptk -- plain-internal-helper low-value TP,41plus_b70,low
API00-C,hostap,src/p2p/p2p.c,7373,FP,buf is caller-supplied from internal callers; not an externally-nullable entry point -- confirmed API00-C internal-invariant FP,41plus_b70,med
API00-C,hostap,src/p2p/p2p.c,7373,FP,"buflen is only used to compute 'end = buf + buflen' for bounds tracking, no unchecked arithmetic overflow path -- category-error non-arithmetic-int-param FP",41plus_b70,high
API05-C,hostap,src/p2p/p2p.c,7373,FP,"Idiomatic char *buf, size_t buflen pair -- confirmed API05-C pointer+size idiom FP",41plus_b70,high
DCL13-C,hostap,src/p2p/p2p.c,7373,TP,"buf IS modified: pos=buf; then os_snprintf(pos,...)/wpa_snprintf_hex(pos,...) write through the pos alias into buf's memory -- confirmed DCL13-C pos=buf alias-miss real TP",41plus_b70,high
ERR02-C,hostap,src/p2p/p2p.c,7402,FP,wpa_snprintf_hex() is not sprintf -- it self-bounds to buf_size and always returns a non-negative bytes-written count -- confirmed wpa_snprintf_hex name-substring ERR02-C FP,41plus_b70,high
ERR02-C,hostap,src/p2p/p2p.c,7410,FP,Same wpa_snprintf_hex ERR02-C name-substring FP,41plus_b70,high
PRE08-C,hostap,src/ap/wpa_auth_ft.c,14,TP,Literally-true low-value TP convention for PRE08-C (categorical_patterns.md); 8.3-filename collision is technically real even though not practically actionable on modern toolchains,41plus_b71,low
PRE08-C,hostap,src/ap/wpa_auth_ft.c,14,TP,Literally-true low-value TP convention for PRE08-C (categorical_patterns.md); 8.3-filename collision is technically real even though not practically actionable on modern toolchains,41plus_b71,low
PRE08-C,hostap,src/ap/wpa_auth_ft.c,15,TP,Literally-true low-value TP convention for PRE08-C (categorical_patterns.md); 8.3-filename collision is technically real even though not practically actionable on modern toolchains,41plus_b71,low
PRE08-C,hostap,src/ap/wpa_auth_ft.c,28,TP,Literally-true low-value TP convention for PRE08-C (categorical_patterns.md); 8.3-filename collision is technically real even though not practically actionable on modern toolchains,41plus_b71,low
MSC07-C,hostap,src/ap/wpa_auth_ft.c,127,FP,"goto-target label reached by an earlier goto (err/out labels), rule doesn't see label as reachable jump target",41plus_b71,high
EXP33-C,hostap,src/ap/wpa_auth_ft.c,153,FP,"sizeof(*ptr) is a compile-time type query, never dereferences ptr at runtime (confirmed hostap-wide EXP33-C FP class)",41plus_b71,high
EXP33-C,hostap,src/ap/wpa_auth_ft.c,188,FP,"sizeof(*ptr) is a compile-time type query, never dereferences ptr at runtime (confirmed hostap-wide EXP33-C FP class)",41plus_b71,high
EXP05-C,hostap,src/ap/wpa_auth_ft.c,222,FP,"cast-away-const in qsort comparator (const void* -> int*) used only to read *a/*b, never written; read-only overlay is safe",41plus_b71,high
EXP05-C,hostap,src/ap/wpa_auth_ft.c,223,FP,"cast-away-const in qsort comparator (const void* -> int*) used only to read *a/*b, never written; read-only overlay is safe",41plus_b71,high
ARR01-C,hostap,src/ap/wpa_auth_ft.c,240,FP,sizeof(*vlan) correctly sizes the pointee struct; not a decayed-array sizeof misuse,41plus_b71,high
EXP33-C,hostap,src/ap/wpa_auth_ft.c,242,FP,"sizeof(*ptr) is a compile-time type query, never dereferences ptr at runtime (confirmed hostap-wide EXP33-C FP class)",41plus_b71,high
EXP05-C,hostap,src/ap/wpa_auth_ft.c,243,FP,"cast (struct ft_rrb_tlv*)plain from const u8* used only to read f->type/f->len, never written",41plus_b71,high
MSC01-C,hostap,src/ap/wpa_auth_ft.c,291,FP,"deliberate guard-clause chain; omitted final else is an intentional no-op / already-handled case, not a missing branch",41plus_b71,high
DCL13-C,hostap,src/ap/wpa_auth_ft.c,327,FP,"'start' is genuinely written through: pos=start then hdr=(struct ft_rrb_tlv*)pos writes hdr->type/len and os_memcpy(pos,...) into memory start points to",41plus_b71,high
DCL13-C,hostap,src/ap/wpa_auth_ft.c,328,TP,"'endpos' is only ever read for bounds comparisons in this helper, never written; genuine (low-value) const opportunity",41plus_b71,low
EXP33-C,hostap,src/ap/wpa_auth_ft.c,341,FP,"sizeof(*ptr) is a compile-time type query, never dereferences ptr at runtime (confirmed hostap-wide EXP33-C FP class)",41plus_b71,high
ARR36-C,hostap,src/ap/wpa_auth_ft.c,341,FP,"start/endpos are the classic paired bounds-pointer idiom delimiting the same allocated buffer, not different arrays (confirmed ARR36-C buf/end FP class)",41plus_b71,high
ARR36-C,hostap,src/ap/wpa_auth_ft.c,349,FP,"start/endpos are the classic paired bounds-pointer idiom delimiting the same allocated buffer, not different arrays (confirmed ARR36-C buf/end FP class)",41plus_b71,high
DCL13-C,hostap,src/ap/wpa_auth_ft.c,384,TP,"'endpos' is only ever read for bounds comparisons in this helper, never written; genuine (low-value) const opportunity",41plus_b71,low
EXP40-C,hostap,src/ap/wpa_auth_ft.c,389,FP,"factually wrong: 'start'/'buf' parameter is plain u8*, not const-qualified, so there is no const pointer being assigned without a cast",41plus_b71,high
EXP33-C,hostap,src/ap/wpa_auth_ft.c,396,FP,"sizeof(*ptr) is a compile-time type query, never dereferences ptr at runtime (confirmed hostap-wide EXP33-C FP class)",41plus_b71,high
ARR37-C,hostap,src/ap/wpa_auth_ft.c,458,FP,pos walks a heap-allocated buffer (os_zalloc'd array of tlv_len/auth_len+pad_len bytes); ARR37-C's 'non-array pointer' premise is wrong for pointer arithmetic into an array-backed buffer (confirmed pattern),41plus_b71,high
ARR37-C,hostap,src/ap/wpa_auth_ft.c,459,FP,pos walks a heap-allocated buffer (os_zalloc'd array of tlv_len/auth_len+pad_len bytes); ARR37-C's 'non-array pointer' premise is wrong for pointer arithmetic into an array-backed buffer (confirmed pattern),41plus_b71,high
ARR37-C,hostap,src/ap/wpa_auth_ft.c,460,FP,pos walks a heap-allocated buffer (os_zalloc'd array of tlv_len/auth_len+pad_len bytes); ARR37-C's 'non-array pointer' premise is wrong for pointer arithmetic into an array-backed buffer (confirmed pattern),41plus_b71,high
MSC07-C,hostap,src/ap/wpa_auth_ft.c,470,FP,"goto-target label reached by an earlier goto (err/out labels), rule doesn't see label as reachable jump target",41plus_b71,high
MSC01-C,hostap,src/ap/wpa_auth_ft.c,496,FP,"deliberate guard-clause chain; omitted final else is an intentional no-op / already-handled case, not a missing branch",41plus_b71,high
MSC13-C,hostap,src/ap/wpa_auth_ft.c,534,TP,"pad_len's declaration-site '=0' is genuinely dead: either reassigned before use in the padding branch, or never read at all when padding isn't needed",41plus_b71,low
ARR37-C,hostap,src/ap/wpa_auth_ft.c,561,FP,pos walks a heap-allocated buffer (os_zalloc'd array of tlv_len/auth_len+pad_len bytes); ARR37-C's 'non-array pointer' premise is wrong for pointer arithmetic into an array-backed buffer (confirmed pattern),41plus_b71,high
ARR37-C,hostap,src/ap/wpa_auth_ft.c,563,FP,pos walks a heap-allocated buffer (os_zalloc'd array of tlv_len/auth_len+pad_len bytes); ARR37-C's 'non-array pointer' premise is wrong for pointer arithmetic into an array-backed buffer (confirmed pattern),41plus_b71,high
ARR37-C,hostap,src/ap/wpa_auth_ft.c,574,FP,pos walks a heap-allocated buffer (os_zalloc'd array of tlv_len/auth_len+pad_len bytes); ARR37-C's 'non-array pointer' premise is wrong for pointer arithmetic into an array-backed buffer (confirmed pattern),41plus_b71,high
ARR37-C,hostap,src/ap/wpa_auth_ft.c,576,FP,pos walks a heap-allocated buffer (os_zalloc'd array of tlv_len/auth_len+pad_len bytes); ARR37-C's 'non-array pointer' premise is wrong for pointer arithmetic into an array-backed buffer (confirmed pattern),41plus_b71,high
PRE00-C,hostap,src/ap/wpa_auth_ft.c,599,TP,RRB_GET_SRC/RRB_GET_OPTIONAL_SRC macro bodies genuinely evaluate checklength/srcfield as runtime expressions multiple times; definition-side hygiene defect judged independent of today's safe call sites (MD4STEP precedent),41plus_b71,low
PRE01-C,hostap,src/ap/wpa_auth_ft.c,599,TP,checklength used unparenthesized in the macro body; real precedence hazard if a call site ever passes a non-atomic expression,41plus_b71,low
PRE05-C,hostap,src/ap/wpa_auth_ft.c,599,FP,"## is used only to build field/srcfield-derived identifiers (f_field, srcfield_len); every call site passes bare identifiers, no pre-expansion is ever needed (confirmed X-macro/## FP class)",41plus_b71,high
PRE12-C,hostap,src/ap/wpa_auth_ft.c,599,TP,srcfield is genuinely referenced twice in the macro body (wpa_ft_rrb_get_tlv and wpa_ft_rrb_dump); definition-side hygiene defect (MD4STEP precedent),41plus_b71,low
PRE00-C,hostap,src/ap/wpa_auth_ft.c,615,TP,RRB_GET_SRC/RRB_GET_OPTIONAL_SRC macro bodies genuinely evaluate checklength/srcfield as runtime expressions multiple times; definition-side hygiene defect judged independent of today's safe call sites (MD4STEP precedent),41plus_b71,low
PRE01-C,hostap,src/ap/wpa_auth_ft.c,615,TP,checklength used unparenthesized in the macro body; real precedence hazard if a call site ever passes a non-atomic expression,41plus_b71,low
PRE05-C,hostap,src/ap/wpa_auth_ft.c,615,FP,"## is used only to build field/srcfield-derived identifiers (f_field, srcfield_len); every call site passes bare identifiers, no pre-expansion is ever needed (confirmed X-macro/## FP class)",41plus_b71,high
PRE12-C,hostap,src/ap/wpa_auth_ft.c,615,TP,srcfield is genuinely referenced twice in the macro body (wpa_ft_rrb_get_tlv and wpa_ft_rrb_dump); definition-side hygiene defect (MD4STEP precedent),41plus_b71,low
DCL13-C,hostap,src/ap/wpa_auth_ft.c,631,TP,"wpa_auth is only read to reach wpa_auth->cb/cb_ctx and forwards the field value (not wpa_auth itself) into the vtable call; matches confirmed wpa_i.h-style read-only-forwarding-wrapper TP class, distinct from the eloop/EAP dispatch-contract FP class",41plus_b71,low
DCL13-C,hostap,src/ap/wpa_auth_ft.c,642,TP,"wpa_auth is only read to reach wpa_auth->cb/cb_ctx and forwards the field value (not wpa_auth itself) into the vtable call; matches confirmed wpa_i.h-style read-only-forwarding-wrapper TP class, distinct from the eloop/EAP dispatch-contract FP class",41plus_b71,low
DCL13-C,hostap,src/ap/wpa_auth_ft.c,655,TP,"wpa_auth is only read to reach wpa_auth->cb/cb_ctx and forwards the field value (not wpa_auth itself) into the vtable call; matches confirmed wpa_i.h-style read-only-forwarding-wrapper TP class, distinct from the eloop/EAP dispatch-contract FP class",41plus_b71,low
DCL13-C,hostap,src/ap/wpa_auth_ft.c,665,TP,"wpa_auth is only read to reach wpa_auth->cb/cb_ctx and forwards the field value (not wpa_auth itself) into the vtable call; matches confirmed wpa_i.h-style read-only-forwarding-wrapper TP class, distinct from the eloop/EAP dispatch-contract FP class",41plus_b71,low
DCL13-C,hostap,src/ap/wpa_auth_ft.c,677,TP,"wpa_auth is only read to reach wpa_auth->cb/cb_ctx and forwards the field value (not wpa_auth itself) into the vtable call; matches confirmed wpa_i.h-style read-only-forwarding-wrapper TP class, distinct from the eloop/EAP dispatch-contract FP class",41plus_b71,low
DCL13-C,hostap,src/ap/wpa_auth_ft.c,685,TP,"wpa_auth is only read to reach wpa_auth->cb/cb_ctx and forwards the field value (not wpa_auth itself) into the vtable call; matches confirmed wpa_i.h-style read-only-forwarding-wrapper TP class, distinct from the eloop/EAP dispatch-contract FP class",41plus_b71,low
DCL13-C,hostap,src/ap/wpa_auth_ft.c,694,TP,"wpa_auth is only read to reach wpa_auth->cb/cb_ctx and forwards the field value (not wpa_auth itself) into the vtable call; matches confirmed wpa_i.h-style read-only-forwarding-wrapper TP class, distinct from the eloop/EAP dispatch-contract FP class",41plus_b71,low
DCL13-C,hostap,src/ap/wpa_auth_ft.c,704,TP,"wpa_auth is only read to reach wpa_auth->cb/cb_ctx and forwards the field value (not wpa_auth itself) into the vtable call; matches confirmed wpa_i.h-style read-only-forwarding-wrapper TP class, distinct from the eloop/EAP dispatch-contract FP class",41plus_b71,low
DCL13-C,hostap,src/ap/wpa_auth_ft.c,715,TP,"wpa_auth is only read to reach wpa_auth->cb/cb_ctx and forwards the field value (not wpa_auth itself) into the vtable call; matches confirmed wpa_i.h-style read-only-forwarding-wrapper TP class, distinct from the eloop/EAP dispatch-contract FP class",41plus_b71,low
DCL13-C,hostap,src/ap/wpa_auth_ft.c,726,TP,"wpa_auth is only read to reach wpa_auth->cb/cb_ctx and forwards the field value (not wpa_auth itself) into the vtable call; matches confirmed wpa_i.h-style read-only-forwarding-wrapper TP class, distinct from the eloop/EAP dispatch-contract FP class",41plus_b71,low
DCL13-C,hostap,src/ap/wpa_auth_ft.c,737,TP,"wpa_auth is only read to reach wpa_auth->cb/cb_ctx and forwards the field value (not wpa_auth itself) into the vtable call; matches confirmed wpa_i.h-style read-only-forwarding-wrapper TP class, distinct from the eloop/EAP dispatch-contract FP class",41plus_b71,low
DCL13-C,hostap,src/ap/wpa_auth_ft.c,748,TP,"wpa_auth is only read to reach wpa_auth->cb/cb_ctx and forwards the field value (not wpa_auth itself) into the vtable call; matches confirmed wpa_i.h-style read-only-forwarding-wrapper TP class, distinct from the eloop/EAP dispatch-contract FP class",41plus_b71,low
DCL13-C,hostap,src/ap/wpa_auth_ft.c,759,TP,"wpa_auth is only read to reach wpa_auth->cb/cb_ctx and forwards the field value (not wpa_auth itself) into the vtable call; matches confirmed wpa_i.h-style read-only-forwarding-wrapper TP class, distinct from the eloop/EAP dispatch-contract FP class",41plus_b71,low
DCL13-C,hostap,src/ap/wpa_auth_ft.c,769,TP,"wpa_auth is only read to reach wpa_auth->cb/cb_ctx and forwards the field value (not wpa_auth itself) into the vtable call; matches confirmed wpa_i.h-style read-only-forwarding-wrapper TP class, distinct from the eloop/EAP dispatch-contract FP class",41plus_b71,low
API00-C,hostap,src/ap/wpa_auth_ft.c,779,FP,wpa_write_mdie is an internal-only API; all call sites pass a valid non-null buffer (confirmed API00-C internal-API FP class),41plus_b71,med
DCL13-C,hostap,src/ap/wpa_auth_ft.c,779,TP,"'conf' is only read (mobility_domain/ft_over_ds/r1_key_holder), never written, no dispatch-contract constraint",41plus_b71,low
EXP40-C,hostap,src/ap/wpa_auth_ft.c,781,FP,"factually wrong: 'start'/'buf' parameter is plain u8*, not const-qualified, so there is no const pointer being assigned without a cast",41plus_b71,high
API00-C,hostap,src/ap/wpa_auth_ft.c,799,FP,"wpa_write_ftie internal-only API; buf always non-null from callers, and r0kh_id_len is admin-config-derived (conf->r0_key_holder_len), not attacker-controlled wire data at this layer",41plus_b71,med
API00-C,hostap,src/ap/wpa_auth_ft.c,799,FP,"wpa_write_ftie internal-only API; buf always non-null from callers, and r0kh_id_len is admin-config-derived (conf->r0_key_holder_len), not attacker-controlled wire data at this layer",41plus_b71,med
DCL13-C,hostap,src/ap/wpa_auth_ft.c,799,TP,"'conf' is only read (mobility_domain/ft_over_ds/r1_key_holder), never written, no dispatch-contract constraint",41plus_b71,low
EXP40-C,hostap,src/ap/wpa_auth_ft.c,805,FP,"factually wrong: 'start'/'buf' parameter is plain u8*, not const-qualified, so there is no const pointer being assigned without a cast",41plus_b71,high
EXP34-C,hostap,src/ap/wpa_auth_ft.c,927,FP,rkh_seq is only ever passed by callers after checking r0kh->seq/r1kh->seq is non-NULL (wpa_ft_rrb_init_r0kh_seq/r1kh_seq guarantee it's allocated on success); internal invariant the rule doesn't see across calls,41plus_b71,med
DCL13-C,hostap,src/ap/wpa_auth_ft.c,937,FP,"eloop_ctx/timeout_ctx are pinned by the fixed eloop_timeout_handler typedef void(*)(void*,void*); const-qualifying breaks the callback-registration contract (confirmed eloop dispatch-contract FP class)",41plus_b71,high
ARR02-C,hostap,src/ap/wpa_auth_ft.c,961,FP,local tlv_list array is sentinel-terminated (FT_RRB_LAST_EMPTY) and sized exactly to its brace-initializer count; specifying an explicit bound adds nothing (extends confirmed ARR02-C initializer-sized-array FP class),41plus_b71,high
EXP30-C,hostap,src/ap/wpa_auth_ft.c,976,FP,MAC2STR is a side-effect-free accessor macro (array indexing only); flagging its expansion as unsequenced side effects is the confirmed EXP30-C logging-args FP class,41plus_b71,high
MSC07-C,hostap,src/ap/wpa_auth_ft.c,1028,FP,"goto-target label reached by an earlier goto (err/out labels), rule doesn't see label as reachable jump target",41plus_b71,high
API05-C,hostap,src/ap/wpa_auth_ft.c,1048,FP,"pointer immediately paired with its own size_t length parameter (enc/enc_len, auth/auth_len, pmk_r1/pmk_r1_len, identity/identity_len) -- the confirmed ptr+len-pair API05-C FP class",41plus_b71,high
EXP33-C,hostap,src/ap/wpa_auth_ft.c,1057,FP,"sizeof(*ptr) is a compile-time type query, never dereferences ptr at runtime (confirmed hostap-wide EXP33-C FP class)",41plus_b71,high
EXP33-C,hostap,src/ap/wpa_auth_ft.c,1058,FP,"macro-blind CFG: f_seq/f_seq_len are written via RRB_GET_AUTH macro's output-param call, sqc doesn't see writes performed inside macro expansion",41plus_b71,med
EXP33-C,hostap,src/ap/wpa_auth_ft.c,1058,FP,"macro-blind CFG: f_seq/f_seq_len are written via RRB_GET_AUTH macro's output-param call, sqc doesn't see writes performed inside macro expansion",41plus_b71,med
EXP34-C,hostap,src/ap/wpa_auth_ft.c,1061,FP,rkh_seq is only ever passed by callers after checking r0kh->seq/r1kh->seq is non-NULL (wpa_ft_rrb_init_r0kh_seq/r1kh_seq guarantee it's allocated on success); internal invariant the rule doesn't see across calls,41plus_b71,med
MSC07-C,hostap,src/ap/wpa_auth_ft.c,1106,FP,"goto-target label reached by an earlier goto (err/out labels), rule doesn't see label as reachable jump target",41plus_b71,high
DCL13-C,hostap,src/ap/wpa_auth_ft.c,1115,TP,wpa_auth parameter is entirely unused in wpa_ft_rrb_seq_accept's body; trivially const-eligible,41plus_b71,low
API05-C,hostap,src/ap/wpa_auth_ft.c,1118,FP,"pointer immediately paired with its own size_t length parameter (enc/enc_len, auth/auth_len, pmk_r1/pmk_r1_len, identity/identity_len) -- the confirmed ptr+len-pair API05-C FP class",41plus_b71,high
MSC13-C,hostap,src/ap/wpa_auth_ft.c,1121,TP,f_seq_len is set by the RRB_GET_AUTH macro's output param but never read anywhere else in the function,41plus_b71,low
EXP33-C,hostap,src/ap/wpa_auth_ft.c,1127,FP,"sizeof(*msg_both) inside RRB_GET_AUTH macro arg is a compile-time type query, not a dereference",41plus_b71,high
EXP33-C,hostap,src/ap/wpa_auth_ft.c,1128,FP,placeholder,41plus_b71,med
EXP34-C,hostap,src/ap/wpa_auth_ft.c,1132,FP,rkh_seq is only ever passed by callers after checking r0kh->seq/r1kh->seq is non-NULL (wpa_ft_rrb_init_r0kh_seq/r1kh_seq guarantee it's allocated on success); internal invariant the rule doesn't see across calls,41plus_b71,med
ARR36-C,hostap,src/ap/wpa_auth_ft.c,1142,FP,"rkh_seq->rx.last[i] and rkh_seq->rx.last[minidx] are u32 scalar values used in an arithmetic/relational comparison (msg_off < min_off), not a pointer comparison at all",41plus_b71,high
MSC07-C,hostap,src/ap/wpa_auth_ft.c,1149,FP,"goto-target label reached by an earlier goto (err/out labels), rule doesn't see label as reachable jump target",41plus_b71,high
EXP34-C,hostap,src/ap/wpa_auth_ft.c,1164,FP,rkh_seq is only ever passed by callers after checking r0kh->seq/r1kh->seq is non-NULL (wpa_ft_rrb_init_r0kh_seq/r1kh_seq guarantee it's allocated on success); internal invariant the rule doesn't see across calls,41plus_b71,med
ARR01-C,hostap,src/ap/wpa_auth_ft.c,1166,FP,"sizeof(rkh_seq->tx.seq/dom) applied to a real fixed-size struct field recovered via ->, not a decayed array",41plus_b71,high
ARR01-C,hostap,src/ap/wpa_auth_ft.c,1172,FP,"sizeof(rkh_seq->tx.seq/dom) applied to a real fixed-size struct field recovered via ->, not a decayed array",41plus_b71,high
DCL13-C,hostap,src/ap/wpa_auth_ft.c,1250,FP,"eloop_ctx/timeout_ctx are pinned by the fixed eloop_timeout_handler typedef void(*)(void*,void*); const-qualifying breaks the callback-registration contract (confirmed eloop dispatch-contract FP class)",41plus_b71,high
DCL13-C,hostap,src/ap/wpa_auth_ft.c,1304,FP,"eloop_ctx/timeout_ctx are pinned by the fixed eloop_timeout_handler typedef void(*)(void*,void*); const-qualifying breaks the callback-registration contract (confirmed eloop dispatch-contract FP class)",41plus_b71,high
EXP33-C,hostap,src/ap/wpa_auth_ft.c,1316,FP,"sizeof(*ptr) is a compile-time type query, never dereferences ptr at runtime (confirmed hostap-wide EXP33-C FP class)",41plus_b71,high
DCL30-C,hostap,src/ap/wpa_auth_ft.c,1322,FP,"cache holds a heap pointer from os_zalloc, not automatic storage; returning it is safe (confirmed comeback_token.c-style DCL30-C FP class)",41plus_b71,high
API00-C,hostap,src/ap/wpa_auth_ft.c,1326,FP,internal-only API; cache/sm/wpa_auth are always the caller's already-initialized object at every call site (confirmed API00-C internal-API FP class),41plus_b71,med
DCL13-C,hostap,src/ap/wpa_auth_ft.c,1343,TP,"wpa_auth is only read (->ft_pmk_cache, ->conf.*), never written, and never itself forwarded into a vtable/callback slot",41plus_b71,low
EXP33-C,hostap,src/ap/wpa_auth_ft.c,1359,FP,"sizeof(*ptr) is a compile-time type query, never dereferences ptr at runtime (confirmed hostap-wide EXP33-C FP class)",41plus_b71,high
ARR01-C,hostap,src/ap/wpa_auth_ft.c,1371,FP,sizeof(*vlan) correctly sizes the pointee struct; not a decayed-array sizeof misuse,41plus_b71,high
EXP34-C,hostap,src/ap/wpa_auth_ft.c,1376,FP,r0->vlan/r1->vlan is dereferenced immediately after its own os_zalloc was null-checked two lines above,41plus_b71,high
MEM33-C,hostap,src/ap/wpa_auth_ft.c,1376,FP,struct vlan_description has no flexible array member (fixed int tagged[MAX_NUM_TAGGED_VLAN]); whole-struct assignment is an ordinary safe copy,41plus_b71,high
MEM12-C,hostap,src/ap/wpa_auth_ft.c,1403,FP,"r0/r1 (and its identity/radius_cui fields) is registered into the persistent pmk cache via dl_list_add just before the return; ownership transfer to the cache, not a leak",41plus_b71,high
DCL13-C,hostap,src/ap/wpa_auth_ft.c,1407,TP,"wpa_auth is only read (->ft_pmk_cache, ->conf.*), never written, and never itself forwarded into a vtable/callback slot",41plus_b71,low
DCL30-C,hostap,src/ap/wpa_auth_ft.c,1420,FP,r0 points to a cache-owned heap object (persists in the dl_list); storing its address via the out-param is not storing an automatic-storage address,41plus_b71,high
DCL13-C,hostap,src/ap/wpa_auth_ft.c,1430,TP,"wpa_auth is only read (->ft_pmk_cache, ->conf.*), never written, and never itself forwarded into a vtable/callback slot",41plus_b71,low
EXP33-C,hostap,src/ap/wpa_auth_ft.c,1450,FP,"sizeof(*ptr) is a compile-time type query, never dereferences ptr at runtime (confirmed hostap-wide EXP33-C FP class)",41plus_b71,high
ARR01-C,hostap,src/ap/wpa_auth_ft.c,1460,FP,sizeof(*vlan) correctly sizes the pointee struct; not a decayed-array sizeof misuse,41plus_b71,high
EXP34-C,hostap,src/ap/wpa_auth_ft.c,1465,FP,r0->vlan/r1->vlan is dereferenced immediately after its own os_zalloc was null-checked two lines above,41plus_b71,high
MEM33-C,hostap,src/ap/wpa_auth_ft.c,1465,FP,struct vlan_description has no flexible array member (fixed int tagged[MAX_NUM_TAGGED_VLAN]); whole-struct assignment is an ordinary safe copy,41plus_b71,high
MEM12-C,hostap,src/ap/wpa_auth_ft.c,1493,FP,"r0/r1 (and its identity/radius_cui fields) is registered into the persistent pmk cache via dl_list_add just before the return; ownership transfer to the cache, not a leak",41plus_b71,high
API00-C,hostap,src/ap/wpa_auth_ft.c,1497,FP,wpa_ft_fetch_pmk_r1 is internal-only; wpa_auth always valid at every call site,41plus_b71,med
DCL13-C,hostap,src/ap/wpa_auth_ft.c,1497,TP,"wpa_auth is only read (->ft_pmk_cache, ->conf.*), never written, and never itself forwarded into a vtable/callback slot",41plus_b71,low
API05-C,hostap,src/ap/wpa_auth_ft.c,1499,FP,"pointer immediately paired with its own size_t length parameter (enc/enc_len, auth/auth_len, pmk_r1/pmk_r1_len, identity/identity_len) -- the confirmed ptr+len-pair API05-C FP class",41plus_b71,high
API05-C,hostap,src/ap/wpa_auth_ft.c,1503,FP,"pointer immediately paired with its own size_t length parameter (enc/enc_len, auth/auth_len, pmk_r1/pmk_r1_len, identity/identity_len) -- the confirmed ptr+len-pair API05-C FP class",41plus_b71,high
MEM33-C,hostap,src/ap/wpa_auth_ft.c,1520,FP,struct vlan_description has no flexible array member (fixed int tagged[MAX_NUM_TAGGED_VLAN]); whole-struct assignment is an ordinary safe copy,41plus_b71,high
ARR01-C,hostap,src/ap/wpa_auth_ft.c,1522,FP,sizeof(*vlan) correctly sizes the pointee struct; not a decayed-array sizeof misuse,41plus_b71,high
MSC01-C,hostap,src/ap/wpa_auth_ft.c,1536,FP,"deliberate guard-clause chain; omitted final else is an intentional no-op / already-handled case, not a missing branch",41plus_b71,high
ARR01-C,hostap,src/ap/wpa_auth_ft.c,1551,FP,"sizeof(*r0kh->seq)/(*r1kh->seq) dereferences the seq field, not the outer r0kh/r1kh pointer; misattributed decay",41plus_b71,high
DCL13-C,hostap,src/ap/wpa_auth_ft.c,1563,TP,"wpa_auth is only read (->ft_pmk_cache, ->conf.*), never written, and never itself forwarded into a vtable/callback slot",41plus_b71,low
DCL30-C,hostap,src/ap/wpa_auth_ft.c,1579,FP,r0kh/r1kh points to a persistent list-owned heap object; storing it through the out-param/list-head pointer is not an automatic-storage-address escape,41plus_b71,high
DCL30-C,hostap,src/ap/wpa_auth_ft.c,1582,FP,r0kh/r1kh points to a persistent list-owned heap object; storing it through the out-param/list-head pointer is not an automatic-storage-address escape,41plus_b71,high
ARR01-C,hostap,src/ap/wpa_auth_ft.c,1598,FP,"sizeof(*r0kh->seq)/(*r1kh->seq) dereferences the seq field, not the outer r0kh/r1kh pointer; misattributed decay",41plus_b71,high
DCL13-C,hostap,src/ap/wpa_auth_ft.c,1610,TP,"wpa_auth is only read (->ft_pmk_cache, ->conf.*), never written, and never itself forwarded into a vtable/callback slot",41plus_b71,low
DCL30-C,hostap,src/ap/wpa_auth_ft.c,1627,FP,r0kh/r1kh points to a persistent list-owned heap object; storing it through the out-param/list-head pointer is not an automatic-storage-address escape,41plus_b71,high
DCL30-C,hostap,src/ap/wpa_auth_ft.c,1630,FP,r0kh/r1kh points to a persistent list-owned heap object; storing it through the out-param/list-head pointer is not an automatic-storage-address escape,41plus_b71,high
DCL13-C,hostap,src/ap/wpa_auth_ft.c,1641,TP,"wpa_auth is only read (->ft_pmk_cache, ->conf.*), never written, and never itself forwarded into a vtable/callback slot",41plus_b71,low
DCL13-C,hostap,src/ap/wpa_auth_ft.c,1653,TP,"wpa_auth is only read (->ft_pmk_cache, ->conf.*), never written, and never itself forwarded into a vtable/callback slot",41plus_b71,low
DCL13-C,hostap,src/ap/wpa_auth_ft.c,1664,FP,"eloop_ctx/timeout_ctx are pinned by the fixed eloop_timeout_handler typedef void(*)(void*,void*); const-qualifying breaks the callback-registration contract (confirmed eloop dispatch-contract FP class)",41plus_b71,high
FLP30-C,hostap,src/ap/wpa_auth_ft.c,1672,FP,"r0kh/r1kh is declared 'struct ft_remote_r0kh/r1kh *', not a floating-point type at all; rule's type detection is simply wrong",41plus_b71,high
DCL13-C,hostap,src/ap/wpa_auth_ft.c,1712,TP,"r0kh_wildcard/r1kh_wildcard is only read (->key/->addr), never written, no dispatch constraint",41plus_b71,low
EXP33-C,hostap,src/ap/wpa_auth_ft.c,1721,FP,"sizeof(*ptr) is a compile-time type query, never dereferences ptr at runtime (confirmed hostap-wide EXP33-C FP class)",41plus_b71,high
DCL30-C,hostap,src/ap/wpa_auth_ft.c,1736,FP,r0kh/r1kh points to a persistent list-owned heap object; storing it through the out-param/list-head pointer is not an automatic-storage-address escape,41plus_b71,high
DCL30-C,hostap,src/ap/wpa_auth_ft.c,1745,FP,"r0kh/r1kh returned here is the os_zalloc'd heap object itself, not local automatic storage",41plus_b71,high
DCL13-C,hostap,src/ap/wpa_auth_ft.c,1749,FP,"eloop_ctx/timeout_ctx are pinned by the fixed eloop_timeout_handler typedef void(*)(void*,void*); const-qualifying breaks the callback-registration contract (confirmed eloop dispatch-contract FP class)",41plus_b71,high
FLP30-C,hostap,src/ap/wpa_auth_ft.c,1757,FP,"r0kh/r1kh is declared 'struct ft_remote_r0kh/r1kh *', not a floating-point type at all; rule's type detection is simply wrong",41plus_b71,high
DCL13-C,hostap,src/ap/wpa_auth_ft.c,1786,TP,"r0kh_wildcard/r1kh_wildcard is only read (->key/->addr), never written, no dispatch constraint",41plus_b71,low
EXP33-C,hostap,src/ap/wpa_auth_ft.c,1794,FP,"sizeof(*ptr) is a compile-time type query, never dereferences ptr at runtime (confirmed hostap-wide EXP33-C FP class)",41plus_b71,high
DCL30-C,hostap,src/ap/wpa_auth_ft.c,1802,FP,r0kh/r1kh points to a persistent list-owned heap object; storing it through the out-param/list-head pointer is not an automatic-storage-address escape,41plus_b71,high
DCL30-C,hostap,src/ap/wpa_auth_ft.c,1811,FP,"r0kh/r1kh returned here is the os_zalloc'd heap object itself, not local automatic storage",41plus_b71,high
API00-C,hostap,src/ap/wpa_auth_ft.c,1815,FP,internal-only API; cache/sm/wpa_auth are always the caller's already-initialized object at every call site (confirmed API00-C internal-API FP class),41plus_b71,med
DCL30-C,hostap,src/ap/wpa_auth_ft.c,1870,FP,r0kh_next/r1kh_next is a local variable holding a heap-pointer *value* copied from r0kh->next/r1kh->next; storing that value into the persistent list head is not an automatic-storage-address escape,41plus_b71,high
DCL30-C,hostap,src/ap/wpa_auth_ft.c,1889,FP,r0kh_next/r1kh_next is a local variable holding a heap-pointer *value* copied from r0kh->next/r1kh->next; storing that value into the persistent list head is not an automatic-storage-address escape,41plus_b71,high
API00-C,hostap,src/ap/wpa_auth_ft.c,1899,FP,internal-only API; cache/sm/wpa_auth are always the caller's already-initialized object at every call site (confirmed API00-C internal-API FP class),41plus_b71,med
DCL13-C,hostap,src/ap/wpa_auth_ft.c,1936,FP,"eloop_ctx/timeout_ctx are pinned by the fixed eloop_timeout_handler typedef void(*)(void*,void*); const-qualifying breaks the callback-registration contract (confirmed eloop dispatch-contract FP class)",41plus_b71,high
ARR02-C,hostap,src/ap/wpa_auth_ft.c,1963,FP,local tlv_list array is sentinel-terminated (FT_RRB_LAST_EMPTY) and sized exactly to its brace-initializer count; specifying an explicit bound adds nothing (extends confirmed ARR02-C initializer-sized-array FP class),41plus_b71,high
ARR02-C,hostap,src/ap/wpa_auth_ft.c,1970,FP,local tlv_list array is sentinel-terminated (FT_RRB_LAST_EMPTY) and sized exactly to its brace-initializer count; specifying an explicit bound adds nothing (extends confirmed ARR02-C initializer-sized-array FP class),41plus_b71,high
FLP03-C,hostap,src/ap/wpa_auth_ft.c,1992,FP,rkh_pull_timeout / 1000 and % 1000 are plain integer division/modulo (both operands int); no floating-point operation exists in the expression,41plus_b71,high
MSC01-C,hostap,src/ap/wpa_auth_ft.c,1996,FP,"deliberate guard-clause chain; omitted final else is an intentional no-op / already-handled case, not a missing branch",41plus_b71,high
EXP30-C,hostap,src/ap/wpa_auth_ft.c,2031,FP,MAC2STR is a side-effect-free accessor macro (array indexing only); flagging its expansion as unsequenced side effects is the confirmed EXP30-C logging-args FP class,41plus_b71,high
FLP03-C,hostap,src/ap/wpa_auth_ft.c,2060,FP,rkh_pull_timeout / 1000 and % 1000 are plain integer division/modulo (both operands int); no floating-point operation exists in the expression,41plus_b71,high
API00-C,hostap,src/ap/wpa_auth_ft.c,2073,FP,internal-only key-derivation/storage helpers; pmk_r0/pmk_r1/pmk_r0_name/ptk/key_len are always valid caller-supplied buffers at every call site (confirmed API00-C internal-API FP class); key_len is additionally a write-only out-param here,41plus_b71,med
API00-C,hostap,src/ap/wpa_auth_ft.c,2073,FP,internal-only key-derivation/storage helpers; pmk_r0/pmk_r1/pmk_r0_name/ptk/key_len are always valid caller-supplied buffers at every call site (confirmed API00-C internal-API FP class); key_len is additionally a write-only out-param here,41plus_b71,med
DCL13-C,hostap,src/ap/wpa_auth_ft.c,2073,TP,"sm is only read (sm->wpa_auth, sm->addr, sm->pairwise, sm->wpa_key_mgmt, ...), never written",41plus_b71,low
API00-C,hostap,src/ap/wpa_auth_ft.c,2102,FP,internal-only key-derivation/storage helpers; pmk_r0/pmk_r1/pmk_r0_name/ptk/key_len are always valid caller-supplied buffers at every call site (confirmed API00-C internal-API FP class); key_len is additionally a write-only out-param here,41plus_b71,med
API00-C,hostap,src/ap/wpa_auth_ft.c,2102,FP,internal-only key-derivation/storage helpers; pmk_r0/pmk_r1/pmk_r0_name/ptk/key_len are always valid caller-supplied buffers at every call site (confirmed API00-C internal-API FP class); key_len is additionally a write-only out-param here,41plus_b71,med
DCL13-C,hostap,src/ap/wpa_auth_ft.c,2102,TP,"sm is only read (sm->wpa_auth, sm->addr, sm->pairwise, sm->wpa_key_mgmt, ...), never written",41plus_b71,low
API00-C,hostap,src/ap/wpa_auth_ft.c,2155,FP,internal-only key-derivation/storage helpers; pmk_r0/pmk_r1/pmk_r0_name/ptk/key_len are always valid caller-supplied buffers at every call site (confirmed API00-C internal-API FP class); key_len is additionally a write-only out-param here,41plus_b71,med
API00-C,hostap,src/ap/wpa_auth_ft.c,2155,FP,internal-only key-derivation/storage helpers; pmk_r0/pmk_r1/pmk_r0_name/ptk/key_len are always valid caller-supplied buffers at every call site (confirmed API00-C internal-API FP class); key_len is additionally a write-only out-param here,41plus_b71,med
API00-C,hostap,src/ap/wpa_auth_ft.c,2155,FP,internal-only key-derivation/storage helpers; pmk_r0/pmk_r1/pmk_r0_name/ptk/key_len are always valid caller-supplied buffers at every call site (confirmed API00-C internal-API FP class); key_len is additionally a write-only out-param here,41plus_b71,med
DCL13-C,hostap,src/ap/wpa_auth_ft.c,2155,TP,sm read-only in wpa_auth_ft_store_keys; genuine low-value plain-internal-helper const opportunity,41plus_b72,med
DCL13-C,hostap,src/ap/wpa_auth_ft.c,2193,TP,wpa_auth only read (cb/cb_ctx) in forwarding wrapper wpa_auth_get_seqnum; low-value real opportunity,41plus_b72,med
DCL13-C,hostap,src/ap/wpa_auth_ft.c,2202,TP,"sm read-only in wpa_ft_gtk_subelem, never mutated; genuine low-value const opportunity",41plus_b72,med
ENV01-C,hostap,src/ap/wpa_auth_ft.c,2211,FP,"keybuf fixed buffer, no getenv() anywhere in function - wholesale ENV01 misfire (categorical_patterns.md)",41plus_b72,high
EXP34-C,hostap,src/ap/wpa_auth_ft.c,2228,FP,"sm->group set at STA init; gsm is a caller/init-guaranteed non-NULL invariant, not attacker-reachable NULL",41plus_b72,med
INT14-C,hostap,src/ap/wpa_auth_ft.c,2242,FP,"misattributes bitwise/arithmetic mix on gsm->GN member to base pointer 'gsm', not the field (INT14 base-identifier misattribution class)",41plus_b72,med
DCL30-C,hostap,src/ap/wpa_auth_ft.c,2293,FP,"subelem is os_zalloc'd heap memory, not automatic storage; confused local variable with storage duration",41plus_b72,high
DCL13-C,hostap,src/ap/wpa_auth_ft.c,2297,TP,sm read-only in wpa_ft_igtk_subelem; low-value real const opportunity,41plus_b72,med
ENV01-C,hostap,src/ap/wpa_auth_ft.c,2306,FP,"stub_igtk fixed buffer, no getenv() in function - wholesale ENV01 misfire",41plus_b72,high
DCL30-C,hostap,src/ap/wpa_auth_ft.c,2354,FP,"heap (os_zalloc) pointer returned from wpa_ft_igtk_subelem, not local storage",41plus_b72,high
DCL13-C,hostap,src/ap/wpa_auth_ft.c,2358,TP,sm read-only in wpa_ft_bigtk_subelem; low-value real const opportunity,41plus_b72,med
DCL30-C,hostap,src/ap/wpa_auth_ft.c,2403,FP,"heap pointer from wpa_ft_bigtk_subelem, same misfire as :2293/:2354",41plus_b72,high
DCL13-C,hostap,src/ap/wpa_auth_ft.c,2407,TP,sm read-only in wpa_ft_process_rdie; low-value real const opportunity,41plus_b72,med
DCL13-C,hostap,src/ap/wpa_auth_ft.c,2408,TP,"end only used in pointer-diff comparisons, never mutated; genuine const opportunity",41plus_b72,med
ARR36-C,hostap,src/ap/wpa_auth_ft.c,2419,FP,"pos/end are the same output-buffer pair threaded through the parser, not different arrays (documented pos/end triple-misfire class)",41plus_b72,high
EXP33-C,hostap,src/ap/wpa_auth_ft.c,2419,FP,"sizeof(*rdie) is compile-time, never dereferences at runtime (confirmed sizeof(*ptr) EXP33 class)",41plus_b72,high
EXP05-C,hostap,src/ap/wpa_auth_ft.c,2432,FP,callee ieee802_11_parse_elems itself takes const u8*; cast is a no-op and function never writes through it,41plus_b72,high
EXP33-C,hostap,src/ap/wpa_auth_ft.c,2440,FP,parse is populated by ieee802_11_parse_elems on the success path taken to reach this line,41plus_b72,high
EXP33-C,hostap,src/ap/wpa_auth_ft.c,2443,FP,"sizeof(*tspec), non-evaluating context, same confirmed class as :2419",41plus_b72,high
ARR36-C,hostap,src/ap/wpa_auth_ft.c,2450,FP,same pos/end output-buffer pair as :2419,41plus_b72,high
ARR39-C,hostap,src/ap/wpa_auth_ft.c,2497,FP,"rpos is a byte pointer (u8*); sizeof(*rdie) bound with 1:1 byte arithmetic, no double scaling (confirmed byte-pointer ARR39 class)",41plus_b72,high
EXP33-C,hostap,src/ap/wpa_auth_ft.c,2497,FP,"sizeof(*rdie), non-evaluating context",41plus_b72,high
ARR00-C,hostap,src/ap/wpa_auth_ft.c,2505,FP,"rpos is a plain pointer into a larger buffer, not a 1-element array; sqc mis-infers a size-1 bound from rpos[1] indexing (new pattern this batch)",41plus_b72,high
ARR00-C,hostap,src/ap/wpa_auth_ft.c,2506,FP,same byte-pointer-indexed-as-1-elem-array misfire as :2505,41plus_b72,high
API00-C,hostap,src/ap/wpa_auth_ft.c,2520,FP,"internal API; pos is always the caller's assoc-resp IE buffer, never externally nullable",41plus_b72,med
API00-C,hostap,src/ap/wpa_auth_ft.c,2520,FP,"max_len is an internal caller-controlled buffer size, no realistic overflow path",41plus_b72,med
MEM10-C,hostap,src/ap/wpa_auth_ft.c,2540,FP,stylistic ad-hoc NULL-check pedantry; the check IS present,41plus_b72,high
MEM12-C,hostap,src/ap/wpa_auth_ft.c,2662,FP,nbuf aliases subelem via subelem=nbuf right after realloc; the later os_free(subelem) frees the same memory (realloc-reassign alias MEM12 class),41plus_b72,high
MEM12-C,hostap,src/ap/wpa_auth_ft.c,2678,FP,same realloc-reassign alias as :2662 (bigtk branch),41plus_b72,high
MEM12-C,hostap,src/ap/wpa_auth_ft.c,2694,FP,"same realloc-reassign alias, OCV subelement growth branch",41plus_b72,high
MEM12-C,hostap,src/ap/wpa_auth_ft.c,2703,FP,same realloc-reassign alias as :2694,41plus_b72,high
ARR00-C,hostap,src/ap/wpa_auth_ft.c,2737,FP,end-pos is the pos/end idiom on one output buffer; 'pos from nbuf' misattributes an unrelated already-freed-name variable,41plus_b72,high
MEM12-C,hostap,src/ap/wpa_auth_ft.c,2741,FP,same nbuf/subelem alias misfire as :2662 et al.,41plus_b72,high
DCL37-C,hostap,src/ap/wpa_auth_ft.c,2748,FP,"_ftie is a block-scope local, not file-scope; C 7.1.3's single-underscore restriction is file-scope only (confirmed DCL37 local-vs-file-scope class)",41plus_b72,high
DCL37-C,hostap,src/ap/wpa_auth_ft.c,2756,FP,same block-scope-local misclassification as :2748,41plus_b72,high
DCL37-C,hostap,src/ap/wpa_auth_ft.c,2762,FP,same block-scope-local misclassification as :2748,41plus_b72,high
MEM12-C,hostap,src/ap/wpa_auth_ft.c,2837,FP,"nbuf already aliased/freed via subelem earlier; sm->assoc_resp_ftie is a struct field owned by sm, freed on the next call (ownership-transfer class)",41plus_b72,high
DCL13-C,hostap,src/ap/wpa_auth_ft.c,2841,TP,wpa_auth only read (cb/cb_ctx) in forwarding wrapper wpa_auth_set_key; low-value real opportunity,41plus_b72,med
DCL13-C,hostap,src/ap/wpa_auth_ft.c,2855,TP,wpa_auth only read in wpa_auth_set_ltf_keyseed forwarding wrapper; low-value real opportunity,41plus_b72,med
DCL13-C,hostap,src/ap/wpa_auth_ft.c,2868,TP,wpa_auth only read in wpa_auth_add_sta_ft forwarding wrapper; low-value real opportunity,41plus_b72,med
API05-C,hostap,src/ap/wpa_auth_ft.c,2936,FP,"out_pmk_r1 fixed-size (PMK_LEN) output buffer idiom, standard hostap convention (confirmed API05 pointer+size idiom class)",41plus_b72,high
API05-C,hostap,src/ap/wpa_auth_ft.c,2941,FP,out_identity already paired with out_identity_len on the same declaration (double-pointer variant of the idiom),41plus_b72,high
DCL13-C,hostap,src/ap/wpa_auth_ft.c,3016,TP,parse only read (key_mgmt/pairwise_cipher) in wpa_ft_set_key_mgmt; low-value real opportunity,41plus_b72,med
INT13-C,hostap,src/ap/wpa_auth_ft.c,3029,TP,"key_mgmt genuinely declared plain int and used with '&'; literal rule match, low practical severity (not the wrong-type-detection FP class)",41plus_b72,low
WIN04-C,hostap,src/ap/wpa_auth_ft.c,3032,FP,Windows-only EncodePointer() rule misapplied to POSIX/Linux hostapd code,41plus_b72,high
WIN04-C,hostap,src/ap/wpa_auth_ft.c,3035,FP,same Windows-only rule misapplication,41plus_b72,high
WIN04-C,hostap,src/ap/wpa_auth_ft.c,3038,FP,same Windows-only rule misapplication,41plus_b72,high
MSC13-C,hostap,src/ap/wpa_auth_ft.c,3040,FP,misattributes to the bare '#endif' preprocessor line inside an if/else-if/#ifdef chain; 'if' is not a real variable,41plus_b72,high
WIN04-C,hostap,src/ap/wpa_auth_ft.c,3040,FP,"fires on a bare '#endif' preprocessor directive line, not a function-pointer store at all (preprocessor-branch-blind CFG bug)",41plus_b72,high
DCL13-C,hostap,src/ap/wpa_auth_ft.c,3057,TP,sm read-only in wpa_ft_local_derive_pmk_r1; low-value real const opportunity,41plus_b72,med
API05-C,hostap,src/ap/wpa_auth_ft.c,3061,FP,r0kh_id already paired with r0kh_id_len on the same line,41plus_b72,high
API05-C,hostap,src/ap/wpa_auth_ft.c,3066,FP,identity already paired with identity_len (double-pointer idiom),41plus_b72,high
MEM33-C,hostap,src/ap/wpa_auth_ft.c,3108,FP,struct vlan_description has no flexible array member (fixed int tagged[32]); confirmed MEM33 rule-engine-bug class fires on plain struct assignment,41plus_b72,high
ARR01-C,hostap,src/ap/wpa_auth_ft.c,3110,FP,"sizeof(*vlan) correctly dereferences to the pointee struct size, the idiom the rule should want (confirmed ARR01 sizeof(*ptr) class)",41plus_b72,high
ENV01-C,hostap,src/ap/wpa_auth_ft.c,3136,FP,"wholesale ENV01 misfire, no getenv() in wpa_ft_process_auth_req",41plus_b72,high
MSC07-C,hostap,src/ap/wpa_auth_ft.c,3273,FP,"pmk_r1_derived: label is reached via 3 earlier goto statements, not by fallthrough (confirmed goto-target MSC07 class)",41plus_b72,high
EXP33-C,hostap,src/ap/wpa_auth_ft.c,3360,FP,identity always set by whichever of the 3 mutually-exclusive helper calls (each takes &identity) reached the shared pmk_r1_derived label before this use,41plus_b72,high
EXP33-C,hostap,src/ap/wpa_auth_ft.c,3362,FP,radius_cui set the same way as identity at :3360,41plus_b72,high
ARR39-C,hostap,src/ap/wpa_auth_ft.c,3368,FP,buflen is pure size_t arithmetic; no pointer operand at all in the expression (confirmed pure-integer-sum ARR39 class),41plus_b72,high
ARR37-C,hostap,src/ap/wpa_auth_ft.c,3380,FP,"pos points into the heap-allocated *resp_ies buffer, a real array, not a bare scalar pointer (confirmed ARR37 class on a genuine buffer pointer)",41plus_b72,high
ARR37-C,hostap,src/ap/wpa_auth_ft.c,3385,FP,same pos-into-resp_ies-buffer misfire as :3380,41plus_b72,high
ARR37-C,hostap,src/ap/wpa_auth_ft.c,3393,FP,same pos-into-resp_ies-buffer misfire as :3380,41plus_b72,high
API00-C,hostap,src/ap/wpa_auth_ft.c,3408,FP,internal-only API; ies is always the frame body handed down from the ieee802_11 dispatcher,41plus_b72,med
API00-C,hostap,src/ap/wpa_auth_ft.c,3408,FP,"cb is always the fixed pending-auth callback supplied by the caller, never NULL by convention",41plus_b72,med
API00-C,hostap,src/ap/wpa_auth_ft.c,3408,FP,"ctx is an internal opaque context pointer, same internal-API FP class",41plus_b72,med
API05-C,hostap,src/ap/wpa_auth_ft.c,3413,FP,ies/ies_len pointer+size pair inside a pinned callback typedef parameter,41plus_b72,high
MEM10-C,hostap,src/ap/wpa_auth_ft.c,3420,FP,stylistic ad-hoc NULL-check pedantry,41plus_b72,high
EXP30-C,hostap,src/ap/wpa_auth_ft.c,3426,FP,"MAC2STR is a pure read/formatting macro, no side effects to unsequence",41plus_b72,high
EXP30-C,hostap,src/ap/wpa_auth_ft.c,3442,FP,"MAC2STR and status2str are pure accessor/lookup calls, same confirmed EXP30 class",41plus_b72,high
ENV01-C,hostap,src/ap/wpa_auth_ft.c,3457,FP,"mic fixed buffer, no getenv() in wpa_ft_validate_reassoc - wholesale ENV01 misfire",41plus_b72,high
MEM10-C,hostap,src/ap/wpa_auth_ft.c,3465,FP,stylistic ad-hoc NULL-check pedantry,41plus_b72,high
EXP30-C,hostap,src/ap/wpa_auth_ft.c,3626,FP,"MAC2STR pure macro args, same confirmed EXP30 class",41plus_b72,high
MSC01-C,hostap,src/ap/wpa_auth_ft.c,3680,FP,"deliberate guard-clause chain; missing final else means ""OCV succeeded, continue"" (confirmed no-final-else class)",41plus_b72,high
API00-C,hostap,src/ap/wpa_auth_ft.c,3700,FP,"internal-only API; data's length is validated at :3716 before any use, this isn't a NULL-pointer risk class",41plus_b72,med
DCL13-C,hostap,src/ap/wpa_auth_ft.c,3700,TP,sm read-only in wpa_ft_action_rx; low-value real const opportunity,41plus_b72,med
MEM10-C,hostap,src/ap/wpa_auth_ft.c,3708,FP,stylistic ad-hoc NULL-check pedantry,41plus_b72,high
ARR00-C,hostap,src/ap/wpa_auth_ft.c,3723,FP,"data is a plain pointer bounded by the earlier len<14 check, not a 1-element array; same byte-pointer-indexed-as-array misfire as :2505",41plus_b72,high
ARR00-C,hostap,src/ap/wpa_auth_ft.c,3724,FP,same misfire as :3723,41plus_b72,high
ARR00-C,hostap,src/ap/wpa_auth_ft.c,3725,FP,same misfire as :3723,41plus_b72,high
EXP30-C,hostap,src/ap/wpa_auth_ft.c,3728,FP,"MAC2STR pure macro args x2, confirmed EXP30 class",41plus_b72,high
EXP30-C,hostap,src/ap/wpa_auth_ft.c,3733,FP,"MAC2STR pure macro args x2, confirmed EXP30 class",41plus_b72,high
EXP33-C,hostap,src/ap/wpa_auth_ft.c,3759,FP,"sizeof(*frame) inside the os_malloc call, non-evaluating context, not a dereference",41plus_b72,high
API05-C,hostap,src/ap/wpa_auth_ft.c,3776,FP,dst is a fixed 6-byte MAC address idiom inside a pinned callback typedef,41plus_b72,med
DCL13-C,hostap,src/ap/wpa_auth_ft.c,3826,TP,sm read-only in wpa_ft_send_rrb_auth_resp; low-value real const opportunity,41plus_b72,med
DCL22-C,hostap,src/ap/wpa_auth_ft.c,3834,FP,"ordinary local pointer, no setjmp/longjmp or signal-handler context in this function (confirmed DCL22 misfire class)",41plus_b72,high
EXP30-C,hostap,src/ap/wpa_auth_ft.c,3836,FP,"MAC2STR/status2str pure accessor args, confirmed EXP30 class",41plus_b72,high
EXP33-C,hostap,src/ap/wpa_auth_ft.c,3850,FP,"sizeof(*frame), non-evaluating context, same as :3759",41plus_b72,high
ENV01-C,hostap,src/ap/wpa_auth_ft.c,3885,FP,"wholesale ENV01 misfire, no getenv() in wpa_ft_rrb_build_r0",41plus_b72,high
MEM05-C,hostap,src/ap/wpa_auth_ft.c,3888,FP,"sizeof(le16) is a compile-time constant, f_pairwise is not a VLA (confirmed fixed-size-array MEM05 class)",41plus_b72,high
MEM05-C,hostap,src/ap/wpa_auth_ft.c,3889,FP,"sizeof(le16) compile-time constant, same confirmed class",41plus_b72,high
MEM05-C,hostap,src/ap/wpa_auth_ft.c,3890,FP,"sizeof(le32) compile-time constant, same confirmed class",41plus_b72,high
ARR02-C,hostap,src/ap/wpa_auth_ft.c,3895,FP,sess_tlv[] is sized by its own 7-element initializer list (confirmed array-sized-by-initializer class),41plus_b72,high
EXP33-C,hostap,src/ap/wpa_auth_ft.c,3897,FP,pmk_r1 array address is stored for later use in sess_tlv; contents filled by wpa_derive_pmk_r1 (:3917) before wpa_ft_rrb_build reads it (:3938),41plus_b72,med
EXP33-C,hostap,src/ap/wpa_auth_ft.c,3899,FP,"pmk_r1_name filled by the same wpa_derive_pmk_r1 call before use, same reasoning as :3897",41plus_b72,med
EXP33-C,hostap,src/ap/wpa_auth_ft.c,3901,FP,f_pairwise filled via WPA_PUT_LE16 (:3919) before wpa_ft_rrb_build consumes sess_tlv,41plus_b72,med
EXP33-C,hostap,src/ap/wpa_auth_ft.c,3903,FP,"f_expires_in filled via WPA_PUT_LE16 (:3928) before use, same reasoning",41plus_b72,med
EXP33-C,hostap,src/ap/wpa_auth_ft.c,3910,FP,"f_session_timeout filled via WPA_PUT_LE32 (:3936) before use, same reasoning",41plus_b72,med
EXP33-C,hostap,src/ap/wpa_auth_ft.c,3973,FP,f_r0kh_id set by the RRB_GET_AUTH macro on the same line before this use (macro-blind output-param class),41plus_b72,high
EXP33-C,hostap,src/ap/wpa_auth_ft.c,3973,FP,f_r0kh_id_len set by the same RRB_GET_AUTH macro invocation,41plus_b72,high
EXP33-C,hostap,src/ap/wpa_auth_ft.c,3981,FP,f_r1kh_id set by RRB_GET_AUTH at :3980 before this use,41plus_b72,high
MSC41-C,hostap,src/ap/wpa_auth_ft.c,3995,FP,"""pull request"" is a debug msgtype tag string, not a password/key/secret (confirmed MSC41 debug-string class)",41plus_b72,high
EXP33-C,hostap,src/ap/wpa_auth_ft.c,3996,FP,f_nonce set by RRB_GET_AUTH on the same line before this use,41plus_b72,high
EXP33-C,hostap,src/ap/wpa_auth_ft.c,3996,FP,f_nonce_len set by the same macro invocation,41plus_b72,high
EXP33-C,hostap,src/ap/wpa_auth_ft.c,4037,FP,f_pmk_r0_name set by RRB_GET at :4036 before this use,41plus_b72,high
EXP33-C,hostap,src/ap/wpa_auth_ft.c,4038,FP,f_pmk_r0_name_len set by the same macro invocation,41plus_b72,high
EXP33-C,hostap,src/ap/wpa_auth_ft.c,4041,FP,f_s1kh_id set by RRB_GET at :4040 before this use,41plus_b72,high
EXP30-C,hostap,src/ap/wpa_auth_ft.c,4048,FP,"MAC2STR pure macro args x2, confirmed EXP30 class",41plus_b72,high
EXP33-C,hostap,src/ap/wpa_auth_ft.c,4053,FP,f_s1kh_id_len set by RRB_GET at :4040 before this use,41plus_b72,high
EXP33-C,hostap,src/ap/wpa_auth_ft.c,4069,FP,f_r1kh_id_len set by RRB_GET_AUTH at :3980 before this use,41plus_b72,high
API05-C,hostap,src/ap/wpa_auth_ft.c,4109,FP,"s1kh_id_out is a fixed 6-byte MAC-address output-buffer idiom, standard hostap convention",41plus_b72,med
MSC13-C,hostap,src/ap/wpa_auth_ft.c,4125,FP,"f_r1kh_id_len is written via the RRB_GET_AUTH macro's &f_r1kh_id_len output-arg (address-of, would not be a compiler warning) but its value is never subsequently read - macro-blind use-detection, not truly 'declared but never used'",41plus_b72,med
MSC13-C,hostap,src/ap/wpa_auth_ft.c,4125,FP,f_s1kh_id_len same macro-set-but-unread reasoning as the sibling f_r1kh_id_len finding on this line,41plus_b72,med
MSC13-C,hostap,src/ap/wpa_auth_ft.c,4128,FP,"f_pmk_r1_name_len set via RRB_GET macro output-arg, value never read afterward (same macro-blind class)",41plus_b72,med
MSC13-C,hostap,src/ap/wpa_auth_ft.c,4129,FP,"f_expires_in_len set via RRB_GET_OPTIONAL macro output-arg, value never read afterward",41plus_b72,med
MSC13-C,hostap,src/ap/wpa_auth_ft.c,4131,FP,"f_session_timeout_len set via RRB_GET_OPTIONAL macro output-arg, value never read afterward",41plus_b72,med
EXP33-C,hostap,src/ap/wpa_auth_ft.c,4140,FP,f_r0kh_id set by RRB_GET_AUTH at :4139 before this use,41plus_b72,high
EXP33-C,hostap,src/ap/wpa_auth_ft.c,4140,FP,f_r0kh_id_len set by the same macro invocation,41plus_b72,high
EXP33-C,hostap,src/ap/wpa_auth_ft.c,4143,FP,f_r1kh_id set by RRB_GET_AUTH at :4142 before this use,41plus_b72,high
EXP33-C,hostap,src/ap/wpa_auth_ft.c,4202,FP,f_s1kh_id set by RRB_GET at :4201 before this use,41plus_b72,high
MSC13-C,hostap,src/ap/wpa_auth_ft.c,4207,FP,ret=-2 sentinel is read via 'return ret;' if the very next RRB_GET macro call (:4208) fails and gotos out; sqc doesn't see the macro's embedded goto consuming it,41plus_b72,med
EXP33-C,hostap,src/ap/wpa_auth_ft.c,4208,FP,"macro-argument-token misattribution: bare 'pairwise' at this RRB_GET() invocation is token-pasted into f_pairwise/f_pairwise_len, never itself read here",41plus_b72,med
EXP33-C,hostap,src/ap/wpa_auth_ft.c,4209,FP,f_pairwise set by the RRB_GET macro at :4208 before this use,41plus_b72,high
EXP33-C,hostap,src/ap/wpa_auth_ft.c,4209,FP,f_pairwise_len set by the same macro invocation,41plus_b72,high
EXP33-C,hostap,src/ap/wpa_auth_ft.c,4214,FP,f_pmk_r1_name set by RRB_GET at :4212 before this use,41plus_b72,high
EXP33-C,hostap,src/ap/wpa_auth_ft.c,4227,FP,"macro-argument-token misattribution: bare 'expires_in' at this RRB_GET_OPTIONAL() invocation is token-pasted into f_expires_in/f_expires_in_len, never itself read here",41plus_b72,med
EXP33-C,hostap,src/ap/wpa_auth_ft.c,4229,FP,f_expires_in set (or left NULL) unconditionally by the RRB_GET_OPTIONAL macro at :4227 before this guarded read,41plus_b72,high
EXP33-C,hostap,src/ap/wpa_auth_ft.c,4247,FP,f_identity set unconditionally (success or NULL) by RRB_GET_OPTIONAL macro before this guarded read,41plus_b72,high
EXP33-C,hostap,src/ap/wpa_auth_ft.c,4249,FP,f_identity_len set by the same macro invocation,41plus_b72,high
EXP33-C,hostap,src/ap/wpa_auth_ft.c,4252,FP,f_radius_cui set unconditionally by RRB_GET_OPTIONAL macro before this guarded read,41plus_b72,high
EXP33-C,hostap,src/ap/wpa_auth_ft.c,4254,FP,f_radius_cui_len set by the same macro invocation,41plus_b72,high
EXP33-C,hostap,src/ap/wpa_auth_ft.c,4256,FP,"macro-argument-token misattribution: bare 'session_timeout' at this RRB_GET_OPTIONAL() invocation is token-pasted into f_session_timeout(_len), never itself read here",41plus_b72,med
EXP33-C,hostap,src/ap/wpa_auth_ft.c,4258,FP,f_session_timeout set unconditionally by the RRB_GET_OPTIONAL macro at :4256 before this guarded read,41plus_b72,high
EXP30-C,hostap,src/ap/wpa_auth_ft.c,4290,FP,"wpabuf_head/wpabuf_len are pure accessor calls, no side effects to unsequence (confirmed EXP30 pure-accessor class)",41plus_b72,high
EXP43-C,hostap,src/ap/wpa_auth_ft.c,4305,FP,sm->ft_pending_cb's typedef has no restrict-qualified parameters at all; EXP43's UB only applies to restrict-qualified aliasing,41plus_b72,high
MSC37-C,hostap,src/ap/wpa_auth_ft.c,4336,FP,wpa_ft_rrb_rx_resp returns explicitly on every path (out: return ret; plus earlier explicit returns); goto-label-with-return misdetected as fallthrough,41plus_b72,high
MSC13-C,hostap,src/ap/wpa_auth_ft.c,4343,FP,"ret=-1 initializer is read via 'return ret;' if the very next RRB_GET_AUTH (:4351) fails and gotos out; macro-embedded-goto not seen by sqc, same class as :4207",41plus_b72,med
EXP33-C,hostap,src/ap/wpa_auth_ft.c,4352,FP,f_nonce set by RRB_GET_AUTH on the same line before this use,41plus_b72,high
EXP33-C,hostap,src/ap/wpa_auth_ft.c,4352,FP,f_nonce_len set by the same macro invocation,41plus_b72,high
MSC37-C,hostap,src/ap/wpa_auth_ft.c,4408,FP,"wpa_ft_rrb_rx_seq returns explicitly on every path (out: return -1; plus return 0;), same goto-label misdetection as :4336",41plus_b72,high
MSC13-C,hostap,src/ap/wpa_auth_ft.c,4422,FP,"f_r1kh_id_len set via RRB_GET_AUTH macro output-arg but the function only ever reads f_r1kh_id (not its len); macro-blind use-detection, same class as :4125",41plus_b72,med
MSC41-C,hostap,src/ap/wpa_auth_ft.c,4429,FP,"""seq"" is a debug msgtype tag string, not a secret (same confirmed MSC41 debug-string class as :3995)",41plus_b72,high
MSC41-C,hostap,src/ap/wpa_auth_ft.c,4430,FP,same debug msgtype-string misfire as :4429,41plus_b72,high
EXP20-C,hostap,src/ap/wpa_auth_ft.c,4432,FP,wpa_ft_rrb_check_r0kh is a verified internal 0/-1-only contract; '!f()' is the textually-correct idiom for that contract (extends the OpenSSL-1/0-contract EXP20 class to an internal function),41plus_b72,med
EXP33-C,hostap,src/ap/wpa_auth_ft.c,4432,FP,f_r0kh_id set by RRB_GET_AUTH at :4429 before this use,41plus_b72,high
EXP33-C,hostap,src/ap/wpa_auth_ft.c,4432,FP,f_r0kh_id_len set by the same macro invocation,41plus_b72,high
EXP20-C,hostap,src/ap/wpa_auth_ft.c,4433,FP,"wpa_ft_rrb_check_r1kh is a verified internal 0/-1-only contract, same reasoning as :4432",41plus_b72,med
EXP33-C,hostap,src/ap/wpa_auth_ft.c,4433,FP,f_r1kh_id set by RRB_GET_AUTH at :4430 before this use,41plus_b72,high
EXP33-C,hostap,src/ap/wpa_auth_ft.c,4489,FP,"r0kh_wildcard set via wpa_ft_rrb_lookup_r0kh's &r0kh_wildcard output-param earlier in the same if(!to_r0kh) block, before this use",41plus_b72,high
DCL30-C,hostap,src/ap/wpa_auth_ft.c,4499,FP,"r0kh points to a persistent object owned by the R0KH list (looked up or added via wpa_ft_rrb_add_r0kh), not local automatic storage (confirmed local-pointer-vs-heap/persistent-storage class)",41plus_b72,high
DCL30-C,hostap,src/ap/wpa_auth_ft.c,4501,FP,"r0kh_wildcard is likewise a persistent R0KH-list object, not a local stack variable",41plus_b72,high
EXP33-C,hostap,src/ap/wpa_auth_ft.c,4506,FP,r1kh_wildcard set unconditionally by wpa_ft_rrb_lookup_r1kh (*r1kh_wildcard=NULL first stmt) under the same invariant `!to_r1kh` condition evaluated twice; sqc doesn't correlate the two identical-condition ifs.,41plus_b73,high
DCL30-C,hostap,src/ap/wpa_auth_ft.c,4515,FP,"r1kh points into wpa_auth->conf.r1kh_list (persistent config list), not automatic storage; DCL30-C local-var-vs-local-storage confusion, confirmed pattern.",41plus_b73,high
DCL30-C,hostap,src/ap/wpa_auth_ft.c,4517,FP,"same as r1kh: r1kh_wildcard is also a node in the persistent r1kh_list, not automatic storage.",41plus_b73,high
MSC07-C,hostap,src/ap/wpa_auth_ft.c,4521,FP,"out: label after return 0; is a goto target reached from earlier failure branches, not dead code; confirmed goto/label MSC07-C FP pattern.",41plus_b73,high
MSC13-C,hostap,src/ap/wpa_auth_ft.c,4535,FP,"f_r1kh_id_len is written and read inside the RRB_GET_AUTH macro's own checklength comparison; macro-blind liveness misfire, extends dl_list_for_each/RND macro MSC13-C FP class.",41plus_b73,med
MSC41-C,hostap,src/ap/wpa_auth_ft.c,4548,FP,"""seq request"" is the descriptive txt/title argument to the RRB_GET_AUTH macro's debug log, not secret data; confirmed MSC41-C title-string misfire pattern.",41plus_b73,high
EXP33-C,hostap,src/ap/wpa_auth_ft.c,4549,FP,f_nonce only reached if RRB_GET_AUTH's wpa_ft_rrb_get_tlv() succeeded (else goto out); success implies the out-param was set. Same 'rule doesn't see earlier same-function guard' family as INT33/INT30 entries.,41plus_b73,high
EXP33-C,hostap,src/ap/wpa_auth_ft.c,4549,FP,f_nonce_len set by the same guarded macro call as f_nonce; same success-implies-initialized FP as above.,41plus_b73,high
MSC41-C,hostap,src/ap/wpa_auth_ft.c,4551,FP,"""seq"" is the RRB_GET_AUTH macro's debug-log title string, not secret data; confirmed MSC41-C pattern.",41plus_b73,high
MSC41-C,hostap,src/ap/wpa_auth_ft.c,4552,FP,"same RRB_GET_AUTH title-string misfire (""seq"").",41plus_b73,high
EXP30-C,hostap,src/ap/wpa_auth_ft.c,4559,FP,"MAC2STR expands to pure array-index reads, no side effects; confirmed pure-accessor-args EXP30-C FP class.",41plus_b73,high
EXP33-C,hostap,src/ap/wpa_auth_ft.c,4570,FP,f_r0kh_id_len only reached after RRB_GET_AUTH's guarded get_tlv() success; same success-implies-initialized FP.,41plus_b73,high
EXP33-C,hostap,src/ap/wpa_auth_ft.c,4571,FP,f_r0kh_id set by the same guarded macro; same FP.,41plus_b73,high
EXP33-C,hostap,src/ap/wpa_auth_ft.c,4574,FP,f_r1kh_id set by the same guarded RRB_GET_AUTH macro; same FP.,41plus_b73,high
MSC37-C,hostap,src/ap/wpa_auth_ft.c,4595,FP,function has explicit return 0 on the normal path and return -1 at out:; every path returns a value. Same goto/label CFG-blindness family as the MSC07-C misfires in this file.,41plus_b73,med
MSC13-C,hostap,src/ap/wpa_auth_ft.c,4606,FP,"f_seq_len is written/read inside RRB_GET_AUTH's own checklength check; macro-blind MSC13-C misfire, same class as f_r1kh_id_len above.",41plus_b73,med
MSC41-C,hostap,src/ap/wpa_auth_ft.c,4622,FP,"""seq response"" is the RRB_GET_AUTH debug-log title, not secret data; confirmed pattern.",41plus_b73,high
EXP33-C,hostap,src/ap/wpa_auth_ft.c,4623,FP,f_nonce set by guarded RRB_GET_AUTH macro (goto out on failure); success-implies-initialized FP.,41plus_b73,high
EXP33-C,hostap,src/ap/wpa_auth_ft.c,4624,FP,f_nonce_len set by the same guarded macro; same FP.,41plus_b73,high
MSC13-C,hostap,src/ap/wpa_auth_ft.c,4626,FP,found is read right after the dl_list_for_each loop via if(!found); confirmed 'MSC13-C dead assignment misfired across dl_list_for_each macro' pattern (eth_p_oui.c precedent).,41plus_b73,high
MSC13-C,hostap,src/ap/wpa_auth_ft.c,4635,FP,same dl_list_for_each macro-blind MSC13-C FP; found=1 inside the loop is read at the post-loop if(!found).,41plus_b73,high
MSC41-C,hostap,src/ap/wpa_auth_ft.c,4666,FP,"""seq response"" is the RRB_GET_AUTH title string again; confirmed pattern.",41plus_b73,high
MSC07-C,hostap,src/ap/wpa_auth_ft.c,4691,FP,out: label after return 0; is a goto target from earlier failure branches; confirmed goto/label MSC07-C FP pattern.,41plus_b73,high
API00-C,hostap,src/ap/wpa_auth_ft.c,4696,FP,wpa_auth is always hapd->wpa_auth from the single internal call site (wpa_auth_glue.c); confirmed 'API00-C mostly FP on internal-only APIs' class.,41plus_b73,med
API00-C,hostap,src/ap/wpa_auth_ft.c,4696,FP,"src_addr comes from the driver's RX event address, never NULL in practice; same internal-API API00-C FP class.",41plus_b73,med
EXP33-C,hostap,src/ap/wpa_auth_ft.c,4708,FP,"sizeof(*frame) is a compile-time size computation, not a dereference, even though frame is not yet assigned; confirmed highest-volume EXP33-C sizeof(*ptr) FP class.",41plus_b73,high
EXP05-C,hostap,src/ap/wpa_auth_ft.c,4715,FP,"frame is only used to read fields (frame_type/packet_type/action_length/ap_address), never written through; confirmed EXP05-C read-only const-cast-overlay FP class.",41plus_b73,high
ARR39-C,hostap,src/ap/wpa_auth_ft.c,4731,FP,"data_len is size_t, sizeof(*frame) a plain integer; alen > data_len - sizeof(*frame) is scalar integer subtraction, not pointer arithmetic at all - extends the confirmed 'ARR39-C misfires on a non-pointer expression' class.",41plus_b73,high
DCL30-C,hostap,src/ap/wpa_auth_ft.c,4756,FP,"sta_addr is an ordinary local `const u8 *` declared in this same function (line 4703), not global/static; confirmed 'DCL30-C conflates a local with global/static' category-error class.",41plus_b73,high
EXP30-C,hostap,src/ap/wpa_auth_ft.c,4760,FP,MAC2STR pure-accessor args again; confirmed FP class.,41plus_b73,high
API00-C,hostap,src/ap/wpa_auth_ft.c,4808,FP,wpa_auth is always hapd->wpa_auth from the sole internal caller; confirmed internal-API API00-C FP class.,41plus_b73,med
API00-C,hostap,src/ap/wpa_auth_ft.c,4808,FP,"dst_addr comes from the driver RX event, never externally-nullable; same internal-API FP class.",41plus_b73,med
EXP30-C,hostap,src/ap/wpa_auth_ft.c,4816,FP,MAC2STR pure-accessor args; confirmed FP class.,41plus_b73,high
INT30-C,hostap,src/ap/wpa_auth_ft.c,4839,FP,"alen comes from WPA_GET_LE16 (max 65535); sizeof(u16)+alen tops out around 65537, nowhere near SIZE_MAX - extends the confirmed 'INT30-C doesn't recognize a small compile-time/protocol bound' family.",41plus_b73,med
ARR39-C,hostap,src/ap/wpa_auth_ft.c,4844,FP,"data is a u8*/const u8* with pointee size 1; data + sizeof(u16) is correctly single-scaled byte-pointer arithmetic, not double scaling; confirmed byte-pointer ARR39-C FP class.",41plus_b73,high
ARR39-C,hostap,src/ap/wpa_auth_ft.c,4846,FP,same byte-pointer (data + sizeof(u16) + alen) single-scale FP as line 4844.,41plus_b73,high
INT30-C,hostap,src/ap/wpa_auth_ft.c,4846,FP,'data + sizeof(u16) + alen' is pointer arithmetic on a u8* variable mislabeled as unsigned-integer wraparound; confirmed 'INT30-C mislabels pointer arithmetic' FP class.,41plus_b73,high
ARR39-C,hostap,src/ap/wpa_auth_ft.c,4847,FP,"data_len - sizeof(u16) - alen is a plain size_t subtraction, no pointer involved; extends the non-pointer ARR39-C FP class.",41plus_b73,high
INT30-C,hostap,src/ap/wpa_auth_ft.c,4847,FP,"guarded two lines earlier by if(data_len < sizeof(u16)+alen) return;, so the subtraction can never underflow; confirmed 'rule doesn't see an earlier same-function guard' INT30-C family.",41plus_b73,high
MSC01-C,hostap,src/ap/wpa_auth_ft.c,4850,FP,"switch on the wire oui_suffix opcode deliberately, silently ignores unrecognized values per IEEE 802.11r robustness design; confirmed 'MSC01-C fires on deliberate protocol-opcode guard-clause fallthrough' FP class.",41plus_b73,med
DCL13-C,hostap,src/ap/wpa_auth_ft.c,4877,TP,"r1kh is a plain internal helper param (not a vtable/callback slot); no field of r1kh itself is written in this function - const would compile fine since r1kh->seq's pointee constness is unaffected by r1kh's own const-qualification. Genuine, low-severity const opportunity.",41plus_b73,med
ARR02-C,hostap,src/ap/wpa_auth_ft.c,4883,FP,push[] is a local array whose size equals its brace-initializer element count; extends the confirmed 'ARR02-C misfire on a local array sized by its initializer' class.,41plus_b73,med
ARR02-C,hostap,src/ap/wpa_auth_ft.c,4890,FP,push_auth[] is likewise sized exactly by its initializer; same FP class.,41plus_b73,med
EXP30-C,hostap,src/ap/wpa_auth_ft.c,4906,FP,MAC2STR pure-accessor args; confirmed FP class.,41plus_b73,high
ARR01-C,hostap,src/ap/wpa_auth_ft.c,4910,FP,"sizeof(r1kh->key) sizes a real fixed-size struct-member array (r1kh->key), not the decayed r1kh pointer parameter itself; confirmed ARR01-C sizeof(ptr->member) misattribution class.",41plus_b73,high
API00-C,hostap,src/ap/wpa_auth_ft.c,4924,FP,"addr comes from the internal STA-association path, never externally nullable; confirmed internal-API API00-C FP class.",41plus_b73,med
MSC13-C,hostap,src/ap/wpa_auth_ft.c,4937,FP,r0found=r0 inside the dl_list_for_each loop is read right after via r0=r0found; confirmed dl_list_for_each macro-blind MSC13-C FP class.,41plus_b73,high
FLP30-C,hostap,src/ap/wpa_auth_ft.c,4950,FP,"r1kh is declared 'struct ft_remote_r1kh *' (a pointer), not a floating-point type at all - rule-engine type misclassification, same family as the confirmed INT30-C pointer-mislabeled-as-integer and ARR01-C non-parameter-array bugs.",41plus_b73,high
PRE08-C,hostap,wpa_supplicant/dbus/dbus_new_handlers_p2p.c,18,TP,dbus_new_helpers.h/dbus_new.h literally share 'dbus_new'; established not-FP-by-default convention (categorical_patterns.md dbus_new_handlers.c entries),41plus_b74,low
PRE08-C,hostap,wpa_supplicant/dbus/dbus_new_handlers_p2p.c,18,TP,"same PRE08-C literal-8-char convention, vs dbus_new_handlers.h",41plus_b74,low
PRE08-C,hostap,wpa_supplicant/dbus/dbus_new_handlers_p2p.c,18,TP,"same PRE08-C literal-8-char convention, vs dbus_new_handlers_p2p.h",41plus_b74,low
PRE08-C,hostap,wpa_supplicant/dbus/dbus_new_handlers_p2p.c,19,TP,"same PRE08-C literal-8-char convention, dbus_new.h vs dbus_new_handlers.h",41plus_b74,low
PRE08-C,hostap,wpa_supplicant/dbus/dbus_new_handlers_p2p.c,19,TP,"same PRE08-C literal-8-char convention, dbus_new.h vs dbus_new_handlers_p2p.h",41plus_b74,low
PRE08-C,hostap,wpa_supplicant/dbus/dbus_new_handlers_p2p.c,20,TP,"same PRE08-C literal-8-char convention, dbus_new_handlers.h vs dbus_new_handlers_p2p.h",41plus_b74,low
STR30-C,hostap,wpa_supplicant/dbus/dbus_new_handlers_p2p.c,46,FP,dbus_set_error_const's message param is const char* (dbus-errors.h) - confirmed FP pattern,41plus_b74,high
API05-C,hostap,wpa_supplicant/dbus/dbus_new_handlers_p2p.c,59,FP,"ETH_ALEN is a #define macro constant, not a variable 'declared after' - confirmed API05-C macro-constant FP pattern",41plus_b74,high
API00-C,hostap,wpa_supplicant/dbus/dbus_new_handlers_p2p.c,106,FP,message param only supplied by internal D-Bus dispatch (WPADBusMethodHandler) - confirmed dispatch-bound API00-C FP class,41plus_b74,high
API00-C,hostap,wpa_supplicant/dbus/dbus_new_handlers_p2p.c,106,FP,wpa_s param supplied only by internal dispatch - same API00-C dispatch FP class,41plus_b74,high
DCL31-C,hostap,wpa_supplicant/dbus/dbus_new_handlers_p2p.c,120,FP,"dbus_message_iter_init declared in <dbus/dbus.h>, transitively included - confirmed libdbus-header-blindness DCL31-C FP class",41plus_b74,high
MEM31-C,hostap,wpa_supplicant/dbus/dbus_new_handlers_p2p.c,183,FP,"line 183 free is on the success return path, line 191 free is on the mutually-exclusive error path (goto error_nop2p) - never both executed; verified control flow directly",41plus_b74,high
MSC07-C,hostap,wpa_supplicant/dbus/dbus_new_handlers_p2p.c,186,FP,"error_clear: label reached only via earlier goto, not fallthrough after the preceding return - confirmed goto-label-blindness MSC07-C FP class",41plus_b74,high
MEM30-C,hostap,wpa_supplicant/dbus/dbus_new_handlers_p2p.c,191,FP,same mutually-exclusive-path free as line 183 finding; only one of the two os_free(req_dev_types) calls ever executes,41plus_b74,high
MEM31-C,hostap,wpa_supplicant/dbus/dbus_new_handlers_p2p.c,191,FP,same mutually-exclusive-path double-free misfire,41plus_b74,high
DCL13-C,hostap,wpa_supplicant/dbus/dbus_new_handlers_p2p.c,196,FP,"message forwarded verbatim to dbus_message_new_error(DBusMessage*,...) which requires non-const - confirmed DCL13-C forwarding-to-non-const-callee FP class",41plus_b74,high
API00-C,hostap,wpa_supplicant/dbus/dbus_new_handlers_p2p.c,206,FP,message only supplied by internal dispatch - API00-C dispatch FP class,41plus_b74,high
DCL31-C,hostap,wpa_supplicant/dbus/dbus_new_handlers_p2p.c,213,FP,libdbus external-header DCL31-C FP class,41plus_b74,high
API00-C,hostap,wpa_supplicant/dbus/dbus_new_handlers_p2p.c,254,FP,message only supplied by internal dispatch - API00-C dispatch FP class,41plus_b74,high
MSC37-C,hostap,wpa_supplicant/dbus/dbus_new_handlers_p2p.c,254,FP,"verified every path (return NULL, return error, or goto error/error_clear to a return) returns a value - goto-label-blindness misfire, same root cause as MSC07-C class",41plus_b74,high
DCL31-C,hostap,wpa_supplicant/dbus/dbus_new_handlers_p2p.c,262,FP,libdbus external-header DCL31-C FP class,41plus_b74,high
MSC07-C,hostap,wpa_supplicant/dbus/dbus_new_handlers_p2p.c,293,FP,error_clear:/error: labels reached only via goto - goto-label-blindness FP class,41plus_b74,high
API00-C,hostap,wpa_supplicant/dbus/dbus_new_handlers_p2p.c,300,FP,message only supplied by internal dispatch - API00-C dispatch FP class,41plus_b74,high
MSC37-C,hostap,wpa_supplicant/dbus/dbus_new_handlers_p2p.c,300,FP,"all paths return (verified), goto-label-blindness MSC37-C FP",41plus_b74,high
DCL31-C,hostap,wpa_supplicant/dbus/dbus_new_handlers_p2p.c,308,FP,libdbus external-header DCL31-C FP class,41plus_b74,high
MSC07-C,hostap,wpa_supplicant/dbus/dbus_new_handlers_p2p.c,342,FP,error_clear:/error: labels reached only via goto - goto-label-blindness FP class,41plus_b74,high
API00-C,hostap,wpa_supplicant/dbus/dbus_new_handlers_p2p.c,349,FP,message only supplied by internal dispatch - API00-C dispatch FP class,41plus_b74,high
API00-C,hostap,wpa_supplicant/dbus/dbus_new_handlers_p2p.c,349,FP,wpa_s only supplied by internal dispatch - API00-C dispatch FP class,41plus_b74,high
MSC37-C,hostap,wpa_supplicant/dbus/dbus_new_handlers_p2p.c,349,FP,verified all paths reach a return (out:/inv_args_clear->inv_args->goto out) - goto-label-blindness MSC37-C FP,41plus_b74,high
MSC13-C,hostap,wpa_supplicant/dbus/dbus_new_handlers_p2p.c,361,TP,"group_id=0 init is never read on any path (unused in else branch, unconditionally overwritten via strtoul before use in if branch) - genuine dead-init per confirmed distinguishing rule",41plus_b74,low
DCL31-C,hostap,wpa_supplicant/dbus/dbus_new_handlers_p2p.c,371,FP,libdbus external-header DCL31-C FP class,41plus_b74,high
ERR30-C,hostap,wpa_supplicant/dbus/dbus_new_handlers_p2p.c,464,TP,"no errno=0 reset before strtoul(net_id_str,...), and check is only errno==EINVAL (no ERANGE guard) - unlike the confirmed errno=0-reset FP class, this call genuinely lacks the reset",41plus_b74,low
ERR32-C,hostap,wpa_supplicant/dbus/dbus_new_handlers_p2p.c,465,FP,"ordinary D-Bus handler function, not a POSIX signal handler - confirmed ERR32-C wholesale-misfire-on-non-signal-handler FP class",41plus_b74,high
MSC01-C,hostap,wpa_supplicant/dbus/dbus_new_handlers_p2p.c,487,FP,else-if is an intentional no-op-on-success guard (falls through to out: on success) - confirmed MSC01-C no-final-else guard-shape FP class,41plus_b74,high
MSC07-C,hostap,wpa_supplicant/dbus/dbus_new_handlers_p2p.c,496,FP,inv_args_clear:/inv_args: labels reached only via goto - goto-label-blindness FP class,41plus_b74,high
DCL13-C,hostap,wpa_supplicant/dbus/dbus_new_handlers_p2p.c,515,TP,"wpa_dbus_p2p_check_enabled is a plain static helper (not a WPADBusMethodHandler/PropertyAccessor with a fixed vtable typedef); wpa_s is genuinely read-only here - matches the confirmed 'plain helper, read-only param' exception that stays a real low-severity TP",41plus_b74,low
STR30-C,hostap,wpa_supplicant/dbus/dbus_new_handlers_p2p.c,527,FP,dbus_set_error_const message param is const char* - confirmed FP pattern,41plus_b74,high
MSC37-C,hostap,wpa_supplicant/dbus/dbus_new_handlers_p2p.c,541,FP,verified all paths return via out:/err:->goto out - goto-label-blindness MSC37-C FP,41plus_b74,high
EXP20-C,hostap,wpa_supplicant/dbus/dbus_new_handlers_p2p.c,552,FP,wpa_dbus_p2p_check_enabled returns dbus_bool_t (documented TRUE/FALSE 1/0 contract) - confirmed EXP20-C documented-boolean-contract FP class,41plus_b74,high
DCL31-C,hostap,wpa_supplicant/dbus/dbus_new_handlers_p2p.c,555,FP,libdbus external-header DCL31-C FP class,41plus_b74,high
MEM31-C,hostap,wpa_supplicant/dbus/dbus_new_handlers_p2p.c,590,FP,"peer_object_path is freed-then-reassigned (os_strdup) earlier in the dict loop, and the flagged free at out: is the only free of the final allocation - confirmed free-then-reassign MEM31-C FP class",41plus_b74,high
MEM31-C,hostap,wpa_supplicant/dbus/dbus_new_handlers_p2p.c,591,FP,"same free-then-reassign pattern as peer_object_path, for interface_addr",41plus_b74,high
MSC07-C,hostap,wpa_supplicant/dbus/dbus_new_handlers_p2p.c,593,FP,err: label reached only via goto - goto-label-blindness FP class,41plus_b74,high
EXP20-C,hostap,wpa_supplicant/dbus/dbus_new_handlers_p2p.c,604,FP,documented dbus_bool_t TRUE/FALSE contract - EXP20-C FP class,41plus_b74,high
DCL30-C,hostap,wpa_supplicant/dbus/dbus_new_handlers_p2p.c,605,FP,"reply is a local pointer *variable* to a heap-allocated, refcounted DBusMessage (dbus_message_new_error/_method_return) - confirmed heap-vs-stack-pointer-variable DCL30-C FP class",41plus_b74,high
MSC37-C,hostap,wpa_supplicant/dbus/dbus_new_handlers_p2p.c,618,FP,verified all paths return via out:/inv_args_clear->inv_args->goto out - goto-label-blindness MSC37-C FP,41plus_b74,high
MSC13-C,hostap,wpa_supplicant/dbus/dbus_new_handlers_p2p.c,636,TP,err_msg=NULL init never read: the switch's default case (lines 744-747) unconditionally assigns it before the only read at line 756 - genuine dead-init per confirmed distinguishing rule,41plus_b74,low
MSC13-C,hostap,wpa_supplicant/dbus/dbus_new_handlers_p2p.c,637,TP,iface=NULL init never read; same switch default-case-covers-all-paths reasoning as err_msg above,41plus_b74,low
EXP20-C,hostap,wpa_supplicant/dbus/dbus_new_handlers_p2p.c,640,FP,documented dbus_bool_t TRUE/FALSE contract - EXP20-C FP class,41plus_b74,high
DCL31-C,hostap,wpa_supplicant/dbus/dbus_new_handlers_p2p.c,643,FP,libdbus external-header DCL31-C FP class,41plus_b74,high
DCL31-C,hostap,wpa_supplicant/dbus/dbus_new_handlers_p2p.c,728,FP,dbus_message_new_method_return declared in <dbus/dbus.h> - libdbus external-header DCL31-C FP class,41plus_b74,high
MSC07-C,hostap,wpa_supplicant/dbus/dbus_new_handlers_p2p.c,763,FP,inv_args_clear:/inv_args: labels reached only via goto - goto-label-blindness FP class,41plus_b74,high
MSC37-C,hostap,wpa_supplicant/dbus/dbus_new_handlers_p2p.c,791,FP,verified all paths return via out:/err:->goto out - goto-label-blindness MSC37-C FP,41plus_b74,high
MSC13-C,hostap,wpa_supplicant/dbus/dbus_new_handlers_p2p.c,802,TP,"group_id=0 init never read: unused in the else branch, unconditionally overwritten via strtoul before use in the persistent branch - genuine dead-init, same shape as line 361",41plus_b74,low
EXP20-C,hostap,wpa_supplicant/dbus/dbus_new_handlers_p2p.c,807,FP,documented dbus_bool_t TRUE/FALSE contract - EXP20-C FP class,41plus_b74,high
DCL31-C,hostap,wpa_supplicant/dbus/dbus_new_handlers_p2p.c,810,FP,libdbus external-header DCL31-C FP class,41plus_b74,high
ERR30-C,hostap,wpa_supplicant/dbus/dbus_new_handlers_p2p.c,862,TP,"same no-errno-reset strtoul shape as line 464 (checks only errno==EINVAL, no prior errno=0)",41plus_b74,low
ERR32-C,hostap,wpa_supplicant/dbus/dbus_new_handlers_p2p.c,863,FP,"ordinary D-Bus handler, not a signal handler - confirmed ERR32-C FP class",41plus_b74,high
MSC07-C,hostap,wpa_supplicant/dbus/dbus_new_handlers_p2p.c,899,FP,err: label reached only via goto - goto-label-blindness FP class,41plus_b74,high
API00-C,hostap,wpa_supplicant/dbus/dbus_new_handlers_p2p.c,905,FP,message only supplied by internal dispatch - API00-C dispatch FP class,41plus_b74,high
DCL31-C,hostap,wpa_supplicant/dbus/dbus_new_handlers_p2p.c,913,FP,libdbus external-header DCL31-C FP class,41plus_b74,high
DCL31-C,hostap,wpa_supplicant/dbus/dbus_new_handlers_p2p.c,919,FP,dbus_message_iter_next declared in <dbus/dbus.h> - libdbus external-header DCL31-C FP class,41plus_b74,high
EXP34-C,hostap,wpa_supplicant/dbus/dbus_new_handlers_p2p.c,927,FP,config_method extracted via dbus_message_iter_get_basic() for a type-validated STRING method arg; D-Bus dispatch rejects signature-mismatched calls before reaching the handler - extends the confirmed dispatcher-validated-non-null EXP34-C FP class from dict-entry keys to plain method args,41plus_b74,med
EXP34-C,hostap,wpa_supplicant/dbus/dbus_new_handlers_p2p.c,928,FP,same dispatcher-validated-non-null config_method reasoning,41plus_b74,med
EXP34-C,hostap,wpa_supplicant/dbus/dbus_new_handlers_p2p.c,929,FP,same dispatcher-validated-non-null config_method reasoning,41plus_b74,med
EXP34-C,hostap,wpa_supplicant/dbus/dbus_new_handlers_p2p.c,930,FP,same dispatcher-validated-non-null config_method reasoning,41plus_b74,med
EXP34-C,hostap,wpa_supplicant/dbus/dbus_new_handlers_p2p.c,937,FP,same dispatcher-validated-non-null config_method reasoning,41plus_b74,med
DCL15-C,hostap,wpa_supplicant/dbus/dbus_new_handlers_p2p.c,950,FP,wpas_dbus_getter_p2p_device_config is registered by address in dbus_new.c's property table (verified via grep) - confirmed D-Bus property-accessor DCL15-C FP class,41plus_b74,high
EXP20-C,hostap,wpa_supplicant/dbus/dbus_new_handlers_p2p.c,963,FP,documented dbus_bool_t TRUE/FALSE contract - EXP20-C FP class,41plus_b74,high
EXP33-C,hostap,wpa_supplicant/dbus/dbus_new_handlers_p2p.c,1049,FP,vendor_ext[P2P_MAX_WPS_VENDOR_EXT] is a counted partial-fill array: loop fills indices 0..num_vendor_extensions-1 and the callee only reads num_vendor_extensions elements - confirmed counted-partial-fill-array EXP33-C FP class,41plus_b74,high
DCL31-C,hostap,wpa_supplicant/dbus/dbus_new_handlers_p2p.c,1077,FP,dbus_message_iter_close_container declared in <dbus/dbus.h> - libdbus external-header DCL31-C FP class,41plus_b74,high
MSC07-C,hostap,wpa_supplicant/dbus/dbus_new_handlers_p2p.c,1082,FP,err_no_mem: label reached only via goto - goto-label-blindness FP class,41plus_b74,high
STR30-C,hostap,wpa_supplicant/dbus/dbus_new_handlers_p2p.c,1083,FP,dbus_set_error_const message param is const char* - confirmed FP pattern,41plus_b74,high
DCL15-C,hostap,wpa_supplicant/dbus/dbus_new_handlers_p2p.c,1088,FP,wpas_dbus_setter_p2p_device_config registered in dbus_new.c's property table - confirmed D-Bus property-accessor DCL15-C FP class,41plus_b74,high
EXP20-C,hostap,wpa_supplicant/dbus/dbus_new_handlers_p2p.c,1097,FP,documented dbus_bool_t TRUE/FALSE contract - EXP20-C FP class,41plus_b74,high
STR30-C,hostap,wpa_supplicant/dbus/dbus_new_handlers_p2p.c,1108,FP,dbus_set_error_const - confirmed FP pattern,41plus_b74,high
EXP20-C,hostap,wpa_supplicant/dbus/dbus_new_handlers_p2p.c,1223,FP,"wpas_dbus_validate_dbus_ipaddr is defined locally (top of file) to return exactly 0 or 1 - documented boolean contract, EXP20-C FP class",41plus_b74,high
EXP20-C,hostap,wpa_supplicant/dbus/dbus_new_handlers_p2p.c,1228,FP,same wpas_dbus_validate_dbus_ipaddr 0/1-contract EXP20-C FP,41plus_b74,high
EXP20-C,hostap,wpa_supplicant/dbus/dbus_new_handlers_p2p.c,1233,FP,same wpas_dbus_validate_dbus_ipaddr 0/1-contract EXP20-C FP,41plus_b74,high
EXP20-C,hostap,wpa_supplicant/dbus/dbus_new_handlers_p2p.c,1238,FP,same wpas_dbus_validate_dbus_ipaddr 0/1-contract EXP20-C FP,41plus_b74,high
MSC07-C,hostap,wpa_supplicant/dbus/dbus_new_handlers_p2p.c,1267,FP,goto-label-blindness FP class (label reached only via earlier goto),41plus_b74,high
STR30-C,hostap,wpa_supplicant/dbus/dbus_new_handlers_p2p.c,1268,FP,dbus_set_error_const - confirmed FP pattern,41plus_b74,high
STR30-C,hostap,wpa_supplicant/dbus/dbus_new_handlers_p2p.c,1274,FP,dbus_set_error_const - confirmed FP pattern,41plus_b74,high
API00-C,hostap,wpa_supplicant/dbus/dbus_new_handlers_p2p.c,1280,FP,iter only supplied by internal PropertyAccessor dispatch - API00-C dispatch FP class,41plus_b74,high
DCL15-C,hostap,wpa_supplicant/dbus/dbus_new_handlers_p2p.c,1280,FP,wpas_dbus_getter_p2p_peers is a D-Bus property accessor with extern linkage requirement - confirmed DCL15-C FP class,41plus_b74,high
MSC13-C,hostap,wpa_supplicant/dbus/dbus_new_handlers_p2p.c,1289,TP,peer_info=NULL init never read: unconditionally reassigned at line 1307 before the first read at the while-condition line 1311 - genuine dead-init,41plus_b74,low
EXP20-C,hostap,wpa_supplicant/dbus/dbus_new_handlers_p2p.c,1300,FP,documented dbus_bool_t TRUE/FALSE contract - EXP20-C FP class,41plus_b74,high
STR30-C,hostap,wpa_supplicant/dbus/dbus_new_handlers_p2p.c,1360,FP,dbus_set_error_const - confirmed FP pattern,41plus_b74,high
DCL13-C,hostap,wpa_supplicant/dbus/dbus_new_handlers_p2p.c,1372,TP,"wpas_get_p2p_role is a plain static helper (not a fixed-vtable dispatch callback); wpa_s is genuinely read-only - matches the confirmed 'plain helper, read-only param' exception, real low-severity TP",41plus_b74,low
API00-C,hostap,wpa_supplicant/dbus/dbus_new_handlers_p2p.c,1395,FP,iter only supplied by internal dispatch - API00-C dispatch FP class,41plus_b74,high
API00-C,hostap,wpa_supplicant/dbus/dbus_new_handlers_p2p.c,1395,FP,error only supplied by internal dispatch - API00-C dispatch FP class,41plus_b74,high
DCL15-C,hostap,wpa_supplicant/dbus/dbus_new_handlers_p2p.c,1395,FP,wpas_dbus_getter_p2p_role registered in dbus_new.c property table (verified via grep) - confirmed DCL15-C FP class,41plus_b74,high
API00-C,hostap,wpa_supplicant/dbus/dbus_new_handlers_p2p.c,1419,FP,iter only supplied by internal dispatch - API00-C dispatch FP class,41plus_b74,high
API00-C,hostap,wpa_supplicant/dbus/dbus_new_handlers_p2p.c,1419,FP,error only supplied by internal dispatch - API00-C dispatch FP class,41plus_b74,high
DCL15-C,hostap,wpa_supplicant/dbus/dbus_new_handlers_p2p.c,1419,FP,wpas_dbus_getter_p2p_group is a D-Bus property accessor - confirmed DCL15-C FP class,41plus_b74,high
DCL13-C,hostap,wpa_supplicant/dbus/dbus_new_handlers_p2p.c,1421,FP,user_data pinned by the shared WPADBusPropertyAccessor typedef - confirmed DCL13-C dispatch-contract FP class,41plus_b74,high
MSC13-C,hostap,wpa_supplicant/dbus/dbus_new_handlers_p2p.c,1424,FP,path_buf is used only via its alias dbus_groupobj_path declared in the same statement - confirmed alias-blindness MSC13-C FP class,41plus_b74,high
ENV01-C,hostap,wpa_supplicant/dbus/dbus_new_handlers_p2p.c,1424,FP,"ordinary fixed local buffer, no getenv() call anywhere in the function - confirmed ENV01-C wholesale-misfire FP class",41plus_b74,high
API00-C,hostap,wpa_supplicant/dbus/dbus_new_handlers_p2p.c,1439,FP,iter only supplied by internal dispatch - API00-C dispatch FP class,41plus_b74,high
API00-C,hostap,wpa_supplicant/dbus/dbus_new_handlers_p2p.c,1439,FP,error only supplied by internal dispatch - API00-C dispatch FP class,41plus_b74,high
DCL15-C,hostap,wpa_supplicant/dbus/dbus_new_handlers_p2p.c,1439,FP,wpas_dbus_getter_p2p_peergo is a D-Bus property accessor - confirmed DCL15-C FP class,41plus_b74,high
ENV01-C,hostap,wpa_supplicant/dbus/dbus_new_handlers_p2p.c,1444,FP,"go_peer_obj_path is an ordinary fixed local buffer, no getenv() anywhere - confirmed ENV01-C FP class",41plus_b74,high
API00-C,hostap,wpa_supplicant/dbus/dbus_new_handlers_p2p.c,1463,FP,iter only supplied by internal dispatch - API00-C dispatch FP class,41plus_b74,high
DCL15-C,hostap,wpa_supplicant/dbus/dbus_new_handlers_p2p.c,1463,FP,wpas_dbus_getter_p2p_device_address is a D-Bus property accessor - confirmed DCL15-C FP class,41plus_b74,high
EXP20-C,hostap,wpa_supplicant/dbus/dbus_new_handlers_p2p.c,1469,FP,documented dbus_bool_t TRUE/FALSE contract - EXP20-C FP class,41plus_b74,high
DCL15-C,hostap,wpa_supplicant/dbus/dbus_new_handlers_p2p.c,1483,FP,wpas_dbus_getter_p2p_peer_device_name is a D-Bus property accessor - confirmed DCL15-C FP class,41plus_b74,high
DCL13-C,hostap,wpa_supplicant/dbus/dbus_new_handlers_p2p.c,1485,FP,user_data pinned by the shared WPADBusPropertyAccessor typedef - confirmed DCL13-C FP class,41plus_b74,high
EXP20-C,hostap,wpa_supplicant/dbus/dbus_new_handlers_p2p.c,1491,FP,documented dbus_bool_t TRUE/FALSE contract - EXP20-C FP class,41plus_b74,high
DCL31-C,hostap,wpa_supplicant/dbus/dbus_new_handlers_p2p.c,1498,FP,dbus_set_error declared in <dbus/dbus-errors.h> - libdbus external-header DCL31-C FP class,41plus_b74,high
STR30-C,hostap,wpa_supplicant/dbus/dbus_new_handlers_p2p.c,1498,FP,dbus_set_error's name/message params are const char* - confirmed FP pattern,41plus_b74,high
STR30-C,hostap,wpa_supplicant/dbus/dbus_new_handlers_p2p.c,1505,FP,dbus_set_error_const - confirmed FP pattern,41plus_b74,high
STR30-C,hostap,wpa_supplicant/dbus/dbus_new_handlers_p2p.c,1511,FP,dbus_set_error_const - confirmed FP pattern,41plus_b74,high
DCL15-C,hostap,wpa_supplicant/dbus/dbus_new_handlers_p2p.c,1521,FP,wpas_dbus_getter_p2p_peer_manufacturer is a D-Bus property accessor - confirmed DCL15-C FP class,41plus_b74,high
DCL13-C,hostap,wpa_supplicant/dbus/dbus_new_handlers_p2p.c,1523,FP,user_data pinned by shared WPADBusPropertyAccessor typedef - confirmed DCL13-C FP class,41plus_b74,high
EXP20-C,hostap,wpa_supplicant/dbus/dbus_new_handlers_p2p.c,1529,FP,documented dbus_bool_t TRUE/FALSE contract - EXP20-C FP class,41plus_b74,high
DCL31-C,hostap,wpa_supplicant/dbus/dbus_new_handlers_p2p.c,1536,FP,dbus_set_error external-header DCL31-C FP class,41plus_b74,high
STR30-C,hostap,wpa_supplicant/dbus/dbus_new_handlers_p2p.c,1536,FP,dbus_set_error const char* params - confirmed FP pattern,41plus_b74,high
STR30-C,hostap,wpa_supplicant/dbus/dbus_new_handlers_p2p.c,1542,FP,dbus_set_error_const - confirmed FP pattern,41plus_b74,high
STR30-C,hostap,wpa_supplicant/dbus/dbus_new_handlers_p2p.c,1548,FP,dbus_set_error_const - confirmed FP pattern,41plus_b74,high
DCL15-C,hostap,wpa_supplicant/dbus/dbus_new_handlers_p2p.c,1558,FP,wpas_dbus_getter_p2p_peer_modelname is a D-Bus property accessor - confirmed DCL15-C FP class,41plus_b74,high
DCL13-C,hostap,wpa_supplicant/dbus/dbus_new_handlers_p2p.c,1560,FP,user_data pinned by shared WPADBusPropertyAccessor typedef - confirmed DCL13-C FP class,41plus_b74,high
EXP20-C,hostap,wpa_supplicant/dbus/dbus_new_handlers_p2p.c,1566,FP,documented dbus_bool_t TRUE/FALSE contract - EXP20-C FP class,41plus_b74,high
DCL31-C,hostap,wpa_supplicant/dbus/dbus_new_handlers_p2p.c,1573,FP,dbus_set_error external-header DCL31-C FP class,41plus_b74,high
STR30-C,hostap,wpa_supplicant/dbus/dbus_new_handlers_p2p.c,1573,FP,dbus_set_error const char* params - confirmed FP pattern,41plus_b74,high
STR30-C,hostap,wpa_supplicant/dbus/dbus_new_handlers_p2p.c,1579,FP,dbus_set_error_const - confirmed FP pattern,41plus_b74,high
STR30-C,hostap,wpa_supplicant/dbus/dbus_new_handlers_p2p.c,1585,FP,dbus_set_error_const - confirmed FP pattern,41plus_b74,high
DCL15-C,hostap,wpa_supplicant/dbus/dbus_new_handlers_p2p.c,1595,FP,wpas_dbus_getter_p2p_peer_modelnumber is a D-Bus property accessor (verified in dbus_new.c) - confirmed DCL15-C FP class,41plus_b74,high
DCL40-C,hostap,wpa_supplicant/dbus/dbus_new_handlers_p2p.c,1595,FP,"wpas_dbus_getter_p2p_peer_modelname/modelnumber genuinely share 31+ significant chars, but every realistic hostap toolchain (GCC/Clang/MSVC) supports far more than 31 significant external identifier chars - matches the confirmed 'technically true, not practically actionable' DCL40-C 31-char judgment call (categorical_patterns.md dpp.h entry)",41plus_b74,med
DCL13-C,hostap,wpa_supplicant/dbus/dbus_new_handlers_p2p.c,1597,FP,user_data pinned by shared WPADBusPropertyAccessor typedef - confirmed DCL13-C FP class,41plus_b74,high
EXP20-C,hostap,wpa_supplicant/dbus/dbus_new_handlers_p2p.c,1603,FP,documented dbus_bool_t TRUE/FALSE contract - EXP20-C FP class,41plus_b74,high
DCL31-C,hostap,wpa_supplicant/dbus/dbus_new_handlers_p2p.c,1610,FP,dbus_set_error external-header DCL31-C FP class,41plus_b74,high
STR30-C,hostap,wpa_supplicant/dbus/dbus_new_handlers_p2p.c,1610,FP,dbus_set_error const char* params - confirmed FP pattern,41plus_b74,high
STR30-C,hostap,wpa_supplicant/dbus/dbus_new_handlers_p2p.c,1616,FP,dbus_set_error_const - confirmed FP pattern,41plus_b74,high
STR30-C,hostap,wpa_supplicant/dbus/dbus_new_handlers_p2p.c,1622,FP,dbus_set_error_const - confirmed FP pattern,41plus_b74,high
DCL15-C,hostap,wpa_supplicant/dbus/dbus_new_handlers_p2p.c,1632,FP,wpas_dbus_getter_p2p_peer_serialnumber is a D-Bus property accessor - confirmed DCL15-C FP class,41plus_b74,high
DCL13-C,hostap,wpa_supplicant/dbus/dbus_new_handlers_p2p.c,1634,FP,user_data pinned by shared WPADBusPropertyAccessor typedef - confirmed DCL13-C FP class,41plus_b74,high
EXP20-C,hostap,wpa_supplicant/dbus/dbus_new_handlers_p2p.c,1640,FP,documented dbus_bool_t TRUE/FALSE contract - EXP20-C FP class,41plus_b74,high
DCL31-C,hostap,wpa_supplicant/dbus/dbus_new_handlers_p2p.c,1647,FP,dbus_set_error external-header DCL31-C FP class,41plus_b74,high
STR30-C,hostap,wpa_supplicant/dbus/dbus_new_handlers_p2p.c,1647,FP,dbus_set_error const char* params - confirmed FP pattern,41plus_b74,high
STR30-C,hostap,wpa_supplicant/dbus/dbus_new_handlers_p2p.c,1653,FP,dbus_set_error_const - confirmed FP pattern,41plus_b74,high
STR30-C,hostap,wpa_supplicant/dbus/dbus_new_handlers_p2p.c,1659,FP,dbus_set_error_const - confirmed FP pattern,41plus_b74,high
DCL15-C,hostap,wpa_supplicant/dbus/dbus_new_handlers_p2p.c,1669,FP,wpas_dbus_getter_p2p_peer_primary_device_type is a D-Bus property accessor - confirmed DCL15-C FP class,41plus_b74,high
DCL13-C,hostap,wpa_supplicant/dbus/dbus_new_handlers_p2p.c,1671,FP,user_data pinned by shared WPADBusPropertyAccessor typedef - confirmed DCL13-C FP class,41plus_b74,high
DCL31-C,hostap,wpa_supplicant/dbus/dbus_new_handlers_p2p.c,1679,FP,dbus_set_error external-header DCL31-C FP class,41plus_b74,high
STR30-C,hostap,wpa_supplicant/dbus/dbus_new_handlers_p2p.c,1679,FP,dbus_set_error const char* params - confirmed FP pattern,41plus_b74,high
STR30-C,hostap,wpa_supplicant/dbus/dbus_new_handlers_p2p.c,1688,FP,dbus_set_error_const - confirmed FP pattern,41plus_b74,high
DCL15-C,hostap,wpa_supplicant/dbus/dbus_new_handlers_p2p.c,1696,FP,wpas_dbus_getter_p2p_peer_config_method is a D-Bus property accessor - confirmed DCL15-C FP class,41plus_b74,high
DCL13-C,hostap,wpa_supplicant/dbus/dbus_new_handlers_p2p.c,1698,FP,user_data pinned by shared WPADBusPropertyAccessor typedef - confirmed DCL13-C FP class,41plus_b74,high
DCL31-C,hostap,wpa_supplicant/dbus/dbus_new_handlers_p2p.c,1706,FP,dbus_set_error external-header DCL31-C FP class,41plus_b74,high
STR30-C,hostap,wpa_supplicant/dbus/dbus_new_handlers_p2p.c,1706,FP,dbus_set_error const char* params - confirmed FP pattern,41plus_b74,high
