rule,project,file,line,verdict,reason,provenance,confidence
MSC13-C,curl,lib/ftp.c,209,TP,"slashPos is initialized to NULL at declaration but is only ever read inside the FTPFILE_SINGLECWD case (line 243) where it is first reassigned via strrchr() at line 242, so the initial NULL is always dead.",msc13_delta_adjudication_0.4.207,high
MSC13-C,curl,lib/ftp.c,211,TP,result = CURLE_OK is immediately overwritten at line 221 by the Curl_urldecode() call before any intervening read.,msc13_delta_adjudication_0.4.207,high
MSC13-C,curl,lib/ftp.c,212,TP,rawPath = NULL is overwritten at line 226 (rawPath = ftpc->rawpath) before any read of rawPath occurs.,msc13_delta_adjudication_0.4.207,high
MSC13-C,curl,lib/ftp.c,545,TP,result = CURLE_OK in ftp_initiate_transfer is immediately overwritten at line 549 by Curl_conn_connect() with no intervening read.,msc13_delta_adjudication_0.4.207,high
MSC13-C,curl,lib/ftp.c,827,TP,"result = CURLE_OK in ftp_state_cwd is reassigned in every branch of the following if/else chain (lines 831, 847, 856, 863) before the single return at line 867, so the initial value is never read.",msc13_delta_adjudication_0.4.207,high
MSC13-C,curl,lib/ftp.c,890,TP,"ip_end = NULL is either never read at all (the goto done path at line 906 skips straight to the label without touching ip_end) or is reassigned in every reachable branch of the if/else-if chain (912, 922, 925, 938) before the first read at line 948.",msc13_delta_adjudication_0.4.207,high
MSC13-C,curl,lib/ftp.c,1332,TP,result = CURLE_FTP_PORT_FAILED is immediately overwritten at line 1349 by ftp_port_parse_string() before any read.,msc13_delta_adjudication_0.4.207,high
MSC13-C,curl,lib/ftp.c,1416,TP,result = CURLE_OK in ftp_state_use_pasv is overwritten at line 1443 by Curl_pp_sendf() before any read.,msc13_delta_adjudication_0.4.207,high
MSC13-C,curl,lib/ftp.c,1463,TP,"result = CURLE_OK in ftp_state_prepare_transfer is reassigned in all three branches of the if/else if/else (1471, 1475, 1483/1488/1490/1495) before the single return at line 1497.",msc13_delta_adjudication_0.4.207,high
MSC13-C,curl,lib/ftp.c,1504,TP,result = CURLE_OK in ftp_state_rest is reassigned in both branches of the if/else (1511 or 1516) before the return at line 1518.,msc13_delta_adjudication_0.4.207,high
MSC13-C,curl,lib/ftp.c,1525,TP,result = CURLE_OK in ftp_state_size is reassigned in both branches of the if/else (1531 or 1536) before the return at line 1538.,msc13_delta_adjudication_0.4.207,high
MSC13-C,curl,lib/ftp.c,1545,TP,result = CURLE_OK in ftp_state_list is unconditionally overwritten at line 1590 by Curl_pp_sendf() before any read.,msc13_delta_adjudication_0.4.207,high
MSC13-C,curl,lib/ftp.c,1627,TP,result = CURLE_OK in ftp_state_type is reassigned in both branches (1643 or 1649) before the return at line 1651.,msc13_delta_adjudication_0.4.207,high
MSC13-C,curl,lib/ftp.c,1660,TP,result = CURLE_OK in ftp_state_mdtm is reassigned in both branches of the if/else (1667 or 1673) before the return at line 1675.,msc13_delta_adjudication_0.4.207,high
MSC13-C,curl,lib/ftp.c,1783,TP,"result = CURLE_OK in ftp_state_retr is either not read at all on the early-return literal-error paths (1788, 1811, 1823, 1839) or reassigned in both branches (1846 or 1853) before the return at line 1858.",msc13_delta_adjudication_0.4.207,high
MSC13-C,curl,lib/ftp.c,1984,TP,"result = CURLE_OK in ftp_epsv_disable is not read on the early literal return at line 1993, and otherwise is overwritten at line 2002 before any read.",msc13_delta_adjudication_0.4.207,high
MSC13-C,curl,lib/ftp.c,2467,TP,result = CURLE_OK in ftp_state_port_resp is reassigned in both branches of the outer if/else (2482/2486 or 2491) before the return at line 2494.,msc13_delta_adjudication_0.4.207,high
MSC13-C,curl,lib/ftp.c,2763,TP,"result = CURLE_OK in ftp_state_rest_resp is reassigned in every switch case path (2770/2774, or 2780/2783) before the return at line 2790.",msc13_delta_adjudication_0.4.207,high
MSC13-C,curl,lib/ftp.c,2797,TP,"result = CURLE_OK in ftp_state_stor_resp is never read on the early literal return at line 2802 or the direct 'return ftp_initiate_transfer(...)' path at line 2822, and on the ftp_use_port branch it is overwritten at line 2811 before its first read at line 2812.",msc13_delta_adjudication_0.4.207,high
MSC13-C,curl,lib/ftp.c,2943,TP,result = CURLE_OK in ftp_state_loggedin is reassigned in both branches of the if/else (2960 or 2965) before the return at line 2967.,msc13_delta_adjudication_0.4.207,high
MSC13-C,curl,lib/ftp.c,2975,TP,"result = CURLE_OK in ftp_state_user_resp is reassigned on every path through the if/else-if/else chain (2981, 2988, 2992/2999, 3011/3020) before the return at line 3023.",msc13_delta_adjudication_0.4.207,high
MSC13-C,curl,lib/ftp.c,3031,TP,result = CURLE_OK in ftp_state_acct_resp is reassigned in both branches of the if/else (3034 or 3037) before the return at line 3039.,msc13_delta_adjudication_0.4.207,high
MSC13-C,curl,lib/ftp.c,3145,TP,"result = CURLE_OK in ftp_wait_resp is never read on the early literal-return paths (3150, 3155) and is otherwise reassigned at 3178 or 3183 before the return at line 3184.",msc13_delta_adjudication_0.4.207,high
MSC13-C,curl,lib/ftp.c,3882,TP,result = CURLE_OK in ftp_perform is unconditionally overwritten at line 3894 by ftp_state_quote() before any read.,msc13_delta_adjudication_0.4.207,high
MSC13-C,curl,lib/ftp.c,3931,TP,"result = CURLE_OK in init_wc_data is not read on the early literal returns (3939, 3955) and is otherwise always reassigned (3965, 3972, or unconditionally at 3984) before the eventual 'return result' at the fail label or line 4005 returns CURLE_OK directly instead.",msc13_delta_adjudication_0.4.207,high
MSC13-C,curl,lib/ftp.c,3932,TP,ftpwc = NULL is unconditionally overwritten at line 3963 by curlx_calloc() before any read of ftpwc.,msc13_delta_adjudication_0.4.207,high
MSC13-C,curl,lib/ftp.c,4166,TP,result = CURLE_OK in ftp_regular_transfer is unconditionally overwritten at line 4174 by ftp_perform() before any read.,msc13_delta_adjudication_0.4.207,high
MSC13-C,curl,lib/ftp.c,4206,TP,"result = CURLE_OK in ftp_do is overwritten before any read on every path: under CURL_PREFER_LF_LINEENDS at line 4220, and otherwise at line 4234 or 4244.",msc13_delta_adjudication_0.4.207,high
MSC13-C,curl,lib/url.c,1614,TP,scopeidx=0 is unconditionally overwritten by if_nametoindex(zoneid) on the very next line with no intervening read,msc13_delta_adjudication_0.4.207,high
MSC13-C,curl,lib/url.c,1951,TP,proxy=NULL is unconditionally overwritten by curl_getenv(proxy_env) a few lines later with no branch or read in between,msc13_delta_adjudication_0.4.207,high
MSC13-C,curl,lib/url.c,2045,FP,"result=CURLE_OK survives untouched to the final ""return result"" when proxyuser/proxypasswd are both NULL (NO_USER/NO_PASSWORD) and no later error path fires, so the init is a real use",msc13_delta_adjudication_0.4.207,medium
MSC13-C,curl,lib/url.c,2048,FP,path=NULL is read via curlx_free(path) in the error: cleanup block whenever an earlier goto error fires before path is reassigned at line 2189,msc13_delta_adjudication_0.4.207,medium
MSC13-C,curl,lib/url.c,2049,FP,is_unix_proxy=FALSE is read by the if(!is_unix_proxy) check at line 2210 whenever the unix-socket prefix match at line 2188 fails or sockstype is false,msc13_delta_adjudication_0.4.207,medium
MSC13-C,curl,lib/url.c,2053,FP,"result=CURLE_OUT_OF_MEMORY is set then goto error jumps straight to the error label's ""return result"" with no reassignment in between, so it is genuinely read",msc13_delta_adjudication_0.4.207,high
MSC13-C,curl,lib/url.c,2065,FP,same goto error -> return result pattern as the other error-path assignments in parse_proxy; sqc misses the goto target as a real use,msc13_delta_adjudication_0.4.207,high
MSC13-C,curl,lib/url.c,2089,FP,result=CURLE_COULDNT_CONNECT flows via goto error directly to return result with no overwrite,msc13_delta_adjudication_0.4.207,high
MSC13-C,curl,lib/url.c,2096,FP,result=CURLE_COULDNT_RESOLVE_PROXY flows via goto error directly to return result with no overwrite,msc13_delta_adjudication_0.4.207,high
MSC13-C,curl,lib/url.c,2106,FP,result=CURLE_NOT_BUILT_IN flows via goto error directly to return result with no overwrite,msc13_delta_adjudication_0.4.207,high
MSC13-C,curl,lib/url.c,2122,FP,result=Curl_uc_to_curlcode(uc) flows via goto error directly to return result with no overwrite,msc13_delta_adjudication_0.4.207,high
MSC13-C,curl,lib/url.c,2127,FP,result=Curl_uc_to_curlcode(uc) (password case) flows via goto error directly to return result with no overwrite,msc13_delta_adjudication_0.4.207,high
MSC13-C,curl,lib/url.c,2135,FP,"proxyuser=NULL after ownership transfer to proxyinfo->user is read by curlx_free(proxyuser) in the error/cleanup section, guarding against a double free",msc13_delta_adjudication_0.4.207,medium
MSC13-C,curl,lib/url.c,2142,FP,result=CURLE_OUT_OF_MEMORY (proxypasswd strdup failure) flows via goto error directly to return result with no overwrite,msc13_delta_adjudication_0.4.207,high
MSC13-C,curl,lib/url.c,2148,FP,proxypasswd=NULL after ownership transfer to proxyinfo->passwd is read by curlx_free(proxypasswd) in the error/cleanup section,msc13_delta_adjudication_0.4.207,medium
MSC13-C,curl,lib/url.c,2156,FP,result=CURLE_OUT_OF_MEMORY (port fetch OOM) flows via goto error directly to return result with no overwrite,msc13_delta_adjudication_0.4.207,high
MSC13-C,curl,lib/url.c,2184,FP,result=CURLE_OUT_OF_MEMORY (host fetch failure) flows via goto error directly to return result with no overwrite,msc13_delta_adjudication_0.4.207,high
MSC13-C,curl,lib/url.c,2470,TP,"ubuf=NULL is unconditionally overwritten by curlx_memdup0(login, ulen) a few lines later with no read in between",msc13_delta_adjudication_0.4.207,high
MSC13-C,curl,lib/url.c,2472,TP,"psep=NULL is unconditionally overwritten by memchr(login, ':', len) on the next executed statement with no read in between",msc13_delta_adjudication_0.4.207,high
MSC13-C,curl,lib/url.c,2842,TP,host_match=FALSE is overwritten in both arms of the immediately following exhaustive if/else (lines 2848-2870) before its first read at if(host_match) on line 2872,msc13_delta_adjudication_0.4.207,high
MSC13-C,curl,lib/url.c,3259,TP,"result=CURLE_OK is overwritten on every path before any read: both early goto out branches (2265,2276) reassign it first, and the normal path overwrites it unconditionally via parseurlandfillconn at line 3283",msc13_delta_adjudication_0.4.207,high
MSC13-C,curl,lib/smtp.c,617,TP,CURLcode result = CURLE_OK is immediately overwritten unconditionally by the Curl_pp_sendf call on line 626 before any read,msc13_delta_adjudication_0.4.207,high
MSC13-C,curl,lib/smtp.c,643,TP,result = CURLE_OK is unconditionally overwritten by the Curl_pp_sendf call on line 649 with no intervening read,msc13_delta_adjudication_0.4.207,high
MSC13-C,curl,lib/smtp.c,728,TP,result = CURLE_OK is followed only by an early return on !smtpc (which never touches result) then both the if(ir) and else branches (738/742) unconditionally reassign result before any read,msc13_delta_adjudication_0.4.207,high
MSC13-C,curl,lib/smtp.c,828,TP,result = CURLE_OK is overwritten in every path: both the if(smtp->rcpt) inner if/else (844/858/873) and the outer else (881) unconditionally assign before any read of the init value,msc13_delta_adjudication_0.4.207,high
MSC13-C,curl,lib/smtp.c,835,TP,bool utf8 = FALSE is overwritten in both branches of the if(!smtp->custom...) / else (lines 851 and 870) before utf8 is ever read at 862/876,msc13_delta_adjudication_0.4.207,high
MSC13-C,curl,lib/smtp.c,904,TP,result = CURLE_OK survives untouched through optional branches but is always unconditionally overwritten by result = cr_eob_add(data) on line 1055 before that value is ever checked,msc13_delta_adjudication_0.4.207,high
MSC13-C,curl,lib/smtp.c,1092,TP,result = CURLE_OK is immediately overwritten by the smtp_parse_address call on line 1099 with no read in between,msc13_delta_adjudication_0.4.207,high
MSC13-C,curl,lib/smtp.c,1147,TP,result = CURLE_OK is overwritten in both arms of the if(smtpcode/100 != 2) / else (lines 1152 and 1155) before any read,msc13_delta_adjudication_0.4.207,high
MSC13-C,curl,lib/smtp.c,1313,TP,result = CURLE_OK is unconditionally overwritten by result = Curl_sasl_continue(...) on line 1318 before any read,msc13_delta_adjudication_0.4.207,high
MSC13-C,curl,lib/smtp.c,1385,TP,result = CURLE_OK is overwritten in both arms of the if(smtpcode/100 != 2) / else (lines 1390 and 1394) before any read,msc13_delta_adjudication_0.4.207,high
MSC13-C,curl,lib/smtp.c,1407,TP,is_smtp_err = FALSE is unconditionally overwritten by the assignment on line 1412 before any read,msc13_delta_adjudication_0.4.207,high
MSC13-C,curl,lib/smtp.c,1408,TP,is_smtp_blocking_err = FALSE is unconditionally overwritten by the assignment on line 1416 before any read,msc13_delta_adjudication_0.4.207,high
MSC13-C,curl,lib/smtp.c,1509,TP,"result = CURLE_OK is either overwritten by smtp_perform_upgrade_tls (1521) when in UPGRADETLS state, or otherwise falls through to the unconditional result = Curl_pp_readresp(...) at line 1532 before any read of the init value",msc13_delta_adjudication_0.4.207,high
MSC13-C,curl,lib/smtp.c,1607,TP,result = CURLE_OK is unconditionally overwritten by result = Curl_pp_statemach(...) on line 1615 before any read (the earlier !smtpc check returns directly without touching result),msc13_delta_adjudication_0.4.207,high
MSC13-C,curl,lib/smtp.c,1669,TP,result = CURLE_OK is unconditionally overwritten by the smtp_parse_url_options call on line 1684 before any read,msc13_delta_adjudication_0.4.207,high
MSC13-C,curl,lib/smtp.c,1763,TP,result = CURLE_OK is overwritten in both arms of the if(data->state.upload...) / else (lines 1791 and 1794) before any read,msc13_delta_adjudication_0.4.207,high
MSC13-C,curl,lib/smtp.c,1838,TP,result = CURLE_OK is unconditionally overwritten by the smtp_perform call on line 1848 before any read,msc13_delta_adjudication_0.4.207,high
MSC13-C,curl,lib/smtp.c,1873,TP,result = CURLE_OK is unconditionally overwritten by the smtp_parse_custom_request call on line 1882 before any read,msc13_delta_adjudication_0.4.207,high
MSC13-C,curl,lib/imap.c,636,TP,"result is initialized to CURLE_OK then unconditionally overwritten by either branch of the if(ir)/else at lines 643/647 before the single `return result;` at 650, so the initial value is never read.",msc13_delta_adjudication_0.4.207,high
MSC13-C,curl,lib/imap.c,739,TP,result is initialized to CURLE_OK then unconditionally overwritten by either branch of if(imap->custom)/else at lines 743/753 before `return result;` at 761.,msc13_delta_adjudication_0.4.207,high
MSC13-C,curl,lib/imap.c,774,TP,"result is initialized to CURLE_OK but the only two possible non-return paths before it, both early returns at 783/789 return a literal not result, and the sole write to result via imap_sendf at 792 unconditionally overwrites it before use.",msc13_delta_adjudication_0.4.207,high
MSC13-C,curl,lib/imap.c,812,TP,"result is initialized to CURLE_OK then every branch of the if/else-if/else chain (818,822,828,832) either assigns result unconditionally or returns a literal at 837, so the init value is dead.",msc13_delta_adjudication_0.4.207,high
MSC13-C,curl,lib/imap.c,855,TP,"result is initialized to CURLE_OK then unconditionally overwritten in both the MIME branch (Curl_mime_prepare_headers at 875) and the else branch (Curl_creader_set_fread at 892) before any read, well before the final imap_sendf assignment at 941.",msc13_delta_adjudication_0.4.207,high
MSC13-C,curl,lib/imap.c,964,TP,result is initialized to CURLE_OK; the only non-return path unconditionally overwrites it via imap_sendf at 973 before the single `return result;` at 978.,msc13_delta_adjudication_0.4.207,high
MSC13-C,curl,lib/imap.c,1132,TP,result is initialized to CURLE_OK then immediately and unconditionally overwritten by Curl_sasl_continue at line 1137 before any read.,msc13_delta_adjudication_0.4.207,high
MSC13-C,curl,lib/imap.c,1559,TP,"result is initialized to CURLE_OK; the early return at 1567 returns a literal not result, and the first real use of result is an unconditional overwrite via Curl_pp_readresp at 1583 (or imap_perform_upgrade_tls at 1572), so the init value is never read.",msc13_delta_adjudication_0.4.207,high
MSC13-C,curl,lib/imap.c,1663,TP,"result is initialized to CURLE_OK; the early return at 1669 returns a literal not result, and result is then unconditionally overwritten by Curl_pp_statemach at 1670 before any read.",msc13_delta_adjudication_0.4.207,high
MSC13-C,curl,lib/imap.c,1799,TP,"result is initialized to CURLE_OK but the function's final returns are all literals (CURLE_OK at 1911, CURLE_URL_MALFORMAT at 1909, CURLE_OUT_OF_MEMORY at 1904) rather than the variable, and every write to result (1813,1836,1847) is immediately checked and returned itself, so the init value is never read on any path.",msc13_delta_adjudication_0.4.207,high
MSC13-C,curl,lib/imap.c,1964,TP,"result is initialized to CURLE_OK; the early return at 1968 returns a literal not result, and result is unconditionally overwritten by imap_parse_url_options at 1971 before any read.",msc13_delta_adjudication_0.4.207,high
MSC13-C,curl,lib/imap.c,2051,TP,"result is initialized to CURLE_OK; the early return at 2059 returns a literal not result, and every branch of the subsequent if/else-if/else chain (2079-2095) unconditionally assigns result before it is read.",msc13_delta_adjudication_0.4.207,high
MSC13-C,curl,lib/imap.c,2138,TP,result is initialized to CURLE_OK then unconditionally overwritten by imap_perform at line 2148 with no intervening read.,msc13_delta_adjudication_0.4.207,high
MSC13-C,curl,lib/imap.c,2169,TP,"result is initialized to CURLE_OK; the early return at 2173 returns a literal not result, and result is unconditionally overwritten by imap_parse_url_path at 2175 before any read.",msc13_delta_adjudication_0.4.207,high
MSC13-C,curl,lib/vtls/openssl.c,298,TP,result = CURLE_OK is unconditionally overwritten by 'result = push_certinfo(...)' at line 311 before any read,msc13_delta_adjudication_0.4.207,high
MSC13-C,curl,lib/vtls/openssl.c,326,TP,"result = CURLE_OK is unconditionally overwritten by 'result = print_pubkey_BN(dsa, p, i)' at line 343 before any read",msc13_delta_adjudication_0.4.207,high
MSC13-C,curl,lib/vtls/openssl.c,432,TP,pubkey = NULL is unconditionally overwritten by 'pubkey = X509_get_pubkey(x)' at line 502 with no read of the NULL value in between,msc13_delta_adjudication_0.4.207,high
MSC13-C,curl,lib/vtls/openssl.c,463,TP,xpubkey = NULL is unconditionally overwritten by 'xpubkey = X509_get_X509_PUBKEY(x)' at line 476 before the if(xpubkey) check reads it,msc13_delta_adjudication_0.4.207,high
MSC13-C,curl,lib/vtls/openssl.c,710,TP,master_key_length = 0 is unconditionally overwritten by the SSL_SESSION_get_master_key() cast at lines 722-723 before the line 730 check reads it,msc13_delta_adjudication_0.4.207,high
MSC13-C,curl,lib/vtls/openssl.c,2271,TP,"st = NULL is unconditionally overwritten by 'st = SSL_CTX_get_cert_store(...)' at line 2319 before use in OCSP_basic_verify at line 2321; none of the earlier goto-end paths reference st in the end: cleanup label",msc13_delta_adjudication_0.4.207,high
MSC13-C,curl,lib/vtls/openssl.c,3483,TP,"ech_config_len = 0 is always reassigned (lines 3508/3530) before use in the CURLECH_CLA_CFG branch, and is never touched at all in the GREASE or DNS-lookup branches, so the initializer is never read",msc13_delta_adjudication_0.4.207,high
MSC13-C,curl,lib/vtls/openssl.c,3553,TP,"rinfo = NULL is unconditionally overwritten by 'rinfo = dns->hinfo' on the very next line (3555) before any read",msc13_delta_adjudication_0.4.207,high
MSC13-C,curl,lib/vtls/openssl.c,4103,TP,result = CURLE_OK is never read directly; the function is void and result is only consumed after being unconditionally overwritten at line 4132 inside the if(rv && rcs) block,msc13_delta_adjudication_0.4.207,high
MSC13-C,curl,lib/vtls/openssl.c,4105,TP,"rv = 1 is unconditionally overwritten by 'rv = SSL_ech_get1_retry_config(...)' or 'rv = (int)rcl' at lines 4122/4125 before the line 4128 check reads it",msc13_delta_adjudication_0.4.207,high
MSC13-C,curl,lib/vtls/openssl.c,4115,TP,"servername_type = 0 is only read after being reassigned at line 4142 ('servername_type = SSL_get_servername_type(ssl)'), so the initializer is never consumed",msc13_delta_adjudication_0.4.207,high
MSC13-C,curl,lib/vtls/openssl.c,4621,TP,"mem = NULL is unconditionally overwritten by 'mem = BIO_new(BIO_s_mem())' at line 4632 before any read, including on the goto-out path where BIO_free(mem) reads the post-4632 value",msc13_delta_adjudication_0.4.207,high
MSC13-C,curl,lib/vtls/openssl.c,4626,TP,"result = CURLE_OK is never read: the line 4628 early return uses the literal CURLE_OK (not result), and all later paths overwrite result unconditionally before any check",msc13_delta_adjudication_0.4.207,high
MSC13-C,curl,src/tool_setopt.c,238,TP,'result' is initialized to CURLE_OK then unconditionally overwritten by curl_easy_setopt() on line 241 with no read in between,msc13_delta_adjudication_0.4.207,high
MSC13-C,curl,src/tool_setopt.c,247,TP,'nv' is initialized to NULL then immediately overwritten by the for-loop's own init clause 'for(nv = nvlist; ...)' on line 248 with no intervening read,msc13_delta_adjudication_0.4.207,high
MSC13-C,curl,src/tool_setopt.c,276,TP,'result' is initialized to CURLE_OK then unconditionally overwritten by curl_easy_setopt() on line 279 with no read in between,msc13_delta_adjudication_0.4.207,high
MSC13-C,curl,src/tool_setopt.c,285,TP,'nv' is initialized to NULL then immediately overwritten by the for-loop init on line 287 with no intervening read,msc13_delta_adjudication_0.4.207,high
MSC13-C,curl,src/tool_setopt.c,286,TP,'nv2' is initialized to NULL then immediately overwritten by the for-loop init on line 291 with no intervening read,msc13_delta_adjudication_0.4.207,high
MSC13-C,curl,src/tool_setopt.c,337,TP,'nv' is initialized to NULL then immediately overwritten by the for-loop init 'for(nv = nvlist; ...)' on line 340 with no intervening read,msc13_delta_adjudication_0.4.207,high
MSC13-C,curl,src/tool_setopt.c,366,TP,'result' is initialized to CURLE_OK then unconditionally overwritten by easysrc_addf() on line 371 with no read in between,msc13_delta_adjudication_0.4.207,high
MSC13-C,curl,src/tool_setopt.c,408,TP,'data' is initialized to NULL and only ever read after being reassigned in the TOOLMIME_DATA case at line 436; the initial NULL is never read on any path,msc13_delta_adjudication_0.4.207,high
MSC13-C,curl,src/tool_setopt.c,528,TP,'result' is initialized to CURLE_OK then unconditionally overwritten by easysrc_addf() on line 532 with no read in between,msc13_delta_adjudication_0.4.207,high
MSC13-C,curl,src/tool_setopt.c,577,TP,'result' is initialized to CURLE_OK then unconditionally overwritten by curl_easy_setopt() on line 579 with no read in between,msc13_delta_adjudication_0.4.207,high
MSC13-C,curl,src/tool_setopt.c,599,TP,'nv' is initialized to NULL then immediately overwritten by the for-loop init on line 603 with no intervening read,msc13_delta_adjudication_0.4.207,high
MSC13-C,curl,src/tool_setopt.c,600,TP,'result' is initialized to CURLE_OK then unconditionally overwritten by curl_easy_setopt() on line 610 with no read in between (lines 601-609 only touch nv/defval),msc13_delta_adjudication_0.4.207,high
MSC13-C,curl,src/tool_setopt.c,623,TP,'result' is initialized to CURLE_OK then unconditionally overwritten by curl_easy_setopt() on line 626 with no read in between,msc13_delta_adjudication_0.4.207,high
MSC13-C,curl,lib/pop3.c,428,TP,'result' is initialized to CURLE_OK then unconditionally overwritten by Curl_pp_sendf() on line 438 with no read in between,msc13_delta_adjudication_0.4.207,high
MSC13-C,curl,lib/pop3.c,613,TP,'result' is initialized to CURLE_OK then unconditionally overwritten in the exhaustive if(ir)/else at lines 621/625 before the final return reads it,msc13_delta_adjudication_0.4.207,high
MSC13-C,curl,lib/pop3.c,728,TP,'result' is initialized to CURLE_OK then unconditionally overwritten by Curl_pp_sendf() in the exhaustive if/else at lines 753/755 with no read in between,msc13_delta_adjudication_0.4.207,high
MSC13-C,curl,lib/pop3.c,732,TP,"'command' is initialized to NULL then always assigned in the exhaustive if/else at lines 739/746 (and possibly again at 749) before its first read at line 752, so the NULL is never read",msc13_delta_adjudication_0.4.207,high
MSC13-C,curl,lib/pop3.c,966,TP,'result' is initialized to CURLE_OK then unconditionally overwritten by Curl_sasl_continue() on line 975 with no read in between,msc13_delta_adjudication_0.4.207,high
MSC13-C,curl,lib/pop3.c,1027,TP,'result' is initialized to CURLE_OK then unconditionally overwritten in the exhaustive if/else at lines 1037/1041 before the final read,msc13_delta_adjudication_0.4.207,high
MSC13-C,curl,lib/pop3.c,1275,TP,"'result' is initialized to CURLE_OK; if state==POP3_UPGRADETLS it is overwritten at line 1288 before being read at 1289, otherwise it falls through unread into the do-loop which unconditionally overwrites it at line 1299",msc13_delta_adjudication_0.4.207,high
MSC13-C,curl,lib/pop3.c,1363,TP,'result' is initialized to CURLE_OK then unconditionally overwritten by Curl_pp_statemach() on line 1369 with no read in between,msc13_delta_adjudication_0.4.207,high
MSC13-C,curl,lib/pop3.c,1426,TP,'result' is initialized to CURLE_OK then unconditionally overwritten by pop3_parse_url_options() on line 1445 with no read in between (intervening lines only touch pop3c/pp),msc13_delta_adjudication_0.4.207,high
MSC13-C,curl,lib/pop3.c,1503,TP,'result' is initialized to CURLE_OK then unconditionally overwritten by pop3_perform_command() on line 1512 with no read in between,msc13_delta_adjudication_0.4.207,high
MSC13-C,curl,lib/pop3.c,1553,TP,'result' is initialized to CURLE_OK then unconditionally overwritten by pop3_perform() on line 1563 with no read in between,msc13_delta_adjudication_0.4.207,high
MSC13-C,curl,lib/pop3.c,1583,TP,'result' is initialized to CURLE_OK then unconditionally overwritten by pop3_parse_url_path() on line 1587 with no read in between,msc13_delta_adjudication_0.4.207,high
MSC13-C,curl,lib/vssh/libssh2.c,468,TP,"'fingerprint' is assigned a placeholder value here that is unconditionally overwritten before any read on every reachable path (or never read at all if that path is skipped), confirmed by tracing the function's control flow.",msc13_delta_adjudication_0.4.207,high
MSC13-C,curl,lib/vssh/libssh2.c,571,TP,"'rc' is assigned a placeholder value here that is unconditionally overwritten before any read on every reachable path (or never read at all if that path is skipped), confirmed by tracing the function's control flow.",msc13_delta_adjudication_0.4.207,high
MSC13-C,curl,lib/vssh/libssh2.c,633,TP,"'kh_name_size' is assigned a placeholder value here that is unconditionally overwritten before any read on every reachable path (or never read at all if that path is skipped), confirmed by tracing the function's control flow.",msc13_delta_adjudication_0.4.207,high
MSC13-C,curl,lib/vssh/libssh2.c,666,TP,"'hostkey_method' is assigned a placeholder value here that is unconditionally overwritten before any read on every reachable path (or never read at all if that path is skipped), confirmed by tracing the function's control flow.",msc13_delta_adjudication_0.4.207,high
MSC13-C,curl,lib/vssh/libssh2.c,1616,TP,"'rc' is assigned a placeholder value here that is unconditionally overwritten before any read on every reachable path (or never read at all if that path is skipped), confirmed by tracing the function's control flow.",msc13_delta_adjudication_0.4.207,high
MSC13-C,curl,lib/vssh/libssh2.c,2280,TP,"'rc' is assigned a placeholder value here that is unconditionally overwritten before any read on every reachable path (or never read at all if that path is skipped), confirmed by tracing the function's control flow.",msc13_delta_adjudication_0.4.207,high
MSC13-C,curl,lib/vssh/libssh2.c,2318,TP,"'rc' is assigned a placeholder value here that is unconditionally overwritten before any read on every reachable path (or never read at all if that path is skipped), confirmed by tracing the function's control flow.",msc13_delta_adjudication_0.4.207,high
MSC13-C,curl,lib/vssh/libssh2.c,2429,TP,"'rc' is assigned a placeholder value here that is unconditionally overwritten before any read on every reachable path (or never read at all if that path is skipped), confirmed by tracing the function's control flow.",msc13_delta_adjudication_0.4.207,high
MSC13-C,curl,lib/vssh/libssh2.c,3075,TP,"'result' is assigned a placeholder value here that is unconditionally overwritten before any read on every reachable path (or never read at all if that path is skipped), confirmed by tracing the function's control flow.",msc13_delta_adjudication_0.4.207,high
MSC13-C,curl,lib/vssh/libssh2.c,3444,TP,"'result' is assigned a placeholder value here that is unconditionally overwritten before any read on every reachable path (or never read at all if that path is skipped), confirmed by tracing the function's control flow.",msc13_delta_adjudication_0.4.207,high
MSC13-C,curl,lib/vssh/libssh2.c,3509,TP,"'result' is assigned a placeholder value here that is unconditionally overwritten before any read on every reachable path (or never read at all if that path is skipped), confirmed by tracing the function's control flow.",msc13_delta_adjudication_0.4.207,high
MSC13-C,curl,lib/vssh/libssh2.c,3617,TP,"'result' is assigned a placeholder value here that is unconditionally overwritten before any read on every reachable path (or never read at all if that path is skipped), confirmed by tracing the function's control flow.",msc13_delta_adjudication_0.4.207,high
MSC13-C,curl,lib/vtls/rustls.c,193,TP,"'rconn' is assigned a placeholder value here that is unconditionally overwritten before any read on every reachable path (or never read at all if that path is skipped), confirmed by tracing the function's control flow.",msc13_delta_adjudication_0.4.207,high
MSC13-C,curl,lib/vtls/rustls.c,196,TP,"'rresult' is assigned a placeholder value here that is unconditionally overwritten before any read on every reachable path (or never read at all if that path is skipped), confirmed by tracing the function's control flow.",msc13_delta_adjudication_0.4.207,high
MSC13-C,curl,lib/vtls/rustls.c,307,TP,"'rconn' is assigned a placeholder value here that is unconditionally overwritten before any read on every reachable path (or never read at all if that path is skipped), confirmed by tracing the function's control flow.",msc13_delta_adjudication_0.4.207,high
MSC13-C,curl,lib/vtls/rustls.c,310,TP,"'result' is assigned a placeholder value here that is unconditionally overwritten before any read on every reachable path (or never read at all if that path is skipped), confirmed by tracing the function's control flow.",msc13_delta_adjudication_0.4.207,high
MSC13-C,curl,lib/vtls/rustls.c,706,TP,"'roots_builder' is assigned a placeholder value here that is unconditionally overwritten before any read on every reachable path (or never read at all if that path is skipped), confirmed by tracing the function's control flow.",msc13_delta_adjudication_0.4.207,high
MSC13-C,curl,lib/vtls/rustls.c,709,TP,"'rr' is assigned a placeholder value here that is unconditionally overwritten before any read on every reachable path (or never read at all if that path is skipped), confirmed by tracing the function's control flow.",msc13_delta_adjudication_0.4.207,high
MSC13-C,curl,lib/vtls/rustls.c,918,TP,"'rinfo' is assigned a placeholder value here that is unconditionally overwritten before any read on every reachable path (or never read at all if that path is skipped), confirmed by tracing the function's control flow.",msc13_delta_adjudication_0.4.207,high
MSC13-C,curl,lib/vtls/rustls.c,1011,TP,"'rconn' is assigned a placeholder value here that is unconditionally overwritten before any read on every reachable path (or never read at all if that path is skipped), confirmed by tracing the function's control flow.",msc13_delta_adjudication_0.4.207,high
MSC13-C,curl,lib/vtls/rustls.c,1018,TP,"'result' is assigned a placeholder value here that is unconditionally overwritten before any read on every reachable path (or never read at all if that path is skipped), confirmed by tracing the function's control flow.",msc13_delta_adjudication_0.4.207,high
MSC13-C,curl,lib/vtls/rustls.c,1129,TP,"'rconn' is assigned a placeholder value here that is unconditionally overwritten before any read on every reachable path (or never read at all if that path is skipped), confirmed by tracing the function's control flow.",msc13_delta_adjudication_0.4.207,high
MSC13-C,curl,lib/vtls/rustls.c,1214,TP,"'rresult' is assigned a placeholder value here that is unconditionally overwritten before any read on every reachable path (or never read at all if that path is skipped), confirmed by tracing the function's control flow.",msc13_delta_adjudication_0.4.207,high
MSC13-C,curl,lib/vtls/rustls.c,1386,TP,"'rresult' is assigned a placeholder value here that is unconditionally overwritten before any read on every reachable path (or never read at all if that path is skipped), confirmed by tracing the function's control flow.",msc13_delta_adjudication_0.4.207,high
MSC13-C,curl,lib/vtls/wolfssl.c,257,TP,"'ret' is assigned a placeholder value here that is unconditionally overwritten before any read on every reachable path (or never read at all if that path is skipped), confirmed by tracing the function's control flow.",msc13_delta_adjudication_0.4.207,high
MSC13-C,curl,lib/vtls/wolfssl.c,304,TP,"'result' is assigned a placeholder value here that is unconditionally overwritten before any read on every reachable path (or never read at all if that path is skipped), confirmed by tracing the function's control flow.",msc13_delta_adjudication_0.4.207,high
MSC13-C,curl,lib/vtls/wolfssl.c,342,TP,"'result' is assigned a placeholder value here that is unconditionally overwritten before any read on every reachable path (or never read at all if that path is skipped), confirmed by tracing the function's control flow.",msc13_delta_adjudication_0.4.207,high
MSC13-C,curl,lib/vtls/wolfssl.c,890,TP,"'res' is assigned a placeholder value here that is unconditionally overwritten before any read on every reachable path (or never read at all if that path is skipped), confirmed by tracing the function's control flow.",msc13_delta_adjudication_0.4.207,high
MSC13-C,curl,lib/vtls/wolfssl.c,1089,TP,"'req_method' is assigned a placeholder value here that is unconditionally overwritten before any read on every reachable path (or never read at all if that path is skipped), confirmed by tracing the function's control flow.",msc13_delta_adjudication_0.4.207,high
MSC13-C,curl,lib/vtls/wolfssl.c,1094,TP,"'idx' is assigned a placeholder value here that is unconditionally overwritten before any read on every reachable path (or never read at all if that path is skipped), confirmed by tracing the function's control flow.",msc13_delta_adjudication_0.4.207,high
MSC13-C,curl,lib/vtls/wolfssl.c,1096,TP,"'result' is assigned a placeholder value here that is unconditionally overwritten before any read on every reachable path (or never read at all if that path is skipped), confirmed by tracing the function's control flow.",msc13_delta_adjudication_0.4.207,high
MSC13-C,curl,lib/vtls/wolfssl.c,1359,TP,"'b64len' is assigned a placeholder value here that is unconditionally overwritten before any read on every reachable path (or never read at all if that path is skipped), confirmed by tracing the function's control flow.",msc13_delta_adjudication_0.4.207,high
MSC13-C,curl,lib/vtls/wolfssl.c,1377,TP,"'dns' is assigned a placeholder value here that is unconditionally overwritten before any read on every reachable path (or never read at all if that path is skipped), confirmed by tracing the function's control flow.",msc13_delta_adjudication_0.4.207,high
MSC13-C,curl,lib/vtls/wolfssl.c,1389,TP,"'rinfo' is assigned a placeholder value here that is unconditionally overwritten before any read on every reachable path (or never read at all if that path is skipped), confirmed by tracing the function's control flow.",msc13_delta_adjudication_0.4.207,high
MSC13-C,curl,lib/vtls/wolfssl.c,1640,TP,"'ret' is assigned a placeholder value here that is unconditionally overwritten before any read on every reachable path (or never read at all if that path is skipped), confirmed by tracing the function's control flow.",msc13_delta_adjudication_0.4.207,high
MSC13-C,curl,lib/vtls/wolfssl.c,1770,TP,"'rv' is assigned a placeholder value here that is unconditionally overwritten before any read on every reachable path (or never read at all if that path is skipped), confirmed by tracing the function's control flow.",msc13_delta_adjudication_0.4.207,high
MSC13-C,curl,lib/mqtt.c,269,TP,"'result' is assigned a placeholder value here that is unconditionally overwritten before any read on every reachable path (or never read at all if that path is skipped), confirmed by tracing the function's control flow.",msc13_delta_adjudication_0.4.207,high
MSC13-C,curl,lib/mqtt.c,270,TP,"'pos' is assigned a placeholder value here that is unconditionally overwritten before any read on every reachable path (or never read at all if that path is skipped), confirmed by tracing the function's control flow.",msc13_delta_adjudication_0.4.207,high
MSC13-C,curl,lib/mqtt.c,271,TP,"'rc' is assigned a placeholder value here that is unconditionally overwritten before any read on every reachable path (or never read at all if that path is skipped), confirmed by tracing the function's control flow.",msc13_delta_adjudication_0.4.207,high
MSC13-C,curl,lib/mqtt.c,273,TP,"'remain_pos' is assigned a placeholder value here that is unconditionally overwritten before any read on every reachable path (or never read at all if that path is skipped), confirmed by tracing the function's control flow.",msc13_delta_adjudication_0.4.207,high
MSC13-C,curl,lib/mqtt.c,275,TP,"'packetlen' is assigned a placeholder value here that is unconditionally overwritten before any read on every reachable path (or never read at all if that path is skipped), confirmed by tracing the function's control flow.",msc13_delta_adjudication_0.4.207,high
MSC13-C,curl,lib/mqtt.c,276,TP,"'start_user' is assigned a placeholder value here that is unconditionally overwritten before any read on every reachable path (or never read at all if that path is skipped), confirmed by tracing the function's control flow.",msc13_delta_adjudication_0.4.207,high
MSC13-C,curl,lib/mqtt.c,277,TP,"'start_pwd' is assigned a placeholder value here that is unconditionally overwritten before any read on every reachable path (or never read at all if that path is skipped), confirmed by tracing the function's control flow.",msc13_delta_adjudication_0.4.207,high
MSC13-C,curl,lib/mqtt.c,280,TP,"'packet' is assigned a placeholder value here that is unconditionally overwritten before any read on every reachable path (or never read at all if that path is skipped), confirmed by tracing the function's control flow.",msc13_delta_adjudication_0.4.207,high
MSC13-C,curl,lib/mqtt.c,456,TP,"'result' is assigned a placeholder value here that is unconditionally overwritten before any read on every reachable path (or never read at all if that path is skipped), confirmed by tracing the function's control flow.",msc13_delta_adjudication_0.4.207,high
MSC13-C,curl,lib/mqtt.c,765,TP,"'result' is assigned a placeholder value here that is unconditionally overwritten before any read on every reachable path (or never read at all if that path is skipped), confirmed by tracing the function's control flow.",msc13_delta_adjudication_0.4.207,high
MSC13-C,curl,lib/mqtt.c,830,TP,"'result' is assigned a placeholder value here that is unconditionally overwritten before any read on every reachable path (or never read at all if that path is skipped), confirmed by tracing the function's control flow.",msc13_delta_adjudication_0.4.207,high
MSC13-C,curl,lib/doh.c,285,TP,"'result' is assigned a placeholder value here that is unconditionally overwritten before any read on every reachable path (or never read at all if that path is skipped), confirmed by tracing the function's control flow.",msc13_delta_adjudication_0.4.207,high
MSC13-C,curl,lib/doh.c,438,TP,"'result' is assigned a placeholder value here that is unconditionally overwritten before any read on every reachable path (or never read at all if that path is skipped), confirmed by tracing the function's control flow.",msc13_delta_adjudication_0.4.207,high
MSC13-C,curl,lib/doh.c,1030,TP,"'i' is assigned a placeholder value here that is unconditionally overwritten before any read on every reachable path (or never read at all if that path is skipped), confirmed by tracing the function's control flow.",msc13_delta_adjudication_0.4.207,high
MSC13-C,curl,lib/doh.c,1059,TP,"'cp' is assigned a placeholder value here that is unconditionally overwritten before any read on every reachable path (or never read at all if that path is skipped), confirmed by tracing the function's control flow.",msc13_delta_adjudication_0.4.207,high
MSC13-C,curl,lib/doh.c,1060,TP,"'rem' is assigned a placeholder value here that is unconditionally overwritten before any read on every reachable path (or never read at all if that path is skipped), confirmed by tracing the function's control flow.",msc13_delta_adjudication_0.4.207,high
MSC13-C,curl,lib/doh.c,1061,TP,"'clen' is assigned a placeholder value here that is unconditionally overwritten before any read on every reachable path (or never read at all if that path is skipped), confirmed by tracing the function's control flow.",msc13_delta_adjudication_0.4.207,high
MSC13-C,curl,lib/doh.c,1108,TP,"'pcode' is assigned a placeholder value here that is unconditionally overwritten before any read on every reachable path (or never read at all if that path is skipped), confirmed by tracing the function's control flow.",msc13_delta_adjudication_0.4.207,high
MSC13-C,curl,lib/doh.c,1108,TP,"'plen' is assigned a placeholder value here that is unconditionally overwritten before any read on every reachable path (or never read at all if that path is skipped), confirmed by tracing the function's control flow.",msc13_delta_adjudication_0.4.207,high
MSC13-C,curl,lib/doh.c,1110,TP,"'lhrr' is assigned a placeholder value here that is unconditionally overwritten before any read on every reachable path (or never read at all if that path is skipped), confirmed by tracing the function's control flow.",msc13_delta_adjudication_0.4.207,high
MSC13-C,curl,lib/doh.c,1202,TP,"'result' is assigned a placeholder value here that is unconditionally overwritten before any read on every reachable path (or never read at all if that path is skipped), confirmed by tracing the function's control flow.",msc13_delta_adjudication_0.4.207,high
MSC13-C,curl,lib/http2.c,617,TP,"'result' is assigned a placeholder value here that is unconditionally overwritten before any read on every reachable path (or never read at all if that path is skipped), confirmed by tracing the function's control flow.",msc13_delta_adjudication_0.4.207,high
MSC13-C,curl,lib/http2.c,1354,TP,"'data_s' is assigned a placeholder value here that is unconditionally overwritten before any read on every reachable path (or never read at all if that path is skipped), confirmed by tracing the function's control flow.",msc13_delta_adjudication_0.4.207,high
MSC13-C,curl,lib/http2.c,1577,TP,"'stream' is assigned a placeholder value here that is unconditionally overwritten before any read on every reachable path (or never read at all if that path is skipped), confirmed by tracing the function's control flow.",msc13_delta_adjudication_0.4.207,high
MSC13-C,curl,lib/http2.c,1868,TP,"'result' is assigned a placeholder value here that is unconditionally overwritten before any read on every reachable path (or never read at all if that path is skipped), confirmed by tracing the function's control flow.",msc13_delta_adjudication_0.4.207,high
MSC13-C,curl,lib/http2.c,2067,TP,"'body' is assigned a placeholder value here that is unconditionally overwritten before any read on every reachable path (or never read at all if that path is skipped), confirmed by tracing the function's control flow.",msc13_delta_adjudication_0.4.207,high
MSC13-C,curl,lib/http2.c,2073,TP,"'result' is assigned a placeholder value here that is unconditionally overwritten before any read on every reachable path (or never read at all if that path is skipped), confirmed by tracing the function's control flow.",msc13_delta_adjudication_0.4.207,high
MSC13-C,curl,lib/http2.c,2199,TP,"'result' is assigned a placeholder value here that is unconditionally overwritten before any read on every reachable path (or never read at all if that path is skipped), confirmed by tracing the function's control flow.",msc13_delta_adjudication_0.4.207,high
MSC13-C,curl,lib/http2.c,2288,TP,"'result' is assigned a placeholder value here that is unconditionally overwritten before any read on every reachable path (or never read at all if that path is skipped), confirmed by tracing the function's control flow.",msc13_delta_adjudication_0.4.207,high
MSC13-C,curl,lib/http2.c,2492,TP,"'result' is assigned a placeholder value here that is unconditionally overwritten before any read on every reachable path (or never read at all if that path is skipped), confirmed by tracing the function's control flow.",msc13_delta_adjudication_0.4.207,high
MSC13-C,curl,lib/http_aws_sigv4.c,212,TP,"'result' is assigned a placeholder value here that is unconditionally overwritten before any read on every reachable path (or never read at all if that path is skipped), confirmed by tracing the function's control flow.",msc13_delta_adjudication_0.4.207,high
MSC13-C,curl,lib/http_aws_sigv4.c,327,TP,"'result' is assigned a placeholder value here that is unconditionally overwritten before any read on every reachable path (or never read at all if that path is skipped), confirmed by tracing the function's control flow.",msc13_delta_adjudication_0.4.207,high
MSC13-C,curl,lib/http_aws_sigv4.c,386,TP,"'tmp_head' is assigned a placeholder value here that is unconditionally overwritten before any read on every reachable path (or never read at all if that path is skipped), confirmed by tracing the function's control flow.",msc13_delta_adjudication_0.4.207,high
MSC13-C,curl,lib/http_aws_sigv4.c,389,TP,"'again' is assigned a placeholder value here that is unconditionally overwritten before any read on every reachable path (or never read at all if that path is skipped), confirmed by tracing the function's control flow.",msc13_delta_adjudication_0.4.207,high
MSC13-C,curl,lib/http_aws_sigv4.c,621,TP,"'ret' is assigned a placeholder value here that is unconditionally overwritten before any read on every reachable path (or never read at all if that path is skipped), confirmed by tracing the function's control flow.",msc13_delta_adjudication_0.4.207,high
MSC13-C,curl,lib/http_aws_sigv4.c,687,TP,"'result' is assigned a placeholder value here that is unconditionally overwritten before any read on every reachable path (or never read at all if that path is skipped), confirmed by tracing the function's control flow.",msc13_delta_adjudication_0.4.207,high
MSC13-C,curl,lib/http_aws_sigv4.c,818,TP,"'result' is assigned a placeholder value here that is unconditionally overwritten before any read on every reachable path (or never read at all if that path is skipped), confirmed by tracing the function's control flow.",msc13_delta_adjudication_0.4.207,high
MSC13-C,curl,lib/http_aws_sigv4.c,837,TP,"'payload_hash' is assigned a placeholder value here that is unconditionally overwritten before any read on every reachable path (or never read at all if that path is skipped), confirmed by tracing the function's control flow.",msc13_delta_adjudication_0.4.207,high
MSC13-C,curl,lib/http_aws_sigv4.c,850,TP,"'auth_headers' is assigned a placeholder value here that is unconditionally overwritten before any read on every reachable path (or never read at all if that path is skipped), confirmed by tracing the function's control flow.",msc13_delta_adjudication_0.4.207,high
MSC13-C,curl,lib/urlapi.c,987,TP,"'schemep' is assigned a placeholder value here that is unconditionally overwritten before any read on every reachable path (or never read at all if that path is skipped), confirmed by tracing the function's control flow.",msc13_delta_adjudication_0.4.207,high
MSC13-C,curl,lib/urlapi.c,1115,TP,"'schemelen' is assigned a placeholder value here that is unconditionally overwritten before any read on every reachable path (or never read at all if that path is skipped), confirmed by tracing the function's control flow.",msc13_delta_adjudication_0.4.207,high
MSC13-C,curl,lib/urlapi.c,1117,TP,"'result' is assigned a placeholder value here that is unconditionally overwritten before any read on every reachable path (or never read at all if that path is skipped), confirmed by tracing the function's control flow.",msc13_delta_adjudication_0.4.207,high
MSC13-C,curl,lib/urlapi.c,1361,TP,"'uc' is assigned a placeholder value here that is unconditionally overwritten before any read on every reachable path (or never read at all if that path is skipped), confirmed by tracing the function's control flow.",msc13_delta_adjudication_0.4.207,high
MSC13-C,curl,lib/urlapi.c,1374,TP,"'i' is assigned a placeholder value here that is unconditionally overwritten before any read on every reachable path (or never read at all if that path is skipped), confirmed by tracing the function's control flow.",msc13_delta_adjudication_0.4.207,high
MSC13-C,curl,lib/urlapi.c,1451,TP,"'h' is assigned a placeholder value here that is unconditionally overwritten before any read on every reachable path (or never read at all if that path is skipped), confirmed by tracing the function's control flow.",msc13_delta_adjudication_0.4.207,high
MSC13-C,curl,lib/urlapi.c,1640,TP,"'h' is assigned a placeholder value here that is unconditionally overwritten before any read on every reachable path (or never read at all if that path is skipped), confirmed by tracing the function's control flow.",msc13_delta_adjudication_0.4.207,high
MSC13-C,curl,lib/urlapi.c,1808,TP,"'storep' is assigned a placeholder value here that is unconditionally overwritten before any read on every reachable path (or never read at all if that path is skipped), confirmed by tracing the function's control flow.",msc13_delta_adjudication_0.4.207,high
MSC13-C,curl,src/tool_getparam.c,389,TP,"'param_place' is assigned a placeholder value here that is unconditionally overwritten before any read on every reachable path (or never read at all if that path is skipped), confirmed by tracing the function's control flow.",msc13_delta_adjudication_0.4.207,high
MSC13-C,curl,src/tool_getparam.c,390,TP,"'certname_place' is assigned a placeholder value here that is unconditionally overwritten before any read on every reachable path (or never read at all if that path is skipped), confirmed by tracing the function's control flow.",msc13_delta_adjudication_0.4.207,high
MSC13-C,curl,src/tool_getparam.c,937,TP,"'err' is assigned a placeholder value here that is unconditionally overwritten before any read on every reachable path (or never read at all if that path is skipped), confirmed by tracing the function's control flow.",msc13_delta_adjudication_0.4.207,high
MSC13-C,curl,src/tool_getparam.c,1088,TP,"'err' is assigned a placeholder value here that is unconditionally overwritten before any read on every reachable path (or never read at all if that path is skipped), confirmed by tracing the function's control flow.",msc13_delta_adjudication_0.4.207,high
MSC13-C,curl,src/tool_getparam.c,1169,TP,"'plen' is assigned a placeholder value here that is unconditionally overwritten before any read on every reachable path (or never read at all if that path is skipped), confirmed by tracing the function's control flow.",msc13_delta_adjudication_0.4.207,high
MSC13-C,curl,src/tool_getparam.c,1231,TP,"'err' is assigned a placeholder value here that is unconditionally overwritten before any read on every reachable path (or never read at all if that path is skipped), confirmed by tracing the function's control flow.",msc13_delta_adjudication_0.4.207,high
MSC13-C,curl,src/tool_getparam.c,1408,TP,"'err' is assigned a placeholder value here that is unconditionally overwritten before any read on every reachable path (or never read at all if that path is skipped), confirmed by tracing the function's control flow.",msc13_delta_adjudication_0.4.207,high
MSC13-C,curl,src/tool_getparam.c,1572,TP,"'err' is assigned a placeholder value here that is unconditionally overwritten before any read on every reachable path (or never read at all if that path is skipped), confirmed by tracing the function's control flow.",msc13_delta_adjudication_0.4.207,high
MSC13-C,curl,lib/cf-socket.c,1047,TP,"'error' is assigned a placeholder value here that is unconditionally overwritten before any read on every reachable path (or never read at all if that path is skipped), confirmed by tracing the function's control flow.",msc13_delta_adjudication_0.4.207,high
MSC13-C,curl,lib/cf-socket.c,1049,TP,"'result' is assigned a placeholder value here that is unconditionally overwritten before any read on every reachable path (or never read at all if that path is skipped), confirmed by tracing the function's control flow.",msc13_delta_adjudication_0.4.207,high
MSC13-C,curl,lib/cf-socket.c,1245,TP,"'rc' is assigned a placeholder value here that is unconditionally overwritten before any read on every reachable path (or never read at all if that path is skipped), confirmed by tracing the function's control flow.",msc13_delta_adjudication_0.4.207,high
MSC13-C,curl,lib/cf-socket.c,2026,TP,"'size' is assigned a placeholder value here that is unconditionally overwritten before any read on every reachable path (or never read at all if that path is skipped), confirmed by tracing the function's control flow.",msc13_delta_adjudication_0.4.207,high
MSC13-C,curl,lib/cf-socket.c,2027,TP,"'s_accepted' is assigned a placeholder value here that is unconditionally overwritten before any read on every reachable path (or never read at all if that path is skipped), confirmed by tracing the function's control flow.",msc13_delta_adjudication_0.4.207,high
MSC13-C,curl,lib/cf-socket.c,2029,TP,"'socketstate' is assigned a placeholder value here that is unconditionally overwritten before any read on every reachable path (or never read at all if that path is skipped), confirmed by tracing the function's control flow.",msc13_delta_adjudication_0.4.207,high
MSC13-C,curl,lib/cf-socket.c,2117,TP,"'error' is assigned a placeholder value here that is unconditionally overwritten before any read on every reachable path (or never read at all if that path is skipped), confirmed by tracing the function's control flow.",msc13_delta_adjudication_0.4.207,high
MSC13-C,curl,lib/formdata.c,221,TP,"'form' is assigned a placeholder value here that is unconditionally overwritten before any read on every reachable path (or never read at all if that path is skipped), confirmed by tracing the function's control flow.",msc13_delta_adjudication_0.4.207,high
MSC13-C,curl,lib/formdata.c,304,TP,"'form' is assigned a placeholder value here that is unconditionally overwritten before any read on every reachable path (or never read at all if that path is skipped), confirmed by tracing the function's control flow.",msc13_delta_adjudication_0.4.207,high
MSC13-C,curl,lib/formdata.c,308,TP,"'avalue' is assigned a placeholder value here that is unconditionally overwritten before any read on every reachable path (or never read at all if that path is skipped), confirmed by tracing the function's control flow.",msc13_delta_adjudication_0.4.207,high
MSC13-C,curl,lib/formdata.c,337,FP,"avalue is read inside the local function-like macro form_ptr_arg(t) (""forms ? (t)(void*)avalue : va_arg(...)"", defined at line 312), which every subsequent switch case invokes to fetch the option value whenever forms is non-NULL; sqc does not expand this macro so it misses that read.",msc13_delta_adjudication_0.4.207,high
MSC13-C,curl,lib/formdata.c,449,TP,"'form' is assigned a placeholder value here that is unconditionally overwritten before any read on every reachable path (or never read at all if that path is skipped), confirmed by tracing the function's control flow.",msc13_delta_adjudication_0.4.207,high
MSC13-C,curl,lib/formdata.c,525,TP,"'form' is assigned a placeholder value here that is unconditionally overwritten before any read on every reachable path (or never read at all if that path is skipped), confirmed by tracing the function's control flow.",msc13_delta_adjudication_0.4.207,high
MSC13-C,curl,lib/formdata.c,723,TP,"'form' is assigned a placeholder value here that is unconditionally overwritten before any read on every reachable path (or never read at all if that path is skipped), confirmed by tracing the function's control flow.",msc13_delta_adjudication_0.4.207,high
MSC13-C,curl,lib/http.c,2083,TP,"'result' is assigned a placeholder value here that is unconditionally overwritten before any read on every reachable path (or never read at all if that path is skipped), confirmed by tracing the function's control flow.",msc13_delta_adjudication_0.4.207,high
MSC13-C,curl,lib/http.c,2269,TP,"'result' is assigned a placeholder value here that is unconditionally overwritten before any read on every reachable path (or never read at all if that path is skipped), confirmed by tracing the function's control flow.",msc13_delta_adjudication_0.4.207,high
MSC13-C,curl,lib/http.c,2722,TP,"'info_version' is assigned a placeholder value here that is unconditionally overwritten before any read on every reachable path (or never read at all if that path is skipped), confirmed by tracing the function's control flow.",msc13_delta_adjudication_0.4.207,high
MSC13-C,curl,lib/http.c,2970,FP,"The value assigned by Curl_http2_request_upgrade() at this line is read immediately in the following ""if(!result && ...)"" check guarding the Curl_ws_request() call, and in all builds is read again via the unconditional ""return result;"" at the end of http_add_hd(); sqc missed this read.",msc13_delta_adjudication_0.4.207,high
MSC13-C,curl,lib/http.c,3013,TP,"'result' is assigned a placeholder value here that is unconditionally overwritten before any read on every reachable path (or never read at all if that path is skipped), confirmed by tracing the function's control flow.",msc13_delta_adjudication_0.4.207,high
MSC13-C,curl,lib/http.c,4174,TP,"'result' is assigned a placeholder value here that is unconditionally overwritten before any read on every reachable path (or never read at all if that path is skipped), confirmed by tracing the function's control flow.",msc13_delta_adjudication_0.4.207,high
MSC13-C,curl,lib/http.c,4367,TP,"'result' is assigned a placeholder value here that is unconditionally overwritten before any read on every reachable path (or never read at all if that path is skipped), confirmed by tracing the function's control flow.",msc13_delta_adjudication_0.4.207,high
MSC13-C,curl,lib/vauth/ntlm.c,261,TP,"'target_info_offset' is assigned a placeholder value here that is unconditionally overwritten before any read on every reachable path (or never read at all if that path is skipped), confirmed by tracing the function's control flow.",msc13_delta_adjudication_0.4.207,high
MSC13-C,curl,lib/vauth/ntlm.c,568,TP,"'result' is assigned a placeholder value here that is unconditionally overwritten before any read on every reachable path (or never read at all if that path is skipped), confirmed by tracing the function's control flow.",msc13_delta_adjudication_0.4.207,high
MSC13-C,curl,lib/vauth/ntlm.c,584,TP,"'hostoff' is assigned a placeholder value here that is unconditionally overwritten before any read on every reachable path (or never read at all if that path is skipped), confirmed by tracing the function's control flow.",msc13_delta_adjudication_0.4.207,high
MSC13-C,curl,lib/vauth/ntlm.c,585,TP,"'useroff' is assigned a placeholder value here that is unconditionally overwritten before any read on every reachable path (or never read at all if that path is skipped), confirmed by tracing the function's control flow.",msc13_delta_adjudication_0.4.207,high
MSC13-C,curl,lib/vauth/ntlm.c,586,TP,"'domoff' is assigned a placeholder value here that is unconditionally overwritten before any read on every reachable path (or never read at all if that path is skipped), confirmed by tracing the function's control flow.",msc13_delta_adjudication_0.4.207,high
MSC13-C,curl,lib/vauth/ntlm.c,587,TP,"'hostlen' is assigned a placeholder value here that is unconditionally overwritten before any read on every reachable path (or never read at all if that path is skipped), confirmed by tracing the function's control flow.",msc13_delta_adjudication_0.4.207,high
MSC13-C,curl,lib/vauth/ntlm.c,588,TP,"'userlen' is assigned a placeholder value here that is unconditionally overwritten before any read on every reachable path (or never read at all if that path is skipped), confirmed by tracing the function's control flow.",msc13_delta_adjudication_0.4.207,high
MSC13-C,curl,lib/vquic/curl_ngtcp2.c,1181,TP,"cb_h3_recv_header's ""result = CURLE_OK"" is always overwritten before any read: the ""if(!stream) return 0"" path never touches result, and both branches of the token check reassign result before it is used, and the function always returns the literal 0, never the variable",msc13_delta_adjudication_0.4.207,high
MSC13-C,curl,lib/vquic/curl_ngtcp2.c,1409,TP,"cf_ngtcp2_recv's initial ""result = CURLE_OK"" is unconditionally overwritten before the ""out:""/""denied:"" reads: every path either goto's out after assigning result or falls to ""result = CURLE_AGAIN"" before reaching out",msc13_delta_adjudication_0.4.207,high
MSC13-C,curl,lib/vquic/curl_ngtcp2.c,1576,TP,"h3_stream_open's ""stream = NULL"" is either unread on the goto-out path (h3_data_setup failure) or unconditionally overwritten by ""stream = H3_STREAM_CTX(ctx, data)"" right after, before stream is ever dereferenced",msc13_delta_adjudication_0.4.207,high
MSC13-C,curl,lib/vquic/curl_ngtcp2.c,1581,TP,"h3_stream_open's ""rc = 0"" is never read; rc is only touched again at ""rc = ngtcp2_conn_open_bidi_stream(...)"" further down, which overwrites it unconditionally before any check",msc13_delta_adjudication_0.4.207,high
MSC13-C,curl,lib/vquic/curl_ngtcp2.c,1712,TP,"cf_ngtcp2_send's ""result = CURLE_OK"" is always overwritten first by either ""result = ctx->tls_vrfy_result"" (goto denied) or ""result = cf_progress_ingress(...)"" before any read",msc13_delta_adjudication_0.4.207,high
MSC13-C,curl,lib/vquic/curl_ngtcp2.c,1859,TP,"cf_progress_ingress's ""result = CURLE_OK"" is overwritten unconditionally by the final ""return vquic_recv_packets(...)"" path or the early ""return result"" after Curl_vquic_tls_before_recv, so the initializer itself is never read",msc13_delta_adjudication_0.4.207,high
MSC13-C,curl,lib/vquic/curl_ngtcp2.c,2668,TP,"cf_ngtcp2_connect's ""result = CURLE_OK"" is dead: the early ""cf->connected"" path returns the literal CURLE_OK (not the variable), and every other path overwrites result (lines 2679/2691/2703) before the ""out:"" read",msc13_delta_adjudication_0.4.207,high
MSC13-C,curl,lib/vtls/gtls.c,156,TP,"gtls_init's ""int ret = 1;"" is immediately overwritten by ""ret = gnutls_global_init() ? 0 : 1;"" on the very next line with no intervening read",msc13_delta_adjudication_0.4.207,high
MSC13-C,curl,lib/vtls/gtls.c,700,TP,"Curl_gtls_cache_session's ""earlydata_max = 0"" is never read before being unconditionally overwritten by ""earlydata_max = gnutls_record_get_max_early_data_size(session);""",msc13_delta_adjudication_0.4.207,high
MSC13-C,curl,lib/vtls/gtls.c,701,TP,"Curl_gtls_cache_session's ""result = CURLE_OK"" is dead: every early return before it is used is a literal CURLE_OK/CURLE_OUT_OF_MEMORY, and the only variable read of result happens after ""result = Curl_ssl_session_create2(...)"" overwrites it",msc13_delta_adjudication_0.4.207,high
MSC13-C,curl,lib/vtls/gtls.c,1259,TP,"pkp_pin_peer_pubkey's ""len2 = 0"" is never read; all break-outs happen before the ""len2 = len1;"" reassignment, which unconditionally overwrites it before ""gnutls_pubkey_export(..., &len2)"" reads it",msc13_delta_adjudication_0.4.207,high
MSC13-C,curl,lib/vtls/gtls.c,1422,TP,"gtls_verify_ocsp_status's ""result = CURLE_OK"" is always overwritten before the final ""out:"" read: every goto-out path sets result first, and the fallthrough path unconditionally sets result at the switch's exit line before out",msc13_delta_adjudication_0.4.207,high
MSC13-C,curl,lib/vtls/gtls.c,1578,TP,"Curl_gtls_verifyserver's ""result = CURLE_OK"" is dead because the unconditional ""result = (!rc && config->verifyhost) ? ... : CURLE_OK;"" after the hostname check always executes and overwrites it before any goto-out or the final return",msc13_delta_adjudication_0.4.207,high
MSC13-C,curl,lib/vtls/gtls.c,1638,TP,"Curl_gtls_verifyserver's ""bool verified = FALSE;"" is unconditionally overwritten by ""verified = !(verify_status & GNUTLS_CERT_INVALID);"" right after the verify call, before verified is ever checked",msc13_delta_adjudication_0.4.207,high
MSC13-C,curl,lib/cf-h2-proxy.c,336,TP,"proxy_h2_progress_ingress's ""result = CURLE_OK"" is dead: the function's tail path returns the literal CURLE_OK (not the variable) when the receive loop never runs, and all other paths overwrite result before returning it",msc13_delta_adjudication_0.4.207,high
MSC13-C,curl,lib/cf-h2-proxy.c,404,TP,"on_session_send's ""result = CURLE_OK"" is unconditionally overwritten by ""result = Curl_bufq_write_pass(...)"" on the very next executed statement, before any read",msc13_delta_adjudication_0.4.207,high
MSC13-C,curl,lib/cf-h2-proxy.c,780,TP,"inspect_response's ""result = CURLE_OK"" is dead: the 2xx path returns the literal CURLE_OK, and the auth_reply path overwrites result via ""Curl_http_input_auth"" before any read; the tail path returns CURLE_RECV_ERROR literally",msc13_delta_adjudication_0.4.207,high
MSC13-C,curl,lib/cf-h2-proxy.c,969,TP,"cf_h2_proxy_connect's ""result = CURLE_OK"" is always overwritten (by cf_h2_proxy_ctx_init, the timeout check, or H2_CONNECT) before the ""out:"" label reads result at line 1007",msc13_delta_adjudication_0.4.207,high
MSC13-C,curl,lib/cf-h2-proxy.c,1177,TP,"tunnel_recv's ""result = CURLE_AGAIN"" is dead: every branch of the if/else chain explicitly reassigns result (even the final else re-sets it to CURLE_AGAIN) before the trailing CURL_TRC_CF/return reads it",msc13_delta_adjudication_0.4.207,high
MSC13-C,curl,lib/cf-h2-proxy.c,1324,TP,"cf_h2_proxy_flush's ""result = CURLE_OK"" is unconditionally overwritten by ""result = proxy_h2_progress_egress(cf, data);"" (reached whether or not the sendbuf-resume block ran) before the ""out:"" read",msc13_delta_adjudication_0.4.207,high
MSC13-C,curl,lib/connect.c,214,TP,"Curl_addr2string's ""si = NULL"" is only ever read/dereferenced inside the AF_INET case where it is first overwritten by the cast assignment; on every other case it is untouched and unread",msc13_delta_adjudication_0.4.207,high
MSC13-C,curl,lib/connect.c,216,TP,"Same pattern as si: ""si6 = NULL"" is only used in the AF_INET6 case where it is overwritten before being dereferenced; unused in all other cases",msc13_delta_adjudication_0.4.207,high
MSC13-C,curl,lib/connect.c,219,TP,"""su = NULL"" is only used in the AF_UNIX case after being overwritten by the cast assignment; unused on every other path",msc13_delta_adjudication_0.4.207,high
MSC13-C,curl,lib/connect.c,345,TP,"cf_setup_connect never reads its own ""result = CURLE_OK"" initializer: every ""return result"" in the function is immediately preceded by a fresh assignment to result, and the success path returns the literal CURLE_OK",msc13_delta_adjudication_0.4.207,high
MSC13-C,curl,lib/connect.c,495,TP,"cf_setup_create's ""result = CURLE_OK"" is always overwritten (CURLE_OUT_OF_MEMORY on calloc failure, or ""result = Curl_cf_create(...)"") before the ""out:"" read",msc13_delta_adjudication_0.4.207,high
MSC13-C,curl,lib/connect.c,527,TP,"cf_setup_add's ""result = CURLE_OK"" is immediately overwritten by ""result = cf_setup_create(...)"" on the next executed line, before any read",msc13_delta_adjudication_0.4.207,high
MSC13-C,curl,lib/getinfo.c,622,TP,"Curl_getinfo's ""param_longp = NULL"" is only read within the CURLINFO_LONG case, where it is unconditionally overwritten by ""param_longp = va_arg(arg, long *);"" first; in every other case it stays NULL and is never touched again",msc13_delta_adjudication_0.4.207,high
MSC13-C,curl,lib/getinfo.c,623,TP,"Same output-parameter pattern as param_longp: ""param_doublep = NULL"" only used in CURLINFO_DOUBLE after being overwritten by va_arg; unread in all other switch cases",msc13_delta_adjudication_0.4.207,high
MSC13-C,curl,lib/getinfo.c,624,TP,"""param_offt = NULL"" only used in CURLINFO_OFF_T after being overwritten by va_arg; unread in all other cases",msc13_delta_adjudication_0.4.207,high
MSC13-C,curl,lib/getinfo.c,625,TP,"""param_charp = NULL"" only used in CURLINFO_STRING after being overwritten by va_arg; unread in all other cases",msc13_delta_adjudication_0.4.207,high
MSC13-C,curl,lib/getinfo.c,626,TP,"""param_slistp = NULL"" only used in CURLINFO_SLIST after being overwritten by va_arg; unread in all other cases",msc13_delta_adjudication_0.4.207,high
MSC13-C,curl,lib/getinfo.c,627,TP,"""param_socketp = NULL"" only used in CURLINFO_SOCKET after being overwritten by va_arg; unread in all other cases",msc13_delta_adjudication_0.4.207,high
MSC13-C,curl,lib/ldap.c,161,TP,"ldap_win_bind_auth's ""rc = LDAP_AUTH_METHOD_NOT_SUPPORTED"" is dead: both arms of the final if/else (lines 187-201) unconditionally reassign rc before the trailing ""return rc;""",msc13_delta_adjudication_0.4.207,high
MSC13-C,curl,lib/ldap.c,209,FP,"ldap_win_bind's ""rc = LDAP_INVALID_CREDENTIALS"" survives to ""return rc;"" on the real code path where the if(user && passwd && CURLAUTH_BASIC) condition is false and USE_WINDOWS_SSPI is not defined (no else clause exists to overwrite it), so it is genuinely read on that configuration",msc13_delta_adjudication_0.4.207,medium
MSC13-C,curl,lib/ldap.c,211,TP,"""inuser = NULL"" is only used inside the if-block where it is immediately overwritten by curlx_convert_UTF8_to_tchar before ldap_simple_bind_s reads it; unused on the else path",msc13_delta_adjudication_0.4.207,high
MSC13-C,curl,lib/ldap.c,212,TP,"""inpass = NULL"" follows the same pattern as inuser: only used after being overwritten inside the if-block, unread on the else path",msc13_delta_adjudication_0.4.207,high
MSC13-C,curl,lib/ldap.c,235,TP,"ldap_do's ""result = CURLE_OK"" is dead: the URL-parse failure path overwrites result before goto quit, and the success path unconditionally overwrites result via ""Curl_conn_get_ip_info(...)"" before any read",msc13_delta_adjudication_0.4.207,high
MSC13-C,curl,lib/ldap.c,236,TP,"ldap_do's ""rc = LDAP_SUCCESS"" is immediately overwritten by ""rc = ldap_url_parse(...)""/""ldap_url_parse_low(...)"" with no intervening read",msc13_delta_adjudication_0.4.207,high
MSC13-C,curl,lib/rtsp.c,288,TP,"rtsp_do's ""p_request = NULL"" is overwritten in every reachable switch case (the default and RTSPREQ_LAST cases return before any read); the first read (failf/Curl_http_output_auth) always sees the overwritten value",msc13_delta_adjudication_0.4.207,high
MSC13-C,curl,lib/rtsp.c,289,TP,"""p_session_id = NULL"" is unconditionally overwritten by ""p_session_id = data->set.str[STRING_RTSP_SESSION_ID];"" before the first read at the failf/curlx_dyn_addf calls",msc13_delta_adjudication_0.4.207,high
MSC13-C,curl,lib/rtsp.c,293,TP,"""p_referrer = NULL"" is unconditionally overwritten by ""p_referrer = data->state.aptr.ref;"" (outside the conditional Referer-building block) before it is read in the header-assembly curlx_dyn_addf call",msc13_delta_adjudication_0.4.207,high
MSC13-C,curl,lib/rtsp.c,294,TP,"""p_stream_uri = NULL"" is unconditionally overwritten by the if/else at lines 391-396 before its first read in Curl_http_output_auth / curlx_dyn_addf",msc13_delta_adjudication_0.4.207,high
MSC13-C,curl,lib/rtsp.c,295,TP,"""p_transport = NULL"" is unconditionally overwritten by ""p_transport = Curl_checkheaders(...)"" before its first read in the header-assembly curlx_dyn_addf call",msc13_delta_adjudication_0.4.207,high
MSC13-C,curl,lib/rtsp.c,298,TP,"""p_userpwd = NULL"" is unconditionally overwritten by ""p_userpwd = data->state.aptr.userpwd;"" before its first read in the header-assembly curlx_dyn_addf call",msc13_delta_adjudication_0.4.207,high
MSC13-C,curl,lib/curl_ntlm_core.c,510,TP,"Curl_ntlm_core_mk_ntlmv2_hash's ""result = CURLE_OK"" is unconditionally overwritten by ""result = Curl_hmacit(...)"" before the trailing ""return result;"" reads it",msc13_delta_adjudication_0.4.207,high
MSC13-C,curl,lib/curl_ntlm_core.c,569,TP,"Curl_ntlm_core_mk_ntlmv2_resp's ""len = 0"" is unconditionally overwritten by ""len = HMAC_MD5_LENGTH + NTLMv2_BLOB_LEN;"" before len is ever used",msc13_delta_adjudication_0.4.207,high
MSC13-C,curl,lib/curl_ntlm_core.c,570,TP,"""ptr = NULL"" is unconditionally overwritten by ""ptr = curlx_calloc(1, len);"" before the ""if(!ptr)"" check reads it",msc13_delta_adjudication_0.4.207,high
MSC13-C,curl,lib/curl_ntlm_core.c,574,TP,"""result = CURLE_OK"" is unconditionally overwritten by ""result = Curl_hmacit(...)"" before the ""if(result)"" check and final return read it",msc13_delta_adjudication_0.4.207,high
MSC13-C,curl,lib/curl_ntlm_core.c,648,TP,"Curl_ntlm_core_mk_lmv2_resp's ""result = CURLE_OK"" is unconditionally overwritten by ""result = Curl_hmacit(...)"" before the ""if(result) return result;"" check",msc13_delta_adjudication_0.4.207,high
MSC13-C,curl,lib/curlx/fopen.c,272,TP,"curlx_CreateFile's ""target = NULL"" is only used inside the ""if(filename_t)"" block where fix_excessive_path's if/else unconditionally assigns target before CreateFile reads it; unused when filename_t is NULL",msc13_delta_adjudication_0.4.207,high
MSC13-C,curl,lib/curlx/fopen.c,301,TP,"curlx_win32_open's ""target = NULL"" is only read after the fix_excessive_path if/else unconditionally assigns it in each active branch (UNICODE or not); the init value is never itself read",msc13_delta_adjudication_0.4.207,high
MSC13-C,curl,lib/curlx/fopen.c,341,TP,"curlx_win32_fopen's ""target = NULL"" is only read after the fix_excessive_path if/else unconditionally assigns it; the init value is never itself read",msc13_delta_adjudication_0.4.207,high
MSC13-C,curl,lib/curlx/fopen.c,379,TP,"curlx_win32_freopen's ""target = NULL"" is only read after the fix_excessive_path if/else unconditionally assigns it; the init value is never itself read",msc13_delta_adjudication_0.4.207,high
MSC13-C,curl,lib/curlx/fopen.c,412,TP,"curlx_win32_stat's ""target = NULL"" is only read after the fix_excessive_path if/else unconditionally assigns it; the init value is never itself read",msc13_delta_adjudication_0.4.207,high
MSC13-C,curl,lib/vauth/krb5_gssapi.c,185,TP,"Curl_auth_create_gssapi_security_message's ""result = CURLE_OK"" is unconditionally overwritten by ""result = Curl_bufref_memdup0(...)"" before the trailing return; all earlier returns are literal error codes, not the variable",msc13_delta_adjudication_0.4.207,high
MSC13-C,curl,lib/vauth/krb5_gssapi.c,186,TP,"""messagelen = 0"" is unconditionally overwritten by ""messagelen = 4;"" before its first read (memcpy/curlx_malloc call)",msc13_delta_adjudication_0.4.207,high
MSC13-C,curl,lib/vauth/krb5_gssapi.c,187,TP,"""message = NULL"" is unconditionally overwritten by ""message = curlx_malloc(messagelen);"" before the ""if(!message)"" check reads it",msc13_delta_adjudication_0.4.207,high
MSC13-C,curl,lib/vauth/krb5_gssapi.c,195,TP,"""sec_layer = 0"" is unconditionally overwritten by ""sec_layer = indata[0];"" before the security-layer check reads it",msc13_delta_adjudication_0.4.207,high
MSC13-C,curl,lib/vauth/krb5_gssapi.c,196,TP,"""max_size = 0"" is unconditionally overwritten by the indata[1..3] shift-and-or assignment before the ""if(max_size > 0)"" check reads it",msc13_delta_adjudication_0.4.207,high
MSC13-C,curl,lib/vquic/curl_quiche.c,596,TP,"cf_poll_events' ""stream = NULL"" is dead on the QUICHE_H3_ERR_DONE/error-return paths (stream untouched) and unconditionally overwritten by ""stream = H3_STREAM_CTX(ctx, data);"" before being dereferenced on the remaining path",msc13_delta_adjudication_0.4.207,high
MSC13-C,curl,lib/vquic/curl_quiche.c,890,TP,"cf_quiche_recv's ""result = CURLE_OK"" is unconditionally overwritten by ""result = cf_process_ingress(cf, data);"" before the ""out:"" label's Curl_1st_err read",msc13_delta_adjudication_0.4.207,high
MSC13-C,curl,lib/vquic/curl_quiche.c,986,TP,"h3_open_stream's ""result = CURLE_OK"" is unconditionally overwritten by ""result = Curl_h1_req_parse_read(...)"" right after the optional h3_data_setup block, before any read",msc13_delta_adjudication_0.4.207,high
MSC13-C,curl,lib/vquic/curl_quiche.c,1079,TP,"""CURLcode r2 = CURLE_OK"" is unconditionally overwritten by ""r2 = cf_quiche_send_body(...)"" on the very next line before any read",msc13_delta_adjudication_0.4.207,high
MSC13-C,curl,lib/vquic/curl_quiche.c,1367,TP,"cf_quiche_connect's ""result = CURLE_OK"" is always overwritten (cf_quiche_ctx_open, cf_process_ingress, or cf_flush_egress) before the ""out:"" read; the only early return uses the literal CURLE_OK",msc13_delta_adjudication_0.4.207,high
MSC13-C,curl,src/tool_operate.c,867,TP,"etag_compare's ""header = NULL"" is unconditionally overwritten by the if/else at lines 878-884 (both branches assign header via curl_maprintf) before the ""if(!header)"" check reads it",msc13_delta_adjudication_0.4.207,high
MSC13-C,curl,src/tool_operate.c,1407,TP,"single_transfer's ""result = CURLE_OK"" is dead: it is unconditionally overwritten by ""result = set_cert_types(config);"" before its only check, and the function's final return uses create_single(...)'s return value directly, never the result variable",msc13_delta_adjudication_0.4.207,high
MSC13-C,curl,src/tool_operate.c,1454,TP,"add_parallel_transfers' ""result = CURLE_OK"" is dead: every path either overwrites it (create_transfer/pre_transfer/curl_multi_add_handle) before a check, or reaches the tail which returns the literal CURLE_OK, never the variable",msc13_delta_adjudication_0.4.207,high
MSC13-C,curl,src/tool_operate.c,1692,TP,"parallel_event's ""result = CURLE_OK"" is unconditionally overwritten by ""result = s->result;"" after the uv_run loop, before the mcode check and final return",msc13_delta_adjudication_0.4.207,high
MSC13-C,curl,src/tool_operate.c,1935,TP,"serial_transfers' ""result = CURLE_OK"" is immediately overwritten by ""result = create_transfer(share, &added, &skipped);"" before the ""if(result) return result;"" check",msc13_delta_adjudication_0.4.207,high
MSC13-C,curl,lib/cf-haproxy.c,65,FP,"""result"" is genuinely used: assigned inside both the USE_UNIX_SOCKETS branch and the Curl_conn_cf_get_ip_info branch, then read via ""if(result) return result;"" and the final ""return result;"" -- the ""declared but never used"" message is simply wrong here, likely due to the #ifdef USE_UNIX_SOCKETS split confusing the analyzer's use-detection",msc13_delta_adjudication_0.4.207,high
MSC13-C,curl,lib/cf-haproxy.c,66,FP,"""client_ip"" is assigned at lines 84/86 and read at line 90 in the curlx_dyn_addf call building the PROXY header; genuinely used, not merely declared",msc13_delta_adjudication_0.4.207,high
MSC13-C,curl,lib/cf-haproxy.c,67,FP,"""ipquad"" is populated via ""&ipquad"" passed to Curl_conn_cf_get_ip_info and its .local_ip/.remote_ip/.local_port/.remote_port fields are read at lines 86-91; genuinely used",msc13_delta_adjudication_0.4.207,high
MSC13-C,curl,lib/cf-haproxy.c,68,FP,"""is_ipv6"" is populated via ""&is_ipv6"" passed to Curl_conn_cf_get_ip_info and read at line 89 (""is_ipv6 ? \"\"TCP6\"\" : \"\"TCP4\"\""); genuinely used",msc13_delta_adjudication_0.4.207,high
MSC13-C,curl,lib/cookie.c,303,TP,"remove_expired's ""e = NULL"" is dead: the for-loop's increment step ""n = e"" only executes after the loop body has already reassigned e via ""e = Curl_node_next(n);"", so the initializer is never read on any iteration",msc13_delta_adjudication_0.4.207,high
MSC13-C,curl,lib/cookie.c,1266,TP,"Curl_cookie_getlist's ""result = CURLE_OK"" is dead: the success path returns the literal ""CURLE_OK"" (not the variable), and the ""fail:"" label is only reached via ""goto fail"" right after result was overwritten to CURLE_OUT_OF_MEMORY",msc13_delta_adjudication_0.4.207,high
MSC13-C,curl,lib/cookie.c,1393,TP,"Curl_cookie_clearsess's ""e = NULL"" is dead for the same reason as remove_expired: the loop increment ""n = e"" only runs after the body has reassigned e via ""e = Curl_node_next(n);""",msc13_delta_adjudication_0.4.207,high
MSC13-C,curl,lib/cookie.c,1468,TP,"cookie_output's ""error = CURLE_OK"" is dead: the success path returns the literal ""CURLE_OK"", and the ""error:"" label is only reached via explicit gotos placed right after error was overwritten",msc13_delta_adjudication_0.4.207,high
MSC13-C,curl,lib/http_proxy.c,81,TP,"""value = NULL"" (per-iteration) is only read at the single ""Curl_dynhds_add(...)"" call, reachable only after value was set at lines 93 or 105; every path that skips those assignments takes a ""continue"" instead",msc13_delta_adjudication_0.4.207,high
MSC13-C,curl,lib/http_proxy.c,82,TP,"""valuelen = 0"" follows the same pattern as value: only read after being set at lines 94/106, since all other paths ""continue"" before reaching the read",msc13_delta_adjudication_0.4.207,high
MSC13-C,curl,lib/http_proxy.c,204,TP,"Curl_http_proxy_create_CONNECT's ""authority = NULL"" is unconditionally overwritten by ""authority = curl_maprintf(...)"" before the ""if(!authority)"" check reads it",msc13_delta_adjudication_0.4.207,high
MSC13-C,curl,lib/http_proxy.c,293,TP,"http_proxy_cf_connect's ""httpversion = 0"" is only read at ""ctx->httpversion = httpversion;"", which is reached only after one of the ALPN-branches has already set httpversion to 10/11/20; the error branch that skips all assignments also skips this read via goto out",msc13_delta_adjudication_0.4.207,high
MSC13-C,curl,lib/openldap.c,448,TP,"ldapsb_tls_read's ""err = CURLE_RECV_ERROR"" is unconditionally overwritten by ""err = (li->recv)(...)"" before the CURLE_AGAIN check reads it",msc13_delta_adjudication_0.4.207,high
MSC13-C,curl,lib/openldap.c,474,TP,"ldapsb_tls_write's ""err = CURLE_SEND_ERROR"" is unconditionally overwritten by ""err = (li->send)(...)"" before the CURLE_AGAIN check reads it",msc13_delta_adjudication_0.4.207,high
MSC13-C,curl,lib/openldap.c,768,TP,"oldap_state_sasl_resp's ""result = CURLE_OK"" is unconditionally overwritten by either branch of the if/else (oldap_map_error or Curl_sasl_continue) before the trailing return reads it",msc13_delta_adjudication_0.4.207,high
MSC13-C,curl,lib/openldap.c,823,TP,"oldap_connecting's ""result = CURLE_OK"" is dead: every early return before the state-switch is literal, and the switch(li->state) sets result in every case (including default) before the final read at line 947",msc13_delta_adjudication_0.4.207,high
MSC13-C,curl,lib/vauth/krb5_sspi.c,245,TP,"Curl_auth_create_gssapi_security_message's ""messagelen = 0"" is unconditionally overwritten by ""messagelen = 4;"" before its first read",msc13_delta_adjudication_0.4.207,high
MSC13-C,curl,lib/vauth/krb5_sspi.c,248,TP,"""message = NULL"" is unconditionally overwritten by ""message = curlx_malloc(messagelen);"" before the ""if(!message)"" check reads it",msc13_delta_adjudication_0.4.207,high
MSC13-C,curl,lib/vauth/krb5_sspi.c,257,TP,"""sec_layer = 0"" is unconditionally overwritten by ""sec_layer = indata[0];"" before the security-layer check reads it",msc13_delta_adjudication_0.4.207,high
MSC13-C,curl,lib/vauth/krb5_sspi.c,258,TP,"""max_size = 0"" is unconditionally overwritten by the indata[1..3] shift-and-or assignment before the ""if(max_size > 0)"" check reads it",msc13_delta_adjudication_0.4.207,high
MSC13-C,curl,lib/vssh/libssh.c,385,TP,"myssh_in_SFTP_READDIR's ""result = CURLE_OK"" is only touched inside the list_only block where it is overwritten by Curl_client_write before being read; every other return path (SSH_NO_ERROR/SSH_ERROR literals) never reads result",msc13_delta_adjudication_0.4.207,high
MSC13-C,curl,lib/vssh/libssh.c,2539,TP,"scp_perform's ""result = CURLE_OK"" is unconditionally overwritten by ""result = myssh_multi_statemach(...)"" before the trailing return reads it",msc13_delta_adjudication_0.4.207,high
MSC13-C,curl,lib/vssh/libssh.c,2589,TP,"myssh_done's ""result = CURLE_OK"" is unconditionally overwritten by either branch of the if/else (myssh_block_statemach or ""result = status"") before the trailing return reads it",msc13_delta_adjudication_0.4.207,high
MSC13-C,curl,lib/vssh/libssh.c,2702,TP,"sftp_perform's ""result = CURLE_OK"" is unconditionally overwritten by ""result = myssh_multi_statemach(...)"" before the trailing return reads it",msc13_delta_adjudication_0.4.207,high
MSC13-C,curl,lib/ws.c,1033,TP,"ws_enc_send's ""result = CURLE_OK"" is unconditionally overwritten by either branch of the if/else (ws_flush or ws_enc_write_head) before any read",msc13_delta_adjudication_0.4.207,high
MSC13-C,curl,lib/ws.c,1147,TP,"cr_ws_read's ""result = CURLE_OK"" is unconditionally overwritten by ""result = Curl_creader_read(...)"" before its first check, with no read of the initializer in between",msc13_delta_adjudication_0.4.207,high
MSC13-C,curl,lib/ws.c,1770,TP,"curl_ws_send's ""result = CURLE_OK"" is dead: every conditional early-exit overwrites result before goto out, and the remaining fallthrough path unconditionally overwrites it via ws_send_raw/ws_enc_send before the ""out:"" read",msc13_delta_adjudication_0.4.207,high
MSC13-C,curl,lib/ws.c,1871,TP,"curl_ws_start_frame's ""result = CURLE_OK"" is dead: each conditional check overwrites result before goto out, and the remaining fallthrough unconditionally overwrites it via ws_enc_write_head before the ""out:"" read",msc13_delta_adjudication_0.4.207,high
MSC13-C,curl,src/tool_formparse.c,136,FP,"""size = sbuf.st_size - origin;"" is genuinely read at ""m->size = size;"" (line 167) whenever size stays >= 0, i.e. the following ""if(size < 0) size = 0;"" does not fire; the analyzer appears to treat the if-guarded overwrite as unconditional",msc13_delta_adjudication_0.4.207,medium
MSC13-C,curl,src/tool_formparse.c,138,FP,"""size = 0;"" (inside ""if(size < 0)"") is likewise read at ""m->size = size;"" (line 167) once tool_mime_new succeeds; both this and the 136 assignment feed the same real downstream read",msc13_delta_adjudication_0.4.207,medium
MSC13-C,curl,src/tool_formparse.c,323,TP,"tool2curlmime's ""result = CURLE_OK"" is unconditionally overwritten by the if/else (""result = CURLE_OUT_OF_MEMORY"" or ""result = tool2curlparts(...)"") before the ""if(result)""/return read it",msc13_delta_adjudication_0.4.207,high
MSC13-C,curl,src/tool_formparse.c,851,TP,"formparse's local ""result"" (declared without initializer) is set to CURLE_OK at line 851 but never read afterward -- the function's actual return value is the separate ""err"" variable, not result",msc13_delta_adjudication_0.4.207,high
MSC13-C,curl,lib/cf-https-connect.c,582,TP,"cf_hc_create's ""result = CURLE_OK"" is dead: every early failure path overwrites result before goto out, and the remaining fallthrough overwrites it via ""result = Curl_cf_create(...)"" before the ""out:"" read",msc13_delta_adjudication_0.4.207,high
MSC13-C,curl,lib/cf-https-connect.c,626,TP,"cf_http_connect_add's ""result = CURLE_OK"" is immediately overwritten by ""result = cf_hc_create(...)"" before the ""if(result)"" check",msc13_delta_adjudication_0.4.207,high
MSC13-C,curl,lib/cf-https-connect.c,655,FP,"Curl_cf_https_setup's ""result = CURLE_OK"" is genuinely read at the final ""return result;"" when ""conn->bits.tls_enable_alpn"" is false (or no ALPN gets added), since none of the code that overwrites result executes on that path",msc13_delta_adjudication_0.4.207,medium
MSC13-C,curl,lib/conncache.c,407,TP,"""oldest_idle = NULL"" is unconditionally overwritten by ""cpool_bundle_get_oldest_idle(...)"" right after declaration, before the ""if(!oldest_idle)"" check reads it",msc13_delta_adjudication_0.4.207,high
MSC13-C,curl,lib/conncache.c,470,TP,"Curl_cpool_add's ""bundle = NULL"" is unconditionally overwritten by ""bundle = cpool_find_bundle(cpool, conn);"" before the ""if(!bundle)"" check reads it",msc13_delta_adjudication_0.4.207,high
MSC13-C,curl,lib/conncache.c,557,TP,"Curl_cpool_conn_now_idle's ""oldest_idle = NULL"" is only used inside the ""cpool->num_conn > maxconnects"" block, where it is overwritten before being checked; unread on every other path",msc13_delta_adjudication_0.4.207,high
MSC13-C,curl,lib/curl_gssapi.c,115,TP,"stub_gss_init_sec_context's ""used = 0"" is unconditionally overwritten by ""used = curl_msnprintf(token, length, ...)"" before the ""if(used >= length)"" check reads it",msc13_delta_adjudication_0.4.207,high
MSC13-C,curl,lib/curl_gssapi.c,116,TP,"""token = NULL"" is unconditionally overwritten by ""token = Curl_gss_alloc(length);"" before the ""if(!token)"" check reads it",msc13_delta_adjudication_0.4.207,high
MSC13-C,curl,lib/curl_gssapi.c,117,TP,"""creds = NULL"" is unconditionally overwritten by ""creds = getenv(\"CURL_STUB_GSS_CREDS\");"" before the null/length check reads it",msc13_delta_adjudication_0.4.207,high
MSC13-C,curl,lib/hostip4.c,75,TP,"Curl_sync_getaddrinfo's ""ai = NULL"" is unconditionally overwritten by ""ai = Curl_ipv4_resolve_r(hostname, port);"" before the ""if(!ai)"" check reads it",msc13_delta_adjudication_0.4.207,high
MSC13-C,curl,lib/hostip4.c,234,TP,"In the HAVE_GETHOSTBYNAME_R_3 branch, ""h_errnop = SOCKERRNO;"" sets a value that is never read anywhere afterward (only 'h' and 'buf' are consulted below); the comment even notes ""we do not deal with this""",msc13_delta_adjudication_0.4.207,high
MSC13-C,curl,lib/hostip4.c,241,FP,"""h = buf;"" (success path of the R_3 branch) is genuinely read at ""if(h) { ai = Curl_he2ai(h, port); ... }"" further down; the failure branch's ""h = NULL"" is in a mutually-exclusive else, so it does not overwrite this assignment on the success path",msc13_delta_adjudication_0.4.207,medium
MSC13-C,curl,lib/mprintf.c,183,TP,"parsefmt's ""outlen = 0"" is unconditionally overwritten by ""outlen = (size_t)(fmt - start - 1);"" the first time a '%' is seen, and by ""outlen = (size_t)(fmt - start);"" after the loop otherwise; the initializer itself is never read",msc13_delta_adjudication_0.4.207,high
MSC13-C,curl,lib/mprintf.c,264,FP,"""precision = -1;"" (set alongside FLAGS_PRECPARAM) is genuinely read later at ""if(flags & FLAGS_PRECPARAM) { if(precision < 0) precision = param_num++; ...}"" (line 481) and again at ""optr->precision = precision;"" (line 518); nothing overwrites it in between",msc13_delta_adjudication_0.4.207,medium
MSC13-C,curl,lib/mprintf.c,277,FP,"""precision = -precision;"" (set alongside FLAGS_PREC) is genuinely read at ""optr->precision = precision;"" (line 518), which executes unconditionally after the switch for every '%' conversion that does not return early",msc13_delta_adjudication_0.4.207,medium
MSC13-C,curl,lib/setopt.c,365,TP,"setopt_RTSP_REQUEST's ""rtspreq = RTSPREQ_NONE"" is dead: every matched case overwrites rtspreq before the trailing ""data->set.rtspreq = rtspreq;"" read, and the unmatched default case returns early without ever reaching that read",msc13_delta_adjudication_0.4.207,high
MSC13-C,curl,lib/setopt.c,1670,TP,"setopt_cptr_proxy's ""result = CURLE_OK"" is dead: every case either returns directly with a literal/function value, or (PROXYUSERPWD/HAPROXY_CLIENT_IP) overwrites result before the shared ""return result;"" at the end",msc13_delta_adjudication_0.4.207,high
MSC13-C,curl,lib/setopt.c,2537,TP,"CURLOPT_ECH's ""plen = 0"" is dead: the ""!ptr"" path breaks without ever touching plen, and the remaining path unconditionally overwrites it via ""plen = strlen(ptr);"" before the length check reads it",msc13_delta_adjudication_0.4.207,high
MSC13-C,curl,lib/tftp.c,654,TP,remote_addr is initialized to NULL and then unconditionally overwritten at Curl_conn_get_remote_addr() before any read of the NULL value,msc13_delta_adjudication_0.4.207,high
MSC13-C,curl,lib/tftp.c,799,TP,"result is initialized to CURLE_OK but is always overwritten, either by the switch(error) branch or by the else branch's result = CURLE_OK, before the final return",msc13_delta_adjudication_0.4.207,high
MSC13-C,curl,lib/tftp.c,1251,TP,result is initialized to CURLE_OK and immediately overwritten by tftp_state_machine() at line 1259 with no intervening read,msc13_delta_adjudication_0.4.207,high
MSC13-C,curl,lib/transfer.c,224,TP,result is initialized to CURLE_OK and overwritten by Curl_multi_xfer_buf_borrow() at line 232 with no read in between,msc13_delta_adjudication_0.4.207,high
MSC13-C,curl,lib/transfer.c,360,TP,"every path either goto's out after reassigning result, or falls through to the unconditional result = Curl_pgrsUpdate(data) at line 425 before the out: label reads it, so the CURLE_OK init is never read",msc13_delta_adjudication_0.4.207,high
MSC13-C,curl,lib/transfer.c,449,TP,result is initialized to CURLE_OK and first read/overwritten at result = Curl_cookie_loadfiles(data) with no use of the initial value in between,msc13_delta_adjudication_0.4.207,high
MSC13-C,curl,lib/vauth/digest_sspi.c,92,TP,spn is initialized to NULL and later reassigned via Curl_auth_build_spn() at line 134 with no read of the NULL in between,msc13_delta_adjudication_0.4.207,high
MSC13-C,curl,lib/vauth/digest_sspi.c,93,TP,token_max is initialized to 0 and overwritten from SecurityPackage->cbMaxToken at line 123 with no read in between,msc13_delta_adjudication_0.4.207,high
MSC13-C,curl,lib/vauth/digest_sspi.c,94,TP,output_token is initialized to NULL and overwritten via curlx_malloc() at line 129 with no read of the NULL in between,msc13_delta_adjudication_0.4.207,high
MSC13-C,curl,lib/vauth/vauth.c,68,TP,utf8_spn is initialized to NULL and overwritten by curl_maprintf() at line 81 with no read in between,msc13_delta_adjudication_0.4.207,high
MSC13-C,curl,lib/vauth/vauth.c,69,TP,tchar_spn is initialized to NULL and overwritten by curlx_convert_UTF8_to_tchar() at line 86 with no read in between,msc13_delta_adjudication_0.4.207,high
MSC13-C,curl,lib/vauth/vauth.c,116,FP,"the unconditional return valid at line 131 reads whatever value valid holds, and when user is NULL/empty and neither HAVE_GSSAPI nor USE_WINDOWS_SSPI is defined there is no else clause to reassign it, so the FALSE init at line 116 is directly read at return",msc13_delta_adjudication_0.4.207,high
MSC13-C,curl,lib/vtls/mbedtls.c,1065,TP,pubkey is initialized to NULL and every goto to pinnedpubkey_error only occurs after the curlx_malloc() reassignment at line 1078; earlier returns (lines 1070/1076) do not touch pubkey,msc13_delta_adjudication_0.4.207,high
MSC13-C,curl,lib/vtls/mbedtls.c,1142,TP,msession_alloced is initialized to FALSE and unconditionally overwritten at line 1156 before any goto out reads it (the only earlier return at line 1151 exits before this variable is used at all),msc13_delta_adjudication_0.4.207,high
MSC13-C,curl,lib/vtls/mbedtls.c,1498,TP,ret is initialized to 0 and overwritten by mbedtls_ctr_drbg_seed() at line 1510 with no read of the 0 value in between,msc13_delta_adjudication_0.4.207,high
MSC13-C,curl,lib/vtls/vtls.c,1390,TP,"result is initialized to CURLE_OK, and the only return that does not first overwrite it (blen==0 path) returns the literal CURLE_OK at line 1403 instead of the variable, so the init value is never actually read",msc13_delta_adjudication_0.4.207,high
MSC13-C,curl,lib/vtls/vtls.c,1412,TP,result is initialized to CURLE_OK and unconditionally overwritten by ssl_cf_connect() at line 1426 before the final return reads it,msc13_delta_adjudication_0.4.207,high
MSC13-C,curl,lib/vtls/vtls.c,1531,TP,"result is initialized to CURLE_OK and always overwritten before the out: label's return, either via ssl_cf_connect_deferred() at line 1537 or via recv_plain() at line 1547",msc13_delta_adjudication_0.4.207,high
MSC13-C,curl,src/config2setopts.c,156,FP,"proto is read at line 177 (`*scheme = proto ? proto : ""?"";`), reached from this branch via fallthrough with no intervening reassignment.",msc13_delta_adjudication_0.4.207,high
MSC13-C,curl,src/config2setopts.c,158,FP,"proto is read at line 177 (`*scheme = proto ? proto : ""?"";`), reached from this branch via fallthrough with no intervening reassignment.",msc13_delta_adjudication_0.4.207,high
MSC13-C,curl,src/config2setopts.c,232,TP,"The switch(mintls) at line 240 covers cases 1, 2, 0, 3, 4, and default, every one of which assigns tlsver before the value is ever read, so the initial 0 is always clobbered first.",msc13_delta_adjudication_0.4.207,high
MSC13-C,curl,src/tool_doswin.c,577,TP,"The do-while loop at lines 582-584 unconditionally assigns hnd = CreateToolhelp32Snapshot(...) before the loop condition ever reads hnd, so the INVALID_HANDLE_VALUE initializer is never read.",msc13_delta_adjudication_0.4.207,high
MSC13-C,curl,src/tool_doswin.c,761,TP,"The do-while(0) body unconditionally assigns tdata = curlx_calloc(...) at line 776-777 before any read of tdata, so the NULL initializer is dead.",msc13_delta_adjudication_0.4.207,high
MSC13-C,curl,src/tool_doswin.c,772,TP,"socksize is unconditionally reassigned at line 790 (socksize = sizeof(selfaddr)) before any use, and every break path between lines 772 and 790 never reads socksize, so the 0 initializer is dead.",msc13_delta_adjudication_0.4.207,high
MSC13-C,curl,src/tool_urlglob.c,102,TP,"Every goto to the error label assigns result immediately beforehand, and the success path returns the literal CURLE_OK at line 200 rather than the result variable, so the initial CURLE_OK is never actually read.",msc13_delta_adjudication_0.4.207,high
MSC13-C,curl,src/tool_urlglob.c,233,TP,"end_c is only read at lines 244/253, both inside the same if-block that assigns it at line 241, so the 0 initializer outside that branch is never read.",msc13_delta_adjudication_0.4.207,high
MSC13-C,curl,src/tool_urlglob.c,391,TP,"np is either reassigned by curlx_realloc at line 394 before its only reads (397, 401), or the else branch at line 399 returns immediately without ever reading np, so the NULL initializer is dead.",msc13_delta_adjudication_0.4.207,high
MSC13-C,curl,lib/altsvc.c,355,TP,"result is unconditionally reassigned at line 371 (result = Curl_fopen(...)) before the final read at line 393, and the earlier early-returns at lines 361/369 return the literal CURLE_OK rather than the variable, so the initializer is dead.",msc13_delta_adjudication_0.4.207,high
MSC13-C,curl,lib/altsvc.c,467,TP,"Within the quoted-destination branch the port is parsed unconditionally at line 523 and dstport is reassigned at line 528 before its only reads at lines 582/595 in that same iteration, so the srcport default is never actually read.",msc13_delta_adjudication_0.4.207,medium
MSC13-C,curl,lib/bufq.c,509,TP,"The final return at line 550 is a literal ternary that does not read result, and every loop iteration reassigns result at line 516 or 528 before any check, so the initial CURLE_OK is never read.",msc13_delta_adjudication_0.4.207,high
MSC13-C,curl,lib/bufq.c,557,TP,"tail is unconditionally reassigned at line 560 (tail = get_non_full_tail(q)) before its only read at line 561, so the NULL initializer is dead.",msc13_delta_adjudication_0.4.207,high
MSC13-C,curl,lib/curlx/base64.c,64,TP,"srclen is unconditionally reassigned at line 76 (srclen = strlen(src)) before any read, so the 0 initializer is dead.",msc13_delta_adjudication_0.4.207,high
MSC13-C,curl,lib/curlx/base64.c,69,TP,"rawlen is unconditionally reassigned at line 96 with the computed decoded length before its first read at line 99, so the 0 initializer is dead.",msc13_delta_adjudication_0.4.207,high
MSC13-C,curl,lib/cw-out.c,372,TP,"Every branch (lines 376-406) reassigns result before control reaches the out: label at line 408, so the initial CURLE_OK is never read.",msc13_delta_adjudication_0.4.207,high
MSC13-C,curl,lib/cw-out.c,471,TP,"The two early returns at lines 474/476 return literals without touching result, and the only remaining path unconditionally reassigns result at line 478 before its reads at 479/484, so the initializer is dead.",msc13_delta_adjudication_0.4.207,high
MSC13-C,curl,lib/cw-pause.c,109,TP,"wlen is either reassigned at line 115-116 before its reads at 117-123, or left unused when the peek branch is not taken (the EOS branch at 127-132 uses a literal 0, not the variable), so the 0 initializer is never read.",msc13_delta_adjudication_0.4.207,high
MSC13-C,curl,lib/cw-pause.c,147,TP,"The do-while loop at lines 177-201 always executes at least once and reassigns result at line 182 or 191 before its reads at 196/203, and the earlier while-loop path (157-175) likewise reassigns at line 166 before any read, so the initial CURLE_OK is never read.",msc13_delta_adjudication_0.4.207,high
MSC13-C,curl,lib/dict.c,99,TP,"result is unconditionally overwritten by Curl_xfer_send() on the first loop iteration before any read of the CURLE_OK initializer",msc13_delta_adjudication_0.4.207,high
MSC13-C,curl,lib/dict.c,144,TP,"nthdef is only tested via if(nthdef) immediately after being reassigned by strchr() in each branch, and is never referenced in the sendf() calls, so the initial NULL is never read",msc13_delta_adjudication_0.4.207,high
MSC13-C,curl,lib/file.c,270,TP,"result is not touched again until it is unconditionally reassigned by Curl_multi_xfer_ulbuf_borrow() at line 322, so the CURLE_OK initializer is never read",msc13_delta_adjudication_0.4.207,high
MSC13-C,curl,lib/file.c,392,TP,"whether or not the fstated block executes, result is unconditionally overwritten (by Curl_client_write or by Curl_range at line 474) before any statement reads it",msc13_delta_adjudication_0.4.207,high
MSC13-C,curl,lib/hostip.c,380,TP,"dns is immediately overwritten by Curl_hash_pick() at line 392 with nothing in between reading the NULL initializer",msc13_delta_adjudication_0.4.207,high
MSC13-C,curl,lib/hostip.c,465,TP,"dns is immediately overwritten by fetch_addr() at line 469 with nothing in between (only the lock call) reading the NULL initializer",msc13_delta_adjudication_0.4.207,high
MSC13-C,curl,lib/http_chunks.c,112,TP,"the function always returns a literal CURLE_OK/CURLE_RECV_ERROR from the state-machine switch rather than the result variable, so on the path where http_te_skip is false and ignore_body is true the CURLE_OK initializer is set but never read",msc13_delta_adjudication_0.4.207,high
MSC13-C,curl,lib/http_chunks.c,602,TP,"every path either overwrites result (via add_chunk or Curl_bufq_cread) before it is read, or falls through to the literal 'return CURLE_OK' at line 627 without ever reading the CURLE_READ_ERROR initializer",msc13_delta_adjudication_0.4.207,high
MSC13-C,curl,lib/http_ntlm.c,128,TP,"service is unconditionally assigned in both the proxy and non-proxy branches of the if(proxy)/else before its first use at line 199, so the NULL initializer is never read",msc13_delta_adjudication_0.4.207,high
MSC13-C,curl,lib/http_ntlm.c,129,TP,"hostname is unconditionally assigned in both the proxy and non-proxy branches of the if(proxy)/else before its first use at line 200, so the NULL initializer is never read",msc13_delta_adjudication_0.4.207,high
MSC13-C,curl,lib/mime.c,165,TP,"result holds the return of curlx_stat() but is never checked or otherwise read anywhere in vmsfopenread(), matching the 'declared but never used' pattern",msc13_delta_adjudication_0.4.207,high
MSC13-C,curl,lib/mime.c,1592,TP,"s is unconditionally overwritten by curl_mvaprintf() right after va_start/va_end with nothing reading the NULL initializer in between",msc13_delta_adjudication_0.4.207,high
MSC13-C,curl,lib/parsedate.c,350,TP,"t is not referenced anywhere in the parsing loop or trailing validation checks and is only first read after being overwritten by time2epoch() at line 535, so the '= 0' initializer is dead",msc13_delta_adjudication_0.4.207,high
MSC13-C,curl,lib/parsedate.c,412,TP,"num_digits is unconditionally overwritten at line 418 by (p - date) immediately after declaration, before any read of the '= 0' initializer",msc13_delta_adjudication_0.4.207,high
MSC13-C,curl,lib/socks.c,316,TP,"hp is unconditionally overwritten by dns->addr at line 352 (all earlier statements return before touching hp), so the NULL initializer is never read",msc13_delta_adjudication_0.4.207,high
MSC13-C,curl,lib/socks.c,1223,TP,"the switch always reassigns pxresult in the SOCKS5/SOCKS4 cases before the later if(pxresult) check, and the default case jumps to 'goto out' bypassing that check entirely, so the CURLPX_OK initializer is never read on any path",msc13_delta_adjudication_0.4.207,high
MSC13-C,curl,lib/socks_sspi.c,112,TP,"result is not referenced anywhere in the loop body until it is overwritten at line 205, and the early-break path returns the literal CURLE_OK at line 244 instead of the variable, so the CURLE_OK initializer is never read",msc13_delta_adjudication_0.4.207,high
MSC13-C,curl,lib/socks_sspi.c,261,TP,"result is not referenced anywhere in the encryption setup code (lines 262-380) until it is overwritten by Curl_blockread_all() at line 382, so the CURLE_OK initializer is never read",msc13_delta_adjudication_0.4.207,high
MSC13-C,curl,lib/vauth/digest.c,356,TP,"spn is not referenced anywhere between declaration and its unconditional reassignment by Curl_auth_build_spn() at line 420, so the NULL initializer is never read",msc13_delta_adjudication_0.4.207,high
MSC13-C,curl,lib/vauth/digest.c,699,TP,"hashthis is never referenced (not even in the shared 'oom' cleanup label, which frees only nonce_quoted/realm_quoted/uri_quoted/userp_quoted) until it is unconditionally reassigned by curl_maprintf() at line 753, so the NULL initializer is never read",msc13_delta_adjudication_0.4.207,high
MSC13-C,curl,lib/vtls/vtls_scache.c,788,TP,"The CURLE_OUT_OF_MEMORY init is never read anywhere in cf_scache_add_session before it is unconditionally overwritten at line 812 by the cf_ssl_add_peer() call result.",msc13_delta_adjudication_0.4.207,high
MSC13-C,curl,lib/vtls/vtls_scache.c,1153,TP,"In Curl_ssl_session_export the CURLE_OK init is never read; every goto to out reassigns r first, and the fall-through path unconditionally resets r = CURLE_OK at line 1211 before the return at line 1219.",msc13_delta_adjudication_0.4.207,high
MSC13-C,curl,lib/vtls/x509asn1.c,429,TP,"In encodeOID the CURLE_OK init of result is never read; it is unconditionally overwritten at line 436 by curlx_dyn_addf() before any use.",msc13_delta_adjudication_0.4.207,high
MSC13-C,curl,lib/vtls/x509asn1.c,1087,TP,"In Curl_extract_certinfo the CURLE_OK init of result is never read; the early returns at lines 1094 and 1101 return literal codes, not result, and result is unconditionally overwritten at line 1104 by DNtostr().",msc13_delta_adjudication_0.4.207,high
MSC13-C,curl,src/tool_ipfs.c,41,TP,"ipfs_path_c is initialized to NULL and unconditionally reassigned three lines later at line 50 by curl_getenv(""IPFS_PATH"") with no intervening read.",msc13_delta_adjudication_0.4.207,high
MSC13-C,curl,src/tool_ipfs.c,42,TP,"gateway_composed_c's NULL init is never read: either it is overwritten at line 61-63, or execution reaches the fail label via goto (line 58) where only ipfs_path_c is freed and gateway_composed_c is never touched.",msc13_delta_adjudication_0.4.207,high
MSC13-C,curl,lib/amigaos.c,125,FP,"ISocket = __CurlISocket seeds the AmigaOS interface pointer used implicitly by the gethostbyname_r()/gethostbyname() system-header macros invoked in the very next branch (lines 133-136), a macro-hidden read sqc's dataflow does not see.",msc13_delta_adjudication_0.4.207,medium
MSC13-C,curl,lib/asyn-ares.c,151,TP,"rc's CURLE_OK init in async_ares_init is never read: it is either overwritten by the error path at line 175 (immediately followed by goto out) or by the unconditional rc = async_ares_set_dns_servers(...) at line 179 on the success path, with no read of the init value in between.",msc13_delta_adjudication_0.4.207,high
MSC13-C,curl,lib/asyn-thrdd.c,572,TP,"done = FALSE in Curl_async_is_resolved is never read before being unconditionally overwritten at line 595 by done = thrdd->addr->thrd_done, after acquiring the mutex.",msc13_delta_adjudication_0.4.207,high
MSC13-C,curl,lib/cf-h1-proxy.c,353,TP,"result's CURLE_OK init in single_header is never read; it is unconditionally overwritten at line 366 by Curl_client_write() before any use.",msc13_delta_adjudication_0.4.207,high
MSC13-C,curl,lib/cf-ip-happy.c,195,TP,"The local result variable in cf_ip_attempt_new is initialized to CURLE_OK but never read; lines 196-208 only touch the unrelated struct field a->result, and the local is unconditionally overwritten at line 209 by the cf_create() call.",msc13_delta_adjudication_0.4.207,high
MSC13-C,curl,lib/content_encoding.c,708,TP,"is_chunked = FALSE is redeclared fresh each do-while iteration and is only ever read at line 797, which is reached solely through the if(namelen) block that unconditionally reassigns is_chunked at line 726 first; when namelen is 0 the variable goes unread and unused for that iteration.",msc13_delta_adjudication_0.4.207,high
MSC13-C,curl,lib/curl_fopen.c,95,TP,"dir = NULL in Curl_fopen is never read; it is unconditionally overwritten three lines later at line 113 by dirslash(filename).",msc13_delta_adjudication_0.4.207,high
MSC13-C,curl,lib/curl_sasl.c,226,TP,"result's CURLE_OK init in get_server_message is never read; it is unconditionally overwritten on the very next executed line (228) by sasl->params->getmessage().",msc13_delta_adjudication_0.4.207,high
MSC13-C,curl,lib/curl_sspi.c,102,TP,"domlen = 0 in Curl_create_sspi_identity is never read before being reassigned in both branches of the if(user.tchar_ptr) check at lines 119 and 125.",msc13_delta_adjudication_0.4.207,high
MSC13-C,curl,lib/dynhds.c,135,TP,"entry = NULL in Curl_dynhds_add is never read; it is unconditionally overwritten at line 144 by entry_new() before any use.",msc13_delta_adjudication_0.4.207,high
MSC13-C,curl,lib/easy.c,739,TP,"result's CURLE_OK init in easy_perform is never read; all early returns before line 801 return literal error codes rather than result, and result is unconditionally overwritten at line 801 by the events ? easy_events() : easy_transfer() call.",msc13_delta_adjudication_0.4.207,high
MSC13-C,curl,lib/ftplistparser.c,889,TP,"result's CURLE_OK init in parse_winnt is never read anywhere: the function's final statement unconditionally returns the literal CURLE_OK (line 1010) rather than result, and the only other uses of result (lines 984-986, 995-997) reassign it immediately before reading it.",msc13_delta_adjudication_0.4.207,high
MSC13-C,curl,lib/gopher.c,68,TP,"buf=NULL is always overwritten by either buf="""" (line 89) or buf=buf_alloc (line 105) in the two branches before the send loop at line 108 ever reads buf, so the initial NULL is never read.",msc13_delta_adjudication_0.4.207,high
MSC13-C,curl,lib/headers.c,228,TP,"result=CURLE_OUT_OF_MEMORY is never read; every early return between the declaration and line 265 returns a literal CURLE_* code directly, and line 265 unconditionally overwrites result with namevalue()'s return before it is used.",msc13_delta_adjudication_0.4.207,high
MSC13-C,curl,lib/if2ip.c,121,TP,"scopeid=0 is either unconditionally overwritten at line 138 before the line 149 if(scopeid) check, or the loop hits continue at line 131/146 before ever reaching a read, so the initializer is dead on every path.",msc13_delta_adjudication_0.4.207,high
MSC13-C,curl,lib/multi_ev.c,309,TP,"first_time=FALSE is unconditionally reassigned by one of the three branches at lines 316/323/326 before the first read at line 335, so the initial FALSE is never observed.",msc13_delta_adjudication_0.4.207,high
MSC13-C,curl,lib/noproxy.c,235,TP,"match=FALSE is unconditionally overwritten by either match_host() or match_ip() at lines 237/239 before the if(match) check at line 241, so the initializer is dead.",msc13_delta_adjudication_0.4.207,high
MSC13-C,curl,lib/request.c,356,TP,"result=CURLE_OK is immediately and unconditionally overwritten by Curl_bufq_cwrite()'s return value at line 358 before the if(result) check at line 359, so the initializer is never read.",msc13_delta_adjudication_0.4.207,high
MSC13-C,curl,lib/sendf.c,99,TP,"result=CURLE_OK in Curl_client_start is only read/overwritten inside the while(r) loop at lines 103-104, and the function's final return at line 114 returns a literal CURLE_OK rather than the variable, so the initializer is dead whether or not the loop executes.",msc13_delta_adjudication_0.4.207,high
MSC13-C,curl,lib/smb.c,936,FP,"nrsp=msg is read immediately afterward at lines 943 (memcpy of nrsp->bytes) and 947 (nrsp->session_key); sqc's dataflow appears to have been confused by the intervening #pragma GCC diagnostic push/ignored/pop lines between the assignment and its use.",msc13_delta_adjudication_0.4.207,high
MSC13-C,curl,lib/socks_gssapi.c,55,TP,"msg_ctx=0 at declaration is never read before line 60 redundantly reassigns msg_ctx=0 again just before the while(!msg_ctx) loop, with no intervening read of msg_ctx.",msc13_delta_adjudication_0.4.207,high
MSC13-C,curl,lib/telnet.c,503,TP,"i=0 is only ever read after being reassigned, either at line 509 (guarded by the same if(direction)/if(length>=3) that later reads it) or at the for(i=3;...) loop init at line 586; on every path the initial 0 is overwritten or the function returns before any read of it.",msc13_delta_adjudication_0.4.207,high
MSC13-C,curl,lib/vauth/ntlm_sspi.c,235,TP,"result=CURLE_OK is never read; the variable status (not result) is used for the intervening SSPI calls, and result is unconditionally overwritten by Curl_bufref_memdup0()'s return at line 308 right before the function returns it.",msc13_delta_adjudication_0.4.207,high
MSC13-C,curl,lib/vauth/spnego_gssapi.c,80,TP,"result=CURLE_OK is never read: it is only conditionally reassigned inside the base64-decode branch at line 135 (itself checked immediately after), and the function's final return at line 200 is a literal CURLE_OK rather than the variable.",msc13_delta_adjudication_0.4.207,high
MSC13-C,curl,lib/vquic/vquic.c,401,TP,"result=CURLE_OK is unconditionally overwritten by Curl_multi_xfer_sockbuf_borrow()'s return at line 407 before the if(result) goto out check at line 409, so the initializer is never read.",msc13_delta_adjudication_0.4.207,high
MSC13-C,curl,src/tool_cb_hdr.c,513,FP,"value=NULL is genuinely read at the if(value) check on line 524 on the path where the isatty/styled_output condition at lines 518-522 is false, taking the else branch that prints the header unbolded; sqc missed this NULL-sentinel read.",msc13_delta_adjudication_0.4.207,high
MSC13-C,curl,src/tool_cfgable.c,215,TP,"result=CURLE_OK is unconditionally overwritten in both branches of the following if(global->first)/else (curl_global_init() at line 232, or CURLE_FAILED_INIT at line 249) before the single return result at line 252, so the initializer is never read.",msc13_delta_adjudication_0.4.207,high
MSC13-C,curl,src/tool_main.c,146,TP,"result=CURLE_OK is dead on every path: on non-Windows builds the #ifdef _WIN32 block is absent and line 186 unconditionally overwrites result with globalconf_init()'s return first; on Windows builds win32_init() overwrites result at line 162 before its own read at line 163.",msc13_delta_adjudication_0.4.207,high
MSC13-C,curl,src/tool_operhlp.c,195,TP,"pc2=NULL is reassigned via strrchr() at line 198 on every loop iteration before the if(pc2) check at line 199 reads it, so the initializer is never read.",msc13_delta_adjudication_0.4.207,high
MSC13-C,curl,src/tool_paramhlp.c,722,TP,"i=0 at declaration is immediately reassigned by the for(i=0; i<CURL_ARRAYSIZE...) loop initializer at line 725 with no intervening read (only the unrelated if(!str) check at line 723 sits between them).",msc13_delta_adjudication_0.4.207,high
MSC13-C,curl,src/tool_parsecfg.c,84,FP,"file=NULL is genuinely read at the if(file) check on line 121 on the path where filename is NULL, no .curlrc is found (line 93 curlrc is NULL), and the build is non-Windows (the _WIN32 fallback block is compiled out), leaving file unset and checked as NULL.",msc13_delta_adjudication_0.4.207,high
MSC13-C,curl,src/tool_progress.c,186,TP,"speed=0 is unconditionally overwritten at line 257 (speed = dls > uls ? dls : uls) before the first read at line 260's if(dlknown && speed), so the initializer is never read.",msc13_delta_adjudication_0.4.207,high
MSC13-C,curl,src/tool_ssls.c,39,TP,"result=CURLE_OK is unconditionally overwritten by curl_easy_setopt()'s return at line 45 before the if(!result) check at line 46, so the initializer is never read.",msc13_delta_adjudication_0.4.207,high
MSC13-C,curl,src/tool_vms.c,151,TP,"sts is assigned the return of decc$feature_set_value() at line 172 but that value is never checked or otherwise read anywhere else in decc_init(), matching the declared-but-never-used pattern.",msc13_delta_adjudication_0.4.207,high
MSC13-C,curl,src/tool_writeout.c,741,TP,"wv=NULL is either unconditionally overwritten by the bsearch() result at line 754 before the if(wv) check at line 760, or the else branch at line 758 breaks out of the loop before ever reaching that check, so the initializer is never read.",msc13_delta_adjudication_0.4.207,high
MSC13-C,curl,src/var.c,382,TP,"ge=NULL is only read inside the if(import) block, and there it is always reassigned via getenv() at line 408 before the reads at lines 409/414; when import is false the block is skipped entirely and ge is never read again in the function.",msc13_delta_adjudication_0.4.207,high
